game_id,genre
3498,Action
3328,Action
3328,RPG
4200,Shooter
4200,Puzzle
4291,Shooter
5286,Action
13536,Action
13536,Puzzle
12020,Action
12020,Shooter
5679,Action
5679,RPG
28,Action
4062,Action
4062,Shooter
13537,Action
13537,Shooter
802,Action
802,Shooter
802,RPG
3439,Adventure
4286,Action
4286,Shooter
32,Action
32,Shooter
58175,Action
3070,Action
3070,RPG
3939,Action
3939,Shooter
1030,Action
1030,Adventure
1030,Indie
1030,Puzzle
1030,Platformer
11859,Action
11859,Shooter
2454,Action
2454,Shooter
41494,Action
41494,Shooter
41494,RPG
422,Action
422,Indie
422,Platformer
10213,Action
10213,Massively Multiplayer
766,Action
766,Shooter
766,RPG
766,Massively Multiplayer
4459,Action
3272,Sports
3272,Racing
3272,Indie
278,Action
278,RPG
29028,Action
29028,Shooter
7689,Action
3287,Action
3192,Action
3192,Shooter
290856,Action
290856,Shooter
16944,RPG
17822,Action
17822,RPG
416,Action
19103,Action
11973,Action
11973,RPG
23027,Action
23027,Adventure
9767,Action
9767,Indie
9767,Platformer
41,Action
41,Adventure
41,Platformer
4427,Action
4427,Shooter
18080,Action
18080,Shooter
19710,Action
19710,Shooter
11936,Action
19709,Action
19709,Shooter
19709,Puzzle
2551,Action
2551,RPG
10754,Shooter
654,RPG
654,Simulation
654,Indie
4252,Action
10035,Action
10035,Shooter
10035,Simulation
3612,Action
3612,Shooter
3612,Arcade
3612,Indie
3790,Action
3790,Indie
1447,Action
1447,RPG
4161,Action
4161,Shooter
10142,Action
10142,Shooter
10142,Massively Multiplayer
10533,Action
10533,RPG
10533,Massively Multiplayer
10533,Indie
9721,Action
9721,Adventure
9721,Simulation
9721,Casual
9721,Indie
19487,Action
19487,Shooter
19487,Adventure
13668,Action
13668,Adventure
13668,Indie
11935,Action
3696,Action
3696,Shooter
4332,Action
4332,Shooter
58134,Action
4386,Action
4386,Adventure
29177,Action
29177,Adventure
39,Action
39,Shooter
39,RPG
5563,Action
5563,Shooter
5563,RPG
4828,Action
4828,Shooter
4828,RPG
12447,Action
12447,RPG
864,Action
864,RPG
9882,Action
9882,Simulation
9882,Indie
10243,Strategy
4248,Action
4248,Adventure
4248,RPG
17540,Action
17540,Arcade
17540,Fighting
12536,Action
12536,Adventure
12536,Indie
13633,Strategy
430,Action
5583,Action
5583,Shooter
3144,Indie
3144,Platformer
4514,Action
4514,Adventure
362,Action
362,Massively Multiplayer
3841,Action
58812,Action
58812,Shooter
58812,Adventure
257201,Action
257201,Adventure
11934,Shooter
4570,Action
4570,Shooter
2462,Action
2462,Shooter
4806,Action
4806,RPG
3017,Action
3017,Shooter
3604,Action
3604,Shooter
3543,Action
3543,Shooter
3543,RPG
50738,Action
50738,Adventure
19301,Action
19301,Shooter
3603,Action
3603,Shooter
13535,Action
13535,Shooter
11142,Action
11142,RPG
3747,Action
3747,Shooter
108,Action
108,Fighting
3636,Action
3636,Adventure
274755,Action
274755,Adventure
274755,RPG
274755,Indie
10141,Action
10141,RPG
11147,Action
11147,RPG
11147,Strategy
11147,Massively Multiplayer
11147,Indie
4513,Action
4513,Shooter
4166,Action
4166,RPG
326292,Action
326292,Sports
326292,Casual
326292,Massively Multiplayer
326292,Indie
46889,Action
46889,Adventure
46889,RPG
3191,Action
3191,Adventure
613,Action
613,Adventure
613,RPG
613,Indie
22509,Action
22509,Simulation
22509,Arcade
22509,Massively Multiplayer
22509,Indie
10989,Action
10989,Shooter
25,Action
25,RPG
17576,Action
17576,Adventure
9810,Action
9810,Adventure
9810,RPG
9810,Massively Multiplayer
9810,Indie
480,Action
480,Shooter
480,Adventure
923,Action
923,Shooter
10065,Strategy
10065,Simulation
3387,Action
3387,RPG
3254,Adventure
3254,Family
3254,Indie
17572,Action
17572,Adventure
17572,Platformer
9743,Action
9743,Shooter
45969,Action
45969,Indie
13910,Strategy
13627,RPG
13627,Indie
13554,RPG
28179,Action
28179,Adventure
28179,RPG
28179,Fighting
28179,Platformer
5525,Action
5525,Strategy
18240,Action
18240,Adventure
18240,Indie
1416,Action
1416,Shooter
23585,Action
23585,Shooter
3687,Action
3687,Adventure
51329,Action
51329,Adventure
2361,Action
2361,Platformer
28201,Action
28201,Shooter
2743,Action
2743,Adventure
1450,Action
1450,Adventure
1450,Indie
1450,Puzzle
1450,Platformer
9830,Action
9830,Casual
9830,Fighting
9830,Indie
50734,Action
50734,RPG
4280,Action
4280,Shooter
3931,Action
3931,Adventure
8488,Action
8488,Shooter
2819,Adventure
2819,Indie
2093,Action
2093,Adventure
2093,RPG
2093,Simulation
2093,Massively Multiplayer
2093,Indie
58616,Action
58616,RPG
3556,Action
3556,Adventure
4223,Action
58654,Action
58654,Shooter
3678,Action
3678,Shooter
3678,Massively Multiplayer
4502,Action
28568,Action
28154,Action
28154,Indie
28154,Platformer
11052,Action
11052,RPG
2235,Action
262382,Adventure
262382,RPG
262382,Indie
326243,Action
326243,RPG
58777,Action
58777,Shooter
28153,Action
28153,RPG
356714,Action
356714,Simulation
356714,Casual
10340,Strategy
10340,Simulation
58751,Action
58751,Shooter
58751,Adventure
1010,Action
1010,RPG
1010,Indie
2792,Adventure
2792,Indie
3876,Action
3876,RPG
1682,Adventure
4003,Racing
4003,Arcade
998,Action
998,Shooter
18613,Action
3497,Shooter
13461,Action
13461,Shooter
1256,RPG
1256,Strategy
17959,Adventure
17959,Platformer
15002,Adventure
15002,Indie
12024,Action
12024,Shooter
12024,Indie
22571,Action
22571,Adventure
22571,RPG
22571,Strategy
22571,Simulation
22571,Massively Multiplayer
4527,Shooter
4599,Action
4599,Shooter
13268,Action
13268,Adventure
13268,Indie
10560,Strategy
11435,Action
11435,Simulation
11435,Indie
3853,Action
3853,Indie
3853,Puzzle
3853,Platformer
19590,Adventure
19590,Platformer
10297,Strategy
10297,Simulation
3168,Action
3168,Adventure
3168,Indie
13305,Action
28172,Action
28172,Adventure
28172,RPG
1090,Adventure
1090,Simulation
1090,Indie
4013,Action
4013,Shooter
3766,Action
3766,Adventure
10061,Action
10061,Adventure
4544,Action
4544,Shooter
17352,Action
952,RPG
952,Strategy
952,Indie
432,Action
432,Shooter
51325,Action
51325,Shooter
51325,Adventure
28202,Action
28202,Shooter
906,Action
906,Shooter
11726,Action
11726,RPG
11726,Indie
11726,Platformer
1358,Simulation
1358,Educational
1358,Indie
1358,Puzzle
43877,Action
43877,Shooter
3474,Action
3474,Adventure
3474,Puzzle
18272,Action
18272,RPG
10548,Action
10548,RPG
10073,RPG
10073,Strategy
28492,Action
28492,Shooter
28492,RPG
3990,Action
3990,Adventure
559,RPG
559,Simulation
10419,Adventure
10419,Indie
3757,Adventure
3757,RPG
3740,Action
3740,Adventure
3740,Indie
3740,Puzzle
3740,Platformer
19542,Action
19542,Shooter
59359,Action
59359,Adventure
2572,Simulation
2572,Sports
2572,Racing
21265,Action
21265,Shooter
4954,Action
4954,Indie
1244,RPG
1244,Strategy
1244,Indie
14348,Action
14348,RPG
15859,Action
15859,RPG
56184,Action
56184,Shooter
8146,Action
857,Action
857,Adventure
9475,Indie
865,Action
865,Shooter
3015,Action
3015,Indie
19384,Action
19384,RPG
19384,Indie
4639,RPG
3486,Adventure
3486,Puzzle
18241,Action
18241,Adventure
6617,Action
6617,Shooter
4550,Action
4550,Shooter
3932,Action
3932,Shooter
16112,Action
16112,Adventure
3771,Platformer
58755,Action
28623,Action
492,Action
492,RPG
5562,Shooter
5562,RPG
17875,Action
17875,Indie
17875,Platformer
3028,Action
3028,Adventure
817974,Casual
29338,Action
17126,Action
17126,RPG
1169,Action
1169,Adventure
7819,Action
7819,Shooter
7819,Indie
42187,Strategy
42187,Simulation
42187,Casual
1959,Action
1959,Simulation
1959,Casual
1959,Indie
3842,Shooter
42,Adventure
42,Indie
5703,Action
19365,Shooter
3892,Action
3892,Shooter
21924,Action
21924,Shooter
3408,Action
3408,Shooter
3408,Arcade
3408,Indie
1774,Adventure
1774,Puzzle
5159,Action
624,Strategy
624,Simulation
624,Indie
28199,Action
28199,Adventure
28199,Platformer
2623,Action
2623,Shooter
2873,Adventure
2873,Indie
2873,Puzzle
2733,Action
2733,Indie
2733,Platformer
9609,Simulation
9609,Indie
28559,Action
28559,RPG
28559,Strategy
16209,Strategy
16209,Simulation
16209,Indie
9600,Action
9600,Adventure
9600,Indie
274762,Action
274762,Shooter
274762,Adventure
274762,RPG
11276,Action
11276,Shooter
11686,Action
11686,Shooter
11686,Adventure
11686,Indie
23322,Strategy
23322,Simulation
58753,Racing
58753,Arcade
15834,Action
15834,Adventure
22511,Action
22511,Adventure
22511,RPG
22781,Adventure
22781,Puzzle
16343,Adventure
16343,Arcade
16343,Casual
16343,Indie
16343,Platformer
58617,Action
58617,Shooter
58617,Adventure
58617,RPG
3371,Action
3371,RPG
752,Action
4440,Action
4440,RPG
16113,Action
16113,Adventure
13194,Action
13194,Adventure
13194,RPG
13194,Casual
13194,Indie
20406,Action
20406,Shooter
20406,Massively Multiplayer
18336,Action
18336,Shooter
4101,Action
4101,Adventure
306124,Action
306124,Shooter
306124,RPG
2728,Action
2728,Shooter
2728,RPG
12756,Action
12756,Shooter
45821,Strategy
45821,Simulation
14446,Action
14446,Shooter
22121,Indie
22121,Platformer
4573,Action
4573,Shooter
4094,Action
2553,Action
2553,Shooter
2553,Adventure
15426,Action
15426,Shooter
15426,Indie
14512,RPG
14512,Strategy
3631,Action
9966,Action
18614,Action
2597,Action
2597,Adventure
4123,Action
30899,Action
42895,Action
2115,Simulation
2115,Arcade
2115,Casual
2115,Indie
9671,Action
9671,Shooter
9671,RPG
9671,Massively Multiplayer
9671,Indie
58550,Action
58550,Adventure
58550,RPG
28152,Action
28152,Shooter
28152,Adventure
13247,Action
13247,Indie
13247,Puzzle
13913,Action
13913,Shooter
13913,RPG
17857,Action
17857,Shooter
17857,Adventure
17857,RPG
46956,Adventure
46956,Indie
50778,Action
50778,Adventure
3209,Action
3209,Adventure
14962,Action
14962,RPG
18183,Strategy
19569,Action
19569,Shooter
750,RPG
11312,Action
11312,Adventure
11312,Simulation
11312,Indie
5193,Action
5193,Platformer
14016,Strategy
14016,Simulation
670682,Shooter
2518,Action
2518,Shooter
3368,Action
3368,Indie
250,Action
250,RPG
16359,RPG
16359,Indie
274480,Action
274480,Adventure
274480,Fighting
3346,Action
3346,Shooter
17803,Action
17803,Adventure
9653,Simulation
9653,Indie
10449,Action
10449,RPG
9793,Action
9793,Simulation
9793,Indie
15858,Adventure
15858,RPG
13628,Adventure
13628,Casual
13628,Indie
12320,Strategy
12320,Simulation
12320,Indie
51610,Action
51610,RPG
3554,Action
3554,Shooter
3554,Adventure
10092,Action
10092,Strategy
10092,Indie
50781,Action
50781,Adventure
50781,Massively Multiplayer
19299,RPG
10090,Adventure
10090,RPG
10090,Strategy
10090,Indie
17380,Strategy
17380,Simulation
452638,Action
452638,Adventure
452638,Indie
452638,Puzzle
452638,Platformer
19451,Action
19451,RPG
15274,Action
15274,Indie
3427,Action
3427,Adventure
3427,RPG
12569,Action
12569,RPG
12569,Casual
12569,Indie
3729,Action
3729,Adventure
3729,Family
3912,Action
3912,Shooter
3912,Strategy
3912,Indie
5161,Action
5161,Arcade
5161,Indie
5161,Puzzle
5161,Platformer
10001,Action
10001,Indie
829,Action
14062,Action
3449,Action
3449,Shooter
4729,Action
5578,Racing
678,Action
678,RPG
678,Massively Multiplayer
19452,Action
19452,Shooter
14690,Action
14690,Arcade
14690,Indie
14690,Platformer
455597,Action
455597,Adventure
455597,Platformer
2574,Action
2574,Shooter
2574,Indie
58813,Action
58813,Shooter
58813,Adventure
17174,Action
17174,Adventure
3300,Action
3300,RPG
3300,Massively Multiplayer
14317,Strategy
19375,Shooter
10064,Action
2047,Action
2047,Adventure
2047,RPG
3697,Action
3697,Shooter
3697,Indie
4179,Action
4179,RPG
47137,Action
47137,Shooter
53341,Action
53341,Sports
53341,Platformer
11974,Action
11974,Indie
11974,Platformer
12019,Action
12019,Adventure
12019,Casual
12019,Indie
12019,Platformer
2300,Strategy
2300,Casual
2300,Indie
2166,Action
2166,Adventure
295021,Adventure
295021,Simulation
295021,Indie
295021,Puzzle
397477,Action
397477,Shooter
397477,Adventure
442855,Action
442855,Adventure
442854,Action
442854,Shooter
28121,RPG
28121,Strategy
28121,Card
28121,Indie
259801,Action
259801,Adventure
259801,RPG
9551,Action
9551,Indie
4032,Action
4032,Adventure
4032,RPG
4000,Action
4000,Platformer
10040,Strategy
10040,Simulation
295,Adventure
295,RPG
295,Indie
19600,Action
19600,Shooter
5687,Arcade
3350,Adventure
3350,Casual
3350,Family
3350,Indie
3350,Puzzle
7381,Adventure
7381,Simulation
7381,Indie
9575,Adventure
9575,Simulation
9575,Sports
9575,Casual
9575,Massively Multiplayer
2100,Adventure
3647,RPG
3647,Indie
3290,Action
3290,Shooter
3290,Massively Multiplayer
5565,Action
5565,Shooter
685577,Action
685577,RPG
685577,Casual
685577,Indie
5564,Action
5564,Shooter
894,Action
894,Shooter
23557,RPG
23557,Strategy
23557,Board Games
23557,Card
23587,Action
23587,Adventure
23587,Casual
23587,Platformer
17037,Action
17037,Strategy
17037,Casual
17037,Indie
4882,Action
4882,Adventure
6879,Action
6879,Simulation
6879,Indie
13820,RPG
12929,Adventure
12929,Indie
12929,Puzzle
3052,Action
3052,Shooter
3052,Adventure
3052,Strategy
42215,Action
42215,Adventure
42215,RPG
452649,Action
452649,Adventure
3561,Indie
3561,Platformer
41490,RPG
41490,Strategy
41490,Indie
59313,Adventure
59313,Indie
59313,Puzzle
59313,Platformer
4869,Action
4869,Adventure
10428,Action
10428,Shooter
10428,Massively Multiplayer
10428,Indie
28110,Action
28110,Adventure
28110,RPG
4397,Action
4397,Shooter
248521,Action
248521,Adventure
248521,Indie
58494,Action
58494,Shooter
58494,Adventure
58494,Massively Multiplayer
16199,Action
3635,Action
3635,RPG
3635,Indie
3635,Platformer
17885,Action
17885,RPG
17885,Casual
719,Adventure
719,RPG
719,Indie
719,Puzzle
704634,Action
704634,Adventure
19647,Action
398423,RPG
13886,Action
13886,Shooter
10293,RPG
10293,Strategy
10293,Simulation
10293,Casual
10293,Indie
58764,Adventure
58764,Indie
58764,Puzzle
19491,Racing
19491,Arcade
892,Action
892,RPG
892,Indie
892,Platformer
4358,Action
34,Action
34,Platformer
4347,Racing
4347,Arcade
29153,Action
29153,Shooter
11279,Action
382,Action
382,Shooter
382,Adventure
49,Action
49,Adventure
49,RPG
5342,Shooter
58952,Adventure
45970,Action
45970,Adventure
1758,Adventure
1758,Puzzle
1259,Adventure
1259,Family
1259,Indie
1259,Puzzle
15566,Action
15566,Shooter
15829,RPG
44525,Action
44525,Adventure
44525,RPG
44525,Fighting
4581,Action
4581,Shooter
19056,Shooter
19056,RPG
1789,Action
1789,Adventure
1789,Indie
1789,Puzzle
1789,Platformer
3965,Action
3965,Shooter
15642,RPG
622492,Racing
622492,Arcade
10767,Strategy
10767,Indie
19057,Shooter
19057,RPG
19592,Action
19592,Shooter
9631,Strategy
9631,Indie
58752,Adventure
616765,Action
616765,Shooter
616765,Adventure
5636,Action
5636,Shooter
4439,Action
4439,RPG
38,Fighting
884,Action
884,Shooter
19410,Action
1140,Strategy
1140,Educational
1140,Family
1140,Indie
1140,Puzzle
4491,Action
5528,Shooter
3315,Action
3315,Adventure
3315,RPG
15317,Action
15317,Shooter
391399,Adventure
14606,Action
14606,Indie
10310,Action
10310,RPG
10310,Simulation
10310,Massively Multiplayer
10310,Indie
326252,Action
326252,Shooter
15714,Adventure
15714,RPG
9835,Action
9835,Adventure
9835,Indie
5298,Action
5298,Adventure
2805,Action
2805,Fighting
16787,Action
16787,Adventure
20405,Action
197,Action
197,RPG
197,Casual
197,Massively Multiplayer
326251,Action
326251,RPG
14334,Action
14334,Strategy
14334,Indie
4523,Action
4523,Shooter
4012,Action
4012,Adventure
58827,Action
58827,Casual
58827,Indie
29171,Action
29171,Shooter
29171,Adventure
6773,Action
6773,Shooter
6773,Adventure
29215,Adventure
17127,Action
17127,RPG
4535,Action
4535,Shooter
11970,Action
11970,Shooter
437059,Action
437059,Adventure
437059,RPG
5297,Action
5297,Adventure
18003,Adventure
18003,Indie
4387,Action
4387,Strategy
4387,Indie
4387,Platformer
366850,Action
324997,Adventure
324997,RPG
324997,Strategy
10615,Action
10615,Shooter
10615,RPG
19196,Action
19196,Strategy
19196,Simulation
17356,Action
17356,Strategy
17356,Indie
1670,Adventure
1670,RPG
1670,Strategy
1670,Indie
52939,Action
52939,Adventure
52939,RPG
19429,Action
19429,Shooter
4331,Action
4331,Arcade
4331,Family
4331,Platformer
28395,Action
28395,Shooter
13856,Action
13856,Indie
13856,Platformer
10031,Action
58133,Action
58133,Adventure
2213,Simulation
2213,Indie
42776,Adventure
42776,Casual
42776,Indie
2255,Shooter
2255,RPG
2255,Indie
452634,Action
327999,Strategy
327999,Board Games
327999,Casual
13079,Indie
58651,Action
58651,Shooter
58651,Indie
4388,Action
4388,Shooter
22859,Action
22859,RPG
204,Adventure
204,RPG
204,Strategy
204,Simulation
204,Casual
204,Indie
17252,Action
17252,Indie
17252,Platformer
263590,Action
263590,Shooter
263590,Arcade
2722,Adventure
2722,Simulation
2722,Indie
36,Action
36,Sports
36,Fighting
3265,Action
3265,Adventure
16355,Action
258322,Action
258322,Adventure
258322,Indie
258322,Platformer
4249,Action
4249,Arcade
4249,Platformer
4676,Action
4676,Adventure
4676,Indie
4676,Platformer
9545,Action
9545,Shooter
9545,Adventure
19685,Action
19685,Shooter
16191,Strategy
3562,Action
3562,RPG
1299,Action
1299,RPG
1299,Strategy
21926,Action
21926,Adventure
2434,Action
2434,Adventure
2434,Arcade
2434,Casual
2434,Indie
2434,Puzzle
2434,Platformer
9853,Action
9853,Adventure
9853,Massively Multiplayer
2778,Action
2778,Simulation
2778,Educational
2778,Indie
4612,Action
4612,Shooter
17599,Arcade
17599,Fighting
1225,Action
1225,Indie
3450,Action
3450,Adventure
2559,Action
2559,RPG
2559,Indie
2559,Platformer
3850,Action
3850,Adventure
3850,Family
3651,Action
3651,Shooter
3651,Adventure
715,Action
715,Simulation
715,Sports
60179,Action
60179,Adventure
60179,Indie
17295,Action
17295,Adventure
17295,RPG
22513,Action
22513,Shooter
516111,Action
516111,Shooter
516111,Adventure
516111,RPG
58585,Action
58585,Adventure
58585,RPG
20760,RPG
22789,Action
22789,Shooter
22789,Indie
17925,RPG
137,Action
137,RPG
3251,Sports
3251,Racing
2239,Action
2239,Arcade
4744,Action
4744,Adventure
401805,Action
401805,Adventure
401805,RPG
2354,Action
2354,Adventure
2354,Platformer
4923,Action
4923,Adventure
4923,Strategy
4923,Casual
123,Action
123,RPG
13469,Strategy
10049,Action
10049,Shooter
28261,Action
28261,Shooter
28261,Indie
3748,Action
3748,Adventure
3748,Indie
3748,Puzzle
3748,Platformer
3772,Action
3772,Adventure
3772,Arcade
19458,Action
19458,Shooter
19309,Strategy
9465,Action
9465,RPG
9465,Indie
14990,Action
14990,Adventure
14990,RPG
14990,Fighting
323065,Action
323065,Shooter
29173,Action
2913,RPG
2913,Strategy
2913,Indie
2845,Action
2845,RPG
2845,Indie
722,Action
722,Shooter
722,Massively Multiplayer
19284,RPG
19284,Strategy
50677,Action
50677,Indie
7485,Action
7485,Adventure
7485,RPG
7485,Simulation
7485,Massively Multiplayer
22597,Action
22597,Adventure
22597,RPG
3268,Action
3268,Adventure
3268,Indie
364806,Racing
364806,Arcade
18886,Action
18886,RPG
18081,Action
18081,Indie
1322,Action
4340,Action
4340,Shooter
2830,Action
2830,Adventure
2830,Arcade
2830,Puzzle
2830,Platformer
2390,Strategy
2390,Simulation
2390,Casual
2390,Indie
3494,Adventure
3494,Family
3494,Indie
9904,Strategy
22069,Action
22069,Adventure
22069,Strategy
22069,Simulation
22069,Indie
10900,RPG
10900,Indie
20980,Action
20980,Indie
20980,Platformer
13498,Action
13498,RPG
13498,Strategy
13498,Massively Multiplayer
28026,Arcade
28026,Platformer
12018,Action
12018,Shooter
12018,Adventure
4414,Action
3358,RPG
3358,Strategy
3358,Simulation
10125,Action
10125,Shooter
10125,Massively Multiplayer
11228,Action
11228,Sports
11228,Racing
11228,Casual
11228,Indie
9741,Action
9741,RPG
23702,Racing
23702,Arcade
2412,RPG
2412,Strategy
2412,Simulation
3459,Action
3459,Adventure
14989,Action
14989,Shooter
14989,RPG
3090,Racing
3090,Arcade
2767,Action
2767,Shooter
10296,Action
10296,RPG
10296,Massively Multiplayer
9494,Action
9494,Strategy
9494,Simulation
7317,Adventure
7317,Strategy
7317,Casual
7317,Puzzle
19380,Action
19380,RPG
13273,Adventure
13273,Indie
18184,Action
18184,Strategy
2556,Action
2556,Indie
2556,Platformer
9744,Adventure
9744,Puzzle
22162,Action
22162,Adventure
22162,Indie
18726,Action
18726,RPG
236694,Action
236694,Adventure
236694,RPG
19633,Racing
19633,Arcade
10050,Action
10050,Simulation
19439,Action
19439,RPG
21736,Action
21736,Shooter
20569,Strategy
401,Action
401,RPG
3468,Action
3468,Indie
122,Adventure
122,Strategy
122,Simulation
122,Indie
9782,Action
10327,Strategy
10327,Simulation
10327,Indie
10327,Puzzle
29,Adventure
29,RPG
46597,Action
46597,Indie
27938,Action
27938,Adventure
27938,Indie
27938,Platformer
11567,Action
11567,RPG
11567,Strategy
11567,Indie
3501,Adventure
3501,Puzzle
3501,Platformer
22938,Action
22938,Shooter
1830,Adventure
1830,RPG
1830,Strategy
1830,Indie
9824,Action
9824,Fighting
11663,Action
11663,Shooter
11663,Adventure
11663,Arcade
11663,Indie
427930,Action
427930,Indie
14072,Strategy
14072,Simulation
2139,Action
2139,Adventure
2139,RPG
2139,Indie
19560,Action
19560,Shooter
12980,RPG
12980,Strategy
11425,Simulation
11425,Family
58698,Action
58698,Adventure
2055,Simulation
2055,Board Games
2055,Casual
2055,Indie
10436,Sports
10436,Casual
10436,Indie
10926,Strategy
10926,Simulation
10926,Casual
10926,Indie
10537,Action
10537,Shooter
15860,Action
15860,Adventure
10281,Strategy
10281,Simulation
10281,Indie
19369,Shooter
23191,Action
23191,Adventure
23191,RPG
23191,Strategy
23191,Indie
99,Adventure
99,Simulation
99,Casual
99,Indie
99,Puzzle
4602,Action
4602,Shooter
4361,Action
4361,Arcade
4361,Family
4361,Platformer
10393,Action
10393,Adventure
10393,RPG
19397,Action
19397,RPG
9515,Action
9515,Adventure
9515,Puzzle
4477,Action
4477,Shooter
13570,Strategy
13570,Simulation
13570,Casual
13570,Indie
2131,Action
2131,Racing
2131,Arcade
2131,Indie
244716,Simulation
244716,Sports
244716,Racing
372576,RPG
372576,Massively Multiplayer
22508,Action
22508,Shooter
22508,Casual
22508,Massively Multiplayer
2889,Action
2889,Adventure
2889,Indie
2889,Platformer
13387,Action
13387,Shooter
13387,Indie
842,Action
842,Shooter
17357,Action
17357,Strategy
17357,Indie
19584,Action
19584,RPG
906547,Action
906547,RPG
4206,Action
4206,Shooter
4206,Adventure
4206,Indie
59023,Action
59023,Shooter
59023,Arcade
339961,Action
339961,Adventure
13909,Action
13909,Adventure
18287,Action
18287,Strategy
18287,Simulation
18287,Indie
791638,Action
791638,Fighting
19568,Action
19568,Adventure
35561,Action
35561,Shooter
12884,Action
12662,Action
12662,Adventure
4111,Action
4111,RPG
61961,Action
61961,Sports
61961,Casual
61961,Indie
9736,Action
9736,Adventure
9736,Simulation
9736,Indie
18185,Strategy
17158,Arcade
17158,Casual
12757,RPG
12757,Strategy
58640,Action
61176,Action
61176,Adventure
2287,Adventure
2287,Simulation
2287,Indie
2287,Puzzle
9495,Action
9495,Strategy
9495,Simulation
31771,Action
31771,RPG
4520,Action
4520,Adventure
20992,Action
20992,Adventure
20992,Indie
5711,Action
5711,RPG
5711,Indie
313843,Action
445442,Adventure
445442,Indie
445442,Puzzle
4186,RPG
17975,Action
17975,Shooter
4483,Action
4483,Shooter
16856,Indie
7439,Action
7439,Shooter
16649,Action
16649,Indie
3838,Racing
3838,Arcade
5706,Action
5706,RPG
5706,Strategy
15861,Action
13512,Action
13512,Strategy
13512,Indie
28631,Action
28631,RPG
28615,Action
28615,Shooter
5538,Action
5538,RPG
13525,Action
13525,Adventure
13566,RPG
13566,Strategy
13566,Indie
3601,Action
54491,Action
54491,Shooter
58735,Action
58735,Adventure
58735,Puzzle
58735,Platformer
17676,Action
17676,Shooter
14211,Action
14211,Adventure
14211,RPG
14211,Indie
887,Action
887,Shooter
5678,Adventure
5678,RPG
5678,Indie
57908,Action
57908,Shooter
57908,Adventure
57908,Platformer
2296,Action
2296,Adventure
58754,Action
58754,Shooter
58754,Adventure
58754,RPG
10389,Action
10389,RPG
9871,Action
9871,Simulation
9871,Indie
50418,Adventure
50418,RPG
50418,Indie
17998,Indie
17998,Puzzle
2639,Adventure
2639,Family
18449,Action
18449,RPG
3726,Racing
11214,Adventure
11214,RPG
11214,Strategy
11214,Simulation
11214,Indie
9831,Action
9831,Adventure
9831,Massively Multiplayer
16543,Action
16543,Family
4571,Action
4571,RPG
4571,Strategy
4571,Indie
295019,Action
295019,Adventure
295019,RPG
3400,Action
3400,Shooter
17179,Action
17179,Adventure
59197,Action
59197,Sports
59197,Racing
59197,Indie
22790,Action
22790,Shooter
22790,Indie
693,Action
693,Puzzle
3863,Action
3863,Adventure
3863,RPG
4154,Action
4154,Shooter
966,Sports
966,Racing
966,Family
13199,Adventure
13199,RPG
13199,Strategy
13199,Simulation
13199,Casual
13199,Indie
965,Action
965,Adventure
11887,Action
11887,Adventure
11887,RPG
11887,Massively Multiplayer
11887,Indie
58758,Action
58758,Adventure
58758,RPG
22961,Action
22961,Shooter
22961,Adventure
10602,Action
10602,Indie
58890,Racing
58890,Arcade
20466,Strategy
9811,Action
9811,Massively Multiplayer
9811,Indie
13925,Action
13925,Adventure
392019,Action
392019,Shooter
392019,Adventure
10724,Action
10724,Simulation
10724,Racing
10724,Massively Multiplayer
46399,Action
46399,Adventure
46399,RPG
46399,Strategy
46399,Simulation
46399,Indie
47326,Action
47326,Adventure
1612,Action
1612,Arcade
1612,Casual
1612,Indie
10056,Action
10056,Shooter
17545,Action
17545,Adventure
10342,Simulation
10342,Sports
10342,Racing
14422,Action
10545,Action
10545,Massively Multiplayer
10980,Action
10980,RPG
10980,Indie
4466,Action
4466,Adventure
4466,RPG
4466,Puzzle
9997,Action
9997,Shooter
9997,Strategy
9997,Simulation
479694,Adventure
479694,Strategy
479694,Indie
3374,Action
3374,Adventure
3374,Indie
3374,Puzzle
29658,Action
29658,RPG
15851,Action
15851,Shooter
9911,Action
9911,RPG
9911,Strategy
9911,Indie
464,RPG
464,Strategy
4031,Action
4031,Shooter
4031,Adventure
28589,Shooter
441,Action
441,Adventure
441,RPG
339958,Adventure
339958,RPG
50214,Action
50214,Shooter
50214,Massively Multiplayer
271,Strategy
271,Simulation
271,Arcade
271,Casual
271,Indie
9659,Action
9659,Adventure
19908,Action
19908,Family
22397,Strategy
19655,Action
19655,Adventure
19655,Indie
16813,Action
16813,RPG
16813,Indie
58835,Action
58835,Adventure
58835,RPG
17854,Action
17854,Indie
16161,Action
16161,Indie
709,Action
709,Shooter
51687,RPG
51687,Simulation
10665,Action
10665,Indie
10309,Strategy
28613,Shooter
46560,Action
46560,Casual
46560,Indie
11164,Action
11164,Indie
11164,Platformer
22846,Action
22846,Simulation
23479,Adventure
23479,RPG
23479,Casual
23479,Indie
637477,Action
637477,Shooter
46508,Adventure
46508,Indie
43,Adventure
10023,Action
10023,RPG
10023,Indie
1073,Simulation
1073,Indie
1073,Puzzle
17844,Action
17844,RPG
2659,Racing
2659,Massively Multiplayer
28418,Action
28418,RPG
28580,Action
28580,Adventure
28580,RPG
58859,Action
58859,Adventure
58859,RPG
11460,Adventure
11460,Indie
28619,Shooter
38965,RPG
38965,Massively Multiplayer
14156,Action
14156,Adventure
58637,Action
58637,RPG
442857,Action
442857,Adventure
13780,Strategy
2894,Adventure
2894,Strategy
14364,Action
14364,RPG
14364,Strategy
10206,RPG
10206,Strategy
10206,Simulation
10206,Indie
1726,Action
1726,Indie
441738,Action
441738,Adventure
441738,RPG
441738,Indie
876,Adventure
876,RPG
876,Indie
19635,Action
19635,Adventure
19635,RPG
10355,Action
10355,Strategy
10355,Indie
12130,Strategy
12130,Simulation
12130,Indie
897,Adventure
897,RPG
897,Indie
3751,Action
3751,RPG
17736,RPG
3189,Adventure
3189,Casual
3189,Indie
58385,Action
58385,Shooter
58385,Racing
12108,Adventure
12108,Casual
12108,Indie
5524,Action
5524,Shooter
17818,RPG
27,Adventure
27,RPG
27,Sports
27,Arcade
27,Indie
46301,Adventure
366885,RPG
28131,Action
28131,Shooter
28131,Strategy
10028,Action
10028,Strategy
10028,Simulation
10028,Indie
10039,RPG
486,Action
486,RPG
17473,Action
5995,Adventure
5995,Simulation
5995,Casual
5995,Indie
5995,Puzzle
19628,Racing
19628,Arcade
28126,Sports
11975,Action
11975,Shooter
12850,Action
12850,Adventure
12850,Indie
12850,Platformer
3513,Action
3513,Adventure
3513,Family
45763,Strategy
45763,Simulation
13926,Action
13926,Adventure
257192,Action
257192,Adventure
257192,Platformer
3277,Strategy
3277,Casual
3277,Indie
58806,Action
58806,Adventure
58806,Strategy
58806,Indie
10037,Strategy
3848,Shooter
397473,Action
397473,Shooter
2119,Arcade
2119,Casual
2119,Indie
2119,Puzzle
12045,RPG
11729,Action
11729,Adventure
11729,Casual
11729,Indie
558986,Action
558986,Arcade
3933,Action
4480,Action
4480,Adventure
4480,Family
3134,Adventure
3134,RPG
3134,Strategy
3134,Indie
5488,Action
5488,Platformer
54,RPG
54,Strategy
54,Simulation
54,Sports
54,Fighting
54,Indie
12022,RPG
12022,Strategy
5544,Sports
5544,Racing
5544,Arcade
58389,Action
58389,Shooter
4473,Action
4473,Adventure
4473,Arcade
4473,Indie
18852,Sports
18852,Casual
18852,Card
58394,Action
58394,Sports
58394,Racing
58394,Casual
58394,Indie
12761,RPG
12761,Strategy
758,Adventure
758,Board Games
758,Indie
758,Puzzle
13466,Action
9644,Strategy
9644,Simulation
384567,RPG
384567,Strategy
384567,Simulation
748414,Action
748414,Adventure
748414,Casual
59611,RPG
4962,Action
4962,Adventure
4962,Arcade
4962,Indie
59637,Action
59637,Family
59637,Indie
59637,Puzzle
14331,Shooter
41498,Racing
41498,Arcade
16723,Action
16723,Strategy
16723,Indie
54492,Action
54492,Shooter
10379,Simulation
10379,Sports
10379,Massively Multiplayer
327219,Indie
327219,Puzzle
11223,Action
11223,Adventure
11223,Fighting
11223,Indie
54629,Action
54629,Racing
54629,Arcade
1249,Sports
19640,Action
19640,Adventure
343597,Action
343597,Adventure
343597,Platformer
9828,Action
9828,Strategy
9828,Indie
10270,Strategy
10270,Indie
490,Adventure
12344,Action
12344,Casual
12344,Massively Multiplayer
9880,Strategy
9880,Simulation
9880,Indie
28300,Adventure
28300,Platformer
49225,Action
49225,Fighting
43734,Action
43734,Shooter
43734,RPG
43734,Simulation
18712,Adventure
18712,Casual
18712,Indie
1854,Action
1854,Adventure
1854,RPG
1854,Casual
1854,Family
5403,Adventure
5403,Arcade
5403,Casual
5403,Family
369157,Action
369157,Adventure
369157,RPG
326236,Adventure
326236,Simulation
326236,Indie
16003,RPG
16003,Strategy
447,Action
447,Adventure
447,Family
447,Platformer
548036,RPG
548036,Strategy
548036,Simulation
548036,Indie
12073,Adventure
12073,Family
3226,Action
3226,Adventure
10108,Action
10108,Adventure
10108,RPG
11839,Adventure
11839,RPG
11839,Indie
10390,Casual
10390,Indie
10390,Puzzle
10180,Action
10180,Adventure
10180,Indie
39277,Action
39277,Shooter
1488,Action
1488,Arcade
1488,Casual
1488,Fighting
10715,Strategy
10715,Simulation
58085,Action
58085,Strategy
58085,Simulation
17169,Action
17169,RPG
17169,Indie
35613,Adventure
35613,Arcade
35613,Platformer
4108,Action
4108,RPG
43078,Puzzle
39707,Action
17945,Strategy
17945,Simulation
22734,Adventure
22734,Indie
63904,Action
63904,Simulation
63904,Racing
63904,Platformer
29180,Adventure
29180,RPG
18708,Action
18708,Adventure
18708,RPG
18708,Indie
10241,Action
10241,Simulation
440079,Racing
440079,Arcade
4192,Action
4192,Adventure
4192,Arcade
4192,Indie
4192,Puzzle
4192,Platformer
22865,Action
22865,Adventure
22865,Platformer
19151,Action
19151,RPG
19151,Indie
4185,Action
4185,Adventure
4185,RPG
452642,Action
452642,Adventure
452642,RPG
58921,Adventure
58921,RPG
58921,Strategy
15857,Strategy
44029,RPG
44029,Simulation
44029,Casual
10416,Action
10416,Adventure
10416,RPG
10416,Indie
42060,Racing
42060,Arcade
51324,Action
51324,RPG
9768,Educational
4057,Action
4057,Shooter
4057,RPG
4057,Massively Multiplayer
570074,Action
570074,Adventure
570074,Arcade
570074,Casual
570074,Fighting
570074,Indie
295020,RPG
295020,Strategy
12048,Action
12048,Adventure
12048,RPG
12048,Indie
19962,Action
19962,Adventure
19962,Casual
19962,Indie
14625,Strategy
14625,Simulation
50678,Action
10302,Action
2828,Action
2828,Fighting
16014,Strategy
16351,Action
16351,RPG
16351,Massively Multiplayer
16351,Indie
3987,Action
3987,Adventure
3987,Arcade
3987,Indie
3987,Platformer
5689,Simulation
5689,Casual
9459,Adventure
9459,Simulation
9459,Indie
463723,Action
463723,Shooter
463723,Adventure
16779,Action
16779,Arcade
16779,Indie
1545,Action
1545,Adventure
1545,RPG
1545,Indie
284664,Action
284664,Adventure
284664,Fighting
284664,Indie
320,Adventure
5390,Racing
5390,Arcade
1391,Simulation
1391,Sports
1391,Racing
1391,Indie
14230,Action
14230,Adventure
14230,RPG
14230,Strategy
14230,Indie
17013,Action
17013,Adventure
17013,Indie
23302,Action
23302,Massively Multiplayer
12279,Action
12279,Shooter
12279,Adventure
274767,Action
274767,Shooter
274767,Adventure
274767,Arcade
4240,Strategy
4240,Simulation
40265,Action
40265,RPG
28632,Shooter
8278,Action
8278,Shooter
2944,Action
2944,Adventure
2944,Indie
798,Action
798,Adventure
798,Arcade
798,Casual
798,Indie
798,Platformer
15422,Action
15422,Indie
366881,Action
366881,Adventure
366881,Platformer
2784,Strategy
2784,Casual
2784,Indie
2784,Puzzle
455532,Action
455532,Simulation
194,Action
194,Adventure
59695,Action
59695,Massively Multiplayer
28156,Adventure
28156,Indie
311,Adventure
311,RPG
311,Indie
4125,Action
4125,Shooter
4125,Adventure
4125,Strategy
52330,Action
52330,Adventure
52330,RPG
2592,Adventure
2592,Platformer
1165,Action
1165,Adventure
1165,RPG
1165,Strategy
1165,Indie
1165,Platformer
324992,Action
324992,Shooter
324992,Adventure
19166,Action
19166,Shooter
19166,RPG
44510,Strategy
44510,Simulation
44510,Indie
2666,Strategy
2666,Simulation
2666,Indie
2666,Puzzle
12760,RPG
12760,Strategy
29236,Action
29236,Adventure
29236,Indie
3336,Simulation
3336,Sports
3336,Racing
10346,Action
10346,Indie
3489,Adventure
3489,Racing
3489,Massively Multiplayer
10758,Simulation
10758,Indie
15713,Adventure
15713,RPG
15713,Indie
16344,Action
16344,Shooter
16344,Strategy
16344,Casual
16344,Indie
10606,Action
10606,Indie
12323,Adventure
12323,RPG
12323,Strategy
12323,Indie
19409,Action
19409,Shooter
19615,Action
19615,Shooter
35086,Action
35086,Adventure
35086,Racing
35086,Arcade
35086,Casual
35086,Platformer
58831,Action
58831,Adventure
58831,RPG
481910,Action
481910,Shooter
17010,Adventure
17010,Indie
12322,Adventure
12322,Simulation
12322,Casual
12322,Indie
2925,Action
2925,Adventure
2925,RPG
2925,Strategy
2925,Simulation
2925,Indie
58325,Action
58325,Indie
5426,Action
5426,Platformer
20511,Racing
17087,Adventure
17087,Casual
17087,Family
17087,Indie
17087,Puzzle
45109,Action
45109,Adventure
45109,RPG
45109,Indie
445430,Action
445430,Adventure
5877,Action
5877,Adventure
5877,Puzzle
22412,Action
22412,Shooter
4489,Action
4489,Shooter
452646,Action
452646,Platformer
3580,Sports
427,Strategy
427,Arcade
427,Puzzle
1820,Action
1820,Strategy
3307,Action
3307,Adventure
3307,RPG
3307,Strategy
3307,Simulation
3307,Indie
3307,Puzzle
4724,Adventure
4724,Casual
4724,Puzzle
12648,Strategy
19503,Action
19503,Shooter
17092,Action
17092,Shooter
17092,Simulation
17092,Indie
47,Action
47,Adventure
47,Indie
47,Platformer
17741,Adventure
17741,Arcade
17741,Indie
17741,Puzzle
579507,Action
579507,RPG
579507,Indie
12649,Strategy
2822,Action
2822,Shooter
2822,Simulation
2822,Indie
9906,Action
9906,Adventure
9906,Indie
9906,Puzzle
3332,RPG
3325,Action
3325,Adventure
3325,Simulation
3325,Family
3325,Indie
616697,Action
616697,Adventure
12319,Strategy
12319,Indie
19436,Action
19436,RPG
1116,Strategy
1116,Simulation
1116,Indie
11407,Strategy
11407,Simulation
11407,Indie
52827,Platformer
1108,Adventure
1108,Indie
2234,RPG
2234,Strategy
2234,Indie
47428,Action
47428,Shooter
452635,Action
452635,Shooter
452635,Adventure
452635,Strategy
452635,Indie
55984,Action
55984,Adventure
28608,Action
28608,Adventure
28608,RPG
10088,Action
10088,Adventure
10088,Indie
10088,Platformer
12280,Action
12280,Shooter
12280,Adventure
12280,Puzzle
52215,Racing
52215,Arcade
9697,Action
1720,Action
1720,Adventure
1720,Indie
1720,Puzzle
324994,Action
324994,Adventure
324994,RPG
9598,Simulation
9598,Sports
9598,Racing
50273,Strategy
3843,Action
3843,Shooter
19237,Strategy
373504,Action
3877,Action
3877,Adventure
3877,Puzzle
3877,Platformer
6530,Strategy
6530,Simulation
6530,Indie
10579,Adventure
10579,RPG
10579,Strategy
16183,Action
16183,Adventure
16183,RPG
16183,Strategy
16183,Simulation
16183,Sports
16183,Racing
16183,Casual
16183,Indie
304953,Action
304953,Adventure
3767,Action
3767,Adventure
452645,Action
452645,Shooter
452645,Adventure
13583,RPG
13583,Massively Multiplayer
54718,Action
54718,Shooter
12741,Strategy
24619,Adventure
24619,Puzzle
52384,Action
52384,Adventure
52384,RPG
52384,Indie
52384,Platformer
17600,Action
17600,Shooter
327227,Action
327227,Shooter
327227,Adventure
327227,RPG
51,Action
51,Shooter
51,Massively Multiplayer
50839,Indie
50839,Puzzle
8444,Action
8444,Shooter
8444,Adventure
13777,Strategy
13777,Simulation
13777,Educational
20826,Action
20826,RPG
13999,Action
13999,Adventure
13999,Indie
3223,Adventure
3223,Casual
3223,Indie
244722,Adventure
244722,RPG
244722,Strategy
4796,Action
4796,Adventure
4796,RPG
4796,Indie
4796,Puzzle
14929,Strategy
58732,Simulation
58732,Sports
58782,Action
58782,Shooter
15604,Adventure
15604,Indie
15604,Puzzle
700,Adventure
700,Puzzle
1320,Action
44641,Strategy
44641,Simulation
44641,Indie
257252,Action
257252,Adventure
257252,Puzzle
257252,Platformer
13778,Strategy
3437,Action
3437,Adventure
3437,RPG
3437,Indie
28195,Strategy
28195,Indie
9845,RPG
9845,Strategy
16922,Racing
3044,Action
3044,Adventure
703,Action
703,Adventure
703,Massively Multiplayer
3179,Action
3179,Arcade
2184,Action
2184,Adventure
2184,RPG
2184,Indie
14397,Action
14397,Casual
14397,Indie
13779,Strategy
15221,Strategy
15221,Indie
19482,Racing
19482,Arcade
12641,Strategy
16179,Action
16179,Adventure
16179,RPG
16179,Strategy
16179,Simulation
16179,Sports
16179,Racing
16179,Casual
16179,Indie
23600,Action
23600,RPG
87,Action
87,RPG
87,Indie
87,Platformer
6885,Action
6885,Adventure
6885,RPG
6885,Strategy
6885,Simulation
6885,Arcade
6885,Educational
6885,Fighting
674,Action
674,Strategy
674,Indie
17604,Shooter
58295,Action
58295,RPG
58295,Strategy
58295,Simulation
58295,Indie
15712,Adventure
15712,RPG
17536,Action
17536,Shooter
650605,Action
650605,Adventure
650605,Strategy
650605,Indie
13868,Strategy
1559,Action
1559,Platformer
388308,Action
388308,Shooter
388308,Massively Multiplayer
4518,Action
4518,Adventure
9066,Action
9066,Adventure
263608,Action
263608,Strategy
263608,Arcade
11471,Action
11471,Adventure
11471,RPG
24,Racing
52943,Adventure
52943,RPG
19536,Action
19536,RPG
19536,Simulation
16118,Strategy
16118,Simulation
303576,Action
303576,RPG
14689,Action
14689,Adventure
14689,Arcade
14689,Indie
14689,Platformer
9891,Action
9891,Adventure
20709,Action
20709,Adventure
2074,Casual
2074,Family
50736,Action
50736,Fighting
20156,Adventure
20156,Indie
487910,Action
487910,Adventure
487910,RPG
41052,Action
15932,Casual
15932,Indie
287337,Action
287337,Adventure
287337,RPG
287337,Arcade
287337,Casual
287337,Indie
2992,Action
2992,Shooter
2992,RPG
2992,Indie
7441,Adventure
7441,Indie
7441,Puzzle
14336,Action
14336,Indie
16123,RPG
16123,Strategy
660,Action
61741,Action
61741,Adventure
61741,Indie
61741,Puzzle
30445,Strategy
13404,Adventure
13404,Simulation
12092,Strategy
12092,Simulation
57896,Action
57896,Indie
57896,Platformer
28627,Action
28627,Shooter
19535,Action
3154,Sports
30119,Adventure
30119,RPG
30119,Strategy
30119,Indie
22798,Action
22798,Shooter
9989,Adventure
9989,Puzzle
3834,Action
3834,Adventure
3834,Indie
3834,Puzzle
2548,Action
2548,Adventure
2548,RPG
2548,Indie
2548,Platformer
1575,Action
1575,Shooter
1575,Adventure
1575,Strategy
1575,Massively Multiplayer
5158,Action
5158,Adventure
5158,Platformer
42592,Action
42592,RPG
42592,Massively Multiplayer
3416,Action
3416,Shooter
332,Strategy
332,Card
15365,Action
15365,RPG
15365,Massively Multiplayer
1077,Action
1077,Adventure
1077,Family
1077,Indie
1077,Puzzle
1077,Platformer
16948,Action
16948,Sports
16948,Indie
17085,Adventure
17085,RPG
17085,Indie
54122,Adventure
54122,RPG
15764,RPG
15764,Strategy
16817,Action
16817,RPG
326253,Strategy
3164,Sports
21966,Adventure
21966,Puzzle
364942,Casual
9840,Action
9840,Adventure
9840,Indie
10547,Adventure
10547,Indie
19646,Action
19646,Adventure
5783,Sports
18301,Action
18301,Strategy
18301,Casual
18301,Indie
53446,Racing
53446,Arcade
57607,Action
3413,Action
3413,Sports
3413,Indie
3413,Platformer
12606,Action
12606,Adventure
2960,Action
2960,Indie
2960,Platformer
494384,Action
19627,Action
23037,Action
23037,Adventure
23037,RPG
23037,Indie
295001,Adventure
8923,Strategy
8923,Card
8923,Massively Multiplayer
8923,Indie
19345,Strategy
19345,Simulation
4023,Action
4023,Adventure
16552,Action
16552,Casual
16552,Indie
369158,Action
369158,Adventure
3734,Action
3734,Adventure
3734,RPG
3734,Indie
28150,Action
28150,Shooter
28150,Adventure
28150,RPG
268446,Action
268446,Strategy
268446,Simulation
268446,Indie
40104,Action
40104,Adventure
2503,Action
2503,Strategy
2503,Arcade
2503,Fighting
2503,Indie
10364,Strategy
10364,Simulation
10364,Casual
10364,Educational
10364,Indie
2359,Adventure
2359,Casual
2359,Educational
2359,Indie
2359,Puzzle
22123,Action
22123,Adventure
22123,RPG
22123,Indie
49236,Strategy
49236,Simulation
49236,Indie
58829,Fighting
15852,Action
15852,Shooter
3923,Action
3923,Shooter
3574,Adventure
10638,Action
10638,Adventure
10638,RPG
10638,Casual
10638,Indie
39039,Action
58766,Adventure
58766,RPG
58766,Strategy
58766,Simulation
58766,Indie
326229,Sports
3679,Strategy
288796,Action
288796,Indie
7353,Action
7353,Adventure
7353,Strategy
7353,Casual
7353,Indie
7353,Puzzle
680,Action
680,Shooter
14612,Action
14612,Shooter
14612,RPG
14612,Simulation
9877,Action
9877,Adventure
9877,Simulation
9877,Indie
3214,Action
3214,Shooter
3214,RPG
3214,Indie
18853,Adventure
18853,Casual
18853,Puzzle
275641,Action
275641,Simulation
275641,Casual
275641,Indie
18347,Action
18347,Casual
18347,Indie
9538,Shooter
9538,Adventure
9538,Simulation
9538,Sports
40936,Action
40936,Arcade
40936,Indie
17698,RPG
17698,Strategy
16255,Adventure
16255,RPG
16255,Indie
16255,Puzzle
4143,Adventure
4143,Indie
16515,RPG
16515,Strategy
16515,Indie
10261,Strategy
10261,Simulation
10520,Simulation
10520,Indie
4148,Action
4148,Shooter
4148,Racing
4148,Indie
60817,Action
60817,Adventure
60817,RPG
60817,Strategy
60817,Simulation
60817,Indie
16683,Action
16683,Shooter
16683,Adventure
16683,Indie
327260,Action
327260,Adventure
327260,Indie
17713,Action
17713,Casual
17713,Indie
16466,Action
16466,Indie
223331,Action
223331,Adventure
22844,Action
22844,Adventure
22844,RPG
22844,Indie
22844,Platformer
614954,Action
614954,Shooter
614954,Adventure
614954,Casual
4465,Action
4465,Strategy
16700,Adventure
16700,Indie
17564,Action
17564,Shooter
1430,Action
1430,Adventure
1430,Indie
2760,Action
2760,Adventure
2760,Arcade
2760,Indie
2760,Platformer
3469,Action
3469,Shooter
18701,Strategy
1808,Action
1808,Strategy
1808,Simulation
1808,Indie
473489,Adventure
473489,Indie
60545,RPG
60545,Strategy
14447,Simulation
14447,Indie
14447,Puzzle
22853,Adventure
22853,RPG
16263,Action
12250,Adventure
12250,Casual
12250,Indie
29238,Action
29238,Racing
29238,Massively Multiplayer
2422,Action
2422,Shooter
2422,Adventure
16144,RPG
35519,Action
35519,RPG
18700,Strategy
249954,Action
249954,Adventure
249954,Indie
4241,Action
17703,Action
17703,Adventure
11676,Adventure
11676,RPG
11676,Strategy
11676,Indie
12877,Action
12877,Adventure
9969,Educational
14793,Action
14793,Adventure
14793,RPG
14793,Indie
3558,Racing
45745,RPG
12321,Strategy
12321,Indie
34668,Action
34668,Shooter
52178,Action
52178,Adventure
10119,Action
10119,Adventure
10119,Platformer
5383,Action
5383,Strategy
5383,Arcade
3187,Adventure
3187,RPG
3187,Strategy
3187,Board Games
3187,Indie
16294,Action
16294,Shooter
16294,Strategy
801032,Action
801032,Shooter
801032,Adventure
4671,Action
4671,Adventure
13764,Massively Multiplayer
14290,RPG
14290,Strategy
326239,Action
326239,Adventure
326239,Platformer
28564,Puzzle
58834,Action
58834,Adventure
58834,Arcade
58834,Indie
58834,Platformer
2306,Sports
2306,Board Games
2306,Casual
2306,Card
5001,Adventure
21558,Action
21558,Indie
2298,Action
2298,Adventure
2298,Puzzle
2298,Platformer
11591,Adventure
11591,Casual
11591,Indie
18785,Adventure
61694,Action
61694,Adventure
61694,RPG
61694,Simulation
61694,Indie
427519,Action
427519,Adventure
427519,Indie
27943,Action
27943,Adventure
27943,Platformer
4901,Adventure
42920,Action
42920,Adventure
50576,Action
50576,Shooter
50576,Adventure
16760,Action
16760,Indie
19502,Action
19502,Shooter
19502,Adventure
431,Action
431,Adventure
58386,Action
58386,Shooter
58386,Adventure
58386,RPG
40368,Adventure
3363,Action
3363,Adventure
3363,Indie
3363,Platformer
42064,Action
42064,Shooter
17728,Action
17728,Adventure
17728,RPG
49104,Action
49104,Adventure
49104,Indie
22344,Action
22344,Adventure
22344,Casual
22344,Indie
22344,Puzzle
16792,Strategy
3548,Action
3548,Sports
3548,Indie
3194,Action
3194,Indie
3194,Platformer
326248,Action
42230,Action
42230,Shooter
3316,Action
3316,Fighting
59346,Action
59346,Strategy
2570,Adventure
2570,Puzzle
545015,Adventure
545015,RPG
3993,RPG
58914,Action
58914,Strategy
533,Strategy
533,Card
13833,Strategy
13833,Simulation
7241,Adventure
7241,Casual
7241,Family
7241,Indie
7241,Puzzle
5615,Racing
5615,Arcade
428555,Strategy
15457,Strategy
15457,Simulation
14346,Strategy
14346,Simulation
16253,Action
16253,Adventure
16253,RPG
16253,Indie
6641,Adventure
6641,Strategy
6641,Casual
6641,Indie
662357,Action
1984,Action
1984,RPG
1984,Indie
1984,Platformer
16262,Action
3727,RPG
3727,Massively Multiplayer
49874,RPG
3219,Action
3219,Adventure
15687,Indie
14827,Action
14827,Adventure
15017,Action
15017,Indie
10118,Action
10118,Adventure
10118,Platformer
28859,Action
28859,Shooter
11350,Adventure
11350,RPG
11350,Indie
11350,Puzzle
21119,Action
21119,Arcade
21119,Casual
21119,Indie
46000,Adventure
46000,Casual
46000,Indie
46000,Puzzle
17795,Action
17795,Arcade
29218,Adventure
29218,RPG
29218,Indie
602224,Action
602224,Adventure
602224,Massively Multiplayer
1378,Action
1378,Shooter
1378,Indie
3775,Adventure
507152,Action
2647,Action
14237,Action
440081,Action
440081,Adventure
4234,Action
4234,Adventure
22512,Action
22512,RPG
58820,Action
58820,Adventure
58820,RPG
58820,Simulation
795632,Action
795632,Adventure
10400,Action
10400,Strategy
10400,Casual
10400,Indie
9964,RPG
9964,Strategy
9964,Indie
4521,Action
4521,Shooter
12074,Action
12074,Adventure
47204,Action
47204,Simulation
16168,Action
16168,Adventure
16168,RPG
16168,Strategy
16168,Simulation
16168,Sports
16168,Racing
16168,Casual
16168,Indie
66817,Casual
43982,Action
43982,Adventure
43982,Strategy
43982,Indie
881,Racing
881,Arcade
287342,Adventure
287342,Indie
325094,Action
325094,Adventure
325094,Family
325094,Platformer
13350,Adventure
13350,Indie
13350,Puzzle
274756,Action
274756,Adventure
3849,Action
1451,Simulation
1451,Arcade
1451,Casual
1451,Indie
1451,Puzzle
18290,Action
18290,Shooter
18290,RPG
18290,Indie
13843,Action
13843,Adventure
13843,Indie
727315,Action
727315,Adventure
366083,Adventure
366083,RPG
366083,Strategy
366083,Indie
401808,Shooter
337960,Action
337960,Adventure
337960,Indie
1241,Action
1241,Arcade
1241,Indie
1241,Platformer
16254,Action
16254,Adventure
16254,Indie
52997,Action
52997,Racing
338386,Action
338386,Simulation
338386,Sports
19281,Action
19281,Arcade
19281,Indie
19281,Platformer
17650,Action
17650,Shooter
4493,Action
4493,Adventure
3121,RPG
17768,Action
17768,RPG
17768,Massively Multiplayer
3238,Action
3238,Strategy
3238,Indie
326238,Simulation
9976,Action
9976,Simulation
9976,Massively Multiplayer
4813,Action
4813,Shooter
4813,Arcade
19377,Action
19377,Shooter
19377,Strategy
89,Arcade
89,Casual
89,Indie
21,Sports
21,Racing
391397,Adventure
391397,Indie
5718,Action
5718,RPG
5718,Simulation
12318,Strategy
12318,Indie
2453,Action
2453,Shooter
2453,Adventure
274758,Adventure
274758,Casual
274758,Indie
5940,Action
5940,Strategy
5940,Casual
5940,Indie
5940,Puzzle
2857,Action
2857,Shooter
2857,Adventure
2857,Indie
7536,Action
582,Action
582,Adventure
582,RPG
582,Indie
3759,Action
3759,Adventure
12729,Action
12729,Adventure
12729,Arcade
12729,Family
3533,Adventure
3533,Indie
3533,Puzzle
422859,Action
422859,Adventure
422859,RPG
21717,Adventure
21717,Indie
471027,Casual
471027,Indie
471027,Puzzle
854354,Action
854354,Adventure
854354,Puzzle
58861,Action
58861,Adventure
58861,RPG
12166,RPG
12166,Strategy
12166,Indie
44931,Adventure
44931,Strategy
44931,Simulation
44931,Indie
44931,Puzzle
11189,Action
11189,Indie
59352,Action
59352,Adventure
59352,Simulation
59352,Arcade
5432,Action
5432,Adventure
5432,Arcade
10165,Action
10165,Strategy
13694,Strategy
9712,Action
9712,Indie
13514,Action
13514,Indie
13514,Puzzle
13514,Platformer
20568,Strategy
5115,RPG
4046,Action
4046,Adventure
58776,Action
58776,Shooter
1890,Casual
1890,Family
1890,Indie
1890,Puzzle
16961,Action
16961,Indie
21759,Action
21759,Shooter
10370,Action
10370,Simulation
10370,Indie
17094,RPG
17094,Indie
16264,Action
23458,Action
23458,Shooter
23458,Simulation
23458,Indie
19572,Action
19572,Shooter
17543,Action
17543,Adventure
17543,Family
12043,Action
12043,Simulation
12043,Racing
12043,Indie
3186,Action
3186,Adventure
3186,Family
15853,Action
15853,Shooter
15853,Simulation
13344,Adventure
13344,RPG
2020,Indie
2020,Puzzle
10093,Action
10093,Adventure
10093,Simulation
10093,Sports
52998,Action
10394,Simulation
1184,Action
1184,Adventure
1184,Indie
58129,Action
58129,Indie
4005,Action
4005,Shooter
4519,Action
4519,Arcade
4519,Platformer
10878,Action
10878,Adventure
10878,Indie
10878,Platformer
2018,Adventure
2018,RPG
2018,Indie
51617,Action
51617,Adventure
51617,Strategy
51617,Massively Multiplayer
51617,Indie
4875,Action
4875,Shooter
4875,Arcade
9677,Action
9677,Adventure
9677,RPG
9677,Simulation
9677,Casual
9677,Massively Multiplayer
9677,Indie
59199,RPG
7442,Action
7442,Adventure
7442,Indie
16704,Action
16704,Adventure
16704,RPG
16704,Indie
1562,Action
1562,Strategy
1562,Indie
312668,Strategy
16434,Strategy
272448,Action
272448,Adventure
272448,Casual
272448,Indie
272448,Platformer
10161,Action
10161,Strategy
10161,Casual
10161,Indie
17573,Action
17573,Adventure
17573,Indie
17573,Platformer
10069,Action
10069,RPG
10069,Strategy
10069,Simulation
10263,Action
10263,Strategy
10263,Indie
9612,Action
9612,Adventure
9612,RPG
9612,Indie
4033,Action
4033,Adventure
4033,Indie
17993,Action
17993,Shooter
17993,Arcade
29179,Action
44030,Simulation
44030,Arcade
10786,Action
10786,RPG
17563,Action
17563,Shooter
62897,Action
62897,Adventure
62897,Indie
20567,Strategy
3871,Adventure
3871,Casual
3871,Indie
1195,Action
1195,RPG
339959,Action
339959,Shooter
1935,Action
1935,Adventure
1935,Puzzle
47234,Action
47234,RPG
58779,Adventure
58779,RPG
58549,Action
58549,Racing
58549,Arcade
9603,Action
9603,Racing
9603,Indie
440083,Adventure
440083,Casual
440083,Indie
440083,Puzzle
52179,Action
52179,Adventure
52179,Strategy
52179,Indie
614964,Action
614964,Adventure
13249,Strategy
13249,Simulation
13249,Indie
45156,Adventure
45156,Casual
45156,Indie
45156,Puzzle
754888,Action
754888,Adventure
58783,Action
58783,Adventure
23576,Action
1999,Action
1999,Adventure
1999,Racing
1999,Indie
10986,Adventure
10986,Puzzle
52175,Action
52175,Adventure
52175,Platformer
4700,Action
4700,Adventure
22448,Action
22448,Shooter
16188,Action
16188,RPG
16188,Strategy
16188,Indie
304247,Adventure
304247,Indie
5520,Action
5520,Shooter
5520,Adventure
12245,Action
12245,Adventure
12245,Indie
423947,Action
423947,RPG
11090,Action
11090,Sports
11090,Racing
11090,Indie
5737,Action
5737,Adventure
5737,Arcade
5737,Indie
5737,Puzzle
9606,Action
9606,Adventure
9606,RPG
9606,Strategy
9606,Massively Multiplayer
43242,Action
43242,Shooter
4356,Action
4356,Arcade
19212,Action
19212,Racing
17831,Action
17831,Shooter
10130,Adventure
10130,Indie
10130,Puzzle
17515,Action
17515,Casual
17515,Indie
20654,Action
20654,Shooter
19415,Adventure
19415,Indie
19415,Puzzle
739,Action
739,RPG
578,RPG
578,Massively Multiplayer
9540,Action
9540,Adventure
9540,Simulation
9540,Racing
4418,Action
4418,Adventure
11737,RPG
11737,Indie
22749,Adventure
3463,Arcade
3545,Action
3545,Adventure
3545,RPG
3545,Simulation
3545,Indie
12032,RPG
12032,Strategy
1757,Adventure
1757,RPG
1757,Simulation
1757,Card
1757,Indie
8845,RPG
8845,Strategy
8845,Card
440086,Action
440086,Adventure
440086,RPG
1581,Adventure
1581,Indie
1581,Puzzle
564757,Action
564757,Fighting
10163,Action
10163,Adventure
10163,Simulation
10163,Sports
10163,Arcade
10163,Casual
10163,Massively Multiplayer
29642,Action
29642,Adventure
60783,Action
60783,Adventure
19459,Action
19459,Shooter
19459,Strategy
19459,Arcade
964,Strategy
964,Simulation
964,Board Games
964,Casual
964,Indie
23165,Racing
10301,Action
10301,RPG
45775,Action
45775,RPG
4380,Action
4380,Strategy
4380,Racing
4380,Platformer
22088,Adventure
22088,Casual
22088,Indie
20194,Action
20194,Adventure
20194,Indie
9557,Action
9557,Adventure
9557,RPG
9557,Indie
13035,Action
13035,Indie
1794,Action
1794,Adventure
286474,Action
286474,Adventure
286474,Fighting
286474,Indie
16252,Adventure
16252,Indie
421698,Simulation
25097,Action
25097,Adventure
25097,RPG
2866,Action
2866,Adventure
3388,Action
3388,Adventure
16677,Action
16677,Adventure
16677,RPG
573123,Action
573123,Adventure
10171,RPG
10171,Strategy
10171,Simulation
23659,Adventure
23659,Indie
17286,Strategy
17286,Simulation
17286,Casual
17286,Family
17286,Indie
17286,Puzzle
11434,Simulation
11434,Indie
236751,Adventure
236751,Casual
236751,Indie
236751,Puzzle
29233,Action
29233,RPG
29233,Indie
161,Action
161,Adventure
161,Indie
161,Platformer
12726,Casual
12726,Indie
442847,Sports
442847,Arcade
19400,Racing
5653,Shooter
20570,Action
20570,Strategy
13038,Action
13038,Shooter
13038,Strategy
657,Action
3746,Action
3746,Simulation
3746,Arcade
3746,Indie
4475,Action
4475,Adventure
22842,Action
22842,RPG
15772,Action
50566,Action
50566,Shooter
22854,Adventure
22854,RPG
22733,Adventure
764,Action
764,Adventure
764,RPG
764,Massively Multiplayer
379486,Action
379486,Indie
23323,Action
23323,Adventure
23323,Strategy
460524,Action
460524,Shooter
460524,Strategy
460524,Casual
460524,Indie
460524,Platformer
20457,Strategy
20457,Casual
20457,Indie
45730,Action
45730,RPG
45730,Strategy
452639,Action
452639,Shooter
17742,Massively Multiplayer
17742,Indie
428208,Strategy
428208,Card
15234,Action
15234,Adventure
15234,Strategy
15234,Indie
15234,Puzzle
17636,Action
17636,Platformer
2446,Action
2446,Adventure
2446,RPG
2446,Indie
54285,Fighting
19347,Racing
19347,Arcade
251484,Arcade
251484,Indie
2568,Action
2568,Strategy
2568,Arcade
2568,Indie
2568,Puzzle
2409,Action
2409,Adventure
2409,RPG
2409,Casual
2409,Indie
34744,Strategy
227,Adventure
3304,Action
3304,Strategy
3304,Indie
17507,Action
17507,Strategy
3133,Strategy
3133,Casual
3133,Indie
26,Action
26,Indie
4298,Action
4298,Adventure
4298,Indie
4298,Puzzle
505918,Action
773,Action
773,Shooter
773,Adventure
773,Strategy
3203,Action
3203,Adventure
3203,Simulation
3203,Indie
16974,Adventure
16974,Casual
16974,Family
16974,Indie
28089,Action
28089,Adventure
28089,Puzzle
6334,Action
6334,Strategy
6334,Simulation
6334,Indie
2483,Action
2483,Racing
385614,Action
385614,Adventure
385614,Indie
385614,Puzzle
7769,Adventure
7769,Puzzle
17652,Adventure
17652,RPG
17652,Indie
61044,Action
61044,Adventure
61044,Simulation
61044,Indie
9786,Strategy
9786,Simulation
9786,Indie
4490,Action
4490,Platformer
12614,Action
12614,Adventure
12614,Indie
15176,Action
15176,Sports
15176,Indie
45894,Action
45894,Shooter
45894,Adventure
45894,Indie
15042,Action
15042,Strategy
15042,Casual
15042,Indie
2468,Action
2468,Shooter
21705,Simulation
21705,Indie
21705,Puzzle
21233,RPG
21233,Indie
318414,Simulation
318414,Indie
11428,Action
11428,Strategy
11428,Casual
11428,Indie
52790,Action
52790,Adventure
14001,Adventure
14001,Indie
10091,Strategy
10091,Board Games
10091,Card
10091,Indie
638654,Action
638654,Adventure
50165,RPG
16181,Action
16181,Adventure
16181,RPG
16181,Strategy
16181,Simulation
16181,Sports
16181,Racing
16181,Casual
16181,Indie
5265,Racing
5265,Arcade
4327,Action
4327,Strategy
4327,Casual
4327,Puzzle
19306,Action
19306,RPG
19306,Indie
44764,Family
9753,Action
9753,Strategy
9753,Simulation
9753,Massively Multiplayer
9753,Indie
18914,RPG
18914,Casual
9734,Action
9734,Strategy
9734,Simulation
275611,Adventure
275611,Casual
275611,Indie
799265,Action
799265,Shooter
799265,Adventure
420977,Action
420977,Shooter
5868,Action
5868,Strategy
5868,Simulation
5868,Indie
723957,Strategy
723957,Simulation
723957,Card
371832,Action
371832,Shooter
371832,Adventure
371832,RPG
371832,Strategy
1036,Strategy
1036,Casual
1036,Indie
10879,Action
10879,Adventure
10879,Casual
10879,Indie
4469,Action
4469,Platformer
59925,Adventure
59925,Casual
46410,Adventure
46410,Indie
3656,Sports
3656,Racing
3882,Action
597,Action
597,Adventure
597,Arcade
597,Casual
597,Indie
597,Puzzle
44093,Action
449164,Simulation
449164,Casual
449164,Indie
43855,Action
43855,RPG
43855,Casual
43855,Indie
4420,Action
4420,Indie
4420,Puzzle
933,Adventure
933,Indie
457729,Action
457729,Platformer
3594,Adventure
3594,Casual
58084,RPG
9499,Action
9499,Racing
9499,Casual
9499,Indie
17022,Action
17022,Strategy
17022,Indie
12893,Adventure
12893,RPG
12893,Strategy
12893,Indie
17337,Action
17337,Adventure
17337,Indie
11112,Action
11112,Indie
51081,Adventure
51081,Strategy
51081,Simulation
51081,Indie
17093,RPG
17093,Strategy
17093,Indie
17004,Action
17004,Adventure
17004,Indie
17949,Action
17949,Adventure
302369,Action
302369,Shooter
302369,Indie
302369,Platformer
13834,Action
13834,Adventure
13834,Indie
58551,Action
58551,RPG
58551,Casual
58551,Massively Multiplayer
14000,Action
14000,Adventure
14000,Indie
20958,Racing
20958,Arcade
14983,Strategy
368952,Racing
20828,Action
20828,Shooter
20828,Indie
545033,Action
545033,Shooter
16972,Adventure
16972,RPG
16972,Indie
479695,Action
479695,Shooter
479695,Adventure
21126,Adventure
21126,Strategy
21126,Indie
326228,Adventure
326228,Indie
326228,Platformer
11972,Action
11972,Indie
19530,Adventure
19530,Indie
4398,Strategy
4398,Casual
4398,Family
4398,Puzzle
61964,RPG
61964,Strategy
61964,Indie
275681,Action
30,Racing
4747,Action
4747,Racing
4747,Arcade
18164,Action
3294,Action
3294,Adventure
3294,Family
3294,Puzzle
7102,Adventure
7102,Casual
7102,Family
7102,Indie
19594,Action
19594,Shooter
19594,Adventure
19594,Indie
17066,Action
17066,Adventure
17066,RPG
17066,Indie
809,Sports
809,Arcade
58762,Strategy
11553,Strategy
11553,Board Games
11553,Casual
11553,Massively Multiplayer
11553,Indie
11562,Action
11562,Shooter
11562,Strategy
11562,Indie
7407,Action
7407,Shooter
11971,Adventure
11971,RPG
11971,Strategy
11971,Simulation
46220,Action
46220,Adventure
46220,Indie
3752,Action
3752,Strategy
3752,Indie
3752,Puzzle
50732,Action
50732,Shooter
61882,Sports
61882,Racing
61882,Casual
61882,Indie
39128,Action
52369,Action
10868,Action
10868,Adventure
10868,Indie
5260,Action
5260,Adventure
5260,Family
5260,Platformer
3598,Action
3598,Shooter
706,Action
706,Arcade
706,Fighting
706,Indie
274571,Action
274571,Racing
274571,Family
16013,Strategy
663742,Action
663742,Adventure
663742,Casual
2123,Adventure
2123,Indie
50671,RPG
50671,Simulation
50671,Card
50671,Indie
21942,RPG
21942,Massively Multiplayer
14188,Casual
14188,Family
14188,Indie
14188,Puzzle
52884,Action
52884,Shooter
437049,Sports
52368,Action
52368,Adventure
51167,Action
51167,Adventure
51167,Indie
15308,Action
15308,Adventure
15308,RPG
15308,Indie
20959,Action
20959,Adventure
18628,RPG
326235,Action
326235,Adventure
326235,Indie
147,Simulation
147,Arcade
147,Casual
17586,RPG
17586,Indie
10789,RPG
10789,Massively Multiplayer
507151,Action
42309,Action
326244,Action
326244,RPG
2137,Adventure
2137,RPG
2137,Indie
391395,Action
391395,Shooter
391395,Adventure
391395,Indie
327239,Action
327239,Adventure
5550,Action
5550,Racing
5550,Arcade
495,Action
46667,Adventure
46667,RPG
22751,Action
22751,Shooter
5978,Simulation
5978,Casual
5978,Educational
5978,Indie
5978,Puzzle
311652,Strategy
311652,Simulation
21709,Action
21709,Shooter
21709,Massively Multiplayer
5295,Action
5295,Adventure
5295,RPG
5295,Arcade
5295,Casual
5295,Indie
2588,Action
2588,Adventure
2588,RPG
2588,Indie
1152,Action
1152,Indie
58597,Action
58597,Adventure
58597,Family
19119,Adventure
19359,Strategy
498,Adventure
498,Puzzle
52340,Action
52340,Strategy
16024,Adventure
428033,Racing
428033,Indie
62817,RPG
62817,Strategy
62817,Indie
10851,Action
10851,Indie
2536,Action
2536,Adventure
2536,Indie
2536,Platformer
12891,RPG
12891,Strategy
12891,Board Games
12891,Indie
9728,Action
9728,Strategy
9728,Casual
9728,Indie
4128,RPG
9894,Action
9894,Shooter
9988,Strategy
9988,Simulation
423944,Action
423944,Shooter
37337,Action
37337,Adventure
11719,Simulation
11719,Sports
11719,Indie
22934,Adventure
22934,Puzzle
16702,Simulation
16702,Casual
16702,Indie
17794,Action
17794,Adventure
17794,Indie
23734,RPG
23734,Strategy
13513,Adventure
13513,RPG
5196,Action
5196,Adventure
5196,Arcade
10898,Adventure
10898,Simulation
10898,Indie
11852,Adventure
11852,RPG
11852,Strategy
11852,Massively Multiplayer
308132,Action
308132,Casual
308132,Indie
3456,Action
3456,Racing
3456,Casual
3456,Indie
3456,Platformer
51331,Action
51331,RPG
51331,Strategy
17607,Action
14501,Simulation
14501,Indie
14501,Puzzle
14968,Strategy
14968,Indie
20180,Action
20180,Adventure
2254,Adventure
2254,RPG
2254,Strategy
119,Action
119,Adventure
119,Indie
5192,Action
5192,Adventure
5192,Platformer
16121,Action
16121,Adventure
16121,RPG
16121,Strategy
16121,Simulation
16121,Sports
16121,Racing
16121,Casual
16121,Indie
20315,Action
20315,Adventure
20315,RPG
20315,Arcade
20315,Indie
12965,Adventure
12965,RPG
12965,Indie
22256,Action
22256,Adventure
22256,Simulation
22256,Indie
1452,Adventure
1452,Simulation
10313,Action
10313,Adventure
10313,RPG
10313,Indie
22900,Action
22900,Shooter
683,Racing
295018,Action
295018,Adventure
295018,RPG
47351,Action
47351,Adventure
11264,Action
11264,Adventure
11264,Fighting
15167,RPG
15167,Strategy
15167,Simulation
15167,Indie
15167,Puzzle
58809,Action
58809,Adventure
58809,RPG
58809,Indie
9986,Action
9986,Simulation
9986,Massively Multiplayer
9986,Indie
12890,Strategy
12890,Simulation
11815,Action
11815,RPG
11815,Arcade
11815,Indie
16776,Action
16776,Casual
2798,Action
2798,Adventure
2798,RPG
2798,Simulation
2798,Indie
19437,Action
19437,Shooter
19437,Adventure
58975,Action
58975,Adventure
58975,RPG
58975,Indie
3955,Action
3955,Shooter
3955,Fighting
3955,Indie
22510,Strategy
450236,Adventure
450236,Indie
18703,Strategy
18703,Simulation
4569,Action
4569,Strategy
4569,Sports
4569,Arcade
4569,Casual
4569,Puzzle
13467,Strategy
4856,Action
4856,Strategy
4856,Arcade
4856,Casual
4856,Indie
1607,Action
1607,Adventure
1607,Casual
1607,Indie
1607,Puzzle
27024,Platformer
17633,Action
17633,Indie
840788,Action
840788,Shooter
11514,Adventure
11514,Casual
11514,Indie
638648,Action
638648,Adventure
638648,Indie
638648,Platformer
486733,Action
486733,Adventure
486733,Platformer
284,Adventure
284,RPG
284,Strategy
284,Indie
46239,Action
46239,Indie
44996,Action
44996,Sports
44996,Racing
60028,Strategy
53551,Platformer
16192,Strategy
18721,Racing
11025,Strategy
11025,Simulation
11025,Indie
292842,Action
292842,Adventure
292842,RPG
1257,Action
1257,Adventure
1257,Casual
1257,Indie
5529,Action
5529,Adventure
1314,Action
1314,Shooter
9616,Adventure
9616,RPG
9616,Indie
45635,Action
45635,RPG
82,Action
82,Adventure
82,Indie
82,Platformer
14938,Action
14938,Arcade
14938,Casual
14938,Platformer
40746,Adventure
40746,RPG
40746,Massively Multiplayer
18850,Adventure
18850,Casual
2898,Action
2898,Adventure
2898,Indie
367197,RPG
548148,Action
548148,Adventure
2936,Action
2936,Strategy
2936,Arcade
52201,Action
52201,Shooter
52201,Adventure
1743,Action
1743,Strategy
1743,Indie
18972,Action
18972,Indie
44265,Action
44265,Adventure
44265,RPG
44265,Indie
374548,Strategy
251598,Action
251598,Shooter
251598,Indie
28532,Action
28532,Adventure
28532,Puzzle
28532,Platformer
692541,Action
692541,Shooter
692541,Adventure
692541,RPG
454544,Action
454544,Shooter
454544,Adventure
2060,Action
2060,Adventure
2060,Indie
247,Action
247,Shooter
247,Adventure
247,RPG
247,Indie
409575,RPG
398414,Action
398414,Adventure
398414,RPG
398414,Massively Multiplayer
514,Action
514,Shooter
514,Arcade
514,Casual
514,Indie
17590,Action
17590,Indie
428559,Sports
428559,Racing
28633,Racing
28633,Arcade
28422,Action
28422,Shooter
1433,Action
1433,Strategy
1433,Simulation
1433,Indie
1063,RPG
4772,Action
4772,Shooter
914789,Action
914789,Adventure
3232,Action
3232,Shooter
3232,Arcade
3232,Indie
669363,Adventure
669363,Indie
47270,Strategy
47270,Simulation
47270,Indie
262389,Adventure
262389,Simulation
262389,Indie
50675,Strategy
50675,Simulation
50675,Puzzle
2490,Action
2490,Shooter
14352,RPG
14352,Strategy
14352,Indie
18142,Strategy
18142,Indie
19625,Action
16029,Action
16029,Strategy
16029,Massively Multiplayer
15731,Strategy
15731,Puzzle
2848,Action
9981,Action
9981,Strategy
7955,Action
7955,Adventure
7955,RPG
7955,Strategy
7955,Simulation
7955,Sports
7955,Racing
7955,Casual
7955,Indie
7955,Puzzle
59700,Strategy
10581,Action
10581,Adventure
10581,RPG
10581,Massively Multiplayer
59098,Action
2226,Adventure
2226,Educational
2226,Indie
2226,Puzzle
2226,Platformer
14219,Action
14219,Indie
17620,Strategy
270653,Action
270653,Strategy
270653,Simulation
270653,Indie
11069,Action
11069,Adventure
11069,RPG
11069,Strategy
11069,Simulation
11069,Sports
11069,Casual
11069,Indie
20000,Action
20000,Arcade
20000,Puzzle
18849,Adventure
18849,Casual
29231,Strategy
29231,Simulation
46284,Adventure
46284,RPG
46284,Indie
581104,Simulation
581104,Casual
581104,Indie
17841,Action
17841,Adventure
17841,RPG
19412,Adventure
19412,Indie
22991,Adventure
22991,RPG
387328,Action
387328,Adventure
387328,RPG
17978,Sports
17978,Indie
13768,Adventure
19355,Shooter
4348,Action
4348,Adventure
17913,Action
17913,Adventure
24899,Arcade
24899,Platformer
57797,Action
57797,Adventure
57797,Platformer
49428,Adventure
49428,Indie
17661,Action
17661,Adventure
16999,Action
16999,Indie
17417,Action
17417,Strategy
17417,Simulation
17417,Indie
28160,Sports
28160,Indie
3897,Action
3897,Adventure
3897,RPG
3897,Strategy
3897,Casual
3897,Indie
3897,Platformer
53445,Racing
53445,Arcade
37194,Action
37194,Adventure
366892,Adventure
366892,Casual
366892,Indie
16159,Adventure
16159,Puzzle
17056,Strategy
17056,Simulation
17056,Indie
529698,Action
529698,Adventure
14251,Adventure
14251,Racing
41461,Action
41461,Shooter
41461,Arcade
494393,Action
494393,RPG
28626,Action
28626,Shooter
9623,Action
9623,Strategy
9623,Sports
9623,Racing
9623,Indie
58913,Action
58913,Casual
58913,Indie
11009,Action
11009,Adventure
11009,Indie
11009,Puzzle
65969,Strategy
65969,Board Games
65969,Casual
61415,Action
61415,Casual
61415,Indie
25080,Action
25080,Adventure
25080,Platformer
216275,Action
216275,Casual
2860,Action
19475,Action
19475,Adventure
1258,Action
1258,Shooter
1258,Arcade
1258,Casual
10075,Simulation
22794,Adventure
22794,RPG
54528,Platformer
23628,Action
23628,Indie
19645,Action
19645,Strategy
19645,Casual
19645,Puzzle
10994,Action
10994,Adventure
10994,Indie
22128,Action
22128,Adventure
22128,Simulation
22128,Indie
18694,Action
18694,Shooter
17659,Action
17659,Adventure
19603,Action
19603,Indie
528768,Action
528768,Adventure
528768,RPG
299561,Action
299561,Adventure
299561,Indie
327269,Sports
46160,Action
46160,Adventure
46160,Indie
46160,Platformer
11670,RPG
11670,Strategy
28547,Action
28547,Shooter
17379,Strategy
17379,Board Games
17379,Casual
450239,Action
450239,Adventure
450239,RPG
404,Action
404,Adventure
404,Indie
852,Action
852,Adventure
852,Indie
51487,Action
51487,Strategy
51487,Simulation
51487,Indie
11018,Adventure
28628,Shooter
530269,Action
530269,Adventure
530269,Indie
12470,Strategy
12470,Simulation
9457,Action
9457,Shooter
10234,Action
10234,Shooter
10234,Adventure
10234,Indie
414,Simulation
414,Sports
414,Casual
15916,Action
15916,Adventure
22748,Adventure
22748,RPG
370202,Adventure
370202,Simulation
370202,Indie
22685,Strategy
60658,Simulation
60658,Indie
23370,Strategy
389054,RPG
389054,Strategy
389054,Card
389054,Indie
19701,Strategy
19932,Action
19932,Strategy
19932,Simulation
11587,Action
11587,RPG
11587,Strategy
11587,Simulation
11587,Indie
405,Action
405,Adventure
405,RPG
405,Strategy
405,Casual
3419,Action
3419,Arcade
3419,Fighting
2964,Action
2964,Adventure
2964,Casual
2964,Indie
13156,Action
13156,Shooter
13156,Adventure
13156,Indie
13156,Platformer
580972,Action
17090,Indie
23252,Strategy
514896,Action
514896,Adventure
18642,RPG
49563,Sports
52093,Strategy
52093,Casual
52093,Indie
52093,Puzzle
16117,Action
16117,Adventure
16117,RPG
16117,Strategy
16117,Simulation
16117,Sports
16117,Racing
16117,Casual
16117,Indie
11791,Action
11791,Indie
507154,Action
5688,Action
5688,Shooter
5688,Adventure
263548,Adventure
263548,Casual
263548,Indie
2427,Strategy
2427,Board Games
2427,Casual
19682,Action
19682,RPG
19682,Fighting
3705,Action
3705,Casual
3705,Indie
15659,Action
15659,Strategy
15659,Sports
15659,Indie
12697,Action
12697,Strategy
12697,Simulation
14101,Casual
14101,Indie
15824,Adventure
15824,Indie
9977,Action
9977,Indie
311680,Simulation
311680,Sports
311680,Racing
9800,Action
9800,Adventure
9800,RPG
9800,Indie
58773,Action
58773,Adventure
58773,Indie
274760,Action
274760,Adventure
274760,RPG
274760,Indie
19609,Action
19609,Shooter
19609,Adventure
11001,Action
11001,Adventure
11001,RPG
11001,Indie
16733,Action
16733,Adventure
16733,Indie
20979,Adventure
20979,RPG
20979,Indie
463727,Action
463727,Shooter
463727,Adventure
463727,Indie
18361,Action
18361,Indie
18361,Platformer
5692,Action
5692,Shooter
5692,Adventure
5692,Indie
28600,Shooter
355,Simulation
355,Casual
355,Indie
355,Puzzle
28637,Racing
28637,Arcade
17666,Action
17575,Strategy
17575,Indie
15507,Action
15507,Adventure
15507,RPG
15507,Casual
15507,Indie
15507,Platformer
10387,Action
10387,Indie
10387,Platformer
19240,Strategy
20947,RPG
20947,Simulation
20947,Casual
20947,Indie
1713,Action
1713,Sports
1713,Arcade
1713,Indie
1713,Platformer
28203,Racing
7778,Adventure
7778,RPG
7778,Indie
13858,Adventure
13858,Indie
9658,Action
9658,Adventure
9658,Massively Multiplayer
22837,Action
22911,Action
22911,Strategy
546464,Sports
3628,Action
3628,RPG
16182,Action
16182,Adventure
16182,RPG
16182,Strategy
16182,Simulation
16182,Sports
16182,Racing
16182,Casual
16182,Indie
48897,Simulation
48897,Indie
48897,Puzzle
14829,Action
14829,Shooter
14829,Adventure
14829,Platformer
257255,Adventure
257255,RPG
20612,Action
20612,Shooter
20612,Arcade
20612,Indie
251596,Adventure
251596,Indie
251525,Action
251525,Adventure
251525,Strategy
251525,Casual
251525,Indie
1657,Action
1657,Strategy
1657,Casual
1657,Indie
1657,Puzzle
191,Action
191,Adventure
191,Arcade
191,Casual
379556,Strategy
3327,Action
3327,RPG
557,Action
557,Strategy
557,Indie
4304,Action
4304,Arcade
4304,Fighting
397471,Adventure
397471,Casual
397471,Indie
397471,Puzzle
18304,Strategy
327,Adventure
327,Casual
327,Indie
327,Puzzle
2310,Action
2310,Adventure
20554,Casual
28083,Action
28083,Adventure
378579,Action
378579,Strategy
378579,Simulation
378579,Indie
3763,Adventure
3763,RPG
662,Action
662,Adventure
662,Simulation
662,Arcade
662,Indie
662,Platformer
1981,Action
1981,Indie
19272,Action
19272,Adventure
19272,Indie
9564,Strategy
9564,Simulation
19580,Action
19580,Indie
342,Strategy
342,Board Games
342,Casual
342,Card
342,Indie
45381,Adventure
45381,RPG
45381,Arcade
45381,Indie
21416,Action
21416,RPG
21416,Indie
496,Action
496,Adventure
60624,Adventure
60624,Strategy
60624,Indie
60624,Puzzle
15915,Strategy
12725,Action
12725,Strategy
12725,Simulation
12725,Sports
12725,Racing
12725,Arcade
12725,Casual
12725,Indie
438599,Action
438599,Shooter
438599,Adventure
438599,Indie
3253,Adventure
3253,Simulation
61471,Simulation
61471,Family
11563,Action
11563,Simulation
3913,Action
3913,Fighting
19666,Adventure
19666,RPG
19666,Indie
643,Action
643,Fighting
388309,Action
388309,RPG
19430,RPG
12354,Adventure
12354,Simulation
12354,Indie
586153,Action
586153,Strategy
586153,Casual
586153,Indie
20498,Indie
20960,Casual
20960,Indie
517384,Action
517384,Adventure
517384,Casual
517384,Indie
3183,Adventure
3183,Puzzle
5543,Racing
5543,Arcade
10239,Action
10239,Strategy
58757,Action
58757,RPG
58757,Fighting
17874,Action
17874,Adventure
17874,Arcade
17874,Indie
12737,Simulation
12737,Indie
16042,Adventure
16042,Casual
16042,Indie
3344,Adventure
3344,Indie
364975,Action
364975,Adventure
364975,Indie
10641,Action
10641,Indie
17906,Simulation
11751,Strategy
11751,Sports
499264,Strategy
5916,Indie
5916,Puzzle
29746,Adventure
29746,RPG
29746,Massively Multiplayer
9789,Adventure
9789,Simulation
9789,Casual
1692,Action
1692,Shooter
1692,RPG
1692,Indie
713,Fighting
59306,Action
59306,Shooter
9668,Strategy
9668,Simulation
9668,Indie
442864,Simulation
442864,Sports
297320,RPG
297320,Strategy
297320,Indie
3181,Action
3181,Adventure
3181,RPG
3181,Indie
1039,Action
1039,RPG
1039,Indie
437042,Action
437042,Sports
437042,Fighting
419297,Action
419297,Adventure
419297,RPG
12361,Strategy
28581,Shooter
502241,Action
502241,Adventure
502241,Strategy
502241,Casual
502241,Puzzle
554705,Simulation
554705,Casual
554705,Indie
558980,Action
558980,Shooter
558980,Adventure
558980,Indie
563420,Racing
9850,Strategy
9850,Simulation
79236,Adventure
79236,Indie
79236,Puzzle
13902,Action
13902,RPG
60841,Action
29228,Action
29228,Indie
19565,Action
19565,Shooter
47043,Strategy
47043,Board Games
47043,Casual
47043,Family
14974,Strategy
14974,Simulation
568931,Strategy
568931,Simulation
568931,Casual
568931,Indie
568931,Puzzle
449160,Action
449160,Shooter
449160,Adventure
449160,RPG
449160,Indie
128,Action
128,Arcade
128,Indie
1070,Action
1070,Casual
1070,Indie
18479,Strategy
18479,Indie
793647,Action
793647,Adventure
14575,Action
14575,Adventure
14575,RPG
14575,Indie
2552,Action
2552,Arcade
2552,Platformer
14720,Adventure
14720,Casual
14720,Puzzle
9218,Action
9218,Arcade
9218,Casual
9218,Indie
4751,RPG
58815,Action
3145,Action
3145,Adventure
19519,Action
19519,Shooter
17608,Action
17608,RPG
17608,Casual
43362,Action
43362,Adventure
16167,Action
16167,Adventure
16167,RPG
16167,Strategy
16167,Simulation
16167,Sports
16167,Racing
16167,Casual
16167,Indie
2749,Action
2749,Shooter
2749,Indie
2686,RPG
2686,Strategy
2686,Indie
22193,Adventure
22193,Indie
62499,Adventure
62499,Indie
62499,Puzzle
12341,Action
12341,Strategy
12341,Indie
3364,Action
3364,Adventure
3364,Platformer
20218,Action
20218,Casual
20218,Indie
9028,Action
9028,Simulation
9028,Casual
9028,Indie
236804,Action
236804,Adventure
236804,Casual
236804,Massively Multiplayer
236804,Indie
2970,Adventure
2970,RPG
2970,Strategy
2042,Adventure
2042,Strategy
2042,Simulation
2042,Indie
868085,Strategy
868085,Casual
868085,Card
22960,Adventure
22960,RPG
22960,Strategy
275636,Action
275636,Adventure
275636,Indie
290085,Strategy
290085,Indie
4808,Action
4808,Arcade
4808,Casual
4808,Fighting
9687,Action
9687,RPG
9687,Puzzle
11192,Adventure
11192,Simulation
11192,Board Games
11192,Casual
11192,Card
11192,Indie
44972,Puzzle
318347,Action
318347,Shooter
318347,Adventure
28601,Action
28601,Shooter
4187,Arcade
4187,Family
4187,Fighting
4187,Massively Multiplayer
33,RPG
282834,Adventure
282834,Indie
282834,Platformer
46431,Action
46431,Racing
15198,Adventure
15198,RPG
15198,Strategy
398409,Action
398409,Adventure
398409,RPG
398409,Simulation
398409,Indie
17374,Fighting
3396,Action
3396,Adventure
3396,Indie
9626,Action
9626,Indie
6937,Adventure
6937,Casual
6937,Family
6937,Indie
6937,Puzzle
21246,Casual
21246,Indie
5663,Action
5663,Adventure
62558,Strategy
62558,Simulation
62558,Indie
257206,Action
257206,Adventure
257206,RPG
17674,Adventure
17674,RPG
17674,Strategy
17674,Casual
17674,Indie
13530,Adventure
13530,RPG
13530,Casual
13530,Massively Multiplayer
25096,Action
25096,Adventure
47118,Strategy
47118,Casual
47118,Indie
45433,Action
45433,Adventure
45433,Casual
45433,Indie
131,RPG
131,Simulation
131,Casual
131,Indie
791636,Action
791636,Shooter
47392,Action
47392,Indie
21787,Casual
21787,Indie
367179,Action
367179,Simulation
14895,Simulation
14895,Racing
14895,Casual
272427,Adventure
272427,Indie
14085,Adventure
14085,Indie
10337,Adventure
10337,Simulation
10337,Indie
51595,Adventure
51595,RPG
51595,Simulation
51595,Casual
51595,Indie
428966,Adventure
428966,RPG
428966,Indie
62627,Adventure
62627,RPG
62627,Indie
939,Action
939,Adventure
939,Casual
939,Fighting
939,Massively Multiplayer
58540,Action
58540,Shooter
58540,Adventure
292944,Strategy
292944,Simulation
292944,Indie
5363,Action
5363,Adventure
5363,Arcade
5363,Platformer
11845,Action
11845,RPG
11845,Massively Multiplayer
11845,Indie
15022,Strategy
15022,Massively Multiplayer
1374,Action
1374,Arcade
1374,Casual
1374,Indie
16867,Action
16867,Shooter
16867,Indie
5604,Action
5604,Shooter
371825,Action
371825,Strategy
371825,Casual
64526,Action
64526,Adventure
64526,Indie
959,Action
959,Adventure
10580,Strategy
10580,Simulation
14390,Action
10661,Action
10661,Adventure
10661,Indie
9430,Action
9430,Arcade
9430,Indie
8622,RPG
8622,Strategy
8622,Simulation
51321,Action
51321,Adventure
20259,Simulation
270721,Adventure
270721,Indie
270721,Puzzle
13969,Action
13969,Simulation
13969,Casual
13969,Massively Multiplayer
13969,Indie
58811,Action
58811,Adventure
28074,Simulation
28074,Racing
53478,Action
22879,Shooter
17376,RPG
17376,Strategy
7153,Adventure
7153,Indie
7153,Puzzle
17851,Strategy
17851,Casual
17851,Indie
44683,Strategy
44683,Simulation
44683,Indie
2737,Strategy
2737,Card
2737,Massively Multiplayer
21175,Simulation
21175,Casual
21175,Indie
36367,Action
36367,Shooter
27230,Action
27230,Adventure
27230,Platformer
27944,Action
27944,Shooter
662316,Action
662316,Adventure
350505,Action
350505,Adventure
350505,Indie
14391,Action
14391,Strategy
16761,Action
16761,Adventure
16761,Indie
16761,Platformer
3922,Action
3922,Adventure
2918,Action
2918,Indie
17830,Action
17830,Shooter
17830,Adventure
17830,Indie
59028,Sports
59028,Indie
835,Action
835,Adventure
835,Indie
835,Platformer
23599,RPG
23599,Massively Multiplayer
616679,Action
616679,Adventure
616679,Platformer
44277,Simulation
44277,Puzzle
14784,Action
14784,Adventure
62422,Strategy
62422,Simulation
1020,RPG
1020,Strategy
14166,Action
14166,Adventure
14166,RPG
14166,Strategy
14166,Simulation
14166,Sports
14166,Racing
14166,Casual
14166,Indie
817,Action
817,Indie
817,Platformer
10829,Action
14948,Action
14948,Arcade
14948,Casual
14948,Fighting
15294,Action
15294,Adventure
15294,RPG
15294,Casual
15294,Indie
52383,RPG
52383,Strategy
52383,Indie
58618,Strategy
452657,Action
452657,Adventure
452657,Casual
452657,Indie
16223,Adventure
16223,Casual
16223,Indie
16223,Puzzle
301539,Strategy
301539,Casual
301539,Indie
366882,Strategy
22828,Action
22828,Adventure
560733,Action
560733,RPG
17424,Action
17424,Casual
17424,Indie
22098,Adventure
22098,Indie
13172,Adventure
13172,Indie
13172,Puzzle
9963,Action
9963,Adventure
9963,RPG
9963,Indie
17462,Action
17777,Strategy
45704,Action
45704,RPG
45704,Strategy
45704,Indie
23390,Adventure
23390,RPG
23390,Strategy
23390,Indie
545028,Action
502117,Action
502117,Sports
502117,Racing
17365,Action
17365,Adventure
11026,Action
11026,Strategy
11026,Simulation
11026,Indie
9733,Action
9733,Strategy
9733,Indie
9733,Puzzle
10082,Action
10082,Adventure
10082,RPG
10082,Simulation
10082,Indie
4302,Action
4302,Arcade
4587,Action
4587,Simulation
4587,Sports
4587,Family
14671,Casual
14671,Indie
23114,Strategy
15075,Action
15075,Adventure
15075,Casual
15075,Indie
3801,Action
3801,Adventure
18601,Action
18601,Adventure
18601,Casual
18601,Indie
16752,Action
16752,Indie
47430,Indie
411,Action
411,Adventure
411,RPG
20770,Action
20770,Strategy
327258,Action
327258,RPG
1366,Action
1366,Arcade
1366,Indie
1366,Platformer
10981,Action
10981,Adventure
10981,RPG
10981,Indie
4052,Action
4052,Arcade
44707,Action
44707,Adventure
44707,Massively Multiplayer
761405,Action
761405,Racing
761405,Indie
10029,Action
10029,Adventure
10029,Indie
20407,Action
20407,Adventure
20407,RPG
20407,Strategy
20407,Casual
20407,Indie
2774,Action
2774,Adventure
2774,RPG
2774,Indie
9913,Action
9913,Arcade
9913,Indie
9913,Platformer
59613,Action
59613,Indie
59613,Platformer
22067,Action
22067,Adventure
22067,Simulation
22067,Racing
22067,Indie
17606,Action
17606,Simulation
4606,Strategy
12061,Action
18728,RPG
398401,Action
19570,Strategy
42145,Action
313783,Simulation
313783,Indie
28414,Sports
22936,Action
22936,Indie
22936,Puzzle
22936,Platformer
14930,Action
14930,Adventure
14930,Arcade
9883,Action
9883,Racing
9883,Arcade
9883,Indie
19483,Action
19483,RPG
42912,Action
42912,RPG
42912,Strategy
56183,Action
9155,Adventure
9155,Family
9155,Indie
9155,Puzzle
605674,Action
605674,RPG
614962,Action
614962,Shooter
614962,Adventure
614962,RPG
21777,Action
21777,Casual
21777,Indie
300682,Action
300682,Shooter
300682,Adventure
300682,Indie
11747,Strategy
7147,Board Games
7147,Casual
7147,Indie
7147,Puzzle
27015,Action
27015,RPG
10397,Action
10397,Fighting
10397,Indie
20985,Indie
11617,Action
11617,Simulation
11617,Indie
484554,Action
484554,Adventure
484554,RPG
484554,Indie
1863,Action
1863,Adventure
1863,Casual
1863,Indie
10186,Action
10186,Shooter
10186,Adventure
10186,Indie
325089,Action
325089,Shooter
12687,Adventure
12687,RPG
12687,Indie
14123,Indie
19426,Adventure
19426,Indie
20970,Action
20970,Adventure
20970,Puzzle
13965,Action
13965,Fighting
13965,Indie
20249,Adventure
20249,Indie
9944,Action
9944,Massively Multiplayer
10228,Action
10228,Strategy
10228,Racing
10228,Arcade
4385,Racing
4385,Arcade
2709,Action
2709,RPG
2709,Indie
59266,Action
59266,Adventure
59266,Indie
20720,Adventure
20720,Strategy
20720,Simulation
2674,Sports
2674,Fighting
16869,Casual
16869,Indie
14636,Action
14636,Adventure
14636,RPG
14636,Strategy
14636,Simulation
14636,Sports
14636,Racing
14636,Casual
14636,Indie
13949,Action
13949,Strategy
13949,Indie
4560,Action
4560,Shooter
4560,Adventure
4560,Strategy
4560,Indie
30261,Action
30261,Shooter
10454,Action
10454,Shooter
10454,Adventure
10454,Casual
10454,Indie
23598,Action
23598,RPG
23598,Strategy
47490,Adventure
47490,RPG
47490,Simulation
432527,Adventure
432527,Strategy
432527,Indie
432527,Puzzle
18340,Indie
21521,Action
21521,Racing
21521,Indie
17778,Strategy
11831,Action
11831,Fighting
10227,Action
10227,Adventure
10227,Strategy
10227,Casual
10227,Massively Multiplayer
10227,Indie
251594,Action
251594,Indie
13372,Indie
12264,RPG
12264,Strategy
12264,Indie
14667,Fighting
14667,Indie
17373,Action
17373,Simulation
17373,Indie
779,Action
779,Shooter
779,Adventure
779,RPG
779,Strategy
779,Simulation
779,Sports
779,Racing
779,Arcade
779,Board Games
779,Casual
779,Card
779,Educational
779,Family
779,Fighting
779,Massively Multiplayer
779,Indie
779,Puzzle
779,Platformer
16698,Strategy
13759,Action
13759,Strategy
13759,Simulation
28478,Action
28478,Shooter
28478,Adventure
11564,Simulation
254562,Adventure
254562,Indie
13405,Adventure
13405,Indie
17878,Adventure
17878,Casual
17878,Indie
19620,Action
16969,Adventure
16969,Indie
650608,Action
650608,Adventure
650608,RPG
650608,Indie
69,Action
69,RPG
11313,Action
11313,Adventure
11313,RPG
11313,Indie
61206,Action
61206,Adventure
61206,Indie
60704,Action
60704,Indie
18135,Action
18135,Casual
244700,RPG
244700,Casual
244700,Indie
19372,Action
19372,Adventure
22055,Action
22055,Adventure
22055,Indie
22055,Puzzle
28473,Shooter
635220,Action
635220,Fighting
707256,Action
707256,Shooter
707256,Adventure
427733,Action
427733,Simulation
427733,Casual
427733,Indie
19509,Action
19509,Strategy
19601,Action
19601,Adventure
19601,Simulation
19601,Casual
19601,Indie
19601,Platformer
51047,Casual
16215,Action
16215,Indie
10252,Strategy
10252,Simulation
15949,Simulation
15949,Racing
15949,Puzzle
6400,Adventure
6400,RPG
6400,Strategy
6400,Board Games
12120,Action
12120,Adventure
12120,Simulation
12120,Indie
3485,Action
3485,Indie
16295,Adventure
16295,Indie
61051,Adventure
61051,RPG
61051,Strategy
61051,Simulation
61051,Casual
61051,Indie
42233,Action
282825,Adventure
282825,RPG
16096,Action
16096,RPG
1460,Adventure
1460,RPG
1460,Strategy
1460,Casual
1460,Indie
1460,Puzzle
28040,Action
28040,Adventure
28040,RPG
28040,Indie
15056,Action
15056,Shooter
15056,Strategy
15056,Simulation
15056,Indie
7091,Action
7091,Adventure
7091,Puzzle
21670,Adventure
21670,RPG
21670,Indie
327203,Action
327203,Fighting
259932,Adventure
2317,Action
2317,Arcade
2317,Casual
430464,Action
430464,Indie
3550,Arcade
3550,Family
14698,Adventure
308157,Strategy
308157,Indie
3699,Action
3699,RPG
362928,Adventure
72757,Action
72757,Adventure
72757,Indie
272421,Action
272421,RPG
2288,Adventure
60542,Action
60542,RPG
60542,Massively Multiplayer
16186,Action
16186,Adventure
16186,RPG
16186,Strategy
16186,Simulation
16186,Sports
16186,Racing
16186,Casual
16186,Indie
19096,Strategy
19096,Simulation
52800,RPG
20020,Simulation
20020,Indie
241146,Adventure
241146,RPG
241146,Casual
241146,Indie
25064,Shooter
2495,Action
2495,RPG
13252,Action
13252,Adventure
13252,Indie
13252,Platformer
14637,Action
14637,Adventure
14637,RPG
14637,Strategy
14637,Simulation
14637,Sports
14637,Racing
14637,Casual
14637,Indie
424978,Action
424978,Adventure
424978,Indie
18207,RPG
18207,Strategy
9526,Action
9526,Racing
9526,Casual
9526,Indie
292844,Action
292844,Adventure
292844,Indie
292844,Platformer
60474,Action
60474,Fighting
59677,Action
59677,Sports
59677,Indie
13345,Adventure
13345,RPG
13345,Indie
43534,Adventure
43534,RPG
43534,Indie
5674,Racing
5674,Arcade
12782,Strategy
12782,Casual
12782,Indie
45409,Adventure
45409,RPG
45409,Strategy
45409,Simulation
45409,Indie
3942,Action
3942,Adventure
3942,Arcade
3942,Indie
3942,Puzzle
3937,Action
3937,RPG
20851,Action
20851,Simulation
20851,Arcade
20851,Casual
20851,Family
20851,Indie
16160,Action
16160,Adventure
16160,RPG
285712,Action
23498,Action
23498,Shooter
23498,Strategy
23498,Simulation
23498,Indie
41389,Adventure
41389,RPG
41389,Indie
11941,Action
11941,Adventure
11941,RPG
11941,Strategy
11941,Simulation
11941,Sports
11941,Racing
11941,Casual
11941,Indie
11044,Simulation
11044,Racing
45342,Adventure
45342,Simulation
45342,Indie
10349,Action
10349,Shooter
16437,Action
16437,Adventure
16612,Casual
16612,Indie
14527,Strategy
14527,Simulation
24030,Action
24030,Adventure
24030,Platformer
62359,Adventure
62359,RPG
62359,Strategy
62359,Indie
1236,Adventure
1236,Indie
1236,Puzzle
10373,Action
10373,Indie
115,Adventure
11385,Adventure
11385,Casual
11385,Indie
19093,Action
19093,Adventure
19093,Arcade
19093,Platformer
59248,Action
59248,Adventure
59248,RPG
37357,Action
37357,Adventure
37357,RPG
37357,Arcade
37357,Fighting
16342,Action
16342,Adventure
16342,RPG
2937,Strategy
2937,Simulation
2937,Indie
2937,Puzzle
21751,Action
21751,Adventure
21751,RPG
21751,Indie
49069,Action
49069,Adventure
49069,RPG
49069,Strategy
42858,Action
42858,Shooter
261296,Action
261296,Adventure
261296,Strategy
261296,Indie
13434,Adventure
13434,Indie
325034,Adventure
325034,RPG
325034,Indie
9920,Action
9920,Strategy
9920,Indie
5542,Action
21262,Action
11159,Adventure
11159,Simulation
11159,Casual
11159,Indie
12879,Action
12879,Strategy
12879,Sports
12879,Casual
12879,Massively Multiplayer
13339,Action
13339,Indie
28412,Strategy
28412,Simulation
28412,Family
16790,RPG
16790,Massively Multiplayer
29391,Adventure
29391,RPG
29391,Casual
29391,Indie
17509,Racing
17509,Casual
17869,Action
17869,Adventure
17869,RPG
17869,Strategy
17869,Simulation
17869,Sports
17869,Racing
17869,Casual
17869,Indie
1892,Action
1892,Adventure
1892,Casual
1892,Indie
1892,Puzzle
62864,Adventure
20059,Action
20059,Shooter
558984,Action
558984,Adventure
558984,Sports
558984,Indie
21350,Action
21350,Shooter
3675,Action
3675,Shooter
375279,Strategy
375279,Simulation
121,Action
121,Arcade
121,Fighting
709004,Action
709004,Adventure
428564,Action
428564,Shooter
428564,Adventure
428839,Action
428839,Adventure
428839,RPG
428839,Indie
14105,Indie
295123,Action
295123,RPG
295123,Strategy
295123,Indie
12955,Action
12955,Arcade
16825,Action
16825,Casual
16825,Indie
16825,Puzzle
16825,Platformer
4193,Strategy
4193,Simulation
4193,Indie
10969,Action
10969,Adventure
10969,Indie
9980,Adventure
9980,RPG
9980,Simulation
9980,Casual
9980,Indie
16224,Action
16224,Shooter
16224,Strategy
236697,Action
236697,Family
16311,Adventure
16311,Indie
16311,Puzzle
21320,Action
21320,Shooter
362860,Action
362860,Strategy
362860,Simulation
362860,Indie
720,RPG
10081,Adventure
10081,Indie
10081,Puzzle
1105,Action
1105,Shooter
349679,Simulation
349679,Casual
349679,Indie
3433,Action
3433,Shooter
3642,Action
3642,Adventure
3642,Indie
18002,RPG
18002,Strategy
16943,Action
16943,Adventure
16943,Indie
16711,Adventure
16711,RPG
16711,Strategy
16711,Indie
18276,Action
18276,Adventure
18276,Casual
18276,Indie
18276,Puzzle
12732,Action
12732,Adventure
12732,RPG
12732,Massively Multiplayer
214,Action
214,Sports
214,Indie
14933,Action
13605,Strategy
387247,Strategy
387247,Simulation
387247,Indie
19579,Action
19579,Strategy
19579,Indie
8798,Adventure
8798,Casual
8798,Indie
8798,Puzzle
10004,Action
10004,Adventure
10004,Indie
2343,Action
2343,Adventure
2343,Indie
19320,Action
19320,RPG
19320,Indie
10667,Adventure
10667,Indie
10667,Puzzle
3458,Casual
3458,Family
13977,Action
13977,Adventure
13977,RPG
13977,Strategy
13977,Simulation
13977,Sports
13977,Racing
13977,Arcade
13977,Casual
13977,Indie
274757,Action
274757,Casual
274757,Indie
842402,Adventure
842402,RPG
45424,Action
45424,Adventure
45424,RPG
45424,Casual
45424,Indie
45424,Platformer
647552,Shooter
16467,Adventure
16467,Indie
16467,Puzzle
46080,RPG
46080,Strategy
46080,Indie
15967,Action
485010,Action
485010,RPG
4588,Racing
52370,Action
52370,Shooter
62423,RPG
62423,Strategy
62423,Indie
62505,Adventure
3403,Arcade
3403,Fighting
10992,Adventure
10992,Casual
10992,Indie
2058,Action
19705,Action
19705,Simulation
4228,Action
4228,RPG
46404,Action
46404,Simulation
46404,Casual
46404,Indie
3666,Action
3666,Adventure
3666,Indie
3666,Platformer
10611,Action
10611,Adventure
10611,RPG
10611,Indie
51690,RPG
51690,Strategy
51690,Indie
309190,Strategy
309190,Indie
64491,Adventure
64491,RPG
64491,Indie
64491,Puzzle
12241,Action
12241,Adventure
12241,RPG
12241,Indie
28454,RPG
9962,Strategy
9962,Indie
5445,Action
5445,Casual
5445,Indie
5445,Puzzle
10446,Action
10446,Shooter
10446,Adventure
15850,Action
15850,Strategy
12246,RPG
12246,Indie
3941,Action
3941,RPG
3197,Action
3197,Indie
3197,Platformer
13504,Action
13504,Adventure
13504,RPG
13504,Indie
309738,Strategy
309738,Indie
6321,Adventure
6321,Indie
6321,Puzzle
6321,Platformer
43050,RPG
451,Action
451,Adventure
451,RPG
451,Strategy
451,Indie
19624,Action
19624,RPG
14885,Action
14885,Adventure
14885,Casual
14885,Indie
20270,Action
20270,Sports
20270,Indie
13054,Action
13054,Casual
13054,Indie
1303,Action
1303,Sports
55445,RPG
3905,Action
3905,Simulation
3905,Sports
3905,Racing
4853,Action
4853,Adventure
181,Strategy
181,Card
5131,Action
5131,Shooter
5131,Arcade
15272,Action
15272,Shooter
15272,Adventure
4936,Action
4936,Shooter
4936,Arcade
17753,Racing
17753,Arcade
9716,Simulation
9716,Racing
49353,Adventure
49353,Casual
49353,Indie
19374,Action
19374,Strategy
19374,Simulation
283973,Platformer
58878,Racing
16073,Action
16073,RPG
16073,Strategy
249,Action
249,Adventure
249,RPG
12039,Strategy
12039,Simulation
12039,Educational
12039,Indie
2909,RPG
2909,Strategy
2909,Indie
17177,Action
17177,Shooter
20804,Action
20804,Indie
359373,Racing
7477,Adventure
7477,Indie
7477,Puzzle
611184,Action
611184,Adventure
611184,Simulation
611184,Indie
3240,Action
3240,Arcade
3240,Fighting
37430,Action
37430,Adventure
30789,Adventure
53473,RPG
53473,Strategy
21229,Racing
10008,Action
10008,Strategy
13533,Action
16175,Action
16175,Adventure
16175,RPG
16175,Strategy
16175,Simulation
16175,Sports
16175,Racing
16175,Casual
16175,Indie
3627,RPG
3627,Indie
3627,Puzzle
51551,RPG
51551,Indie
174,Casual
174,Indie
174,Puzzle
6608,Action
6608,Adventure
6608,Indie
13482,Action
13482,Adventure
13482,RPG
13482,Massively Multiplayer
19353,Adventure
19353,Indie
11890,Action
11890,Puzzle
447815,Action
447815,Shooter
447815,Adventure
447815,Indie
563419,Adventure
563419,RPG
563419,Strategy
563419,Simulation
563419,Indie
21285,Action
21285,Shooter
14385,Action
187,Action
187,Shooter
187,RPG
187,Indie
16777,Action
16777,Arcade
16777,Casual
16777,Indie
15615,Simulation
15615,Casual
15615,Indie
4098,Adventure
4098,Arcade
412477,Action
412477,Indie
45455,Action
45455,Adventure
7619,Action
7619,Adventure
7619,Strategy
7619,Simulation
7619,Indie
566454,Action
566454,Shooter
566454,RPG
2416,Action
2416,Arcade
2416,Indie
32126,Action
32126,Adventure
32126,Educational
61060,Simulation
61060,Indie
61060,Puzzle
44741,Action
44741,Adventure
44741,RPG
44741,Indie
349286,RPG
59636,Action
59636,RPG
59636,Simulation
59636,Racing
59636,Indie
61152,Action
61152,Adventure
61152,Simulation
61152,Indie
3557,Action
3557,Fighting
3557,Indie
63845,Adventure
63845,Indie
9754,Action
9754,Indie
12143,Adventure
12143,RPG
12143,Casual
12143,Indie
22627,Sports
22627,Arcade
14589,Action
14589,Adventure
14589,RPG
14589,Indie
19300,Strategy
4345,Action
4345,Shooter
349439,Adventure
349439,RPG
349439,Casual
349439,Indie
5717,Action
5717,Adventure
5717,Puzzle
5717,Platformer
59288,RPG
19189,Strategy
19189,Indie
2350,Action
2350,Fighting
10404,Action
10404,Adventure
10404,RPG
10404,Strategy
10404,Simulation
10404,Indie
7039,Action
7039,Adventure
244784,Adventure
244784,Indie
244784,Puzzle
51877,Adventure
51877,Indie
22572,Strategy
22572,Simulation
22572,Indie
15314,Strategy
15314,Simulation
15314,Casual
15314,Indie
236851,Action
236851,Adventure
236851,Indie
236851,Puzzle
57596,Action
57596,Adventure
15396,Strategy
15396,Simulation
15396,Indie
388,Action
388,RPG
388,Indie
388,Platformer
45239,Strategy
45239,Simulation
45239,Indie
4666,Action
4666,Adventure
29109,Action
29109,Shooter
481,Action
481,Shooter
481,Indie
16259,Adventure
16259,Indie
16259,Puzzle
5574,Action
25924,Action
25924,Adventure
101,Action
101,RPG
16791,Racing
16791,Arcade
10993,Action
10993,Simulation
10993,Racing
10993,Arcade
10993,Casual
10993,Indie
3518,Racing
3518,Family
17097,Adventure
17097,Indie
9805,Action
9805,Adventure
9805,Casual
9805,Massively Multiplayer
9805,Indie
19548,Strategy
19548,Indie
9731,Action
9731,Casual
846303,Action
846303,Shooter
398412,Action
398412,Adventure
398412,RPG
398412,Massively Multiplayer
60755,Action
60755,Strategy
60755,Indie
20348,Action
20348,Indie
20233,Indie
21610,Casual
21610,Puzzle
17327,Adventure
17327,Strategy
17327,Simulation
50575,Action
50575,Adventure
50575,Indie
839,Action
37791,Action
37791,Adventure
75030,Action
75030,Simulation
75030,Sports
75030,Racing
75030,Casual
75030,Indie
3662,Simulation
3662,Sports
3662,Fighting
134,Action
134,Indie
134,Platformer
37873,Action
37873,Adventure
16361,Action
16361,Strategy
2136,Action
2136,Adventure
2136,Arcade
391400,Action
391400,Adventure
391400,Indie
14675,Action
14675,Adventure
14675,RPG
14675,Arcade
14675,Indie
3137,Action
3137,Adventure
28850,Arcade
28850,Casual
23762,Action
23762,Adventure
23762,RPG
620,RPG
1744,Adventure
1744,Indie
1744,Puzzle
1744,Platformer
37972,Action
37972,Adventure
43252,RPG
58736,Action
58736,Adventure
11163,Action
11163,Strategy
11163,Simulation
11163,Massively Multiplayer
10511,Simulation
10511,Casual
59601,Action
59601,Shooter
59601,Adventure
59601,RPG
59601,Simulation
59601,Indie
46870,Adventure
46870,Casual
46870,Indie
44890,Adventure
44890,Indie
15030,Strategy
16435,Action
16435,Adventure
13688,Action
14892,Action
14892,Indie
1012,Action
1012,Adventure
428198,Strategy
428198,Casual
43608,Action
43608,Adventure
43608,Indie
5076,Strategy
5076,Simulation
5076,Board Games
11800,RPG
11800,Massively Multiplayer
59796,Casual
59796,Indie
302836,Adventure
9896,Adventure
46403,Sports
46403,Racing
46403,Indie
21371,Action
21371,Shooter
18000,Adventure
18000,RPG
18000,Strategy
15730,Adventure
15730,Indie
15730,Puzzle
15730,Platformer
16668,RPG
16668,Strategy
16668,Indie
370290,RPG
370290,Strategy
370290,Indie
10950,Action
10950,Casual
10950,Indie
60012,Adventure
60012,RPG
60012,Strategy
60012,Indie
28958,Action
28958,Shooter
9672,Adventure
9672,RPG
9672,Massively Multiplayer
2764,Action
2764,Adventure
2764,Puzzle
13527,Adventure
13527,Indie
30406,RPG
2012,Strategy
2012,Arcade
2012,Indie
2012,Puzzle
499258,Action
499258,Indie
16905,Action
16905,Adventure
16905,RPG
16905,Indie
244741,Action
244741,Casual
244741,Puzzle
47594,Action
47594,Adventure
47594,Indie
10156,Action
11364,Action
11364,Indie
9785,Action
9785,Sports
9785,Indie
2266,Action
2266,RPG
2266,Indie
254542,Action
254542,Adventure
254542,RPG
22695,Strategy
15689,Adventure
15689,Indie
10513,RPG
10513,Strategy
10513,Indie
19994,Simulation
19994,Indie
301549,Adventure
301549,Indie
18452,Action
18452,RPG
18452,Indie
12735,Adventure
12735,RPG
12735,Strategy
12735,Casual
12735,Massively Multiplayer
12735,Indie
397481,Action
397481,Adventure
397481,Indie
60634,Adventure
60634,Indie
60634,Puzzle
573124,Action
573124,Shooter
573124,Adventure
573124,Strategy
604,Strategy
604,Simulation
604,Massively Multiplayer
244806,Adventure
244806,RPG
244806,Indie
10354,Action
5926,Strategy
5926,Simulation
5926,Indie
349367,Strategy
40302,Arcade
40302,Fighting
40302,Platformer
20966,Action
17980,Action
17980,Strategy
17980,Simulation
2003,Adventure
2003,RPG
2003,Arcade
2003,Casual
3111,Action
3111,Simulation
3111,Sports
38197,Adventure
38491,Adventure
38491,Puzzle
10516,RPG
10516,Indie
20250,Simulation
20250,Indie
18435,Adventure
18435,Indie
528657,Indie
18741,Action
18741,RPG
38418,Adventure
38418,Puzzle
4002,Action
4002,Shooter
47381,Action
47381,Adventure
47381,RPG
47381,Strategy
47381,Simulation
47381,Casual
47381,Indie
38456,Adventure
38456,Puzzle
326221,Adventure
326221,Indie
17977,Action
17977,Strategy
17977,Indie
17977,Puzzle
10976,Action
10976,Adventure
10976,Simulation
17947,Action
17947,Arcade
17947,Indie
319120,Sports
319120,Racing
319120,Indie
11184,RPG
11184,Massively Multiplayer
5611,Racing
5611,Arcade
10509,Casual
10509,Indie
22041,Strategy
2272,Strategy
2272,Simulation
2272,Indie
29593,Action
29593,RPG
416034,Action
416034,Adventure
416034,Indie
481908,Action
481908,Adventure
481908,RPG
52372,Adventure
52372,RPG
16710,Action
16710,Adventure
16710,Indie
16710,Puzzle
362933,Adventure
362933,RPG
362933,Indie
18851,Action
18851,Adventure
537744,Strategy
537744,Simulation
537744,Indie
28495,Action
28495,Shooter
5677,Action
5677,Shooter
2858,Action
2858,Adventure
2858,RPG
2858,Casual
1509,Action
1509,Indie
1509,Platformer
52176,Adventure
52176,Casual
52176,Family
52176,Indie
52176,Puzzle
282882,Adventure
282882,RPG
282882,Strategy
282882,Simulation
282882,Educational
282882,Indie
10357,Adventure
10357,Indie
17921,Adventure
17921,Indie
46165,Action
46165,Indie
61645,Action
61645,Adventure
61645,RPG
61645,Indie
9576,Action
9576,Sports
9576,Casual
9576,Indie
3291,Action
3291,Adventure
3291,Indie
3291,Platformer
18232,Simulation
4284,Sports
4284,Arcade
15389,Action
15389,RPG
15389,Strategy
428741,Action
428741,Indie
23760,Action
4037,Action
4037,Fighting
19881,Action
19881,Adventure
19881,RPG
19881,Simulation
19881,Indie
18097,Strategy
18097,Indie
2480,Action
2480,Adventure
8062,Strategy
8062,Casual
8062,Indie
8062,Puzzle
362941,Adventure
61900,Simulation
61900,Indie
3855,Sports
51292,Adventure
51292,RPG
51292,Simulation
51292,Sports
51292,Casual
51292,Massively Multiplayer
10557,Action
10557,Shooter
10557,Indie
61377,Adventure
61377,Indie
19677,Adventure
19677,RPG
19677,Indie
15479,Action
15479,Adventure
15479,RPG
15479,Strategy
15479,Casual
15479,Indie
24940,Simulation
274815,RPG
274815,Strategy
274815,Indie
29227,Action
29227,Adventure
29227,RPG
479671,Action
479671,Shooter
479671,Indie
591,Adventure
591,Casual
591,Puzzle
16990,Simulation
16990,Sports
16990,Indie
28604,Racing
28604,Arcade
323081,Strategy
2321,Action
2321,Strategy
2321,Indie
19360,Action
19360,Shooter
18143,Casual
18143,Family
18143,Indie
18143,Puzzle
18704,Strategy
18704,Simulation
58950,Strategy
58950,Simulation
58950,Casual
58950,Indie
2229,Action
2229,Racing
12136,Adventure
12136,RPG
12136,Strategy
12136,Simulation
12136,Indie
17470,Casual
17470,Family
17470,Indie
17470,Puzzle
10053,Action
21563,Action
56092,Action
21448,Action
21448,Shooter
21448,RPG
21448,Indie
350684,Action
350684,Adventure
350684,Indie
14685,Strategy
176,Action
176,Adventure
176,RPG
176,Indie
29131,Racing
482920,Adventure
482920,Casual
482920,Indie
17121,Action
17121,Shooter
62409,Adventure
62409,Indie
17516,Action
17516,Simulation
17516,Indie
10068,Action
10068,Indie
12678,Action
14064,Strategy
14064,Simulation
8757,Strategy
8757,Puzzle
9438,Simulation
9438,Sports
9438,Casual
9438,Indie
18367,Educational
18367,Indie
968329,Action
968329,Adventure
968329,Indie
430439,RPG
29203,RPG
5699,Action
5699,Shooter
19467,Action
19467,Indie
10594,Action
10594,Strategy
59340,Adventure
59340,RPG
59340,Simulation
277988,Action
277988,Adventure
277988,RPG
277988,Casual
277988,Indie
10670,Simulation
6800,Action
6800,Strategy
6800,Casual
6800,Indie
14511,Adventure
14511,RPG
14511,Strategy
14511,Simulation
14511,Casual
14511,Indie
10198,RPG
10198,Strategy
10198,Simulation
10198,Indie
58497,Adventure
58497,RPG
1058,Action
1058,Adventure
1058,Strategy
1058,Indie
11061,Action
11061,Adventure
11061,Strategy
11061,Indie
49185,Action
49185,Casual
49185,Indie
35629,Action
35629,Shooter
5540,Action
426096,Action
426096,Adventure
14017,Adventure
14017,Indie
419295,Strategy
12157,Action
12157,Shooter
12157,Indie
9527,Strategy
16172,Action
16172,Adventure
16172,RPG
16172,Strategy
16172,Simulation
16172,Sports
16172,Racing
16172,Casual
16172,Indie
303614,Adventure
303614,Casual
303614,Indie
15077,Action
15077,Strategy
15077,Simulation
15077,Casual
15077,Indie
17754,Strategy
17754,Simulation
2384,Action
2384,Arcade
2384,Fighting
19606,Strategy
56,Adventure
56,Family
56,Indie
18324,Casual
18324,Indie
10575,Simulation
10575,Indie
372603,Simulation
372603,Indie
471029,Action
471029,Shooter
471029,Adventure
471029,Racing
471029,Indie
28510,Action
28510,Shooter
990,RPG
15488,Adventure
15488,Casual
15488,Indie
259827,Strategy
259827,Indie
6145,Action
6145,Adventure
6145,RPG
6145,Simulation
6145,Casual
6145,Indie
10025,Action
10025,Massively Multiplayer
10025,Indie
5304,Action
5304,Shooter
17618,Adventure
17618,RPG
17618,Strategy
2188,Adventure
2188,Indie
2188,Puzzle
29383,Action
29383,Shooter
19626,Adventure
19626,Indie
19626,Puzzle
30243,Action
30243,Shooter
30243,RPG
23069,Strategy
3704,Sports
3704,Arcade
3704,Indie
16629,Adventure
16629,Casual
16629,Indie
16381,Action
16381,Adventure
16381,RPG
16381,Indie
446323,Strategy
446323,Simulation
446323,Casual
446323,Indie
446323,Puzzle
857690,Action
857690,RPG
857690,Casual
857690,Indie
18693,Action
364,Action
364,RPG
364,Strategy
364,Simulation
15406,Action
15406,RPG
15406,Indie
379453,Action
379453,Adventure
379453,RPG
379453,Strategy
379453,Simulation
379453,Indie
13773,Simulation
5603,Action
5603,Fighting
11499,Action
11499,Sports
11499,Casual
16450,Action
29826,Adventure
10202,Casual
10202,Indie
602,Action
602,RPG
602,Indie
419905,Action
419905,Adventure
419905,Indie
419905,Platformer
304320,Action
304320,Adventure
304320,RPG
304320,Indie
323125,Adventure
323125,Indie
654591,Action
654591,Adventure
670703,Action
670703,Shooter
670703,Indie
20282,Adventure
20282,RPG
20282,Indie
371847,Action
871264,Action
871264,Adventure
871264,RPG
871264,Simulation
3340,Action
3340,Arcade
3340,Indie
995,Adventure
995,RPG
995,Strategy
995,Simulation
995,Indie
13468,Strategy
11799,Indie
47466,Action
47466,Indie
8098,Racing
10166,Action
10166,Indie
9860,Casual
9860,Indie
22228,Strategy
22228,Simulation
22228,Casual
22228,Indie
58769,Action
58769,RPG
58769,Strategy
58769,Massively Multiplayer
2284,Action
2284,RPG
372700,RPG
372700,Strategy
11778,Action
11778,RPG
11778,Simulation
11778,Indie
244694,Action
244694,Adventure
244694,RPG
244694,Puzzle
8813,Action
8813,Strategy
8813,Indie
19608,Adventure
19608,RPG
19608,Indie
5606,Action
5606,Adventure
5606,Family
19610,Action
19610,Adventure
19610,Indie
4582,Strategy
4582,Puzzle
275703,Action
275703,Indie
861287,Racing
861287,Arcade
27036,Platformer
59115,Action
59115,Strategy
59115,Indie
12720,Action
12720,Indie
430275,Adventure
430275,Indie
61153,Adventure
61153,Indie
705002,Action
705002,Racing
705002,Casual
705002,Indie
14178,Casual
14178,Indie
16426,Action
16426,Adventure
15311,RPG
15311,Strategy
4555,Action
4555,Shooter
1142,Action
18743,Action
18743,Strategy
455515,Action
455515,Adventure
455515,Simulation
455515,Indie
30198,Action
30198,Adventure
30198,RPG
349557,Adventure
349557,Indie
47379,Adventure
47379,Indie
47379,Puzzle
23011,Strategy
11193,Action
11193,Indie
14638,Action
14638,Adventure
14638,RPG
14638,Strategy
14638,Simulation
14638,Sports
14638,Racing
14638,Casual
14638,Indie
57918,Action
57918,Arcade
57918,Platformer
672365,Action
672365,Adventure
672365,Indie
319132,Action
319132,Simulation
319132,Indie
4183,Sports
4183,Racing
4183,Arcade
4183,Family
532168,Action
532168,Indie
4561,Arcade
4561,Fighting
3454,Action
3454,Adventure
3454,Simulation
3454,Casual
3454,Indie
3454,Puzzle
630676,Action
630676,Adventure
151232,Action
151232,Indie
21503,Casual
10826,Action
10826,Adventure
10826,Casual
362874,Strategy
362874,Casual
362874,Indie
57842,Fighting
1271,Action
1271,Adventure
1271,RPG
1271,Indie
304216,Adventure
304216,Simulation
304216,Indie
17807,Action
58771,Action
58771,Adventure
58771,Indie
58771,Platformer
19370,Strategy
20848,Action
20848,RPG
20848,Indie
18399,Action
18399,RPG
18399,Strategy
18399,Indie
357891,Adventure
357891,Indie
16932,RPG
16932,Strategy
16932,Board Games
16932,Indie
241088,Action
241088,Adventure
241088,RPG
241088,Indie
59883,Adventure
59883,RPG
59883,Massively Multiplayer
59883,Indie
5950,Action
5950,Adventure
5950,Strategy
5950,Puzzle
316859,Action
316859,Strategy
22702,Action
22702,RPG
22702,Strategy
12899,RPG
12899,Strategy
16503,Indie
10753,Action
10753,Adventure
10753,RPG
10753,Indie
494382,Action
494382,RPG
19576,Adventure
19576,Indie
292843,Action
292843,Adventure
9690,Adventure
9690,Casual
9690,Indie
9690,Puzzle
9690,Platformer
14520,Adventure
14520,Casual
14520,Indie
11548,Adventure
11548,RPG
11548,Strategy
11548,Indie
58896,RPG
58896,Strategy
58896,Puzzle
19379,Action
19379,Indie
11484,Action
11484,Adventure
11484,RPG
11484,Indie
14639,Action
14639,Adventure
14639,RPG
14639,Strategy
14639,Simulation
14639,Sports
14639,Racing
14639,Casual
14639,Indie
297287,Strategy
297287,Simulation
297287,Casual
236801,Action
236801,Adventure
236801,RPG
236801,Strategy
37751,Action
37751,RPG
45691,Racing
17423,Action
17423,Strategy
17423,Sports
17423,Indie
3822,Puzzle
14473,Strategy
58312,Adventure
58312,Puzzle
18540,Strategy
18540,Casual
18540,Indie
21097,Action
21097,Adventure
42393,Action
42393,Shooter
42393,Adventure
471031,Adventure
367176,Action
367176,Adventure
367176,Indie
367176,Puzzle
366110,Indie
59059,Action
59059,Indie
415171,Action
415171,Shooter
415171,Strategy
1480,Action
1480,Adventure
1480,Racing
1480,Indie
704730,Indie
3639,Action
3639,Arcade
12201,Action
12201,Indie
59347,Action
59347,Shooter
59347,RPG
59347,Simulation
59347,Indie
249994,Adventure
249994,Indie
249994,Puzzle
5398,Action
5398,Racing
5398,Arcade
15574,Racing
15574,Casual
15574,Indie
9651,Action
9651,Strategy
9651,Simulation
4903,Action
4903,Adventure
4903,RPG
4903,Fighting
19382,Action
19382,Adventure
15337,Adventure
15337,Massively Multiplayer
15337,Indie
17450,Strategy
647611,RPG
647611,Simulation
4618,Action
4618,Racing
4618,Indie
19236,Strategy
50616,Simulation
50616,Educational
50616,Indie
50616,Puzzle
22965,Action
22965,Fighting
16868,Action
16868,Strategy
16868,Indie
1071,Action
1071,Simulation
308098,Action
308098,Indie
650604,RPG
650604,Strategy
670693,Adventure
670693,Indie
26316,RPG
707254,Adventure
707254,Casual
707254,Puzzle
8318,Action
8318,Strategy
8318,Indie
29225,RPG
29225,Simulation
29225,Indie
19287,Strategy
59350,Action
59350,Shooter
59350,RPG
28539,Arcade
28539,Puzzle
11403,Action
11403,RPG
11403,Massively Multiplayer
42857,Action
42857,Adventure
367183,Action
367183,Platformer
29069,Sports
9385,Action
9385,Adventure
9385,Arcade
9385,Casual
9385,Indie
9385,Puzzle
13483,Action
13483,Shooter
13483,Indie
259883,Action
259883,Adventure
259883,Indie
3182,Action
3182,Adventure
3182,Indie
51584,Action
51584,Strategy
51584,Simulation
10179,Adventure
10179,RPG
10179,Indie
14936,Action
5640,Action
5640,Shooter
11593,Action
11593,Indie
59348,Action
59348,Adventure
59348,Indie
59348,Puzzle
39035,Action
39035,Shooter
12751,Action
12751,RPG
12751,Indie
11706,Action
11706,Shooter
11706,Arcade
11706,Casual
11706,Indie
16008,Adventure
16008,RPG
16008,Indie
561,Casual
561,Family
561,Puzzle
58498,Action
367044,Adventure
367044,RPG
367044,Indie
28505,Action
28505,Shooter
916,Strategy
916,Board Games
916,Casual
916,Indie
2404,Action
2404,Adventure
2404,RPG
2404,Strategy
2404,Simulation
2404,Sports
2404,Racing
2404,Arcade
2404,Casual
2404,Indie
18110,Adventure
18110,Indie
60546,Action
60546,Adventure
60546,RPG
60546,Strategy
60546,Simulation
60546,Massively Multiplayer
60546,Indie
13008,Indie
13008,Puzzle
3165,Sports
3165,Racing
3165,Indie
322240,Adventure
322240,RPG
322240,Strategy
322240,Indie
42889,Adventure
42889,Indie
11984,Action
11984,Adventure
11984,Strategy
11984,Sports
28460,Racing
3467,Action
3467,Arcade
3467,Fighting
16225,Strategy
16225,Simulation
16225,Indie
21631,Action
21631,Casual
21631,Indie
2634,Action
2634,Adventure
2634,Simulation
25965,Action
387345,Action
481913,Action
481913,Adventure
481913,RPG
16431,Strategy
20850,Adventure
20850,RPG
20850,Indie
60864,Action
60864,Massively Multiplayer
60864,Indie
11098,Action
11098,Adventure
11098,RPG
11098,Strategy
11098,Simulation
11098,Casual
11098,Indie
15553,Adventure
15553,RPG
15553,Strategy
15553,Indie
23613,Strategy
23613,Indie
44469,Action
44469,Massively Multiplayer
274761,Action
274761,Shooter
274761,Strategy
44735,RPG
44735,Strategy
44735,Simulation
44735,Indie
10174,Action
10174,Indie
3917,Action
3917,Indie
10824,Adventure
13289,Educational
327210,Strategy
327210,Simulation
327210,Indie
4199,Action
4199,Racing
4199,Arcade
50775,Action
50775,Adventure
19442,Adventure
20358,Action
20358,RPG
20358,Indie
28595,Strategy
1237,RPG
389851,Simulation
389851,Indie
42138,Action
42138,Shooter
22426,Casual
22426,Indie
50919,Adventure
50919,Casual
50919,Indie
10304,Adventure
10304,RPG
10304,Casual
627521,Action
627521,RPG
327208,Action
327208,Shooter
327208,Arcade
11383,Adventure
11383,RPG
16378,Action
16378,Adventure
16378,RPG
16378,Strategy
16378,Indie
327232,Adventure
327232,RPG
518596,Action
518596,RPG
4678,Action
4678,Arcade
17808,Adventure
17808,Casual
17808,Indie
11838,Action
11838,Indie
11728,RPG
11728,Strategy
11728,Simulation
11728,Indie
15079,Adventure
15079,Indie
21305,Adventure
21305,RPG
21305,Simulation
21305,Casual
21305,Indie
21312,Action
21312,Shooter
15854,Action
15854,Shooter
15854,Simulation
18699,Action
18699,RPG
18699,Strategy
13796,Action
13796,Arcade
13796,Casual
13796,Indie
9656,Action
9656,Adventure
9656,RPG
9656,Indie
14503,Casual
14503,Indie
17186,Action
17186,Adventure
17186,RPG
17186,Strategy
17186,Simulation
17186,Sports
17186,Racing
17186,Casual
17186,Indie
387329,Action
387329,Adventure
387329,Indie
4507,Racing
4507,Arcade
49382,Racing
49382,Casual
49382,Indie
4679,Action
4679,Shooter
4679,Strategy
10607,Action
10607,Strategy
10607,Indie
28254,Arcade
28254,Fighting
9696,Strategy
9696,Casual
9696,Card
9696,Massively Multiplayer
374507,Action
374507,Fighting
28448,Action
28448,Shooter
323051,Action
323051,Adventure
323051,Arcade
323051,Indie
19669,Strategy
23669,Action
23669,Arcade
23669,Fighting
13121,Action
13121,Adventure
13121,RPG
13121,Simulation
13121,Arcade
13121,Casual
3640,Adventure
3640,Arcade
3640,Casual
3640,Indie
288747,Strategy
16210,Adventure
16210,Puzzle
17187,RPG
17187,Massively Multiplayer
14154,Action
14154,Shooter
14154,Indie
801567,Adventure
801567,Casual
21530,Casual
16178,Action
16178,Adventure
16178,RPG
16178,Strategy
16178,Simulation
16178,Sports
16178,Racing
16178,Casual
16178,Indie
268363,Action
268363,Adventure
268363,Indie
27418,Action
27418,Adventure
27418,RPG
21668,Adventure
21668,RPG
1602,Strategy
1602,Simulation
9504,Action
9504,Adventure
9504,RPG
9504,Massively Multiplayer
499,RPG
499,Strategy
499,Simulation
423950,Adventure
423950,RPG
423950,Casual
423950,Indie
17810,Action
12797,Adventure
12797,Indie
12797,Puzzle
3206,Action
3206,Shooter
3206,Arcade
3206,Indie
257194,Adventure
3861,Action
3861,Strategy
3861,Indie
10020,Action
10020,Adventure
10020,Indie
9849,Action
9849,Strategy
52336,Strategy
2770,Action
2770,Adventure
2770,Casual
2770,Indie
10928,Action
10928,Strategy
261232,Adventure
261232,RPG
261232,Indie
17538,Action
17538,Strategy
17538,Indie
19585,Adventure
19585,RPG
19585,Strategy
19585,Indie
18342,Action
18342,Shooter
18342,Strategy
18342,Sports
18342,Indie
16373,RPG
16373,Strategy
35358,RPG
29185,Adventure
29185,Strategy
351436,Adventure
351436,Indie
351436,Puzzle
29051,RPG
244869,Action
244869,Adventure
244869,Simulation
244869,Indie
6315,Adventure
6315,RPG
17372,Action
17372,Shooter
17372,Arcade
17372,Casual
17372,Indie
27312,Adventure
27312,RPG
262465,Strategy
11473,Action
11473,Adventure
11473,Massively Multiplayer
62920,Action
62920,Adventure
62920,Indie
19476,Shooter
993875,Action
9726,Strategy
9726,Indie
2705,Action
2705,Racing
2705,Indie
17082,Action
17082,Adventure
17082,Indie
2196,Adventure
2196,Indie
28483,Action
28483,Adventure
49268,Action
966349,Adventure
966349,Casual
966349,Indie
21113,Action
21113,RPG
21113,Indie
846499,Action
846499,Massively Multiplayer
59094,Action
59094,Adventure
59094,Indie
484842,Adventure
484842,Indie
4470,Action
263537,Adventure
263537,Indie
263537,Puzzle
586054,Action
586054,Sports
586054,Indie
586054,Platformer
297322,Action
4511,Action
4511,Shooter
257377,Action
257377,Indie
42047,RPG
42047,Indie
27936,RPG
19455,Action
19455,Adventure
16120,Action
16120,Adventure
16120,RPG
16120,Strategy
16120,Simulation
16120,Sports
16120,Racing
16120,Casual
16120,Indie
13657,Adventure
13657,Indie
13657,Puzzle
290894,Action
290894,Adventure
290894,RPG
290894,Simulation
290894,Indie
18793,Adventure
5981,Action
5981,Racing
3323,Action
3323,Strategy
3323,Casual
539,Action
539,Adventure
539,Indie
364812,Action
364812,Strategy
364812,Racing
364812,Indie
61442,Adventure
61442,RPG
61442,Indie
2838,Action
2838,Adventure
2838,Indie
41128,RPG
284763,Action
284763,Indie
845261,Action
20120,Adventure
20120,Casual
20120,Indie
20120,Puzzle
21098,Action
21098,Sports
21098,Racing
21098,Arcade
376929,Action
376929,Casual
376929,Indie
17780,Action
17780,Sports
17780,Indie
1009,Action
1009,Adventure
3035,Action
3035,Adventure
3035,Arcade
3035,Indie
3035,Platformer
21615,Action
21615,Shooter
21615,RPG
21615,Indie
61536,RPG
58818,Puzzle
20986,RPG
20986,Strategy
17793,Action
17793,Indie
3857,Action
3857,Shooter
3857,Indie
12410,Action
9437,Action
9437,Casual
9437,Indie
20302,Action
20302,RPG
20302,Massively Multiplayer
20302,Indie
499331,Action
499331,Adventure
499331,Platformer
13027,RPG
13027,Indie
19080,Adventure
19080,RPG
19080,Indie
21510,Casual
21510,Indie
616688,Action
616688,Adventure
616688,RPG
616688,Casual
616688,Indie
258,RPG
681463,Adventure
681463,Simulation
681463,Casual
681463,Indie
979524,Action
979524,Adventure
979524,Indie
299545,Action
299545,Shooter
366884,Action
366884,Shooter
366884,Indie
416811,Simulation
416811,Indie
45416,Adventure
45416,RPG
45416,Simulation
45416,Casual
45416,Indie
13114,Adventure
13114,RPG
13114,Strategy
13114,Simulation
13114,Indie
14988,Action
14988,Adventure
14988,Arcade
14988,Platformer
1922,RPG
375223,Action
375223,RPG
375223,Simulation
375223,Casual
375223,Indie
27977,Adventure
4471,Action
4471,Adventure
39080,Racing
49498,Action
49498,Adventure
49498,Indie
49498,Platformer
484939,Adventure
484939,RPG
484939,Indie
28399,Action
28399,Shooter
274849,RPG
274849,Strategy
730,Adventure
730,RPG
730,Indie
11508,Adventure
11508,RPG
11508,Indie
427653,Simulation
638650,Action
638650,Adventure
638650,RPG
28855,Arcade
28855,Fighting
9678,Action
7978,Action
7978,Strategy
7978,Arcade
23214,Action
23214,Simulation
23214,Sports
16184,Action
16184,Adventure
16184,RPG
16184,Strategy
16184,Simulation
16184,Sports
16184,Racing
16184,Casual
16184,Indie
6508,Adventure
6508,RPG
6508,Casual
6508,Educational
6508,Family
6508,Indie
21808,Adventure
21808,RPG
21808,Indie
19899,Action
19899,Casual
19899,Indie
10204,Action
10204,Indie
263587,RPG
263587,Strategy
263587,Indie
7784,Action
7784,Adventure
7784,Indie
7784,Puzzle
15034,Action
15034,Adventure
15034,Indie
284674,Action
284674,Adventure
284674,Indie
20109,Action
20109,Indie
11665,Action
11665,RPG
11665,Strategy
369,Action
369,Adventure
369,RPG
369,Simulation
369,Casual
369,Family
369,Indie
40035,Action
40035,Adventure
40035,Strategy
40035,Fighting
60685,Action
60685,Strategy
60685,Simulation
60685,Indie
35314,Action
35314,Adventure
8001,Action
8001,Racing
20723,Action
20723,Arcade
20723,Casual
20723,Indie
20723,Puzzle
19703,Adventure
19703,RPG
19703,Indie
384504,Strategy
384504,Indie
514902,Action
514902,Adventure
59640,Casual
10811,RPG
10811,Massively Multiplayer
10811,Indie
14621,Strategy
14621,Simulation
14621,Indie
62419,RPG
62419,Indie
58765,Adventure
58765,Indie
21140,Indie
50328,Action
50328,RPG
16716,Adventure
16716,Indie
16716,Puzzle
306147,Simulation
306147,Indie
17917,Adventure
17917,RPG
17917,Casual
17917,Indie
21322,Casual
21322,Indie
19046,Simulation
21411,Strategy
21411,Indie
20159,Sports
301576,Action
301576,Adventure
301576,Indie
18758,Action
18758,Casual
18758,Indie
44763,Action
44763,Adventure
10121,Action
10121,Shooter
22415,Strategy
22415,Simulation
22415,Casual
22415,Indie
23341,Sports
28757,Racing
28757,Arcade
1801,Action
1801,Adventure
57666,Action
57666,Adventure
57666,Platformer
19445,Strategy
22869,Action
22869,Strategy
22869,Simulation
349844,Casual
349844,Indie
14355,Adventure
14355,RPG
14355,Indie
369237,Adventure
369237,Casual
369237,Indie
369237,Puzzle
49950,Adventure
49950,RPG
49950,Simulation
49950,Casual
49950,Card
49950,Indie
13776,Action
13776,Casual
13776,Indie
18794,Adventure
32247,Action
32247,Simulation
32247,Racing
32247,Arcade
58209,RPG
58209,Strategy
58209,Simulation
58209,Indie
18795,Adventure
48894,Strategy
48894,Simulation
48894,Indie
349109,Action
349109,Adventure
349109,Strategy
349109,Simulation
349109,Casual
349109,Indie
59641,Indie
38146,Action
38146,Arcade
19678,RPG
19678,Strategy
19678,Casual
19678,Indie
18797,Adventure
47361,Action
47361,RPG
275606,Action
275606,Adventure
275606,Indie
275606,Platformer
39759,Action
39759,Shooter
407565,Adventure
407565,RPG
407565,Strategy
407565,Indie
18796,Adventure
20041,Action
20041,Adventure
20041,Casual
20041,Indie
45737,Action
45737,RPG
45737,Simulation
45737,Massively Multiplayer
45737,Indie
16043,Casual
16043,Indie
2713,Action
2713,Indie
3163,Strategy
3163,Sports
14913,RPG
5776,Action
5776,Arcade
5776,Casual
5776,Indie
330427,Strategy
330427,Simulation
330427,Casual
330427,Indie
20995,Action
20995,Indie
614965,Strategy
614965,Simulation
301518,Adventure
301518,Casual
301518,Indie
372505,Action
372505,Simulation
372505,Indie
452636,Action
452636,Adventure
16131,Action
16131,RPG
16131,Massively Multiplayer
43004,Action
43004,Adventure
43004,Strategy
43004,Simulation
43004,Indie
58606,Adventure
58606,RPG
58606,Strategy
10366,Action
10366,RPG
10366,Massively Multiplayer
10366,Indie
28620,Action
28620,Adventure
28620,Platformer
10403,Indie
59602,Action
59602,Simulation
59602,Sports
49355,Action
49355,Strategy
49355,Casual
49355,Indie
430498,Action
430498,Adventure
430498,Indie
4329,Action
4329,Shooter
4329,Adventure
244721,RPG
244721,Casual
244721,Massively Multiplayer
14115,Action
14115,Adventure
18541,Strategy
18541,Casual
18541,Indie
1731,Action
1731,Adventure
1731,Indie
3446,RPG
18001,Action
18001,Strategy
18001,Simulation
219972,Adventure
219972,RPG
219972,Massively Multiplayer
16952,Action
16952,Adventure
16952,Arcade
16952,Indie
13051,Adventure
18064,Racing
18064,Casual
18064,Indie
10847,Action
10847,Adventure
10847,Simulation
10847,Indie
62849,Simulation
27969,Adventure
27969,RPG
27969,Puzzle
366891,Action
366891,Adventure
62069,Simulation
62069,Casual
62069,Indie
16954,Action
16954,Adventure
16954,Strategy
16954,Arcade
16954,Indie
59200,Simulation
59200,Sports
27022,Action
27022,Shooter
27022,Adventure
27022,Platformer
484852,Action
484852,Indie
9543,Action
9543,Simulation
9543,Indie
8777,Strategy
8777,Simulation
8777,Indie
8433,Strategy
264828,Action
264828,Indie
9837,Action
9837,Simulation
9837,Indie
19457,Strategy
32595,Strategy
327202,Strategy
327202,Simulation
41054,Action
41054,Adventure
41054,Indie
41054,Puzzle
20836,Adventure
20836,Indie
799323,Action
799323,Adventure
799323,RPG
799323,Strategy
799323,Casual
799323,Indie
10016,Action
10016,Shooter
10016,Casual
10016,Indie
10276,Adventure
10276,Platformer
295090,Action
295090,Adventure
295090,Casual
295090,Indie
10005,Action
10005,Shooter
10005,Adventure
10005,Arcade
10005,Indie
949868,Simulation
949868,Arcade
949868,Casual
949868,Indie
5093,Sports
22158,Strategy
22158,Simulation
22158,Indie
18337,Action
18337,Racing
2271,Arcade
3424,Action
3424,Sports
3424,Casual
3424,Indie
21170,Action
21170,Indie
976564,Action
12030,Action
12030,RPG
12030,Massively Multiplayer
21403,Action
21403,Strategy
21403,Simulation
21403,Casual
21403,Indie
15825,Strategy
15825,Simulation
579524,Adventure
579524,Indie
44482,Adventure
44482,Indie
19619,Action
19619,RPG
19619,Strategy
11755,Action
11755,Adventure
11755,RPG
314402,Adventure
314402,Simulation
314402,Casual
314402,Indie
23501,Adventure
23501,RPG
23501,Indie
50694,Simulation
50694,Indie
384491,Strategy
384491,Simulation
13861,RPG
13861,Indie
877,Simulation
877,Casual
19567,Action
19567,Shooter
17609,Adventure
17609,RPG
17609,Strategy
17609,Simulation
17609,Indie
16532,Adventure
16532,Casual
16532,Indie
16532,Puzzle
16532,Platformer
288586,Action
288586,Shooter
288586,Simulation
288586,Indie
10328,Adventure
316865,Action
316865,Shooter
8946,Action
8946,Strategy
8946,Casual
8946,Indie
10190,Action
10190,Adventure
10190,RPG
10190,Simulation
10190,Indie
47359,Adventure
47359,Casual
47359,Family
47359,Indie
6961,Action
6961,Adventure
6961,Indie
6961,Puzzle
282807,Action
282807,Adventure
282807,RPG
15969,Action
15969,Adventure
15969,RPG
10558,Action
10558,Indie
2614,Arcade
1189,Action
1189,Adventure
1189,Indie
1189,Puzzle
16551,Indie
10412,RPG
10412,Strategy
10412,Simulation
10412,Board Games
10412,Casual
10412,Indie
2145,Action
2145,Adventure
2145,RPG
2145,Arcade
5424,Adventure
5424,Simulation
5424,Arcade
5424,Indie
5424,Puzzle
14614,Adventure
14614,RPG
14614,Indie
10231,Action
10231,Sports
10231,Indie
61904,Action
61904,Adventure
359247,Action
359247,Adventure
359247,Simulation
359247,Indie
14722,Action
14722,Massively Multiplayer
14722,Indie
17735,Strategy
17735,Simulation
369160,Action
369160,Fighting
41462,Sports
61046,Action
61046,RPG
61046,Massively Multiplayer
61046,Indie
11807,Action
11807,RPG
11807,Indie
12629,Action
55348,Action
20837,Action
20837,RPG
20837,Simulation
20837,Casual
20837,Indie
17912,Action
17912,Massively Multiplayer
455566,Action
455566,Adventure
455566,RPG
455566,Indie
47525,Adventure
298413,Action
298413,Adventure
298413,Simulation
298413,Indie
19551,Adventure
19551,RPG
19551,Indie
4209,Action
4209,Adventure
20879,Action
20879,Racing
20879,Indie
20084,Simulation
1679,Adventure
1679,RPG
1679,Casual
905,Action
905,Strategy
905,Indie
905,Platformer
44431,Action
44431,Arcade
44431,Casual
44431,Indie
557828,Action
557828,Casual
557828,Indie
19004,Action
19004,Adventure
19004,Strategy
19004,Casual
19004,Indie
1222,Strategy
1222,Simulation
1222,Sports
1222,Racing
51357,Adventure
51357,Arcade
51357,Indie
51357,Puzzle
4274,Action
4274,Casual
4274,Puzzle
49333,Action
49333,Strategy
49333,Simulation
49333,Indie
914,Action
914,Adventure
914,Indie
914,Platformer
40774,Action
40774,Adventure
40774,RPG
40774,Casual
40774,Massively Multiplayer
53471,Adventure
3120,Action
3120,Indie
13086,Strategy
13086,Indie
11157,Action
37130,Action
37130,Shooter
11813,Adventure
11813,Indie
14782,RPG
14782,Massively Multiplayer
427882,Adventure
427882,Indie
20717,Racing
20717,Indie
54381,Action
54381,Shooter
19649,Action
19649,Adventure
19649,Indie
244787,RPG
244787,Strategy
244787,Indie
10398,Action
10398,Shooter
408286,Adventure
408286,RPG
408286,Simulation
15862,Action
15862,Simulation
26824,Adventure
411611,Action
19274,Action
19274,Adventure
25663,Action
25663,Arcade
25663,Platformer
19616,Strategy
12749,Adventure
12749,RPG
12749,Indie
14258,Adventure
14258,RPG
14258,Casual
14258,Indie
21208,Action
21208,Adventure
14843,Strategy
13120,Adventure
13120,Casual
13120,Indie
24881,Arcade
24881,Casual
24881,Family
14265,Strategy
14265,Casual
14265,Family
418467,Shooter
20203,Adventure
20203,RPG
20203,Simulation
20203,Indie
349250,Simulation
349250,Casual
349250,Indie
2443,Action
2443,Adventure
62036,Adventure
62036,Indie
17953,Action
17953,RPG
17953,Indie
17848,Action
17848,Adventure
17848,Indie
14726,Action
14726,Fighting
236714,Action
236714,Casual
236714,Indie
37627,Adventure
37627,RPG
19110,Adventure
19110,RPG
274670,Action
274670,Adventure
274670,Indie
60736,Action
60736,Strategy
60736,Indie
16718,Adventure
16718,Arcade
16718,Casual
16718,Indie
16718,Puzzle
16173,Action
16173,Adventure
16173,RPG
16173,Strategy
16173,Simulation
16173,Sports
16173,Racing
16173,Casual
16173,Indie
18397,Adventure
18397,Casual
18397,Indie
18397,Puzzle
10842,Action
10842,Strategy
10842,Casual
10842,Massively Multiplayer
10842,Indie
442839,Adventure
442839,Indie
3590,Action
3590,Adventure
3590,Fighting
833441,Action
833441,Adventure
833441,RPG
833441,Massively Multiplayer
3002,Action
3002,Shooter
3002,Adventure
52389,Action
52389,Adventure
52389,Sports
19670,Action
50351,Adventure
50351,Indie
50351,Puzzle
19348,Action
19348,Adventure
294128,Adventure
294128,RPG
294128,Strategy
294128,Simulation
294128,Educational
294128,Indie
19235,Strategy
19235,Simulation
21055,Action
21055,Strategy
21055,Indie
3085,RPG
3085,Indie
407547,Action
407547,Adventure
407547,RPG
2243,Action
2243,Racing
2243,Arcade
2243,Indie
21683,Action
21683,Adventure
21683,Indie
375231,Strategy
375231,Simulation
375231,Casual
375231,Indie
1082,Strategy
1082,Board Games
1082,Indie
2802,Adventure
2802,Indie
2802,Puzzle
20202,Action
20202,Adventure
20202,RPG
20202,Massively Multiplayer
20202,Indie
388968,Strategy
388968,Simulation
388968,Indie
12233,Action
12233,Indie
11194,Strategy
11194,Board Games
11194,Casual
11194,Puzzle
1818,Action
1818,Adventure
1818,Indie
17996,Adventure
17996,Indie
49375,Action
49375,Sports
49375,Racing
49375,Casual
49375,Indie
12014,Action
29223,Adventure
29223,RPG
29223,Strategy
29223,Card
3519,Action
3519,Strategy
17217,RPG
17217,Massively Multiplayer
18398,Adventure
18398,Casual
18398,Indie
20311,RPG
20311,Massively Multiplayer
28326,Action
28326,Family
10251,Action
10278,Adventure
10278,Casual
10278,Indie
12121,Action
12121,Adventure
12121,RPG
12121,Indie
15268,Action
15268,Adventure
15268,Massively Multiplayer
15268,Indie
11260,RPG
11260,Casual
11260,Massively Multiplayer
18698,Action
18698,RPG
18698,Strategy
29908,Adventure
29908,Arcade
29908,Puzzle
29908,Platformer
656,Adventure
656,Family
656,Indie
3480,Action
428083,Action
428083,Adventure
9585,Action
9585,RPG
9585,Arcade
52337,Action
52337,Fighting
52337,Indie
3369,Action
3369,Adventure
3369,Indie
455598,Action
455598,Adventure
455598,Indie
45972,Action
45972,Adventure
45972,RPG
45972,Indie
17081,Adventure
17081,RPG
17081,Strategy
17081,Indie
299557,Adventure
299557,RPG
299557,Simulation
299557,Casual
299557,Indie
9771,Action
9771,Adventure
9771,Simulation
9771,Indie
13190,Action
13190,Strategy
13190,Indie
345,Action
345,Adventure
345,RPG
345,Indie
2289,Action
2289,Shooter
2289,Adventure
2289,Indie
286579,Action
286579,RPG
286579,Massively Multiplayer
286579,Indie
28534,Action
28534,Adventure
10549,Adventure
10549,Strategy
10549,Simulation
10549,Casual
10549,Indie
20915,Shooter
20915,Casual
20915,Indie
377011,Action
31080,Simulation
21716,Action
21716,Indie
4137,Adventure
4137,Indie
59155,Adventure
17474,Action
53207,Action
17785,Action
19634,Action
8577,Action
8577,Adventure
8577,Simulation
8577,Indie
14547,Action
14547,Indie
13377,Indie
15349,Adventure
15349,Indie
15349,Puzzle
372595,Casual
485203,Action
485203,Adventure
485203,RPG
485203,Indie
15068,Action
15068,Simulation
15068,Indie
20305,Action
20305,Adventure
20305,Simulation
20305,Indie
15941,Action
15941,Adventure
15941,RPG
15941,Strategy
15941,Casual
15941,Indie
22903,Adventure
22903,Puzzle
1204,RPG
1204,Casual
1204,Puzzle
586936,Strategy
2219,Action
2219,Shooter
2219,Arcade
279603,Strategy
279603,Indie
21793,Action
21793,Indie
258385,Simulation
258385,Indie
2780,Action
2780,Shooter
59986,Action
59986,Adventure
59986,Indie
16122,Adventure
16709,Adventure
16709,Indie
16709,Puzzle
388947,Simulation
388947,Indie
388947,Puzzle
11950,Action
11950,Adventure
11950,RPG
11950,Indie
18718,Action
18718,Shooter
59314,Strategy
59314,Simulation
370222,RPG
370222,Simulation
370222,Indie
16171,Action
16171,Adventure
16171,RPG
16171,Strategy
16171,Simulation
16171,Sports
16171,Racing
16171,Casual
16171,Indie
2374,Action
2374,Sports
21816,Action
21816,Indie
249966,Action
249966,Adventure
440084,Action
440084,Shooter
440084,Adventure
440084,Indie
21725,Action
21725,RPG
21725,Strategy
19338,Action
19338,Adventure
19338,Platformer
21379,RPG
21379,Simulation
21379,Indie
14896,Action
14896,Adventure
14896,RPG
14896,Casual
14896,Indie
64143,Adventure
64143,Indie
10722,RPG
10722,Strategy
10722,Massively Multiplayer
295015,Adventure
295015,RPG
19381,Strategy
19381,Simulation
1159,Action
10831,Action
10831,Simulation
10831,Casual
10831,Indie
462677,Action
462677,Shooter
462677,Adventure
15724,Action
15724,Indie
15724,Platformer
14430,Action
14430,Fighting
19416,Strategy
19416,Simulation
22395,Action
22395,Adventure
22395,RPG
22395,Strategy
22395,Indie
6319,Adventure
6319,RPG
7849,Adventure
7849,RPG
7849,Strategy
7849,Simulation
7849,Indie
22104,RPG
22104,Strategy
22104,Indie
16189,Action
16189,Adventure
16189,Indie
316821,Action
316821,Shooter
9798,RPG
9798,Strategy
9798,Indie
12144,RPG
6256,Action
6256,Shooter
6256,Arcade
6256,Casual
6256,Fighting
20965,Action
20965,Racing
581213,Action
581213,Indie
10745,Action
10745,Indie
292840,Action
292840,Platformer
4431,Action
4431,Shooter
4431,RPG
4431,Arcade
4431,Indie
370243,Adventure
370243,Strategy
370243,Indie
233858,Action
233858,Adventure
233858,RPG
23748,Adventure
23748,RPG
17597,Action
17597,Shooter
17597,Indie
362895,Adventure
362895,Simulation
362895,Indie
3977,Strategy
3977,Board Games
3977,Card
3645,Action
3645,Adventure
3645,Strategy
3645,Casual
3645,Indie
3645,Puzzle
31476,Action
31476,Adventure
31476,Arcade
28082,Action
28082,Adventure
28082,Indie
14099,Simulation
14099,Indie
11899,Action
11899,Indie
5610,Action
5610,Adventure
1555,Racing
1555,Arcade
1555,Casual
1555,Indie
614967,Strategy
614967,Simulation
614967,Indie
598872,Strategy
16898,Action
16898,Casual
16898,Indie
16119,Action
16119,Adventure
16119,RPG
16119,Strategy
16119,Simulation
16119,Sports
16119,Racing
16119,Casual
16119,Indie
427490,RPG
28264,Racing
718135,Action
718135,Adventure
718135,RPG
718135,Indie
10226,Action
10226,Adventure
20309,Action
20309,Fighting
555994,RPG
555994,Strategy
18739,Action
18739,Shooter
60860,Simulation
60860,Sports
60860,Racing
27571,Platformer
514890,RPG
514890,Strategy
20241,Action
20241,Indie
18407,Action
18407,Casual
18407,Indie
16174,Action
16174,Adventure
16174,RPG
16174,Strategy
16174,Simulation
16174,Sports
16174,Racing
16174,Casual
16174,Indie
16174,Puzzle
14097,Casual
14097,Indie
25131,Adventure
25131,RPG
20830,RPG
20830,Strategy
20830,Indie
14264,Adventure
14264,Strategy
14264,Casual
14264,Family
45869,Action
45869,Adventure
573119,Action
573119,Shooter
573119,Indie
12636,Strategy
12636,Simulation
12636,Indie
40468,Action
40468,RPG
40468,Massively Multiplayer
20523,Action
20523,Adventure
20523,Casual
20523,Indie
19672,Action
19672,Adventure
19672,Family
23263,Strategy
23263,Simulation
23263,Sports
23263,Casual
23263,Indie
16293,Action
16293,Strategy
16293,Indie
10720,Action
10720,Shooter
10720,Indie
50228,Action
50228,Adventure
50228,RPG
50228,Casual
50228,Massively Multiplayer
299569,Action
299569,Adventure
299569,Indie
622495,Action
622495,RPG
622495,Platformer
18288,Action
18288,Arcade
18288,Fighting
18288,Indie
60037,Action
60037,Indie
281880,Action
281880,Adventure
281880,Strategy
281880,Casual
281880,Indie
10751,Adventure
10751,RPG
10751,Strategy
10751,Indie
16465,Adventure
16296,Adventure
16296,Indie
16111,Action
16111,Adventure
16111,RPG
16111,Strategy
16111,Simulation
16111,Sports
16111,Racing
16111,Casual
16111,Indie
46502,RPG
20168,Adventure
20168,RPG
20168,Casual
20168,Indie
1099,Action
1099,Adventure
1099,Simulation
315987,Adventure
315987,Indie
315987,Puzzle
1412,Sports
1412,Racing
14881,Simulation
14881,Casual
14881,Indie
20803,Action
20803,Casual
20803,Indie
316936,Action
316936,Adventure
316936,RPG
316936,Indie
31542,Action
31542,Adventure
262433,Action
262433,Adventure
262433,Casual
262433,Indie
40,Adventure
40,Casual
40,Indie
40,Puzzle
4468,Action
53456,Action
53456,Adventure
53456,Platformer
16453,Action
19637,Action
19637,Adventure
48987,Action
48987,Strategy
48987,Simulation
48987,Indie
14018,Action
14018,Adventure
576497,Adventure
576497,RPG
576497,Strategy
576497,Simulation
370204,Adventure
370204,Casual
370204,Indie
620042,Adventure
620042,RPG
620042,Indie
28024,Action
28024,Shooter
17788,Adventure
17788,RPG
44839,RPG
44839,Strategy
44839,Indie
20379,Strategy
20379,Simulation
452648,Action
452648,RPG
11946,Action
11946,Indie
316910,Action
316910,Casual
316910,Indie
1091,RPG
1091,Card
1091,Indie
1081,Action
1081,Casual
1081,Indie
17790,Action
17790,Shooter
17790,Indie
61725,Indie
49631,Action
49631,RPG
49631,Massively Multiplayer
384557,Action
384557,Adventure
384557,RPG
384557,Indie
46480,Action
46480,Adventure
46480,Simulation
46480,Indie
330615,Adventure
330615,RPG
9838,Adventure
9838,Strategy
9838,Simulation
9838,Indie
7016,Action
7016,Strategy
7016,Arcade
7016,Casual
7016,Indie
4307,Action
4307,Racing
10057,Strategy
51854,RPG
51854,Strategy
51854,Indie
12908,Sports
12908,Racing
7190,Strategy
7190,Board Games
7190,Family
213624,Action
213624,Adventure
213624,Indie
213624,Platformer
15958,Action
15958,Adventure
15958,Indie
28207,Racing
28207,Arcade
36777,Action
36777,Shooter
970321,Action
970321,Massively Multiplayer
400298,Action
400298,Arcade
400298,Fighting
216364,Action
216364,Massively Multiplayer
15164,Action
15164,Indie
20964,Action
2222,Action
2222,Adventure
3980,Strategy
3980,Simulation
3980,Sports
3980,Casual
3980,Indie
16266,Action
16266,Shooter
16266,Simulation
50580,Action
45827,Action
45827,Adventure
45827,Indie
349870,RPG
349870,Indie
5665,Action
5665,Shooter
9607,Action
9607,Indie
17929,Action
17929,Adventure
17929,Indie
14356,RPG
14356,Simulation
14356,Indie
14803,Action
14803,Adventure
14803,RPG
14803,Massively Multiplayer
22413,Action
22413,Strategy
22413,Indie
10435,Strategy
10435,Massively Multiplayer
10435,Indie
22641,Strategy
59184,Action
59184,RPG
21823,Simulation
21823,Casual
21823,Indie
2496,Adventure
2496,RPG
2496,Strategy
2496,Casual
2496,Indie
14011,RPG
14011,Strategy
14011,Simulation
14100,Casual
14100,Indie
343595,Action
343595,Adventure
343595,RPG
343595,Family
343595,Platformer
17922,Action
17922,Indie
3731,Action
3731,Adventure
3731,Arcade
51175,Adventure
475071,RPG
475071,Strategy
475071,Card
475071,Indie
20426,Indie
20426,Puzzle
51327,Action
51327,Platformer
327209,Adventure
327209,Strategy
530497,Action
530497,Adventure
530497,RPG
11212,Adventure
11212,Indie
791,Action
791,Strategy
791,Casual
791,Indie
19769,Adventure
19769,Casual
19769,Indie
11387,Action
11387,Strategy
11387,Simulation
3830,Action
3830,Adventure
22651,Action
22651,Adventure
53239,Action
53239,Adventure
53239,Arcade
53239,Platformer
14435,Action
14435,Casual
14435,Indie
24072,Action
24072,Adventure
24072,RPG
13792,Action
13792,Adventure
13792,RPG
366889,Action
366889,RPG
366889,Massively Multiplayer
37898,Action
37898,Shooter
37898,Racing
486727,Action
486727,Shooter
486727,Adventure
2796,Action
2796,Indie
16116,Action
16116,Adventure
16116,RPG
16116,Strategy
16116,Simulation
16116,Sports
16116,Racing
16116,Casual
16116,Indie
19278,Action
19278,Shooter
19278,Simulation
19278,Indie
22475,Action
22475,Casual
840,Action
840,Adventure
840,RPG
840,Strategy
311644,Adventure
311644,Indie
311644,Platformer
532482,RPG
532482,Simulation
532482,Casual
532482,Massively Multiplayer
532482,Indie
614961,Action
614961,Adventure
614961,Indie
614961,Puzzle
614961,Platformer
60594,Adventure
60594,RPG
635386,Action
635386,Adventure
635386,Indie
14417,Adventure
14417,RPG
14417,Indie
9998,Action
9998,Indie
14354,Adventure
14354,RPG
14354,Indie
560792,Action
560792,Strategy
560792,Simulation
560792,Sports
560792,Casual
560792,Indie
10613,Action
10613,Adventure
10613,Indie
19268,Action
19268,Adventure
19268,Casual
19268,Indie
61717,Strategy
61717,Simulation
61717,Indie
20418,Strategy
20418,Simulation
20418,Indie
16917,RPG
16917,Indie
79210,Action
79210,Strategy
474,Racing
10376,Action
10376,Adventure
12914,Casual
12914,Indie
607,Action
607,Adventure
607,Indie
607,Platformer
14485,Adventure
14485,Indie
21958,Action
28570,Action
20227,Action
20227,Casual
20227,Indie
20114,Action
20114,Racing
20114,Indie
10612,Action
10612,Shooter
10612,Adventure
10612,Strategy
10612,Indie
19104,Action
19104,Strategy
19104,Casual
19104,Indie
7229,Adventure
7229,Indie
308092,Adventure
308092,Casual
308092,Indie
21054,Strategy
21054,Indie
319138,Action
319138,Adventure
319138,RPG
319138,Simulation
319138,Sports
319138,Racing
51328,Action
51328,Shooter
51328,Adventure
51328,Strategy
15381,RPG
15381,Strategy
16828,Action
16828,Adventure
16828,RPG
16828,Arcade
16828,Casual
16828,Indie
9932,Action
9932,RPG
9932,Indie
17257,Action
17257,Indie
17952,Strategy
17952,Arcade
17952,Casual
17952,Educational
17952,Indie
17952,Puzzle
25142,Action
25142,Adventure
11502,Action
11502,Adventure
11502,RPG
11502,Indie
4957,Strategy
4957,Simulation
20332,Adventure
20332,RPG
20332,Indie
61889,Action
61889,Adventure
61889,Massively Multiplayer
61889,Indie
51573,Action
51573,Shooter
51573,RPG
35020,Action
35020,Shooter
2096,Action
2096,Shooter
22852,Action
22852,Adventure
22852,RPG
22014,Action
22014,Adventure
17946,Action
17946,Strategy
18740,Action
18740,Shooter
46602,Adventure
46602,RPG
46602,Strategy
46602,Indie
10107,RPG
10107,Strategy
10107,Indie
4859,Action
4859,Adventure
4859,RPG
19708,Casual
19708,Indie
15491,Adventure
15491,RPG
15491,Massively Multiplayer
15491,Indie
9529,Action
9529,Adventure
9529,RPG
9529,Massively Multiplayer
9529,Indie
19732,Casual
19732,Indie
12146,Action
12146,Adventure
12146,RPG
12146,Indie
12146,Platformer
9441,Action
9441,Adventure
2258,Action
2258,Adventure
2258,Arcade
2258,Puzzle
2258,Platformer
487916,Action
487916,Platformer
104,Action
104,Adventure
104,RPG
104,Indie
16850,Action
16850,Adventure
16850,RPG
16850,Strategy
16850,Indie
5644,Arcade
16308,Action
16308,Adventure
16308,Indie
20333,Adventure
20333,RPG
20333,Strategy
20333,Indie
51507,Action
51507,Adventure
51507,Casual
51507,Indie
18418,Action
18418,Adventure
18418,Indie
43753,RPG
5512,Action
5512,Shooter
5512,Adventure
52371,Action
52371,Adventure
52371,Platformer
44,Action
42370,Action
42370,Adventure
42370,RPG
42370,Strategy
42370,Indie
16849,Action
16849,Indie
10552,Adventure
10552,Massively Multiplayer
10552,Indie
13852,Adventure
13852,RPG
13852,Indie
563395,Action
563395,Adventure
563395,Indie
19522,Action
19522,Adventure
19522,Indie
22019,Simulation
22019,Casual
22019,Family
22019,Indie
16725,Indie
16726,Strategy
16726,Indie
619806,Action
619806,Adventure
619806,Indie
18716,Action
18716,RPG
18716,Simulation
18716,Casual
18716,Indie
5651,Action
5651,Shooter
6298,Action
6298,Adventure
6298,Simulation
6298,Indie
6298,Puzzle
13276,Action
13276,Adventure
13276,Casual
13276,Massively Multiplayer
13276,Indie
18608,Adventure
18608,RPG
18608,Simulation
18608,Indie
19006,Casual
19006,Indie
19006,Puzzle
9673,Action
9673,Indie
9673,Platformer
802000,Adventure
802000,Simulation
802000,Casual
802000,Indie
367081,Action
367081,Adventure
367081,RPG
367081,Simulation
45545,Action
45545,Shooter
58086,Action
58086,Adventure
427787,Adventure
427787,RPG
427787,Strategy
427787,Simulation
427787,Casual
14337,Action
14337,Strategy
14337,Casual
14337,Indie
2881,Action
38482,Action
38482,Shooter
387232,Action
387232,Adventure
387232,Platformer
16106,Adventure
16106,Indie
14796,Action
14796,Shooter
14796,Arcade
14796,Indie
10668,Action
10668,Adventure
10668,Racing
10668,Indie
17534,Action
17534,Casual
387309,Action
387309,Shooter
387309,RPG
387309,Massively Multiplayer
387309,Indie
21586,Action
817970,Casual
21691,RPG
9555,Action
9555,Adventure
9555,Indie
804753,Action
804753,Adventure
804753,RPG
19602,Action
19602,Indie
56088,Action
56088,Adventure
16613,Casual
16613,Indie
36999,Action
36999,Shooter
36999,Strategy
36999,Simulation
36999,Massively Multiplayer
22704,Action
22704,Adventure
22704,Platformer
5571,Action
5571,Shooter
18615,Adventure
10047,Strategy
10047,Indie
15335,Simulation
15335,Indie
29204,Action
9324,Adventure
9324,Indie
9324,Puzzle
14701,Action
14701,Adventure
14701,RPG
14701,Strategy
14701,Simulation
14701,Sports
14701,Racing
14701,Casual
14701,Indie
864991,Action
864991,Adventure
864991,RPG
56222,Action
56222,Fighting
18654,Action
18654,Adventure
18654,RPG
18654,Strategy
18654,Simulation
18654,Casual
18654,Indie
19520,Action
19520,Shooter
19520,Adventure
15404,Adventure
15404,RPG
15404,Fighting
9931,Action
9931,Strategy
9931,Massively Multiplayer
20017,Casual
20017,Indie
20589,Adventure
20589,Simulation
20589,Indie
613490,Action
613490,RPG
484828,Adventure
484828,Casual
484828,Indie
484828,Puzzle
787607,Action
787607,Sports
787607,Racing
787607,Casual
14019,Action
14019,Adventure
14019,RPG
14019,Casual
14019,Indie
10791,Adventure
22394,Action
22394,Casual
22394,Indie
165,Action
165,Adventure
165,RPG
165,Indie
10095,Action
10095,Adventure
10095,Racing
10095,Indie
20906,RPG
20906,Indie
2476,Action
2476,Adventure
2476,Indie
7452,RPG
7452,Strategy
7452,Indie
20660,Action
20660,Adventure
20660,Indie
20736,Action
20736,Arcade
20736,Indie
586208,Simulation
586208,Sports
586208,Racing
61622,Adventure
61622,Indie
19555,Casual
18045,RPG
18045,Indie
301573,Action
301573,Indie
301573,Puzzle
301573,Platformer
20813,Action
20813,Adventure
20813,Platformer
12356,Simulation
12356,Casual
12356,Massively Multiplayer
22918,Action
22918,Adventure
398402,Action
398402,RPG
2309,RPG
2309,Strategy
22416,Action
22416,Strategy
22416,Indie
64173,Simulation
622,Action
622,Strategy
622,Simulation
23973,RPG
6588,Action
6588,Adventure
6588,Indie
264758,Action
264758,Adventure
264758,Indie
20312,Strategy
20312,Casual
20312,Indie
1425,Action
1425,Strategy
1425,Sports
1425,Casual
1425,Indie
3512,Arcade
3512,Casual
3512,Indie
14012,RPG
14012,Strategy
17765,RPG
17765,Strategy
17765,Indie
19351,Simulation
20982,Adventure
20982,Strategy
20982,Casual
20982,Massively Multiplayer
12772,Action
12772,Casual
12772,Indie
19547,Action
19547,Adventure
19547,RPG
19547,Indie
19547,Platformer
3667,Action
3667,Shooter
514899,Action
21820,Action
21820,RPG
21820,Indie
651,Action
651,Strategy
651,Casual
651,Indie
377825,Action
377825,RPG
377825,Strategy
377825,Indie
15954,Action
15954,Adventure
15954,Strategy
15954,Casual
15954,Indie
2138,Action
2138,Adventure
2138,RPG
2138,Board Games
2138,Indie
13520,Simulation
13520,Racing
17535,Adventure
17535,Indie
4267,Sports
4267,Racing
31759,Action
53432,Fighting
10345,RPG
10345,Indie
11248,Adventure
11248,Educational
11248,Indie
11248,Puzzle
1767,Action
1767,Adventure
1767,RPG
1767,Indie
51230,Action
51230,Shooter
51230,Adventure
51230,RPG
51230,Massively Multiplayer
22161,Adventure
22161,RPG
22161,Strategy
22161,Indie
42236,Adventure
42236,RPG
42236,Indie
353464,Action
353464,RPG
353464,Indie
9770,Action
9770,Adventure
9770,Arcade
9770,Family
23313,Action
23313,RPG
14402,Adventure
14402,Indie
30525,Strategy
517399,Action
517399,Strategy
517399,Simulation
517399,Casual
517399,Family
517399,Indie
58501,Shooter
15576,Adventure
15576,RPG
3911,Action
3911,Platformer
15235,Adventure
15235,RPG
3579,Strategy
3579,Indie
10519,Action
10519,Adventure
10519,RPG
10519,Massively Multiplayer
10519,Indie
9502,Action
9502,Indie
20481,RPG
20481,Casual
9747,Action
9747,Simulation
9747,Casual
9747,Indie
35985,Action
12381,Action
12381,Indie
3560,Sports
16766,Action
16766,RPG
16766,Simulation
16766,Massively Multiplayer
16766,Indie
350126,Adventure
350126,RPG
350126,Strategy
14724,Action
14724,Casual
14724,Indie
452647,Simulation
452647,Sports
9501,Simulation
52390,Action
52390,Indie
28540,Sports
28540,Fighting
491834,Adventure
491834,Indie
398405,Action
398405,Adventure
398405,Simulation
398405,Indie
20154,Action
20154,Adventure
20154,Casual
20154,Indie
349515,Casual
349515,Indie
16149,Strategy
16149,Casual
16149,Indie
39141,Action
39141,Adventure
39141,RPG
13169,Action
13169,Casual
13169,Indie
332787,Action
332787,Adventure
51179,Adventure
51179,Puzzle
2408,Action
2408,Shooter
18846,Adventure
17614,Action
17614,Indie
14432,Action
14432,Strategy
14432,Simulation
12116,Strategy
12116,Simulation
12116,Casual
12116,Indie
18318,Action
18318,Indie
552923,Action
552923,Strategy
18629,Adventure
32122,Action
32122,Shooter
32122,Adventure
13285,Action
12530,Adventure
12530,Strategy
12530,Indie
366865,Action
366865,Adventure
366865,Strategy
366865,Indie
960912,RPG
17539,Adventure
17539,RPG
17539,Indie
600924,Action
600924,Adventure
20987,RPG
20987,Strategy
18847,Adventure
19541,Adventure
254604,Strategy
254604,Simulation
4409,Arcade
4409,Puzzle
12109,Adventure
12109,Indie
473484,Action
473484,Adventure
473484,Casual
473484,Indie
473484,Puzzle
473484,Platformer
12140,Adventure
12140,RPG
12140,Indie
936663,Action
936663,Shooter
16404,Action
16404,Strategy
16404,Casual
16404,Indie
22092,Action
22092,Adventure
22092,Strategy
22092,Simulation
22092,Indie
38542,Adventure
38542,Puzzle
17012,Action
17012,Adventure
17012,Simulation
17012,Indie
51124,Adventure
51124,Casual
51124,Indie
51124,Puzzle
28571,Action
28571,Puzzle
28571,Platformer
30744,Adventure
35325,Action
35325,Adventure
28075,Simulation
28075,Casual
58807,Adventure
58807,RPG
58807,Indie
2532,Action
19454,RPG
856178,Action
404481,Action
404481,Adventure
21151,Adventure
21151,Casual
21151,Indie
21538,Action
21538,Strategy
21538,Simulation
427780,Action
427780,Strategy
427780,Indie
18632,Adventure
44064,Simulation
44064,Casual
44064,Indie
17095,Action
17095,Adventure
17095,Indie
616686,Adventure
616686,Casual
616686,Indie
957,Action
957,Adventure
596,Action
596,Strategy
4294,Action
4294,Shooter
4294,Indie
19810,Action
19810,Strategy
19810,Casual
19810,Indie
5137,Action
46543,Strategy
650597,Action
650597,Shooter
41083,Action
16166,Action
16166,Adventure
16166,RPG
16166,Strategy
16166,Simulation
16166,Sports
16166,Racing
16166,Casual
16166,Indie
19639,Action
19639,Strategy
19639,Simulation
19639,Casual
16011,Action
16011,Indie
514892,Strategy
514892,Simulation
514892,Indie
514892,Puzzle
868086,Action
868086,Adventure
127659,Action
127659,RPG
261887,Action
261887,Adventure
261887,Puzzle
321226,Action
321226,Sports
321226,Racing
321226,Arcade
321226,Casual
3087,Strategy
3087,Simulation
3087,Indie
57179,Arcade
650598,Action
650598,Shooter
20128,Adventure
20128,RPG
20128,Strategy
351827,Shooter
17245,Adventure
17245,Indie
15725,Action
15725,Adventure
15725,Indie
300737,Action
300737,Adventure
300737,RPG
300737,Strategy
300737,Indie
370143,Indie
324199,Action
13288,Strategy
13288,Casual
13288,Indie
392306,Casual
392306,Indie
2869,RPG
2869,Indie
10643,RPG
10643,Strategy
22388,Action
1638,Simulation
1638,Board Games
1638,Casual
1638,Educational
1638,Indie
1638,Puzzle
28435,Action
28435,Racing
19681,Adventure
19681,Indie
302857,Action
11389,Adventure
11389,RPG
11389,Simulation
11389,Casual
11389,Indie
3650,Action
3650,Strategy
3650,Simulation
3650,Indie
3650,Puzzle
3650,Platformer
21068,Action
21068,Adventure
21068,Arcade
21068,Puzzle
16270,Casual
28315,Family
249973,Adventure
49354,RPG
49354,Simulation
51177,Adventure
17324,Adventure
17324,Indie
1601,Adventure
1601,Indie
1601,Puzzle
1601,Platformer
28515,Strategy
28515,Simulation
430254,Action
430254,Indie
18263,Action
18263,Indie
17449,Action
17449,Indie
2112,Adventure
2112,Casual
2112,Puzzle
3335,Action
3335,Strategy
50372,Action
50372,Adventure
50372,Simulation
50372,Indie
20984,Casual
60670,Strategy
60670,Simulation
60670,Indie
59356,Action
59356,Shooter
1347,Simulation
1347,Sports
13711,Action
13711,Adventure
13711,Strategy
13711,Casual
16071,Strategy
16071,Indie
20300,Action
20300,RPG
20300,Massively Multiplayer
20725,Action
20725,Adventure
59,Adventure
59,Casual
59,Indie
55775,Action
21546,Action
21546,Adventure
21546,Indie
19614,Action
19614,Adventure
13972,RPG
13972,Strategy
13972,Simulation
1253,Action
1253,Shooter
1253,Arcade
1253,Casual
1253,Indie
17926,Strategy
17926,Indie
43624,Adventure
43624,Indie
17528,Adventure
17528,Indie
17528,Puzzle
17528,Platformer
2820,Adventure
2820,Indie
2820,Puzzle
49788,Action
49788,Adventure
49788,RPG
49788,Simulation
49788,Massively Multiplayer
949,Arcade
949,Casual
949,Indie
949,Puzzle
9283,Adventure
9283,Indie
9283,Puzzle
47242,Action
47242,Racing
47242,Casual
47242,Indie
18742,Action
18742,Shooter
18742,Adventure
18742,Arcade
18742,Casual
484531,Action
484531,Indie
795463,Action
795463,Adventure
667350,Adventure
667350,RPG
14002,Action
14002,Shooter
11372,Adventure
11372,Casual
11372,Indie
19466,Strategy
9549,Strategy
9549,Simulation
9422,Action
9422,Simulation
9422,Indie
19525,Action
19525,Indie
45957,Action
45957,Adventure
45957,Platformer
4538,Action
4538,Adventure
4538,Arcade
5484,Action
5484,Shooter
28447,Sports
28447,Family
566660,Adventure
566660,RPG
566660,Strategy
566660,Simulation
566660,Indie
427620,Action
14551,RPG
14551,Strategy
14551,Indie
18112,RPG
18112,Strategy
18112,Simulation
18112,Massively Multiplayer
18112,Indie
514900,Action
428072,Action
428072,Indie
3862,Action
3862,Adventure
3862,Indie
18626,Strategy
18626,Simulation
17548,Strategy
17548,Indie
19924,Casual
17005,Casual
17005,Puzzle
13217,Action
13217,Shooter
13217,RPG
13217,Indie
283985,Action
18302,Action
18302,Shooter
18302,Casual
18302,Indie
61767,Simulation
61767,Educational
61767,Indie
19289,Action
19289,Shooter
290897,Action
290897,Casual
290897,Fighting
290897,Indie
28437,Action
28437,Adventure
28437,Platformer
586199,Action
586199,Adventure
586199,RPG
58816,Action
58816,Adventure
58816,Indie
6954,Adventure
6954,Casual
6954,Indie
6954,Puzzle
61332,RPG
61332,Indie
5621,Action
5621,RPG
17025,Action
17025,Adventure
17025,Indie
17025,Puzzle
17025,Platformer
18798,Casual
28021,Action
28021,Arcade
18144,Casual
18144,Indie
41457,Strategy
11134,Action
11134,Adventure
11134,RPG
11134,Indie
59688,Adventure
59688,RPG
59688,Simulation
59688,Casual
59688,Indie
20759,Strategy
20759,Casual
20759,Indie
472,Action
472,Adventure
472,RPG
19929,Casual
19929,Indie
17039,Adventure
17039,Indie
20123,Adventure
20123,RPG
20123,Indie
1816,Action
1816,Fighting
43358,Sports
13639,Action
13639,Arcade
13639,Casual
13639,Indie
292817,Action
292817,Adventure
292817,Indie
292817,Platformer
10367,Action
10367,RPG
10367,Indie
763608,Simulation
763608,Casual
763608,Indie
20032,Adventure
20032,Casual
20032,Educational
20032,Indie
3820,Racing
14468,Adventure
14468,RPG
14468,Casual
14468,Indie
388943,Simulation
20805,Action
20805,Adventure
20805,Racing
20805,Arcade
20805,Indie
13020,Action
13020,Adventure
13020,Indie
16130,RPG
16130,Massively Multiplayer
20971,Action
20971,Shooter
20969,Action
17120,Indie
3540,Action
20874,Adventure
20874,RPG
20874,Indie
16692,Strategy
402508,Adventure
19481,Action
19481,Indie
23060,Adventure
59261,Action
59261,Shooter
59261,Adventure
59261,Simulation
43832,RPG
43832,Indie
17602,Action
17602,Adventure
17602,Strategy
17602,Simulation
17602,Indie
23292,Strategy
23292,Simulation
13734,Action
13734,Adventure
13734,RPG
13734,Strategy
13734,Simulation
13734,Sports
13734,Racing
13734,Casual
13734,Indie
350787,Action
350787,Adventure
350787,Arcade
350787,Indie
648,Indie
648,Puzzle
683246,Adventure
683246,RPG
683246,Strategy
683246,Indie
367194,Action
29324,RPG
29324,Simulation
29324,Casual
29324,Indie
28533,Action
28533,Adventure
44328,Simulation
19407,Strategy
17248,Action
17248,Adventure
17248,RPG
17248,Strategy
17248,Simulation
17248,Sports
17248,Racing
17248,Casual
17248,Indie
4476,Action
4476,Racing
19294,Action
19294,Adventure
19294,Strategy
19294,Casual
2942,RPG
3954,Action
3954,Adventure
3954,Arcade
61073,Action
61073,Adventure
61073,Indie
7695,Action
7695,Adventure
7695,Casual
7695,Indie
17202,Action
17202,Indie
4632,Action
4632,Adventure
4632,Casual
4632,Indie
11814,RPG
11814,Strategy
11814,Indie
32575,Sports
32575,Arcade
1352,Action
1352,Strategy
1352,Simulation
1352,Indie
10660,Adventure
10660,Casual
484718,Action
801623,Adventure
801623,Indie
801623,Puzzle
462688,Action
462688,Adventure
462688,RPG
17339,Action
17339,Simulation
17339,Indie
9936,Casual
9936,Indie
19716,Strategy
19716,Casual
19716,Indie
15923,Casual
15923,Indie
15923,Puzzle
19740,Action
19740,Casual
19740,Indie
834,Adventure
834,RPG
17731,Adventure
380786,Adventure
380786,Casual
380786,Indie
16563,RPG
16563,Strategy
16563,Casual
16563,Indie
631942,Action
631942,Adventure
692669,Adventure
692669,RPG
692669,Simulation
692669,Indie
60586,Action
60586,Simulation
60586,Indie
15855,Action
15855,Simulation
10168,Action
17640,Adventure
17640,RPG
286485,Action
286485,Adventure
286485,RPG
286485,Card
23300,Action
23300,Indie
6446,Simulation
6446,Casual
6446,Family
6446,Indie
53762,Action
53762,Shooter
53762,Platformer
19754,Action
19754,Casual
19754,Indie
490752,Action
490752,Sports
490752,Massively Multiplayer
4247,Arcade
4247,Fighting
18702,Strategy
18702,Simulation
527422,Casual
527422,Indie
20003,Adventure
20003,RPG
20003,Indie
19404,Action
270769,Action
270769,Indie
27102,Platformer
49284,Action
49284,RPG
49284,Indie
58607,Strategy
58607,Casual
58607,Educational
58607,Indie
58607,Puzzle
19490,Action
7090,Strategy
7090,Arcade
7090,Indie
301516,Action
301516,Adventure
301516,RPG
301516,Indie
10363,Adventure
10363,Simulation
10363,Indie
14267,Strategy
14267,Casual
14267,Family
21308,Casual
21308,Indie
11682,Action
11682,Adventure
11682,Indie
17835,Strategy
21687,Action
21687,Racing
21687,Indie
487911,Action
487911,Strategy
487911,Casual
487911,Puzzle
41336,RPG
538,Strategy
538,Board Games
538,Indie
28554,Action
28554,Sports
678660,Action
678660,Adventure
11748,Adventure
11748,Family
15362,Action
15362,Adventure
15362,Indie
3611,Casual
3611,Indie
3611,Puzzle
4188,Strategy
4188,Simulation
370260,Simulation
370260,Sports
573277,Adventure
573277,Indie
3200,Adventure
51383,Action
51383,Shooter
51383,Strategy
51383,Sports
51383,Casual
51383,Massively Multiplayer
51383,Indie
4219,Action
4219,Shooter
471028,Action
471028,Adventure
17752,Action
17752,Indie
593228,Adventure
593228,RPG
593228,Strategy
593228,Simulation
593228,Indie
45644,Adventure
45644,Casual
45644,Indie
45644,Puzzle
3118,Action
3118,Adventure
3118,RPG
16402,Action
16402,Adventure
16402,RPG
16402,Strategy
16402,Simulation
16402,Sports
16402,Racing
16402,Casual
16402,Indie
1520,Action
1520,Adventure
1520,Casual
1520,Indie
1520,Puzzle
5511,Action
5511,Shooter
242,Racing
242,Arcade
242,Casual
14305,Strategy
14305,Indie
19648,Action
19648,Shooter
19648,Adventure
13654,Action
13654,Adventure
13654,RPG
13654,Strategy
13654,Indie
306082,Casual
306082,Indie
20331,Action
20331,Strategy
20331,Indie
12059,Adventure
12059,RPG
12059,Simulation
12059,Massively Multiplayer
545029,Sports
51079,Adventure
51079,Simulation
51079,Indie
37907,Action
37907,Adventure
37907,Arcade
4888,Action
4888,Adventure
4888,RPG
17549,Indie
4145,Action
4145,Racing
4145,Arcade
7335,Simulation
7335,Sports
7335,Indie
16060,Indie
782340,Action
782340,Indie
19731,Action
19731,Indie
46801,Adventure
46801,RPG
46801,Strategy
46801,Simulation
46801,Indie
10158,Action
6842,Casual
6842,Indie
28520,Action
17035,Action
17035,Adventure
17035,Indie
12839,Action
12839,Adventure
12839,RPG
12839,Strategy
12839,Simulation
12839,Casual
12839,Indie
10902,Casual
10902,Indie
32330,Adventure
19493,Shooter
19493,Indie
3833,Action
3833,Adventure
3833,RPG
10110,Adventure
10110,Indie
3464,Action
3464,Racing
3464,Indie
38805,Adventure
2283,Adventure
2283,Indie
2283,Puzzle
20239,Action
20239,Indie
2974,Simulation
2974,Casual
2974,Massively Multiplayer
264764,Strategy
264764,Simulation
264764,Indie
447825,Action
447825,Adventure
447825,Puzzle
10417,Adventure
10417,RPG
10417,Educational
10417,Massively Multiplayer
24761,Racing
56123,Action
56123,Shooter
56123,Adventure
38931,Adventure
12076,Action
12076,RPG
12076,Indie
39093,Adventure
528689,Strategy
528689,Simulation
528689,Indie
881537,Action
881537,Adventure
881537,Simulation
44057,Action
44057,Indie
18631,Adventure
49790,Action
49790,Adventure
49790,RPG
49790,Strategy
49790,Indie
14550,Action
14550,RPG
16454,Action
16454,Adventure
14772,Strategy
14772,Simulation
14772,Casual
14772,Indie
20895,Action
20895,Adventure
20895,Indie
58948,Action
58948,Indie
12300,Adventure
12300,Casual
12300,Educational
12300,Indie
800,Action
800,Indie
21166,RPG
21166,Indie
14922,Action
14922,Adventure
14922,RPG
14922,Strategy
14922,Simulation
14922,Indie
2356,RPG
19605,Strategy
19605,Simulation
16555,RPG
16555,Indie
16739,Action
16739,Shooter
16739,Adventure
16739,Massively Multiplayer
52623,Puzzle
5561,Sports
5561,Racing
11819,Action
11819,Adventure
11819,Casual
11819,Indie
8000,RPG
8000,Strategy
8000,Casual
8000,Indie
20112,Action
20112,Strategy
20112,Indie
20661,Adventure
20661,RPG
20661,Casual
20661,Indie
9820,Action
9820,Indie
12291,Action
12291,Indie
51176,Adventure
899,Action
899,Fighting
10872,RPG
10872,Strategy
10872,Indie
19702,Action
4499,Sports
4499,Arcade
4499,Casual
1660,Strategy
1660,Board Games
1660,Card
1660,Indie
12748,Simulation
12748,Indie
51174,Adventure
29170,Action
29170,Shooter
943,Simulation
455599,Action
455599,Shooter
455599,Sports
505871,Casual
505871,Indie
19188,Strategy
19188,Simulation
19188,Sports
19188,Casual
19188,Indie
21876,RPG
21876,Strategy
51431,Adventure
51431,Puzzle
11077,Adventure
11077,Simulation
11077,Indie
14288,Indie
18858,Casual
18858,Indie
41012,Action
41012,Shooter
20357,Casual
4036,Action
4036,Shooter
17744,Action
17744,Adventure
17744,RPG
40214,Sports
20236,Adventure
20236,RPG
20236,Indie
17685,Strategy
17685,Simulation
17799,Action
17799,Adventure
17799,RPG
17799,Strategy
22024,Strategy
22024,Board Games
2949,Action
2949,Racing
2949,Indie
8764,Casual
8764,Indie
8764,Puzzle
13892,Casual
13892,Indie
981,Action
981,Arcade
981,Indie
3565,Action
3565,Shooter
3565,Indie
258363,Action
258363,Adventure
258363,RPG
258363,Simulation
258363,Indie
18294,Action
18294,Indie
368145,Casual
368145,Indie
47613,Sports
47613,Racing
6929,Adventure
6929,Indie
16827,Action
16827,Adventure
16827,RPG
16827,Casual
16827,Indie
19742,Casual
19742,Indie
19658,Strategy
25173,Action
25173,Adventure
25173,Platformer
4026,RPG
428053,Action
428053,Adventure
428053,Casual
428053,Indie
10116,Action
10116,RPG
27975,Adventure
19163,Action
19163,Adventure
55526,Adventure
15728,RPG
15728,Massively Multiplayer
8595,Adventure
8595,RPG
8595,Indie
25856,Adventure
25856,RPG
12240,Adventure
12240,Indie
25414,Action
25414,Casual
25414,Fighting
15032,Racing
15032,Casual
15032,Indie
484912,Action
484912,Platformer
21561,RPG
58725,Adventure
17198,Action
17198,Adventure
17198,RPG
17198,Strategy
17198,Simulation
17198,Sports
17198,Racing
17198,Casual
17198,Indie
20321,Action
20321,Adventure
20321,Indie
19218,Strategy
19218,Indie
5675,Arcade
17167,Simulation
17167,Sports
17167,Racing
530503,Adventure
19041,Sports
19041,Casual
19041,Indie
261316,Sports
4435,Racing
4435,Arcade
11342,Action
11342,RPG
11342,Massively Multiplayer
461649,Action
461649,Shooter
23754,Fighting
264721,Adventure
264721,Indie
736427,Action
736427,Adventure
736427,Indie
677165,Action
12668,RPG
12668,Strategy
12869,Indie
14560,Action
14560,Strategy
14068,RPG
14068,Strategy
14068,Indie
13875,Simulation
13875,Sports
15896,Adventure
15896,Indie
59142,Action
16747,Action
16747,RPG
16747,Strategy
5541,Action
366852,Action
366852,Adventure
327244,Action
327244,RPG
44725,Simulation
44725,Sports
44725,Casual
44725,Indie
44725,Puzzle
11448,Action
11448,Adventure
11448,RPG
11448,Indie
67623,Action
67623,Adventure
67623,Massively Multiplayer
6240,RPG
6240,Strategy
6240,Casual
6240,Indie
6240,Puzzle
20492,Sports
20492,Racing
20492,Indie
28218,Action
28218,Shooter
11829,Action
11829,Adventure
11829,Indie
52037,Action
52037,Adventure
52037,Indie
364801,Arcade
364801,Fighting
19518,Action
19518,Adventure
19518,Indie
275,Adventure
275,Casual
275,Puzzle
17522,Action
17522,Adventure
17522,Indie
18905,Adventure
18905,Indie
2771,Action
2771,Strategy
2771,Family
2771,Indie
10935,Action
10935,Simulation
10935,Casual
10935,Indie
3188,Action
3188,Adventure
702341,Casual
702341,Indie
23768,Adventure
16959,Casual
16959,Indie
11547,RPG
11547,Strategy
11547,Indie
27976,Racing
16415,Adventure
16415,Casual
21319,Adventure
21319,RPG
21319,Indie
14026,Strategy
14026,Simulation
244879,Action
762618,Adventure
762618,Casual
762618,Puzzle
1812,Action
1812,Adventure
1812,Indie
1812,Puzzle
891238,Action
891238,Adventure
891238,RPG
891238,Indie
244698,Adventure
244698,RPG
244698,Casual
244698,Family
244698,Massively Multiplayer
244698,Indie
244698,Puzzle
41656,Action
41656,RPG
39465,Racing
39465,Arcade
59624,Racing
12743,Action
12743,Adventure
12743,Indie
2977,Action
2977,Adventure
12384,Action
12384,Indie
3505,Action
3505,Adventure
3505,RPG
3505,Arcade
3505,Casual
3505,Indie
11713,Action
426094,Action
426094,Adventure
426094,Casual
426094,Family
426094,Indie
426094,Puzzle
426094,Platformer
44762,Arcade
44762,Casual
19526,Strategy
13271,Adventure
13271,Strategy
20930,Action
20930,Indie
2586,Action
2586,Adventure
2586,Sports
2586,Indie
52181,Action
52181,Adventure
15761,Action
15761,Indie
16847,Action
16847,RPG
16847,Arcade
16847,Indie
21357,Strategy
22437,Action
22437,Indie
9700,Action
638655,Action
638655,Sports
638655,Racing
21359,Strategy
21359,Simulation
21359,Casual
21359,Indie
3985,Action
3985,Adventure
3985,RPG
28159,Action
28159,Indie
21658,Adventure
21658,RPG
21658,Indie
24673,Action
24673,Shooter
801638,Action
21925,Simulation
21925,Sports
384521,Strategy
384521,Simulation
384521,Indie
24981,Action
24981,Shooter
24981,Adventure
309763,Indie
26472,Action
14285,Action
14285,Adventure
14285,Strategy
14285,Casual
14285,Indie
54435,Racing
18286,Racing
18286,Indie
579,RPG
579,Strategy
452633,Racing
20298,Strategy
20298,Casual
20298,Massively Multiplayer
20298,Indie
15019,Action
15019,Adventure
15019,Strategy
15019,Casual
15019,Indie
22817,Action
22817,Strategy
58826,Board Games
58826,Family
21400,Action
21400,Adventure
19391,Action
19391,Sports
19391,Arcade
19391,Indie
14406,Action
14406,Indie
20192,Action
20192,Indie
13163,Action
13163,RPG
3389,Action
3389,Adventure
3389,Casual
3389,Indie
3389,Puzzle
5873,Adventure
5873,Puzzle
521,Adventure
521,RPG
521,Indie
1111,Action
50198,Action
50198,RPG
14274,Adventure
13496,Action
13496,Adventure
13496,Indie
14022,RPG
14022,Strategy
27978,Platformer
290066,Casual
290066,Indie
371831,RPG
9643,Action
9643,Adventure
9643,RPG
9643,Strategy
9643,Simulation
9643,Massively Multiplayer
9643,Indie
4,Action
4,Arcade
4,Casual
4,Indie
35573,Action
35573,Arcade
35573,Platformer
58334,Action
58334,Adventure
58334,RPG
58334,Indie
17863,Strategy
27953,Simulation
27953,Casual
27953,Family
20132,Casual
20132,Indie
20132,Puzzle
10444,Action
10444,Adventure
10444,RPG
10444,Casual
10444,Massively Multiplayer
9558,Casual
16138,Action
16138,Adventure
16138,Indie
12417,Action
12417,RPG
12417,Simulation
12417,Indie
15090,Action
15090,Casual
15090,Indie
2527,Action
494379,Action
494379,Adventure
494379,Indie
619533,Action
619533,Adventure
619533,Indie
18395,Adventure
18395,Casual
18395,Indie
26293,Platformer
21533,Action
21533,Sports
21533,Racing
21533,Indie
812,Strategy
812,Simulation
812,Indie
10103,Strategy
10103,Simulation
10103,Indie
15306,Action
15306,RPG
15306,Simulation
15306,Indie
61735,Adventure
61735,Casual
17122,Strategy
17122,Casual
2366,Action
2366,Adventure
750344,Adventure
2064,Action
2064,Adventure
2064,Casual
2064,Indie
17517,Action
17517,Adventure
17517,RPG
17517,Strategy
17517,Indie
17658,Adventure
17658,Indie
13104,Strategy
13104,Indie
705258,Action
705258,Indie
705258,Platformer
10094,Action
10094,RPG
10094,Strategy
10094,Indie
20756,RPG
20756,Strategy
7594,Strategy
7594,Indie
7594,Puzzle
38218,RPG
38218,Massively Multiplayer
327238,RPG
327238,Strategy
20,Action
20,Shooter
20,Strategy
20,Casual
20,Indie
2157,RPG
2157,Strategy
2157,Casual
2157,Card
5682,Action
5682,Strategy
5593,Racing
22445,Casual
22445,Indie
5415,Action
5415,Adventure
5415,Platformer
428012,Adventure
428012,Casual
428012,Indie
14069,Strategy
349677,Adventure
17567,Adventure
17567,RPG
17567,Indie
10514,Strategy
892902,Action
22740,Strategy
22740,Simulation
22740,Indie
602328,Action
602328,RPG
602328,Massively Multiplayer
6058,Strategy
6058,Arcade
6058,Casual
6058,Indie
6058,Puzzle
372678,RPG
372678,Strategy
372678,Casual
372678,Indie
372678,Puzzle
304188,Adventure
304188,Indie
580974,Action
580974,Shooter
60847,Action
60847,Indie
52825,Action
52825,Racing
14255,Strategy
14255,Simulation
19468,Casual
19468,Indie
2202,Action
2202,Strategy
2473,Action
2473,Adventure
2473,Indie
38860,Adventure
38860,Casual
38860,Puzzle
1019,Action
1019,Adventure
1019,Casual
216357,Strategy
216357,Indie
672441,Simulation
672441,Casual
672441,Indie
28222,Sports
38808,Adventure
38808,RPG
14836,Adventure
14836,RPG
14836,Strategy
14836,Casual
14836,Indie
17833,RPG
23409,Action
23409,Adventure
23409,Casual
23409,Indie
19623,Action
19623,RPG
19623,Massively Multiplayer
3515,Sports
15126,Casual
15126,Indie
15350,Strategy
15350,Simulation
576408,Adventure
576408,Casual
576408,Indie
576408,Puzzle
440082,Action
3621,Simulation
3621,Casual
8830,Adventure
8830,Casual
8830,Family
8830,Indie
8830,Puzzle
2098,Strategy
2098,Simulation
2098,Indie
97766,Shooter
97766,Adventure
97766,RPG
97766,Strategy
97766,Indie
16715,Strategy
40129,Action
40129,Shooter
40129,RPG
40129,Indie
12251,Adventure
12251,RPG
12251,Strategy
12251,Simulation
12251,Casual
12251,Indie
19562,Action
19562,Adventure
19562,RPG
19562,Indie
36357,Action
36357,Arcade
36357,Indie
43422,Action
43422,Shooter
43422,RPG
2095,Action
2095,Strategy
2095,Arcade
2095,Indie
5645,Arcade
235,Indie
235,Platformer
12703,Action
12703,Adventure
12703,Casual
12703,Indie
705616,Action
3305,Action
21504,Strategy
21504,Simulation
21504,Casual
21504,Indie
304921,Action
304921,Shooter
34947,Action
34947,Shooter
34947,Adventure
20974,RPG
20974,Strategy
20974,Casual
20974,Indie
19165,Action
19165,RPG
1630,Action
1630,Racing
1630,Arcade
1630,Casual
1630,Indie
15124,Action
15124,Adventure
15124,Indie
15124,Puzzle
15124,Platformer
18744,Action
18744,Strategy
5654,Sports
5654,Arcade
4261,Action
4261,Arcade
241056,Action
241056,Adventure
241056,RPG
241056,Indie
20911,Adventure
20911,Indie
19552,Strategy
19552,Simulation
16375,RPG
16375,Strategy
490123,Adventure
490123,Indie
490123,Puzzle
1547,Action
1547,Indie
1547,Puzzle
1905,Adventure
1905,Casual
1905,Indie
1905,Puzzle
816326,Action
816326,Adventure
816326,Fighting
816326,Indie
816326,Platformer
37084,Action
37084,Simulation
37084,Arcade
14394,Adventure
14394,Casual
14394,Indie
40344,Action
40344,RPG
40344,Arcade
40344,Indie
21488,Action
21488,Adventure
21488,Simulation
4058,Action
681398,Simulation
13218,Simulation
13218,Casual
13218,Indie
19794,RPG
19794,Indie
24493,Platformer
13248,Action
13248,Casual
13248,Indie
15392,Strategy
15392,Simulation
15392,Indie
2524,Action
2524,Arcade
21596,Action
21596,Racing
21596,Indie
17293,Action
17293,Shooter
17293,Indie
12232,Action
12232,Adventure
12232,RPG
12232,Indie
11188,Adventure
11188,Simulation
52005,Simulation
52005,Educational
52005,Indie
52005,Puzzle
823690,Action
20972,Action
20972,Strategy
20972,Indie
20133,Action
20133,Indie
816311,Action
816311,Adventure
816311,RPG
3224,Action
3224,Arcade
420000,Adventure
420000,Indie
842395,Adventure
842395,Simulation
2744,Action
2744,Adventure
2744,Strategy
2744,Simulation
2744,Indie
57967,Strategy
19617,Action
19617,Adventure
19617,RPG
19617,Indie
300689,Action
300689,Adventure
300689,RPG
300689,Indie
682502,Action
682502,Adventure
22969,Action
22969,Adventure
22969,Strategy
22969,Casual
22969,Indie
452640,Action
452640,Racing
257195,Action
257195,Adventure
257195,RPG
51835,Action
51835,Fighting
9608,Arcade
9608,Indie
921,RPG
921,Strategy
921,Indie
9774,Action
9774,Strategy
23244,Simulation
23244,Casual
23244,Indie
401818,Adventure
401818,Casual
401818,Indie
401818,Puzzle
28062,Adventure
28062,Casual
28062,Indie
3956,Action
3956,Adventure
3956,Indie
3956,Platformer
31724,Racing
31724,Arcade
1571,RPG
1571,Casual
11354,Action
11354,RPG
11354,Indie
22439,Sports
22439,Casual
2900,Action
2900,Shooter
2900,Adventure
17034,Casual
17034,Indie
15073,Strategy
15073,Simulation
15073,Casual
15073,Indie
11555,Educational
46089,Sports
46089,Racing
5598,Action
5598,Fighting
2037,Racing
15243,Action
15243,Adventure
15243,RPG
15243,Strategy
15243,Simulation
15243,Sports
15243,Racing
15243,Casual
15243,Indie
14384,Casual
14384,Indie
14384,Puzzle
40432,Action
40432,Shooter
10015,Action
10015,RPG
10015,Massively Multiplayer
10015,Indie
4195,Arcade
4195,Fighting
19373,Indie
19508,Action
19508,Adventure
19508,RPG
16374,RPG
16374,Strategy
16714,Strategy
24877,Action
24877,Adventure
24877,Arcade
797882,Action
797882,Shooter
797882,Sports
797882,Indie
44295,Adventure
44295,RPG
44295,Indie
975393,Action
975393,Shooter
975393,Adventure
471,Action
471,Adventure
471,RPG
471,Strategy
471,Casual
471,Indie
18264,Action
18264,Shooter
18264,Indie
704789,Action
704789,Adventure
704789,Platformer
1712,Action
1712,Adventure
1712,Indie
7344,RPG
7344,Strategy
7344,Simulation
7344,Casual
7344,Massively Multiplayer
637473,Adventure
637473,Simulation
637473,Indie
6819,Action
6819,Indie
35326,Action
35326,Adventure
3213,Action
3213,Indie
15323,Action
15323,RPG
15323,Strategy
15323,Massively Multiplayer
15323,Indie
428066,Adventure
428066,RPG
428066,Strategy
428066,Indie
1943,Action
1943,Adventure
1943,RPG
1943,Indie
17052,RPG
17052,Strategy
17052,Indie
14106,Casual
14106,Indie
56097,Racing
2851,Adventure
2851,Casual
2851,Indie
2851,Puzzle
47283,Action
47283,Simulation
47283,Sports
47283,Racing
47283,Indie
9984,Action
9984,Casual
9984,Indie
10157,Action
7757,Adventure
7757,Casual
7757,Indie
7757,Puzzle
18722,Action
18722,Casual
18722,Indie
10150,Racing
10150,Indie
17624,Action
17624,Adventure
17624,RPG
17624,Indie
22577,Action
22577,Casual
22577,Indie
983210,RPG
21945,Action
22060,Action
22060,Indie
58998,Action
19304,RPG
19304,Casual
19304,Indie
23943,Racing
59064,Action
59064,Adventure
59064,Massively Multiplayer
795370,Adventure
795370,Puzzle
510043,Adventure
510043,RPG
510043,Casual
510043,Indie
510043,Puzzle
17414,Adventure
17414,Indie
1637,Adventure
1637,Strategy
57885,Action
57885,Adventure
10940,Adventure
10940,Indie
10940,Platformer
485195,Sports
29207,Action
29207,Indie
22230,Action
22230,RPG
37413,Action
37413,Adventure
37413,RPG
37413,Sports
37413,Racing
37413,Arcade
18544,Action
18544,Strategy
18544,Simulation
18544,Indie
14559,Action
14559,Adventure
14559,Indie
2367,Adventure
2367,RPG
2367,Indie
2395,Strategy
2395,Simulation
2395,Board Games
10871,Action
14088,Action
14088,Casual
14088,Indie
20676,Action
20676,Adventure
13367,Action
13367,Adventure
13367,Casual
13367,Indie
13367,Puzzle
28774,Racing
28774,Arcade
894472,Action
894472,Indie
37967,Adventure
14731,Adventure
14731,Indie
17315,Strategy
17315,Casual
17315,Indie
18271,Action
18271,Sports
18271,Indie
497993,Action
23451,Action
23451,Strategy
23451,Simulation
23451,Massively Multiplayer
23451,Indie
602357,Adventure
25282,Arcade
25282,Platformer
20253,Action
20253,Racing
20253,Casual
20253,Indie
14015,RPG
14015,Strategy
14015,Simulation
1201,Action
1201,Adventure
1201,RPG
1201,Indie
14353,Adventure
14353,RPG
14353,Indie
58632,Action
58632,Shooter
58632,Adventure
58993,Action
58993,Adventure
58993,Indie
58993,Puzzle
35995,Adventure
35995,RPG
35995,Strategy
35995,Simulation
35995,Massively Multiplayer
14646,Action
14646,Adventure
14646,Indie
19690,Adventure
19690,Casual
11559,Adventure
586195,Action
586195,Adventure
586195,Indie
17526,Strategy
17526,Simulation
17526,Casual
17526,Indie
574766,Adventure
574766,Casual
574766,Indie
574766,Puzzle
29259,Action
29259,Adventure
29259,Indie
3135,Sports
3135,Racing
19622,Adventure
19622,Indie
19622,Puzzle
327212,Action
327212,Adventure
327212,RPG
18344,Action
18344,Indie
10112,RPG
349334,Action
349334,Adventure
349334,Indie
60765,Strategy
60765,Sports
16362,Action
16362,Shooter
16362,Arcade
16362,Indie
666,Action
666,Sports
666,Casual
666,Massively Multiplayer
962011,Action
962011,Adventure
962011,Platformer
15987,Adventure
15987,Family
20923,Indie
21085,Action
21085,Indie
22489,Racing
22489,Casual
22489,Indie
24933,Action
24933,Arcade
24933,Platformer
23033,Strategy
262437,Simulation
262437,Sports
262437,Racing
262437,Indie
12781,Indie
9873,Strategy
60862,Adventure
60862,RPG
60862,Strategy
810322,Action
810322,Strategy
810322,Simulation
810322,Educational
810322,Indie
19618,Action
19618,Indie
44255,Action
44255,Indie
17558,Action
17558,Racing
17024,Action
17024,Strategy
17024,Indie
17024,Puzzle
1067,Adventure
269475,Action
269475,Adventure
627634,Adventure
627634,Casual
627634,Indie
627634,Puzzle
24478,Racing
17100,RPG
17100,Massively Multiplayer
17100,Indie
28551,Platformer
24079,RPG
17456,Action
17456,Sports
17456,Arcade
17456,Casual
17456,Indie
665016,Action
665016,Adventure
665016,RPG
665016,Indie
343593,Adventure
18285,Simulation
10113,RPG
10113,Strategy
14200,Adventure
14200,Indie
14200,Puzzle
830255,Action
830255,Strategy
830255,Casual
830255,Indie
18348,Action
18348,Indie
18201,Adventure
18201,RPG
18201,Strategy
18396,Casual
18396,Indie
57519,Platformer
4365,Action
4365,Adventure
2852,RPG
2852,Strategy
484875,Action
11102,Strategy
11102,Simulation
11102,Casual
864212,Strategy
864212,Indie
28807,Action
28807,Shooter
28807,RPG
319239,Action
319239,Adventure
319239,RPG
319239,Indie
956,Casual
956,Family
16414,Adventure
19058,Adventure
3573,Action
3573,Fighting
2742,Action
2742,Indie
22003,Strategy
22003,Simulation
22003,Casual
22003,Indie
428121,Action
428121,Adventure
428121,RPG
428121,Indie
58803,Racing
58803,Arcade
12574,Adventure
12574,Casual
12574,Indie
13733,Casual
13733,Indie
2777,Action
2777,Indie
18339,Action
18339,Indie
10123,RPG
52342,Adventure
11323,Simulation
11323,Casual
11323,Indie
18289,Adventure
18289,RPG
18289,Indie
4649,Action
4649,Shooter
15089,Action
15089,Adventure
15089,Strategy
15089,Casual
15089,Indie
16985,Action
16985,Casual
16985,Indie
1516,Action
1516,Arcade
1516,Indie
1516,Platformer
58876,Adventure
14822,Simulation
14822,Indie
616693,Action
616693,Platformer
9580,Action
2386,Action
2386,Adventure
19293,Strategy
15856,Action
15856,Simulation
20581,Simulation
20581,Casual
20581,Indie
14398,Action
14398,Casual
14398,Indie
20292,Arcade
20292,Casual
20292,Indie
440072,Adventure
440072,RPG
440072,Strategy
440072,Indie
608549,Strategy
608549,Simulation
28464,Action
28464,Platformer
62534,Action
62534,Simulation
62534,Indie
20919,Adventure
20919,Casual
20919,Indie
23246,Action
23246,Adventure
23246,RPG
23246,Indie
29030,Racing
37,RPG
37,Simulation
37,Casual
15905,Adventure
13683,Adventure
13683,RPG
13683,Indie
9875,Action
9875,Adventure
9875,Indie
564761,Action
564761,Adventure
564761,RPG
227846,Racing
398406,RPG
4059,Action
16915,Simulation
16915,Sports
16915,Racing
14886,Action
14886,Adventure
14886,RPG
14886,Casual
14886,Indie
9971,Strategy
9971,Massively Multiplayer
9971,Indie
14954,Action
14954,Fighting
22821,Action
22821,RPG
13632,Adventure
13632,Indie
29277,Action
29277,Shooter
29277,RPG
29277,Strategy
29277,Simulation
29277,Indie
15490,Action
15490,Indie
21089,RPG
21089,Strategy
21089,Indie
20394,Adventure
274766,Action
274766,Adventure
274766,Indie
17594,Adventure
17594,Indie
19574,Strategy
19574,Simulation
19574,Casual
36355,Action
36355,Shooter
3339,Adventure
3339,Indie
319109,Action
319109,Shooter
17105,Casual
17105,Indie
19664,Action
19664,Simulation
19664,Arcade
19664,Casual
16928,Action
16928,RPG
16928,Sports
16928,Arcade
16928,Casual
16928,Indie
37369,Action
37369,Shooter
22151,Action
22151,Adventure
22151,RPG
22151,Fighting
22151,Indie
22151,Platformer
537743,Action
537743,RPG
537743,Indie
537743,Platformer
622489,Action
622489,RPG
10322,Adventure
10322,RPG
10322,Strategy
10322,Simulation
10322,Indie
5055,Action
5055,Shooter
3247,Action
3247,RPG
19495,Strategy
4438,Action
4438,Shooter
4438,Strategy
428704,Indie
10555,Action
10555,RPG
10555,Indie
326233,Action
11366,Educational
11357,Adventure
11357,RPG
11357,Massively Multiplayer
20307,Action
20307,Simulation
20307,Indie
15791,Action
15791,Adventure
15791,Simulation
27968,RPG
27968,Strategy
19176,Simulation
14544,Simulation
14544,Casual
14544,Indie
14544,Puzzle
35374,Action
35374,Shooter
155,Action
155,Indie
155,Puzzle
155,Platformer
50737,Action
11949,Action
11949,Adventure
11949,Strategy
11949,Simulation
11949,Indie
14171,Racing
14171,Casual
14171,Indie
28480,Action
28480,Shooter
10529,Adventure
16099,Action
16099,Adventure
16099,Indie
12585,Action
12585,Sports
12585,Racing
12585,Massively Multiplayer
12585,Indie
21169,RPG
21169,Strategy
21169,Indie
9801,Action
9801,Strategy
9801,Indie
21219,RPG
21219,Strategy
21219,Indie
11091,Indie
962137,Action
962137,Adventure
962137,Indie
14357,Adventure
14357,Casual
14357,Indie
14357,Platformer
18234,Casual
18234,Indie
6303,Action
6303,RPG
17937,Strategy
59317,Action
59317,Sports
59317,Racing
18275,Casual
388383,Adventure
388383,Indie
388383,Puzzle
50970,Action
50970,Fighting
43712,Action
43712,Adventure
43712,RPG
43712,Strategy
43712,Casual
43712,Indie
3174,Action
3174,Indie
50050,Action
50050,Strategy
50050,Simulation
50050,Casual
50050,Massively Multiplayer
19524,Action
19524,Shooter
19524,Adventure
375199,Casual
375199,Indie
20470,Action
20470,Strategy
14087,Action
14087,Casual
14087,Indie
17188,Action
17188,Adventure
17188,RPG
17188,Strategy
17188,Simulation
17188,Sports
17188,Racing
17188,Casual
17188,Indie
1210,RPG
1210,Strategy
19935,Action
19935,Strategy
19935,Casual
19935,Indie
27023,Action
27023,Adventure
27023,Puzzle
14729,Action
19642,Action
19642,Strategy
19642,Indie
20990,Massively Multiplayer
12460,Action
12460,Casual
12460,Indie
20883,Strategy
20883,Casual
20883,Indie
18647,Action
18647,Adventure
18647,RPG
18647,Indie
309739,Sports
309739,Racing
35402,Strategy
19829,Action
21980,Action
21980,Arcade
21980,Casual
21980,Indie
16164,Action
16164,Adventure
16164,Strategy
16164,Indie
297208,Action
11405,Massively Multiplayer
59894,Sports
59894,Casual
59894,Indie
16243,Action
16243,Casual
16243,Indie
5382,Action
5382,Shooter
5382,Arcade
27057,Action
27057,Adventure
754881,Action
754881,RPG
754881,Strategy
19588,Action
19588,Indie
3384,Action
3384,Arcade
3384,Indie
2155,Action
2155,Casual
2155,Indie
2155,Puzzle
16114,Action
16114,Adventure
16114,RPG
16114,Strategy
16114,Simulation
16114,Sports
16114,Racing
16114,Casual
16114,Indie
22547,Casual
22547,Indie
15672,Action
17007,Casual
17007,Indie
60884,Adventure
3282,Action
3282,Shooter
3282,Arcade
3282,Indie
9730,Action
9730,RPG
9730,Indie
20515,Action
20515,Shooter
20515,Adventure
20515,Indie
20515,Platformer
9684,Adventure
9684,Indie
11329,Action
42044,Action
42044,RPG
42044,Strategy
14928,Action
14928,Strategy
13749,Casual
13749,Indie
28544,Action
28544,Adventure
6214,Action
6214,Adventure
6214,RPG
3622,Action
292838,Massively Multiplayer
292838,Puzzle
19292,RPG
19292,Strategy
19292,Indie
59343,Action
9638,Action
9638,Shooter
9638,Indie
20212,Adventure
20212,Casual
20212,Indie
16880,Action
16880,Adventure
16880,Simulation
16880,Sports
16880,Casual
16880,Indie
14010,Strategy
14010,Simulation
331454,Adventure
331454,RPG
521738,Action
521738,Adventure
521738,RPG
521738,Simulation
521738,Casual
521738,Indie
10396,Action
10396,Indie
16406,Adventure
16406,Casual
11109,Action
11109,Casual
11109,Indie
6313,Action
6313,Arcade
6313,Casual
6313,Indie
15500,Casual
15500,Indie
15500,Puzzle
4392,Action
4392,Adventure
4392,Casual
4392,Indie
4392,Puzzle
3888,Sports
3888,Racing
12025,Sports
12025,Racing
376934,Action
376934,Shooter
376934,Indie
21577,Casual
571,Action
571,Strategy
571,Card
962495,Adventure
328004,Action
328004,Shooter
13011,Adventure
13011,Casual
13011,Indie
13011,Puzzle
902,Action
902,Adventure
19460,Adventure
19460,Casual
19460,Indie
19686,Action
19686,Shooter
19686,Strategy
19686,Simulation
20291,RPG
20291,Casual
20291,Massively Multiplayer
20291,Indie
10532,Action
10532,Arcade
10532,Indie
16170,Action
16170,Adventure
16170,RPG
16170,Strategy
16170,Simulation
16170,Sports
16170,Racing
16170,Casual
16170,Indie
46066,Action
46066,Indie
46066,Puzzle
46066,Platformer
1283,RPG
1283,Strategy
9472,Action
9472,Adventure
9472,Indie
492223,Action
492223,Adventure
492223,Fighting
27974,Action
27974,Platformer
398407,Action
398407,RPG
16009,Adventure
16009,Strategy
16009,Simulation
16009,Indie
5648,Simulation
5648,Casual
3586,RPG
3756,Action
3756,Adventure
3756,Indie
18037,Adventure
18037,RPG
18037,Indie
11071,Casual
11071,Indie
12935,RPG
12935,Indie
28573,Sports
3828,Adventure
3828,RPG
3828,Casual
3828,Indie
3828,Puzzle
12475,Action
12475,Indie
1311,Action
1311,Arcade
1311,Casual
1311,Indie
11251,Strategy
11251,Indie
18625,Adventure
13127,Adventure
13127,Casual
13127,Indie
529784,Action
529784,Adventure
11786,Action
11786,RPG
11786,Massively Multiplayer
11786,Indie
7074,Adventure
7074,RPG
7074,Strategy
7074,Card
17792,Casual
17792,Indie
23741,Adventure
23741,Casual
23741,Puzzle
2088,Adventure
2088,Casual
2088,Card
2088,Indie
2088,Puzzle
7010,Action
7010,Arcade
17556,Casual
17556,Puzzle
26223,Action
26223,Shooter
25986,Action
25986,Adventure
494484,Strategy
494484,Simulation
2090,Action
2090,Strategy
4377,Adventure
4377,Indie
4377,Puzzle
17639,Simulation
17639,Racing
17639,Arcade
650621,Action
650621,Adventure
650621,Indie
650621,Platformer
15771,Action
15771,Strategy
15771,Indie
10369,Action
10369,Indie
695867,Action
695867,Adventure
695867,Casual
28915,Action
28915,Racing
17410,Action
17410,Adventure
17410,Indie
17410,Puzzle
17410,Platformer
485041,Action
485041,Adventure
485041,RPG
485041,Strategy
485041,Simulation
485041,Sports
485041,Massively Multiplayer
485041,Indie
11876,Action
11876,Strategy
11876,Casual
11876,Indie
284762,Action
284762,Massively Multiplayer
284762,Indie
12272,Action
12272,RPG
12272,Casual
12272,Indie
9887,Action
9887,Adventure
9887,RPG
9887,Strategy
9887,Massively Multiplayer
32672,Action
32672,Shooter
32672,Adventure
12258,Action
12258,RPG
10810,Adventure
10810,Indie
11654,Casual
11654,Indie
11654,Puzzle
22896,Adventure
22896,RPG
20956,Action
20956,Adventure
20956,Indie
850702,Action
850702,Adventure
850702,Simulation
850702,Racing
850702,Indie
17908,Strategy
17908,Simulation
17942,Adventure
17942,Indie
17942,Puzzle
22485,Action
22485,Indie
10573,Action
10573,Adventure
58561,Simulation
15666,Strategy
60718,Action
60718,Indie
17587,Action
17587,Strategy
508496,Action
508496,Adventure
508496,Indie
508496,Puzzle
508496,Platformer
17009,Action
17009,Casual
17009,Indie
6032,Adventure
6032,Casual
6032,Puzzle
46749,Action
46749,Adventure
46749,RPG
46749,Indie
4107,Action
4107,Adventure
740,Adventure
740,Casual
740,Puzzle
2812,Action
2812,Adventure
2812,RPG
2812,Strategy
2812,Indie
2812,Puzzle
14768,RPG
14768,Strategy
367112,Adventure
367112,Indie
367112,Puzzle
975600,Action
975600,Adventure
975600,Casual
975600,Puzzle
28226,RPG
28409,Action
28409,Adventure
14615,Adventure
1822,Sports
1822,Racing
15145,Casual
15145,Indie
15660,Strategy
15660,Sports
15660,Casual
15660,Indie
58568,Action
23032,Strategy
13523,Action
13523,Racing
13523,Arcade
60869,Strategy
60869,Board Games
3527,Action
3527,RPG
22982,Action
22982,Shooter
22982,Arcade
22982,Indie
22466,Strategy
22466,Indie
14025,RPG
14025,Strategy
14025,Simulation
611593,Adventure
611593,RPG
611593,Simulation
611593,Casual
611593,Indie
245719,Strategy
245719,Board Games
245719,Card
73,Action
73,Strategy
73,Arcade
73,Casual
73,Indie
255842,Adventure
255842,RPG
255842,Indie
38604,Action
38604,Shooter
38604,Indie
18369,Action
18369,Massively Multiplayer
18369,Indie
269,Action
269,Adventure
269,Indie
14696,Adventure
29501,Action
29501,Shooter
29501,Puzzle
29501,Platformer
51350,Strategy
51350,Board Games
14126,Adventure
14126,RPG
14126,Strategy
14126,Indie
646277,Action
646277,Shooter
994603,Action
994603,Adventure
3503,Sports
3503,Racing
18600,Strategy
18600,Simulation
10450,Strategy
10450,Simulation
10450,Indie
29033,Platformer
19435,Adventure
19435,Indie
650648,Action
650648,Shooter
650648,Arcade
13424,Action
13424,Indie
19192,Strategy
12907,Sports
12907,Racing
4180,Action
4180,Adventure
301528,Action
301528,Adventure
301528,RPG
23188,Action
23188,Strategy
23188,Simulation
23188,Casual
23188,Indie
22803,Strategy
20927,Casual
20927,Puzzle
372593,Adventure
372593,RPG
372593,Casual
14448,Action
14448,Adventure
14448,RPG
41607,Strategy
41607,Simulation
41607,Casual
15009,Adventure
15009,Simulation
15009,Casual
20765,Adventure
20765,Indie
51209,Casual
51209,Indie
4669,Casual
4669,Indie
4669,Puzzle
38298,Action
38298,Arcade
391401,Action
391401,Adventure
391401,Indie
23742,Action
23742,RPG
23419,Sports
23419,Racing
491003,Racing
491003,Indie
552,Action
20287,Simulation
20287,Sports
20287,Racing
20287,Indie
28814,Sports
28814,Racing
13575,Adventure
13575,Casual
13575,Educational
13575,Indie
10178,Action
10578,Action
10578,Strategy
20205,Indie
14086,Action
14086,Adventure
14086,Casual
14086,Indie
19173,Adventure
302,Action
302,RPG
302,Arcade
302,Educational
302,Indie
11033,Action
11033,Adventure
11033,RPG
11033,Arcade
11033,Indie
302822,Action
302822,RPG
302822,Indie
5290,Strategy
5290,Arcade
281841,Adventure
281841,Indie
16638,Action
16638,Indie
331267,Racing
331267,Arcade
3141,RPG
3507,Sports
3507,Fighting
52387,Casual
52387,Indie
52387,Puzzle
20864,RPG
20864,Massively Multiplayer
4946,Card
21368,Action
21368,RPG
21368,Indie
26076,RPG
38703,Sports
1017,Action
1017,Arcade
1017,Casual
1017,Indie
15257,Indie
16413,Adventure
16413,Casual
40929,Action
40929,Shooter
13994,Action
13994,Racing
13994,Arcade
13994,Casual
13994,Indie
22774,Adventure
10311,Action
10311,Simulation
485218,Action
485218,Adventure
17577,Strategy
49894,Adventure
49894,Strategy
49894,Indie
366843,Adventure
20451,Action
20451,Adventure
20451,Strategy
20451,Simulation
20451,Casual
20451,Indie
12400,Action
12400,Adventure
12400,Indie
46240,Action
46240,Adventure
15121,Adventure
40864,Action
40864,Massively Multiplayer
19596,RPG
19596,Strategy
25398,Action
25398,Arcade
25398,Family
25398,Fighting
25398,Platformer
275629,RPG
275629,Simulation
275629,Indie
275629,Puzzle
24687,Arcade
619744,Adventure
619744,RPG
619744,Strategy
619744,Indie
302825,Action
302825,Adventure
302825,RPG
302825,Simulation
302825,Indie
23129,Shooter
892962,Action
892962,Adventure
892962,RPG
892962,Massively Multiplayer
9166,Action
9166,Strategy
9166,Massively Multiplayer
18448,Action
18448,Adventure
18448,Indie
15927,Action
15927,Indie
702386,Action
702386,Casual
702386,Indie
288661,Action
288661,Strategy
288661,Board Games
288661,Casual
288661,Family
19643,RPG
19643,Strategy
20513,Action
20513,Indie
484971,RPG
484971,Indie
465,Adventure
465,Casual
465,Puzzle
667657,Action
17050,Casual
17050,Indie
510,Action
510,Strategy
510,Casual
5163,Strategy
17084,Adventure
16573,Adventure
16573,Indie
11919,Action
11919,Adventure
11919,RPG
11919,Strategy
11919,Sports
11919,Racing
11919,Casual
19472,Simulation
502238,Adventure
21413,RPG
21413,Strategy
21413,Simulation
17040,Adventure
17040,Indie
14549,Adventure
14549,RPG
14549,Strategy
14549,Indie
10817,RPG
10817,Simulation
10817,Casual
10817,Indie
10817,Puzzle
413,Action
413,Strategy
413,Indie
413,Puzzle
3730,Action
3730,Adventure
3730,RPG
302302,Adventure
302302,Indie
28536,Action
28536,Shooter
9666,Action
9666,Adventure
9666,Simulation
9666,Indie
49302,Strategy
49302,Indie
12293,Action
12293,Shooter
12293,Indie
19604,Adventure
19604,RPG
19604,Strategy
19604,Indie
56083,Action
56083,Shooter
17421,Adventure
17421,RPG
17421,Indie
292957,Adventure
292957,Indie
20329,Indie
19285,Action
19285,Strategy
20248,Action
20961,Adventure
20961,Casual
53251,Platformer
366883,Action
366883,Simulation
366883,Indie
12738,Adventure
12738,Indie
22980,Adventure
524,Action
524,Adventure
524,Indie
20761,Adventure
20761,Casual
20761,Indie
20761,Puzzle
17997,Action
17997,Adventure
17997,Indie
283965,Platformer
36649,Action
36649,Adventure
36649,RPG
254545,Platformer
16133,Strategy
16133,Simulation
16133,Sports
16133,Casual
16133,Indie
14700,Strategy
14700,Simulation
14700,Casual
27819,RPG
27819,Puzzle
9865,Action
9865,Strategy
9865,Massively Multiplayer
9865,Indie
60249,RPG
60249,Simulation
60249,Casual
60249,Indie
747,Sports
13325,RPG
13325,Strategy
4760,Action
4760,Shooter
4760,Adventure
4760,Arcade
19385,Adventure
9941,Simulation
9941,Arcade
9941,Casual
9941,Indie
11146,Action
11146,Casual
11146,Indie
62381,RPG
62381,Strategy
62381,Simulation
62381,Indie
1442,Adventure
1442,Indie
1442,Puzzle
7660,Adventure
7660,RPG
7660,Strategy
7660,Simulation
7660,Indie
10315,Action
10315,Adventure
10315,Indie
704788,Strategy
14806,Action
14806,Adventure
14806,RPG
14806,Indie
471019,Adventure
471019,Casual
12052,Action
12052,Adventure
12052,Indie
12052,Puzzle
215,Action
215,Strategy
215,Arcade
215,Casual
20988,Adventure
20988,Indie
20988,Platformer
14491,Action
14491,Adventure
14491,Casual
14491,Indie
2241,Action
2241,Arcade
2241,Family
2241,Fighting
32186,Action
32186,Shooter
3926,Action
3926,Simulation
14999,Action
14999,Adventure
14999,Indie
20416,Simulation
20416,Sports
20416,Racing
427971,Action
427971,Adventure
427971,Indie
353919,Action
353919,Fighting
9939,Action
9939,Adventure
9939,RPG
9939,Strategy
9939,Simulation
9939,Indie
40471,Action
40471,Adventure
40471,Simulation
40471,Arcade
52312,Action
52312,Adventure
16929,Strategy
16929,Indie
605610,Action
605610,Casual
605610,Indie
22444,RPG
22444,Strategy
22444,Indie
2471,Action
2471,Racing
2471,Casual
2471,Indie
10887,RPG
10887,Strategy
10887,Indie
5200,Action
5200,Adventure
21314,Action
21314,Indie
28451,Action
28451,Arcade
722618,Action
722618,Shooter
722618,Indie
50744,Adventure
50744,RPG
50744,Indie
27711,Action
27711,Platformer
4343,Strategy
553116,Action
553116,Indie
553116,Platformer
638642,Action
638642,Shooter
638642,Adventure
23850,Action
23850,Adventure
11110,Action
11110,Adventure
11110,RPG
11110,Indie
21754,RPG
21754,Indie
16025,Adventure
392250,Action
392250,Racing
22,Shooter
428960,Adventure
428960,Indie
16212,Action
16212,Adventure
16212,RPG
16212,Indie
8760,Strategy
8760,Casual
8760,Card
8760,Massively Multiplayer
15231,Strategy
15231,Simulation
15231,Casual
15231,Indie
13528,Casual
13528,Family
13528,Indie
13528,Puzzle
13689,Shooter
13689,Indie
51091,Action
51091,Adventure
51091,Arcade
51091,Platformer
21245,RPG
21245,Strategy
21245,Indie
25166,Action
25166,Fighting
742771,Action
742771,Adventure
742771,Fighting
45230,Simulation
45230,Casual
45230,Indie
891532,Action
891532,Adventure
21264,RPG
21264,Strategy
21264,Indie
63549,RPG
63549,Strategy
63549,Indie
505839,Adventure
505839,Indie
505839,Puzzle
18256,RPG
18256,Indie
324,Adventure
23767,Puzzle
3991,Action
3991,Shooter
15698,Adventure
15698,Indie
67508,Card
29176,RPG
15997,Simulation
15997,Indie
23474,Adventure
23474,Indie
1178,Action
1178,Adventure
1178,Indie
16423,Adventure
16423,Casual
3802,Action
3802,Arcade
3802,Fighting
804751,Action
804751,Adventure
804751,RPG
16428,Adventure
16428,Casual
16428,Puzzle
16956,Action
16956,Adventure
16956,Indie
25057,Sports
4353,Sports
4353,Racing
4353,Arcade
13772,Casual
13860,Action
13860,Adventure
13860,RPG
13860,Indie
16970,Action
16970,Adventure
16970,Casual
16970,Indie
21824,RPG
21824,Indie
17532,Action
17532,Arcade
17532,Indie
586042,Adventure
586042,Indie
19662,Strategy
19966,Adventure
19966,Casual
19966,Puzzle
20617,Action
20617,Shooter
3788,Action
3788,Arcade
3788,Platformer
4494,Action
4494,Adventure
4494,Indie
20171,Action
20171,Indie
12564,Racing
12564,Indie
20061,RPG
20061,Simulation
20061,Casual
19308,Strategy
1312,Adventure
1312,Simulation
1312,Indie
3190,Casual
3190,Indie
17053,Casual
17053,Indie
18086,Adventure
18086,Indie
638647,Adventure
638647,RPG
638647,Indie
14104,Casual
14104,Indie
4265,Adventure
4265,RPG
4265,Strategy
16697,Action
16697,Indie
45,RPG
45,Indie
12882,Adventure
12882,RPG
12882,Indie
457728,Action
20857,RPG
20857,Strategy
6627,Adventure
6627,Simulation
6627,Indie
339241,Adventure
339241,Puzzle
22957,Shooter
15912,Action
15912,Adventure
15912,RPG
15912,Indie
14279,Adventure
14279,RPG
14279,Indie
162987,Shooter
28455,Action
28455,Shooter
516122,Adventure
516122,Simulation
23668,Action
23668,Casual
23668,Indie
19631,Strategy
19631,Indie
10700,Action
10700,Adventure
10700,RPG
10700,Massively Multiplayer
1727,Action
1727,Strategy
1727,Indie
3535,Action
3535,Casual
3535,Indie
3535,Puzzle
3535,Platformer
15397,Simulation
15397,Casual
15397,Indie
43930,Adventure
43930,Simulation
43930,Indie
13192,Action
13192,Adventure
13192,Casual
13192,Indie
40433,Sports
19969,Adventure
19969,Casual
19969,Puzzle
471025,RPG
15796,Simulation
15796,Casual
15796,Indie
16957,Strategy
16957,Simulation
16957,Indie
391403,Action
391403,Adventure
391403,RPG
391403,Massively Multiplayer
20769,Action
20769,Casual
20769,Indie
334309,Action
334309,Arcade
334309,Fighting
3324,Action
3324,RPG
484894,Action
484894,Strategy
484894,Casual
19505,Action
19505,Shooter
19505,Adventure
11542,Simulation
11542,Racing
11542,Indie
17611,Casual
17611,Indie
484577,Adventure
484577,RPG
484577,Indie
34779,Action
34779,Shooter
16521,Indie
14136,Strategy
542578,RPG
542578,Massively Multiplayer
46592,Strategy
29060,Shooter
29060,Arcade
3331,Action
3331,Indie
375291,Action
375291,Strategy
11958,Action
11958,Casual
11958,Fighting
11958,Indie
60618,Action
60618,Adventure
60618,Fighting
60618,Indie
60618,Platformer
60792,Casual
60792,Indie
12552,Casual
12552,Indie
19298,Strategy
12177,Action
12177,Adventure
12177,Indie
30362,Strategy
15149,Action
15149,Simulation
15149,Indie
490449,Adventure
490449,Casual
2800,RPG
2800,Strategy
22379,Action
22379,Platformer
18939,Simulation
18939,Casual
18939,Indie
3496,Action
3496,Adventure
6220,Strategy
6220,Simulation
6220,Board Games
18597,Strategy
19177,Action
19177,Simulation
19177,Arcade
19177,Casual
19177,Indie
15684,Action
15684,Simulation
15684,Casual
15684,Indie
19561,Casual
4645,Action
4645,Shooter
476122,Action
476122,Adventure
476122,RPG
19756,Action
19756,Indie
17629,Adventure
17629,Casual
17629,Puzzle
15589,Action
15589,Adventure
15589,Strategy
15589,Casual
15589,Massively Multiplayer
15589,Indie
852781,Action
852781,Strategy
11524,Action
11524,Adventure
11524,RPG
11524,Strategy
11524,Simulation
11524,Indie
19553,Adventure
19553,Indie
6744,Strategy
6744,Board Games
6744,Card
567,Adventure
573125,Action
573125,Adventure
479634,Action
479634,Adventure
479634,Simulation
479634,Casual
479634,Indie
43621,Simulation
17987,Action
17987,Simulation
17987,Sports
17987,Racing
17987,Indie
17891,Action
17891,Racing
17891,Arcade
10764,Strategy
10764,Board Games
10764,Indie
11733,Casual
11733,Indie
57799,Action
57799,Adventure
57799,Platformer
3074,Action
3074,Simulation
3074,Indie
18856,Action
18856,Adventure
18856,RPG
18856,Simulation
18856,Indie
16012,Strategy
16012,Casual
16012,Indie
17981,Action
17981,Strategy
17981,Indie
279590,Action
279590,RPG
277925,Adventure
277925,RPG
277925,Strategy
277925,Indie
14103,Casual
14103,Indie
11382,Indie
32697,Strategy
2103,Indie
2103,Puzzle
42714,Strategy
42714,Card
19288,Action
19288,RPG
27939,Adventure
27939,RPG
16568,Strategy
3899,Adventure
962024,Adventure
962024,RPG
14770,RPG
14770,Strategy
20373,RPG
20373,Simulation
20373,Indie
30501,Indie
30501,Puzzle
15970,Action
15970,Adventure
15970,RPG
12075,Action
12075,Adventure
12075,RPG
12075,Indie
25119,Action
25119,Adventure
25119,Platformer
2049,Action
2049,Adventure
17879,Adventure
17879,RPG
17879,Casual
2372,Action
2372,Adventure
2372,Puzzle
980502,Action
980502,Adventure
980502,RPG
56165,RPG
20648,Action
20648,Indie
18292,Action
18292,Strategy
18292,Casual
16206,Indie
17853,Action
17853,Adventure
17853,Indie
13702,Adventure
13702,Indie
53714,Fighting
21673,Adventure
21673,Casual
5590,Racing
5590,Arcade
10793,Action
10793,Indie
9547,Adventure
9547,Casual
9547,Indie
6616,Sports
13973,RPG
13973,Strategy
13973,Simulation
350543,Action
350543,Indie
5933,Adventure
5933,Casual
5933,Indie
5933,Puzzle
3322,Strategy
3322,Simulation
5467,Action
5467,Adventure
5467,RPG
15420,Strategy
15420,Indie
802435,Action
802435,Adventure
802435,RPG
17839,Strategy
17839,Simulation
17839,Indie
12274,Action
12274,Indie
12988,Action
12988,Adventure
16769,Action
16769,Adventure
928,Action
928,Adventure
928,Indie
21446,Action
21446,Adventure
21446,Indie
3239,Simulation
25909,Action
722688,Adventure
722688,Simulation
522982,RPG
522982,Strategy
17385,Adventure
17385,RPG
17385,Strategy
54531,Action
54531,Fighting
4648,Action
4648,Arcade
10924,Action
10924,Adventure
10924,Indie
16169,Action
16169,Adventure
16169,RPG
16169,Strategy
16169,Simulation
16169,Sports
16169,Racing
16169,Casual
16169,Indie
5397,Action
5397,Adventure
319155,Adventure
319155,Indie
12001,Action
12001,Strategy
12001,Simulation
479670,Action
479670,Adventure
479670,RPG
479670,Massively Multiplayer
44662,Action
44662,Adventure
44662,Casual
44662,Indie
10813,Adventure
16735,Action
16735,Casual
16735,Indie
12007,Action
12007,Casual
12007,Indie
18413,Adventure
18413,Indie
18924,Action
18924,Casual
18924,Indie
21056,RPG
21056,Indie
60645,Action
60645,Indie
14236,Adventure
14236,RPG
14236,Indie
962676,Action
962676,Adventure
962676,RPG
962676,Strategy
29429,Arcade
29429,Fighting
53377,Arcade
37136,Strategy
16795,Adventure
16795,Simulation
25373,Action
11561,Action
11561,Casual
11561,Fighting
11561,Indie
9636,Adventure
9636,Casual
17749,Adventure
17749,Indie
41458,RPG
41458,Massively Multiplayer
17139,Action
17139,Shooter
502171,Action
502171,Adventure
502171,RPG
48,Action
48,Simulation
48,Puzzle
25137,Action
25137,Arcade
25137,Platformer
19700,Action
19700,Adventure
15784,Action
15784,Adventure
15784,RPG
15784,Indie
27390,Action
27390,Platformer
43772,Simulation
43772,Racing
43772,Indie
484886,Action
484886,Adventure
484886,Indie
28485,Action
28485,Shooter
28485,Adventure
17610,Strategy
21112,Simulation
21112,Fighting
10089,Sports
14277,RPG
14277,Indie
10201,Adventure
10201,RPG
10201,Strategy
18870,Casual
18870,Indie
17475,Action
8042,Indie
8042,Puzzle
25618,Adventure
25618,Indie
12458,Action
12458,Adventure
19178,Adventure
19178,RPG
19178,Indie
364990,Adventure
364990,RPG
364990,Indie
61131,Strategy
61131,Simulation
61131,Indie
18268,Action
18268,Indie
3803,Adventure
3379,Shooter
3379,Casual
19399,Adventure
261226,RPG
261226,Strategy
211,Action
211,Arcade
211,Card
211,Fighting
29590,Strategy
304206,Action
304206,Adventure
304206,Indie
27970,Racing
7598,Strategy
7598,Board Games
7598,Casual
7598,Card
20845,Action
20845,Adventure
20845,RPG
13947,Casual
5757,Adventure
5757,Casual
5757,Indie
5757,Puzzle
14,Action
14,Strategy
14,Casual
14,Indie
14,Puzzle
11552,Adventure
468,Action
468,Strategy
468,Indie
13516,Action
13516,Adventure
13516,Arcade
13516,Indie
10952,RPG
10952,Strategy
10952,Simulation
10952,Casual
10952,Indie
6708,Action
6708,Simulation
6708,Sports
6708,Arcade
6708,Casual
6708,Indie
18915,Adventure
18915,RPG
18915,Casual
18915,Indie
44630,Action
44630,Fighting
44630,Indie
20356,Adventure
17739,Adventure
17739,RPG
17739,Strategy
17739,Massively Multiplayer
17739,Indie
1269,Action
1269,Adventure
1269,Simulation
1269,Casual
1269,Indie
4203,Action
4203,Adventure
10806,Strategy
10806,Indie
50824,Casual
50824,Indie
11849,Action
11849,Indie
61585,Adventure
61585,RPG
61585,Card
61585,Indie
27509,Strategy
27509,Simulation
15993,Adventure
25658,Arcade
799381,Adventure
799381,Casual
799381,Indie
934079,Action
934079,Shooter
934079,Adventure
934079,RPG
40689,Arcade
54403,Shooter
5535,Action
5535,Shooter
5535,Fighting
13758,Action
13758,Casual
13758,Indie
337023,Shooter
337023,Adventure
337023,RPG
337023,Simulation
20943,Action
20943,Adventure
20943,Casual
20943,Indie
619867,Action
619867,Adventure
284700,Action
284700,Adventure
284700,RPG
284700,Simulation
284700,Indie
13398,Action
13398,Adventure
13398,Indie
11392,Action
14740,Adventure
14740,Puzzle
4755,Action
4755,Adventure
9867,Adventure
9867,Simulation
9867,Indie
20490,Action
12411,Action
12411,Adventure
12411,Indie
9519,Action
9519,Strategy
19461,Action
19461,Shooter
19461,Arcade
19461,Indie
19461,Platformer
9930,Action
9930,Adventure
9930,Casual
9930,Indie
16514,RPG
16514,Strategy
16514,Simulation
16514,Indie
17767,Strategy
46063,Adventure
46063,Casual
46063,Indie
57880,Action
57880,Arcade
57880,Fighting
557738,Action
557738,Casual
22220,Racing
5212,Action
5212,Arcade
5212,Casual
5212,Indie
5212,Puzzle
59319,Action
59319,Simulation
59319,Sports
12271,Action
12271,Casual
12271,Indie
19478,Adventure
19478,Indie
18605,Adventure
18605,Indie
885,Adventure
885,Indie
885,Puzzle
14745,Adventure
14745,RPG
14745,Indie
36850,RPG
36850,Massively Multiplayer
61849,Strategy
61849,Simulation
61849,Indie
644781,Action
644781,Adventure
644781,RPG
644781,Massively Multiplayer
11513,Action
11513,Shooter
11513,Simulation
11513,Arcade
388313,Action
388313,Shooter
388313,Adventure
373521,Action
373521,Adventure
14257,Action
14257,Arcade
14257,Casual
14257,Indie
320375,Action
320375,Adventure
320375,Indie
58862,Action
44746,Action
44746,Sports
44746,Casual
44746,Indie
16930,Action
16930,Indie
30504,Racing
30504,Arcade
15757,Action
15757,Simulation
15757,Indie
795,Action
795,Indie
16559,Action
16559,Indie
3248,Action
3248,Indie
14142,Strategy
10788,Adventure
19636,Adventure
19636,Arcade
19636,Indie
359267,Adventure
359267,Indie
20116,Adventure
20116,Casual
20116,Indie
17021,Action
17021,Indie
16579,Simulation
16579,Indie
3204,Sports
2383,Action
2383,Family
2383,Fighting
2383,Indie
11232,Strategy
11232,Sports
12617,Action
12617,Massively Multiplayer
12617,Indie
497976,Action
497976,Adventure
497976,Casual
497976,Indie
708999,Action
708999,Shooter
708999,Adventure
708999,Racing
17671,RPG
17671,Casual
17671,Indie
1956,Adventure
1956,Strategy
1956,Simulation
1956,Indie
304191,Action
304191,Indie
304191,Platformer
61275,Action
61275,Racing
61275,Indie
776325,Action
776325,Adventure
776325,RPG
776325,Indie
1033,Action
1033,Arcade
1033,Casual
1033,Indie
12502,Simulation
12502,Racing
12502,Casual
12502,Indie
10067,Action
10067,Adventure
10067,Casual
10067,Indie
2085,Adventure
2085,Casual
2085,Indie
2085,Puzzle
45429,Action
45429,Shooter
45429,Strategy
45429,Indie
39604,Action
39604,Shooter
39604,Arcade
39604,Casual
39604,Indie
18860,Casual
484827,RPG
484827,Strategy
484827,Indie
16419,Action
16419,Shooter
16419,Adventure
16419,Indie
19319,Action
12824,Adventure
12824,RPG
12824,Strategy
12824,Board Games
18262,Action
18262,Casual
18262,Indie
19970,Adventure
19970,Casual
19970,Puzzle
10897,Strategy
10897,Simulation
10897,Indie
20925,Adventure
20925,Indie
6875,Adventure
6875,Family
17011,Adventure
17011,Casual
17011,Indie
19698,Action
19698,Strategy
378575,Action
378575,Shooter
16126,Casual
17798,RPG
17798,Strategy
10877,Action
10877,Indie
389,Action
389,Arcade
389,Casual
389,Indie
367083,Adventure
367083,Puzzle
21490,Adventure
21490,Casual
528725,Casual
528725,Indie
36455,Action
36455,Shooter
27913,Action
27913,Arcade
27913,Casual
27913,Puzzle
18199,Action
21449,Strategy
3430,Action
3430,Arcade
3430,Casual
3430,Indie
28355,Simulation
302303,Sports
302303,Indie
270713,Family
18720,Action
18720,Strategy
18720,Simulation
2645,Action
2645,Adventure
2645,Arcade
2645,Indie
376899,Adventure
376899,Indie
376899,Platformer
32402,Action
32402,Shooter
19746,Indie
650607,Action
650607,Adventure
960873,Action
960873,Fighting
20774,Action
20774,Casual
20774,Indie
9444,Action
9444,Indie
53381,Action
20178,RPG
20178,Massively Multiplayer
13414,Action
13414,Adventure
13414,Indie
633,Action
633,Adventure
42240,Adventure
42240,Arcade
16775,Action
16775,Adventure
16775,Indie
18404,Adventure
18404,Simulation
18404,Casual
18404,Indie
18987,Casual
18987,Indie
16410,Adventure
4675,Adventure
4675,Strategy
21461,Action
21461,Adventure
21461,RPG
21461,Indie
725781,Adventure
725781,RPG
725781,Indie
46866,Adventure
46866,Indie
21515,Adventure
21515,Indie
17254,Action
17254,Shooter
17254,Educational
4130,Action
4130,Racing
42234,Arcade
42234,Fighting
14856,Action
14856,Strategy
14856,Indie
19688,Adventure
19688,Indie
58927,Simulation
58927,Sports
185388,Puzzle
238390,Platformer
22876,Strategy
11693,Adventure
11693,Indie
611,Adventure
611,Indie
611,Puzzle
20009,Adventure
20798,Action
20798,Adventure
20798,RPG
64111,Adventure
64111,Casual
64111,Indie
64111,Puzzle
15889,Simulation
15889,Indie
974482,Action
974482,Strategy
974482,Simulation
974482,Indie
28462,Action
28462,Adventure
19179,Action
19179,RPG
19179,Simulation
19179,Indie
18430,Adventure
18430,Indie
37851,Arcade
31482,Action
31482,Adventure
31482,Racing
16797,Action
16797,Indie
579580,Action
579580,Indie
11355,Adventure
11355,Casual
11355,Indie
52512,Puzzle
52512,Platformer
380862,Adventure
380862,Indie
19674,Strategy
21678,Adventure
21678,Indie
540036,Action
540036,Indie
61847,Strategy
61847,Simulation
61847,Indie
21078,Action
21078,Racing
11541,Simulation
11541,Indie
469031,Adventure
469031,RPG
469031,Casual
469031,Indie
13638,Adventure
13638,RPG
13638,Indie
10640,Adventure
485079,Simulation
485079,Sports
12503,Action
12503,Casual
12503,Indie
13043,Strategy
13043,Casual
13043,Indie
13043,Puzzle
2930,Action
2930,Arcade
2930,Indie
21280,Action
21280,Shooter
21280,Arcade
21280,Indie
325032,Action
325032,RPG
325032,Indie
3447,Strategy
3447,Casual
3447,Indie
366844,Adventure
366844,RPG
383496,Action
383496,Shooter
383496,Adventure
19277,Sports
19277,Racing
2232,Strategy
2232,Card
4416,RPG
20110,Action
20110,Strategy
20110,Casual
20110,Indie
806954,Adventure
806954,Indie
806954,Puzzle
28274,Action
28274,Adventure
28274,Arcade
28274,Casual
53945,Action
53945,Adventure
21272,Adventure
21272,Indie
9942,Simulation
9942,Indie
9594,Simulation
616675,Action
616675,Racing
616675,Indie
12254,Action
12254,Indie
302974,Action
302974,Adventure
302974,RPG
16527,Action
16527,Casual
16527,Indie
12200,Action
12200,Indie
19858,Strategy
19858,Casual
19858,Indie
19858,Puzzle
20584,Simulation
20584,Casual
20584,Indie
17811,Sports
16412,Adventure
37059,Adventure
37059,Indie
1479,Casual
1479,Indie
1479,Puzzle
13532,Adventure
13532,Casual
13532,Indie
22373,Casual
22373,Indie
29099,Strategy
29099,Simulation
1698,Action
15074,Strategy
15074,Simulation
15074,Casual
15074,Indie
14278,Adventure
14278,RPG
14278,Indie
17283,RPG
17283,Strategy
20100,Action
20100,Indie
1577,Action
1577,Sports
22441,RPG
22441,Casual
504,Action
504,Shooter
504,RPG
504,Arcade
504,Indie
17282,Strategy
17282,Simulation
972995,Action
17657,Adventure
17657,Indie
4775,Action
4775,Racing
4775,Arcade
15930,Action
15930,Adventure
15930,RPG
15930,Casual
15930,Indie
327206,Action
327206,RPG
19367,Action
62553,Adventure
62553,RPG
62553,Strategy
62553,Educational
62553,Indie
10383,Strategy
10383,Simulation
720937,Action
720937,Shooter
720937,Adventure
56114,Shooter
47155,Action
47155,Adventure
11498,RPG
3372,Action
3372,Adventure
3372,Indie
51326,Action
51326,Shooter
51326,Simulation
19845,Casual
19845,Indie
36542,Action
36542,Shooter
438,Action
438,Strategy
438,Simulation
438,Indie
438,Puzzle
17069,Action
17069,Simulation
17069,Indie
19172,Adventure
708980,Action
708980,Shooter
708980,Casual
708980,Massively Multiplayer
13974,Casual
13974,Indie
12491,Strategy
19286,Action
19286,Shooter
47396,Action
47396,Adventure
47396,Casual
47396,Indie
47396,Puzzle
14565,Action
14565,Simulation
14565,Massively Multiplayer
14565,Indie
53205,RPG
10138,Action
10138,Adventure
10138,RPG
10138,Massively Multiplayer
11991,Adventure
11991,Indie
5649,Action
5649,Shooter
6905,Action
6905,Arcade
6905,Indie
17029,Casual
17029,Indie
23260,Action
23260,Shooter
23260,Arcade
23260,Casual
15461,Adventure
15461,RPG
15461,Strategy
15461,Casual
15461,Indie
2487,Adventure
46180,Adventure
46180,RPG
46180,Strategy
46180,Simulation
46180,Casual
46180,Indie
46180,Puzzle
36096,Action
36096,Shooter
898351,Action
898351,Adventure
898351,RPG
23004,Action
23004,Adventure
23004,Fighting
686812,Action
686812,Adventure
686812,RPG
686812,Platformer
20647,Action
20647,Indie
24948,Arcade
471011,Action
471011,RPG
487914,Action
487914,Platformer
383546,Action
383546,Casual
383546,Indie
7563,Strategy
7563,Arcade
7563,Indie
16834,Action
16834,Adventure
16834,Casual
16834,Indie
11722,Casual
11722,Indie
17860,Action
17860,Arcade
17860,Platformer
24392,Puzzle
10298,Action
10298,Adventure
10298,Casual
10298,Indie
3602,Sports
303589,Action
303589,Adventure
303589,RPG
303589,Strategy
303589,Casual
19356,Casual
19356,Puzzle
39053,Adventure
39053,Casual
14854,RPG
14854,Strategy
14854,Indie
11459,Action
11459,Shooter
11459,RPG
11459,Strategy
11459,Indie
12329,Action
12329,Adventure
12329,RPG
12329,Strategy
12329,Simulation
12329,Indie
3943,RPG
35963,Action
35963,Shooter
25449,Action
25449,Adventure
12051,Action
12051,Indie
50410,Simulation
50410,Casual
21236,Adventure
21236,Casual
270730,Action
270730,Simulation
270730,Sports
270730,Racing
270730,Indie
22902,Strategy
22902,Fighting
45958,Strategy
9055,Adventure
9055,Casual
9055,Indie
9055,Puzzle
59081,Action
59081,Adventure
59081,Casual
59081,Massively Multiplayer
2,Action
2,Adventure
2,Casual
2,Indie
91642,Action
91642,Adventure
91642,Fighting
91642,Indie
36941,Strategy
36941,Simulation
19531,Action
19531,Adventure
19531,RPG
19531,Simulation
19531,Casual
19531,Indie
52217,RPG
52217,Strategy
52217,Indie
375197,Action
375197,Adventure
375197,Indie
375197,Platformer
53803,Sports
3829,Action
3829,RPG
21703,Action
21703,Indie
619898,RPG
619898,Strategy
12792,Adventure
12792,Simulation
428303,Action
428303,Sports
428303,Casual
555,Action
555,RPG
3057,Action
3057,RPG
16276,Action
16276,Indie
14643,Action
14643,Adventure
14643,Indie
14023,Action
14023,Simulation
20587,Action
20587,Adventure
20587,Casual
20587,Indie
38731,Adventure
10844,Action
10844,Adventure
10844,Casual
10844,Indie
17027,Casual
17027,Indie
46153,Action
46153,Adventure
46153,Platformer
364807,RPG
364807,Strategy
14509,Action
14509,Adventure
14509,Indie
14509,Platformer
144,Action
144,Arcade
144,Puzzle
13036,Action
13036,Indie
19316,Simulation
19316,Indie
421711,Adventure
421711,Simulation
421711,Casual
421711,Indie
51333,Platformer
41647,Strategy
9709,RPG
9709,Massively Multiplayer
17140,Action
17140,Shooter
58170,Action
58170,Arcade
17033,Casual
17033,Indie
14942,Simulation
14942,Casual
14942,Indie
965470,Shooter
22478,Racing
13152,Action
13152,Casual
13152,Indie
16257,Casual
16257,Indie
15439,Action
15439,Casual
15439,Indie
43759,Simulation
43759,Sports
18270,Sports
18270,Arcade
18270,Casual
29696,Action
29696,Shooter
7019,Adventure
7019,Casual
17725,Action
17725,Adventure
17725,Strategy
17725,Simulation
17725,Casual
17725,Indie
50603,Simulation
50603,Sports
50603,Casual
50603,Massively Multiplayer
50603,Indie
53180,Action
53180,Platformer
1723,Action
1723,Shooter
1723,Arcade
1723,Indie
20104,Action
20104,Adventure
20104,RPG
20104,Strategy
20104,Massively Multiplayer
20104,Indie
35351,Strategy
17933,Action
17933,Adventure
17933,Indie
20320,Casual
20320,Indie
5836,Action
5836,RPG
15436,Adventure
18874,Action
18874,Casual
18874,Indie
14813,Action
14813,Adventure
14813,Indie
17396,Adventure
10761,Strategy
17771,Action
17771,Shooter
17771,Indie
193,Action
193,Arcade
193,Casual
14853,Adventure
14853,Casual
14853,Indie
17031,Casual
17031,Indie
10424,Action
10424,Adventure
10424,Indie
14697,Adventure
14697,Casual
14697,Indie
22374,Action
22374,Adventure
783865,Action
783865,Strategy
783865,Indie
16926,Racing
23763,Action
23763,Arcade
23763,Fighting
959953,Action
959953,Adventure
959953,Massively Multiplayer
484913,Action
484913,RPG
484913,Strategy
17430,Casual
17430,Indie
20103,Action
20103,Indie
455579,Action
455579,Adventure
455579,Casual
455579,Puzzle
2474,Action
2474,RPG
19821,Adventure
19821,Indie
15800,Strategy
15800,Simulation
22796,RPG
13889,Action
19193,RPG
19193,Strategy
19193,Simulation
44460,Action
44460,Arcade
351,Action
351,Strategy
16858,Adventure
16858,Indie
45868,Action
45868,Adventure
45868,Indie
45868,Platformer
22910,Action
22910,Shooter
19853,Adventure
19853,RPG
19853,Simulation
19853,Casual
19853,Indie
18141,Action
18141,Indie
18141,Puzzle
18141,Platformer
10084,Action
10084,Adventure
10084,RPG
10084,Indie
15652,Action
15652,Casual
15652,Indie
52335,Simulation
52335,Arcade
200,Adventure
200,Indie
49909,Action
49909,Indie
12137,Action
12137,Massively Multiplayer
12137,Indie
50796,Action
50796,Adventure
50796,Puzzle
17779,Action
17779,Adventure
17779,Indie
18023,Action
18023,Adventure
18023,Indie
304273,Adventure
304273,RPG
304273,Strategy
304273,Indie
1486,Adventure
1486,RPG
1486,Strategy
1486,Indie
10644,Adventure
13844,Action
13844,Indie
15494,Action
15494,Strategy
15494,Indie
19737,Action
19737,Racing
19737,Casual
19737,Indie
861285,Action
861285,RPG
861285,Indie
782343,Action
782343,Adventure
782343,Sports
782343,Indie
553075,RPG
553075,Strategy
553075,Indie
13324,Casual
13324,Indie
9667,Adventure
9667,Casual
9667,Indie
42288,Action
42288,Adventure
12482,Adventure
12482,Casual
3856,Action
3856,Adventure
3856,Arcade
29091,Sports
29091,Arcade
29091,Fighting
1120,Action
1120,Adventure
20137,Action
20137,Family
20137,Indie
15472,Casual
1230,Adventure
1230,RPG
1230,Indie
9818,Action
9818,Adventure
9818,RPG
9818,Indie
58928,Action
58928,Sports
5545,Action
5545,Adventure
5545,Fighting
5545,Platformer
18719,Action
18719,Strategy
18719,Simulation
50971,RPG
1872,Action
1872,Adventure
421699,Casual
421699,Indie
288559,Action
288559,Shooter
11424,Racing
11424,Casual
11424,Indie
58819,Action
58819,Shooter
491512,Strategy
491512,Simulation
491512,Casual
19689,Action
19689,Shooter
15527,Simulation
15527,Massively Multiplayer
9468,Casual
9468,Educational
9468,Indie
1454,Sports
22629,Action
22629,Adventure
22629,RPG
22629,Massively Multiplayer
4628,Arcade
4628,Fighting
301514,Action
301514,Adventure
455580,Action
455580,Adventure
455580,Platformer
1125,Simulation
1125,Sports
1125,Fighting
19629,Action
19629,Indie
22409,Adventure
22409,RPG
22409,Indie
36189,Action
36189,Arcade
36189,Platformer
13139,Action
13139,Racing
13139,Indie
18160,Action
18160,RPG
18160,Indie
288635,Action
12159,Adventure
12159,Indie
17098,Strategy
17098,Casual
17098,Indie
21637,Adventure
21637,Casual
21637,Puzzle
720950,Indie
19871,Action
19871,Adventure
19871,Casual
19871,Indie
37032,Adventure
9844,Adventure
9844,Indie
3584,RPG
370216,Simulation
370216,Sports
18230,Action
18230,Adventure
18230,Indie
455513,Action
455513,Indie
12917,Action
12917,Indie
17881,Action
17881,Adventure
17881,Indie
42120,Sports
19557,Strategy
18555,Strategy
18555,Simulation
18555,Indie
31495,RPG
31495,Strategy
22576,Adventure
22576,Indie
16508,Adventure
16508,Simulation
16508,Casual
16508,Indie
28471,RPG
558974,Action
558974,Adventure
8093,Action
8093,Strategy
8093,Simulation
8093,Casual
8093,Massively Multiplayer
8093,Indie
375282,Action
375282,Strategy
375282,Simulation
18675,Massively Multiplayer
428178,Adventure
428178,RPG
428178,Indie
21616,Action
21616,RPG
21616,Simulation
58351,Action
58351,Fighting
1055,Action
1055,RPG
1055,Strategy
1055,Casual
1055,Indie
1055,Puzzle
279033,Arcade
279033,Casual
279033,Indie
18296,Casual
18296,Indie
19755,RPG
19755,Massively Multiplayer
34811,Adventure
34811,Strategy
34811,Arcade
34811,Puzzle
14153,Strategy
14153,Indie
17634,Simulation
17634,Racing
20121,Adventure
437062,Action
437062,Adventure
13591,Casual
13591,Indie
313748,Adventure
313748,Indie
313748,Puzzle
61004,Action
61004,Simulation
61004,Casual
61004,Indie
60633,Action
60633,Adventure
60633,RPG
60633,Massively Multiplayer
14659,Adventure
14659,Indie
13716,Action
13716,Massively Multiplayer
13716,Indie
4529,Action
4529,Adventure
4529,Arcade
4529,Indie
4529,Platformer
22318,Adventure
22318,Casual
22318,Indie
368,Action
368,Racing
368,Arcade
571696,Action
571696,Adventure
571696,Indie
796094,Action
13186,Strategy
13186,Casual
13186,Indie
13186,Puzzle
16220,Adventure
16220,Arcade
16220,Indie
16220,Puzzle
35818,Arcade
5686,Action
5686,Fighting
36858,Arcade
36858,Puzzle
616690,Action
616690,Adventure
616690,RPG
46058,Action
46058,Simulation
15343,Adventure
15343,Casual
15343,Indie
302977,Action
302977,Adventure
302977,RPG
302977,Fighting
302977,Puzzle
17212,Action
17212,Casual
17212,Indie
14004,Action
22872,Action
22872,Shooter
22872,Adventure
22872,Puzzle
58920,Adventure
58920,Puzzle
11544,Casual
11544,Indie
11544,Puzzle
50119,Simulation
50119,Indie
61584,Adventure
285650,Action
285650,Adventure
285650,Platformer
617209,Action
617209,Shooter
617209,Adventure
277932,RPG
277932,Strategy
452664,Action
452664,Adventure
452664,Indie
570171,Action
570171,Adventure
570171,Indie
570171,Platformer
914795,Action
914795,Indie
992,Adventure
992,Strategy
992,Puzzle
17260,Action
17260,Adventure
17260,Casual
17260,Indie
17992,Strategy
17992,Simulation
2430,Action
2430,Adventure
2430,Casual
2430,Indie
2430,Platformer
37923,Action
37923,Adventure
2506,Action
2506,Platformer
16529,Action
16529,Adventure
16529,Indie
53461,Adventure
776267,Adventure
776267,Indie
39187,Action
39187,Adventure
39187,RPG
39187,Massively Multiplayer
48930,Action
16558,Action
16558,Indie
23308,Sports
38991,Action
18079,Action
18079,Strategy
18079,Indie
331009,Action
331009,RPG
387244,Adventure
36390,Action
36390,Shooter
12690,Casual
17045,Adventure
17045,RPG
17045,Indie
26174,Sports
16298,Action
16298,Adventure
16298,Casual
969003,Action
14652,Action
14652,Adventure
14652,Simulation
14652,Casual
14652,Indie
28526,Action
28526,Family
28458,Action
28458,Indie
28458,Platformer
44215,Sports
44215,Racing
44215,Massively Multiplayer
20007,Strategy
20007,Massively Multiplayer
20007,Indie
17939,RPG
17939,Strategy
17939,Indie
295094,Action
295094,Adventure
20023,Adventure
20023,Casual
571689,Action
571689,Shooter
571689,Indie
963212,Action
963212,Adventure
963212,RPG
387242,Simulation
387242,Indie
5591,Action
5591,Shooter
5591,Adventure
5591,Indie
22346,Simulation
22346,Indie
11100,Action
11100,Adventure
11100,RPG
11100,Indie
9846,Action
9846,Indie
5143,Action
5143,Adventure
419293,Action
419293,Adventure
5160,Action
5160,Adventure
1515,Strategy
1515,Board Games
1515,Educational
62238,Adventure
62238,RPG
62238,Indie
20355,Educational
19849,Action
19849,Adventure
19849,Strategy
19849,Casual
19849,Indie
13908,Action
13908,Indie
13908,Puzzle
13908,Platformer
14102,Adventure
14102,Casual
520350,Adventure
520350,Casual
19344,Action
19344,Indie
428046,Sports
428046,Casual
428046,Indie
13492,Adventure
13492,RPG
13492,Indie
13492,Platformer
827,Action
827,Adventure
827,Arcade
827,Casual
827,Indie
19918,Action
19918,Indie
20107,Action
20107,RPG
20107,Indie
19651,Action
19651,Strategy
19651,Simulation
18995,Action
18995,Indie
11906,Racing
11906,Casual
11906,Indie
17141,Action
17141,Shooter
266205,Action
266205,Racing
17895,Action
17895,Indie
17895,Puzzle
17895,Platformer
3749,Action
3749,Adventure
20197,Adventure
20197,RPG
20197,Strategy
20197,Indie
15445,Strategy
15445,Simulation
20651,Casual
20651,Family
20651,Indie
44791,Action
44791,RPG
16628,Adventure
16628,Casual
16628,Indie
16628,Puzzle
2928,Racing
2928,Indie
21241,Adventure
21241,Casual
11023,Action
11023,Indie
15334,Adventure
269532,Action
269532,RPG
269532,Casual
13612,Action
13612,Arcade
13612,Indie
13612,Puzzle
27159,Platformer
28383,Action
28383,Adventure
14741,Action
14741,Indie
311735,Strategy
311735,Simulation
10561,Adventure
10561,Casual
10561,Indie
981791,Action
981791,Adventure
17541,Action
17541,Indie
51622,Action
51622,Indie
678592,Adventure
678592,Casual
678592,Indie
16598,RPG
969496,Simulation
969496,Sports
19498,Adventure
19498,Indie
8096,Simulation
8096,Sports
8096,Indie
5883,Action
5883,Adventure
5883,Arcade
5883,Indie
21460,Casual
12394,Adventure
12394,Indie
15593,Adventure
15593,Indie
6320,Action
6320,Strategy
6320,Casual
6320,Indie
7087,Action
7087,Shooter
7087,Simulation
7087,Racing
7087,Casual
18341,Action
18341,Adventure
18341,Indie
5567,Sports
16522,Action
16522,Adventure
16522,Simulation
16522,Indie
428077,Action
428077,Casual
4391,Action
4391,Adventure
254576,Casual
254576,Indie
254576,Puzzle
15964,Action
15964,Adventure
15964,RPG
15964,Indie
257385,Action
257385,Adventure
257385,RPG
257385,Simulation
257385,Casual
257385,Indie
537745,Action
537745,Shooter
537745,Indie
20214,Action
16447,Adventure
16447,Casual
51489,Simulation
3525,Action
3525,Indie
3525,Platformer
14577,Indie
22427,RPG
3275,Shooter
14090,Action
14090,RPG
14090,Indie
15968,Action
15968,Adventure
15968,RPG
15968,Casual
536941,Action
536941,Adventure
536941,RPG
536941,Strategy
536941,Simulation
536941,Casual
536941,Massively Multiplayer
536941,Indie
11615,Action
11615,Adventure
11615,Casual
11615,Indie
14769,RPG
14769,Strategy
20772,Action
20772,Casual
20772,Indie
20772,Puzzle
20772,Platformer
892898,Action
892898,Shooter
892898,Arcade
46979,Action
46979,Adventure
46979,Indie
20198,Action
20198,Adventure
20198,RPG
20198,Strategy
20198,Simulation
20198,Sports
20198,Racing
20198,Casual
20198,Indie
16910,Action
16910,Sports
16910,Indie
25178,RPG
20780,Casual
28292,RPG
13033,RPG
13033,Massively Multiplayer
442866,Action
442866,Adventure
442866,RPG
28392,Simulation
28392,Sports
42257,Arcade
13125,Action
13125,Adventure
13125,RPG
13125,Strategy
13125,Indie
3007,Action
3007,Adventure
3007,RPG
3007,Arcade
3007,Platformer
274763,Action
274763,Adventure
274763,RPG
274763,Massively Multiplayer
49376,Action
49376,Indie
15795,Simulation
15795,Casual
15795,Indie
12974,Action
12974,Massively Multiplayer
17786,Action
17786,Adventure
17786,Arcade
17786,Platformer
22792,RPG
269354,Strategy
269354,Simulation
269354,Casual
269354,Educational
32232,Action
32232,Adventure
32232,Arcade
32232,Puzzle
19575,Strategy
13239,Action
13239,Indie
18282,Action
18282,Casual
18282,Indie
58701,Simulation
58701,Sports
28546,Sports
28546,Racing
28546,Arcade
19529,Adventure
19529,RPG
19529,Indie
20663,Adventure
20663,RPG
20663,Casual
20663,Indie
257237,Casual
17709,Action
17709,RPG
17709,Indie
19260,Strategy
19260,Indie
270757,Action
270757,Adventure
270757,Indie
442869,Action
442869,Adventure
16195,Action
16195,Arcade
16195,Fighting
2564,Action
17943,Action
17943,Adventure
17943,Arcade
17943,Casual
17943,Platformer
15476,Casual
15476,Indie
19242,Strategy
19242,Casual
14079,Action
14079,Adventure
14079,Indie
1916,Action
1916,Arcade
1916,Casual
911543,Action
911543,Adventure
911543,Indie
254547,Action
254547,Adventure
254547,RPG
254547,Indie
10636,Action
10636,Indie
17821,Action
17821,Adventure
17821,Casual
17821,Indie
427892,Action
674334,Action
674334,Shooter
674334,Indie
804768,Indie
804768,Puzzle
16643,Strategy
3778,Adventure
3778,Strategy
3778,Casual
3778,Indie
15897,Action
15897,Adventure
15897,RPG
15897,Indie
772603,Adventure
772603,Indie
772603,Puzzle
24138,Action
24138,Platformer
9762,Casual
9762,Indie
2071,Adventure
2071,RPG
2071,Casual
2071,Indie
6579,Adventure
6579,RPG
6579,Strategy
6579,Arcade
6579,Indie
16509,Adventure
1505,Action
1505,Adventure
1505,Indie
16459,Action
16459,Strategy
16459,Casual
14880,Strategy
14880,Simulation
14880,Indie
14691,Action
14691,Adventure
14691,Arcade
14691,Casual
14691,Indie
650667,Action
650667,Adventure
650667,RPG
650667,Strategy
650667,Indie
966216,Adventure
966216,RPG
966216,Simulation
19171,Adventure
9851,Adventure
9851,RPG
9851,Simulation
29839,Adventure
16054,Adventure
16054,Simulation
16054,Indie
748636,Action
748636,RPG
748636,Casual
748636,Indie
28170,Adventure
28170,RPG
28170,Indie
964000,Action
964000,Adventure
964000,RPG
6628,Sports
6628,Racing
961200,Action
961200,Adventure
16433,Adventure
311820,Action
311820,Adventure
311820,Massively Multiplayer
4885,Action
4885,Adventure
44377,Action
44377,RPG
304182,Action
304182,Adventure
46232,Adventure
17619,Action
17619,Massively Multiplayer
17619,Indie
392411,Action
392411,Strategy
392411,Massively Multiplayer
18528,Adventure
18528,RPG
18528,Strategy
18528,Indie
17797,Action
17797,Adventure
18630,Adventure
13160,Adventure
13160,Simulation
13160,Casual
50771,Adventure
50771,Strategy
50771,Casual
8665,Adventure
8665,Puzzle
3176,Action
3176,Casual
3176,Indie
4004,Adventure
4004,Casual
13277,Adventure
13277,RPG
13277,Simulation
13277,Indie
26042,Arcade
647625,Simulation
647625,Racing
647625,Indie
351003,Adventure
351003,RPG
351003,Strategy
351003,Card
351003,Indie
295080,Simulation
295080,Indie
3593,Sports
2105,Action
2105,Arcade
2105,Casual
2105,Indie
802170,Strategy
802170,Simulation
802170,Indie
62351,Adventure
62351,Indie
1300,Arcade
1300,Casual
1300,Puzzle
12034,Action
12034,Simulation
12034,Sports
12034,Massively Multiplayer
23522,Action
23522,Indie
12592,Action
12592,Indie
15173,Adventure
15173,Strategy
15173,Simulation
15303,Adventure
15303,Massively Multiplayer
7527,Adventure
7527,Indie
7527,Puzzle
802455,Action
415364,Adventure
415364,Indie
415364,Puzzle
415364,Platformer
373511,Adventure
373511,Simulation
373511,Sports
4774,Action
4774,Shooter
4774,Arcade
4774,Platformer
231,Adventure
231,RPG
231,Indie
21147,Casual
52879,Action
52879,Platformer
836798,Adventure
836798,Puzzle
18547,Action
18547,RPG
18547,Massively Multiplayer
20467,Action
20467,Casual
20467,Indie
5145,Action
5145,Puzzle
62657,Action
62657,Indie
24961,Arcade
24961,Platformer
14975,Action
14975,Arcade
3227,Action
3227,Indie
3227,Puzzle
326219,Action
326219,Shooter
17497,Adventure
17497,Arcade
17497,Casual
17497,Indie
16900,Action
16900,Adventure
16900,Casual
16900,Indie
3873,Action
3873,Platformer
840789,Action
840789,Shooter
409543,Adventure
409543,Simulation
409543,Casual
409543,Indie
20095,Action
5808,Action
5808,Adventure
5808,Indie
3034,Action
15665,Strategy
15508,Action
15508,Adventure
15508,Casual
7548,Strategy
7548,Card
7548,Massively Multiplayer
7548,Indie
9809,Adventure
9809,RPG
9809,Strategy
9809,Indie
10114,Strategy
10114,Simulation
61148,Action
61148,Shooter
61148,Indie
65336,Casual
65336,Indie
19589,Strategy
19589,Simulation
619944,Action
619944,Adventure
619944,Simulation
619944,Indie
22959,Adventure
22959,Indie
60247,Action
618732,Action
618732,Simulation
618732,Sports
19571,Action
19571,Adventure
19571,Indie
20111,Adventure
20111,Indie
16632,Casual
16632,Indie
47463,Adventure
47463,Casual
13607,Action
13607,Adventure
13607,RPG
13607,Indie
15679,Strategy
15679,Simulation
15679,Sports
15679,Indie
2407,Adventure
51170,Action
51170,Adventure
51170,Simulation
51170,Indie
17397,Adventure
17397,Indie
9435,Action
9435,Adventure
9435,Strategy
9435,Indie
29276,Action
29276,Adventure
29276,RPG
17168,Action
17168,Simulation
17168,Indie
17168,Puzzle
19282,Strategy
21727,Adventure
21727,Casual
21727,Indie
20638,Action
20638,Indie
14941,Simulation
14941,Casual
849517,Action
849517,Adventure
496696,Simulation
496696,Casual
496696,Indie
62506,Action
62506,Adventure
62506,Indie
53460,Adventure
399391,Action
399391,Adventure
247058,Action
247058,Adventure
247058,RPG
247058,Simulation
247058,Indie
362880,Action
362880,RPG
362880,Strategy
362880,Indie
18456,Action
18456,Adventure
18456,RPG
18456,Massively Multiplayer
18456,Indie
20902,Action
20902,Indie
830039,Adventure
830039,Casual
830039,Indie
17492,Adventure
21047,Action
21047,Adventure
21047,Indie
16574,Action
16574,Strategy
16574,Indie
17592,Action
17592,Indie
576532,Adventure
576532,Casual
576532,Indie
576532,Puzzle
21031,Adventure
758571,Adventure
21432,Casual
21432,Indie
11932,Adventure
11932,Indie
28696,Action
28696,Shooter
11241,Action
11241,Sports
11241,Indie
53747,Adventure
53747,Platformer
616677,Action
616677,Adventure
17296,Action
17296,Adventure
17296,RPG
17296,Indie
17296,Platformer
9866,Casual
9866,Massively Multiplayer
5607,Sports
667649,Adventure
647660,Strategy
647660,Simulation
17259,Adventure
17259,Casual
17259,Indie
4495,Action
4495,Shooter
4495,Adventure
12441,Action
12441,Shooter
12441,RPG
12441,Strategy
53506,Racing
10792,Action
10792,RPG
17144,Action
17144,Shooter
17144,Arcade
2682,Action
393544,Action
393544,Strategy
393544,Casual
393544,Massively Multiplayer
34801,Action
34801,Shooter
34801,Adventure
525,Adventure
9535,Adventure
9535,Indie
9535,Puzzle
3357,Action
3357,RPG
20089,RPG
20089,Simulation
20089,Racing
20089,Casual
13545,Action
13545,Adventure
13545,RPG
13545,Simulation
13545,Indie
14226,Strategy
14226,Indie
23400,Strategy
23400,Simulation
23400,Indie
13838,Action
13838,Casual
18816,Indie
29066,Sports
29066,Family
17886,Action
17886,RPG
17886,Indie
17886,Platformer
4802,Action
4802,Shooter
4802,Arcade
17143,Action
17143,Arcade
17143,Platformer
60769,Simulation
60769,Sports
10541,Adventure
10541,Casual
10541,Puzzle
15667,Strategy
327216,Action
327216,Sports
327216,Racing
30799,RPG
30799,Strategy
22463,Action
22463,RPG
22463,Indie
17383,Action
17383,Indie
16767,RPG
16767,Strategy
16767,Indie
4472,Racing
62406,Adventure
62406,Simulation
62406,Casual
62406,Family
62406,Indie
15512,Action
15512,Adventure
616687,Adventure
616687,Indie
13006,Adventure
13006,Simulation
13006,Casual
13006,Indie
244726,Action
244726,Platformer
13494,Strategy
13494,Casual
13494,Indie
30025,Strategy
30025,Puzzle
1287,Action
1287,Adventure
1287,RPG
1287,Indie
13486,Action
13486,Strategy
13486,Simulation
13486,Casual
13486,Indie
16690,Action
16690,Adventure
16690,Indie
31397,Adventure
21159,Action
21159,Indie
19517,Action
19517,Shooter
9517,Simulation
17580,Adventure
17580,RPG
17580,Strategy
17580,Simulation
17580,Indie
18829,Casual
18829,Indie
46930,Strategy
46930,Puzzle
16327,Board Games
16327,Casual
16327,Puzzle
13473,Adventure
13473,Racing
13473,Indie
18273,Adventure
18273,Strategy
18273,Simulation
18273,Casual
15843,Action
15843,RPG
15843,Strategy
15843,Indie
22402,Strategy
19170,Adventure
4742,RPG
37212,Strategy
18496,RPG
18496,Massively Multiplayer
51335,Action
51335,Adventure
51335,RPG
51335,Indie
16139,Action
16139,Indie
23570,Adventure
23570,RPG
23570,Indie
578182,Action
311787,Sports
11280,Action
11280,Adventure
11280,Casual
11280,Indie
406002,Action
24170,Platformer
313802,Action
313802,Adventure
313802,RPG
313802,Indie
270657,Strategy
270657,Indie
481889,Action
481889,Adventure
481889,RPG
481889,Strategy
481889,Simulation
481889,Indie
24182,Action
24182,RPG
840776,Action
840776,RPG
690727,Strategy
690727,Simulation
16418,Action
16418,Strategy
16418,Indie
9848,Action
9848,Strategy
9848,Simulation
9848,Indie
383623,RPG
17489,Adventure
17489,Casual
17489,Indie
595,Board Games
595,Casual
244746,Adventure
244746,Casual
244746,Indie
23216,Action
23216,Puzzle
23216,Platformer
28386,Shooter
15542,Action
15542,Adventure
15542,Indie
17872,RPG
17872,Indie
255825,Action
255825,Simulation
255825,Indie
255825,Platformer
2636,Action
2636,Simulation
2636,Casual
2636,Indie
59227,Action
59227,Adventure
18930,Casual
18930,Indie
457730,Action
457730,Shooter
12181,Strategy
12181,Casual
12181,Indie
12058,Action
12058,Adventure
16601,Indie
2009,Action
2009,Strategy
2009,Indie
15405,Action
15405,Indie
52169,Arcade
52169,Indie
21591,RPG
21591,Strategy
23189,Strategy
23189,Simulation
23189,Casual
23189,Indie
15630,Action
15630,Casual
15630,Indie
18034,Action
18034,Simulation
18034,Indie
23630,Strategy
23630,Casual
23630,Indie
53378,Arcade
28971,Sports
16425,Adventure
12286,Action
12286,Adventure
12286,RPG
12286,Indie
1379,RPG
768,Action
768,Adventure
768,RPG
768,Indie
334539,Adventure
334539,RPG
334539,Strategy
334539,Indie
17635,Adventure
59765,Adventure
5328,Action
5328,Shooter
5328,Arcade
46689,Casual
46689,Indie
13762,Action
13762,Casual
13762,Indie
62775,Action
62775,Indie
59868,Casual
59868,Indie
59868,Puzzle
4462,Puzzle
14552,Adventure
14552,RPG
14552,Strategy
14552,Casual
14552,Indie
17003,Adventure
17003,RPG
17003,Indie
18696,Adventure
18696,Casual
40205,Simulation
40205,Racing
341329,Indie
341329,Puzzle
16876,Action
16876,Indie
1616,Adventure
1616,Strategy
1616,Indie
19499,Action
19499,Shooter
19499,Simulation
354377,Action
354377,Adventure
354377,RPG
354377,Massively Multiplayer
15205,Strategy
15205,Simulation
15205,Indie
45944,Adventure
14407,Adventure
14407,Strategy
14407,Casual
14407,Indie
14407,Puzzle
60871,Adventure
60871,Casual
60871,Indie
60871,Puzzle
22540,Action
22540,Strategy
484816,Adventure
484816,RPG
263566,Action
263566,RPG
263566,Indie
13456,RPG
13456,Massively Multiplayer
20745,Strategy
881441,Adventure
881441,Indie
881441,Puzzle
16307,Casual
16307,Educational
3199,Action
3199,Adventure
2061,Action
2061,Simulation
2061,Sports
2061,Racing
2061,Indie
18878,Strategy
18878,Indie
650646,Simulation
650646,Sports
29279,Sports
29279,Racing
29279,Indie
807136,Adventure
807136,Strategy
807136,Simulation
807136,Indie
16317,Casual
11119,Adventure
11119,Simulation
11119,Casual
11119,Indie
15715,Action
15715,Indie
13195,Action
18548,Action
18548,Adventure
18548,Indie
18548,Platformer
9321,RPG
9321,Arcade
48926,Indie
59304,Strategy
59304,Board Games
20809,Action
20809,Arcade
20809,Indie
20402,Strategy
20402,Casual
20402,Indie
11645,Adventure
11645,Indie
11645,Puzzle
18493,Strategy
18493,Casual
18493,Indie
16105,Action
16105,Adventure
16105,RPG
16105,Indie
43755,Action
43755,Platformer
720945,RPG
720945,Strategy
47171,Action
47171,Indie
18239,Adventure
18239,Indie
9794,Strategy
9794,Simulation
9794,Indie
586059,Action
586059,Adventure
586059,Strategy
93803,RPG
93803,Indie
22678,Strategy
850698,Action
850698,Adventure
23497,Strategy
5498,Action
5498,Strategy
5498,Arcade
5498,Puzzle
23833,Simulation
16322,Casual
52799,RPG
18033,Adventure
18033,Strategy
18033,Indie
18033,Puzzle
20122,Adventure
811874,Simulation
811874,Indie
811874,Puzzle
22870,Action
22870,Platformer
692,Adventure
692,RPG
692,Strategy
692,Indie
1864,Action
1864,Racing
1864,Arcade
44425,Action
44425,Racing
589198,Adventure
589198,Indie
9593,Action
9593,Adventure
9593,Indie
522975,Action
522975,RPG
3851,Sports
3126,RPG
17957,Action
17957,Adventure
17957,RPG
17957,Simulation
17957,Indie
18627,Adventure
11013,Action
11013,Simulation
11013,Indie
4454,Action
4454,Puzzle
619475,Action
619475,Adventure
619475,RPG
619475,Sports
619475,Arcade
619475,Indie
15767,Action
15767,Adventure
15767,Simulation
15767,Indie
20875,Action
20875,Adventure
20875,Indie
16933,RPG
16933,Strategy
16933,Racing
16933,Massively Multiplayer
16933,Indie
776260,Sports
776260,Racing
19051,Action
19051,Shooter
41273,Action
41273,Adventure
41273,RPG
41273,Casual
41273,Indie
15882,Strategy
15882,Indie
20271,Adventure
20271,Indie
44190,Action
11568,Action
11568,Strategy
11568,Casual
42235,Action
28537,Action
28537,Platformer
238395,Casual
238395,Family
18078,RPG
18078,Strategy
18078,Simulation
18078,Indie
17695,Indie
21087,Adventure
21087,Casual
20161,Adventure
244882,RPG
244882,Indie
60782,Strategy
6078,Strategy
6078,Casual
6078,Puzzle
16452,Action
16452,Shooter
16239,Action
7919,Action
7919,Adventure
7919,Arcade
7919,Casual
7919,Indie
11918,Action
11918,Adventure
16320,Board Games
16320,Casual
16320,Puzzle
494394,Adventure
494394,RPG
21249,Action
21249,Arcade
21249,Casual
21249,Puzzle
12297,Action
12297,Casual
12297,Indie
17593,Adventure
20846,Adventure
20846,Casual
60808,Action
60808,Indie
14655,Adventure
14655,Casual
23208,Adventure
23208,RPG
23208,Massively Multiplayer
11300,Action
11300,Casual
11300,Indie
5596,Action
5596,RPG
19456,RPG
19456,Strategy
19456,Indie
64275,Indie
850705,Action
850705,Fighting
16998,Action
16998,Casual
16998,Indie
13821,Action
13821,Adventure
13821,RPG
13821,Strategy
13821,Simulation
13821,Indie
10395,Strategy
25557,RPG
58825,Action
14760,Action
14760,RPG
14760,Strategy
14760,Indie
720949,Action
720949,Shooter
720949,Indie
15874,RPG
15874,Indie
18871,Action
18871,Adventure
18871,Indie
309900,Action
17866,Action
17866,Adventure
17866,Educational
20914,Action
20914,RPG
20914,Strategy
20914,Simulation
20914,Massively Multiplayer
14007,Action
14007,Adventure
14007,Strategy
20421,Action
20421,Indie
39530,RPG
39530,Massively Multiplayer
3173,Sports
20179,Action
20179,Adventure
20179,RPG
20179,Strategy
20179,Massively Multiplayer
20179,Indie
2193,Action
2193,RPG
52949,Adventure
52949,RPG
52949,Simulation
49079,Action
49079,RPG
27967,Adventure
27967,Platformer
16853,Action
16853,Strategy
16853,Indie
23516,Action
23516,Arcade
1539,Adventure
19683,RPG
19683,Strategy
19683,Indie
62520,Action
62520,Adventure
62520,Indie
62520,Platformer
20106,Action
20106,Adventure
20106,RPG
21216,Adventure
16524,Casual
16524,Indie
4006,Arcade
5715,Action
5715,Adventure
16842,Strategy
19474,Racing
19474,Indie
19659,Adventure
573126,Action
573126,Adventure
3431,Family
12003,RPG
12003,Massively Multiplayer
15315,Action
15315,Strategy
15315,Casual
15315,Indie
8602,Action
8602,Adventure
8602,Arcade
8602,Casual
355232,Action
355232,Strategy
355232,Simulation
3221,Adventure
3221,Indie
20726,Strategy
20726,Simulation
248400,Action
248400,Shooter
19998,Action
19998,Adventure
19998,Strategy
19998,Indie
35646,Strategy
44522,Indie
20294,Casual
17537,RPG
23592,Action
23592,RPG
44765,Action
367056,Adventure
367056,Strategy
367056,Simulation
666416,Action
666416,Strategy
666416,Casual
666416,Indie
18306,Adventure
18306,Casual
18306,Indie
50739,Action
50739,Shooter
13686,Action
13686,Adventure
13686,Indie
28347,Action
28347,Adventure
58866,Adventure
58866,Casual
21293,Casual
2382,Simulation
2382,Sports
2382,Racing
17963,Casual
17963,Indie
17091,Action
17091,Indie
403795,RPG
403795,Strategy
403795,Board Games
403795,Card
12827,Action
2397,Action
2397,Arcade
2397,Casual
2397,Indie
15946,Action
15946,Adventure
15946,RPG
15946,Strategy
15946,Simulation
15946,Indie
608685,Casual
608685,Indie
618709,Action
618709,Adventure
618709,Simulation
618709,Casual
618709,Indie
16963,Strategy
15069,Action
15069,Adventure
15069,Indie
9772,Simulation
9772,Casual
9772,Massively Multiplayer
678642,Casual
678642,Family
678642,Indie
22458,Action
22458,Strategy
22458,Indie
3806,Action
3806,Adventure
3806,Casual
3806,Indie
3806,Puzzle
10408,Adventure
10408,Simulation
10408,Indie
20322,Indie
26226,Action
26226,Adventure
60189,Action
60189,Adventure
60189,Massively Multiplayer
60189,Indie
18115,Action
18115,Casual
18115,Indie
46181,Action
46181,Adventure
46181,Indie
21696,Action
21696,Adventure
21696,Arcade
21696,Casual
16324,Board Games
16324,Casual
16324,Puzzle
4447,Action
275672,Action
275672,Adventure
275672,RPG
15521,Action
15521,Casual
15521,Indie
19791,Adventure
19791,Casual
19791,Indie
270722,Adventure
270722,Strategy
270722,Indie
4140,Strategy
4140,Simulation
60631,Action
60631,Adventure
60631,RPG
60631,Massively Multiplayer
60631,Indie
19704,Strategy
52332,Action
52332,RPG
21012,Action
21012,Casual
21012,Indie
21012,Platformer
14825,Adventure
14825,Strategy
14825,Indie
44961,Strategy
44961,Casual
44961,Indie
3032,Action
61916,Action
61916,Adventure
61916,Indie
10153,Adventure
10153,Indie
10153,Puzzle
21560,Adventure
21560,Casual
19687,Adventure
19687,Casual
1328,Sports
4983,Action
4983,Racing
20172,Action
20172,RPG
20172,Massively Multiplayer
17669,Action
17669,Adventure
60178,Adventure
60178,Indie
59704,Strategy
59704,Simulation
59704,Casual
59704,Indie
20613,Indie
10768,Adventure
10768,RPG
10768,Strategy
10768,Casual
10768,Massively Multiplayer
10768,Indie
16460,Action
16770,Adventure
16770,Casual
16770,Indie
4296,Action
4296,Adventure
58772,Action
58772,Shooter
58772,Indie
16927,Racing
481904,Adventure
481904,Simulation
481904,Card
481904,Indie
21458,Action
21458,Arcade
21458,Casual
1206,Action
1206,Indie
18154,Adventure
18154,RPG
18154,Indie
27988,Action
27988,Adventure
19488,Strategy
20508,Action
20508,Adventure
19376,Action
19376,Indie
16505,Action
16505,Simulation
16505,Indie
16772,Action
16772,Adventure
16772,Indie
16937,Adventure
16937,Casual
16937,Puzzle
50350,Simulation
50350,Casual
983381,Action
17072,Action
17072,Adventure
17072,Indie
618663,Action
618663,Casual
618663,Indie
11605,RPG
11605,Indie
16310,Casual
15595,Adventure
15595,Indie
710,Action
710,Simulation
710,Indie
9921,Adventure
9921,Strategy
9921,Simulation
9921,Casual
9921,Indie
60101,Adventure
60101,RPG
19146,Indie
4362,Action
4362,Shooter
21674,Casual
21674,Indie
11969,Adventure
11969,Casual
11969,Indie
60833,Adventure
19401,Strategy
484814,Indie
743,Strategy
743,Casual
743,Indie
743,Puzzle
323064,Adventure
323064,RPG
323064,Simulation
323064,Indie
21805,Action
21805,Casual
21805,Indie
14755,Adventure
14755,Indie
17648,Action
17648,Adventure
10126,Racing
10126,Indie
23658,Simulation
23658,Board Games
23658,Casual
23658,Educational
23658,Indie
23658,Puzzle
16984,Adventure
16984,RPG
16984,Indie
962108,Adventure
962108,Indie
2330,Action
11809,Strategy
11809,Simulation
11809,Indie
20884,Strategy
20884,Casual
20884,Indie
619776,Strategy
619776,Simulation
619776,Indie
19975,Adventure
19975,Casual
19975,Puzzle
18088,Adventure
18088,Casual
9958,Action
9958,Adventure
9958,Casual
9958,Indie
19807,Strategy
19807,Casual
19807,Indie
19340,Action
19340,RPG
19340,Indie
19395,Strategy
2899,Adventure
2899,Casual
2899,Indie
2899,Puzzle
2899,Platformer
16340,Strategy
16340,Casual
9946,Casual
9946,Indie
20213,Action
20213,RPG
20213,Strategy
20213,Simulation
20213,Casual
19652,Strategy
19652,Indie
36797,Action
36797,RPG
3551,Action
62529,Simulation
62529,Casual
62529,Indie
17544,Action
28730,Sports
313805,Simulation
479678,Action
479678,Adventure
16316,Strategy
16316,Casual
19841,Adventure
19841,Simulation
19841,Indie
370201,Action
370201,Adventure
370201,RPG
370201,Indie
24101,Action
24101,Shooter
16315,Strategy
16315,Casual
20472,Action
20472,Strategy
19480,Adventure
19480,Indie
27255,Action
27255,Adventure
16519,Adventure
16519,Casual
16519,Indie
16318,Casual
27256,Action
27256,Adventure
22461,Adventure
22461,Casual
22461,Puzzle
118982,Strategy
118982,Puzzle
49158,Adventure
49158,RPG
49158,Strategy
49158,Card
49158,Indie
50686,Adventure
50686,Casual
16717,Adventure
16717,Casual
16717,Indie
5463,Action
5463,Adventure
5463,Arcade
908,Action
21655,Adventure
21655,Simulation
21655,Casual
21655,Massively Multiplayer
21655,Indie
16023,Adventure
20632,Adventure
20632,Casual
428357,Action
428357,RPG
428357,Strategy
428357,Simulation
428357,Sports
428357,Massively Multiplayer
428357,Indie
13611,Action
13611,Adventure
13611,Indie
28224,Racing
28224,Arcade
21105,Action
21105,Indie
20368,Action
20368,Indie
28541,Action
28541,RPG
13365,Action
13365,Casual
13365,Massively Multiplayer
5205,Action
5205,Adventure
19641,Strategy
19641,Simulation
10335,Action
10335,Adventure
10335,Racing
10335,Casual
388371,Strategy
388371,Simulation
388371,Massively Multiplayer
16326,Casual
15708,Adventure
15708,RPG
15708,Indie
752182,Simulation
752182,Sports
41534,Action
41534,Shooter
41534,Strategy
41534,Casual
41534,Indie
14554,Simulation
14554,Sports
14554,Casual
14554,Indie
633425,RPG
633425,Massively Multiplayer
20245,Action
20245,Casual
20245,Indie
15093,Adventure
15093,RPG
15093,Massively Multiplayer
15093,Indie
44573,Action
44573,Adventure
44573,Puzzle
16446,Adventure
11336,Simulation
11336,Casual
674190,Action
674190,Adventure
223,Action
223,Adventure
223,RPG
223,Strategy
12744,Sports
12744,Racing
12744,Arcade
12909,Sports
12909,Racing
16102,Action
16102,RPG
16102,Strategy
16102,Indie
53939,Action
53939,Arcade
53939,Platformer
19790,Adventure
19790,Indie
15006,Action
15006,Adventure
15006,Simulation
15006,Casual
15006,Indie
21522,RPG
19582,Adventure
19582,Casual
3117,Action
3117,Sports
4207,Action
18335,Simulation
18335,Casual
4546,Action
4546,Shooter
4546,Adventure
280639,Action
280639,Adventure
598884,Strategy
598884,Indie
21427,RPG
11330,Action
11330,Indie
21982,Casual
21982,Indie
16456,Action
16456,Adventure
16456,Indie
21195,Strategy
21195,Arcade
21195,Casual
21195,Puzzle
21030,Adventure
21030,Casual
6898,Action
6898,Strategy
59011,Adventure
12183,Strategy
15282,Action
15282,Adventure
15282,RPG
15282,Casual
15282,Massively Multiplayer
15282,Indie
15415,Adventure
15415,RPG
15415,Strategy
15415,Casual
15415,Indie
18333,Adventure
18333,Casual
36013,Sports
36013,Arcade
18310,Casual
23473,Casual
23473,Indie
23473,Puzzle
11721,Adventure
11721,Simulation
11721,Indie
52936,RPG
11558,Action
11558,RPG
11558,Strategy
11558,Indie
16314,Casual
18837,Strategy
18837,Casual
18837,Indie
20021,Simulation
20021,Indie
392384,Action
392384,Adventure
392384,Indie
12944,Action
12944,Simulation
12944,Racing
12944,Casual
12944,Indie
16074,Action
16074,Adventure
16074,RPG
19977,Adventure
19977,Casual
5709,Action
5709,Shooter
5709,Adventure
45265,Action
45265,RPG
45265,Indie
19527,Strategy
19527,Simulation
16321,Board Games
16321,Casual
16321,Puzzle
11263,Adventure
11263,RPG
11263,Strategy
11263,Simulation
11263,Casual
11263,Indie
17043,Adventure
17043,Indie
37451,Action
37451,Adventure
37451,Arcade
15804,Simulation
647762,Casual
647762,Indie
12212,Adventure
12212,Strategy
12212,Indie
2837,Action
2837,Adventure
2837,Indie
23860,Action
23860,Platformer
17142,Action
17142,Arcade
17142,Platformer
13521,Simulation
13521,Racing
18334,Casual
10912,Action
10912,Indie
16401,RPG
13105,Action
13105,Racing
10634,Casual
10634,Massively Multiplayer
12867,Indie
12867,Platformer
493449,Adventure
613493,Action
613493,Shooter
613493,Adventure
15178,Adventure
15178,Indie
16328,Casual
60843,Strategy
60843,Simulation
60843,Indie
831883,Adventure
831883,Casual
831883,Indie
14259,Adventure
14259,Indie
36523,Adventure
36523,Casual
23875,Action
23875,RPG
960332,Strategy
20942,Adventure
20942,Indie
13275,Action
13275,Adventure
13275,RPG
13275,Strategy
13275,Massively Multiplayer
16325,Casual
915,Action
915,Adventure
915,Indie
59833,Action
59833,Indie
49493,Action
49493,Adventure
49493,Indie
53938,Action
278022,Simulation
278022,Indie
50888,Adventure
50888,RPG
50888,Strategy
17016,Action
17016,Indie
17862,Adventure
17862,Indie
19168,Adventure
58999,Action
20819,Strategy
20819,Casual
18066,Action
18066,Shooter
18066,Indie
17627,Strategy
17627,Sports
17627,Indie
13576,Adventure
13576,Racing
13576,Educational
13576,Family
13576,Indie
28840,Puzzle
12437,RPG
12437,Indie
311780,Action
311780,Adventure
311780,Indie
576504,Adventure
576504,Indie
576504,Puzzle
16596,Adventure
16596,Indie
20790,RPG
21660,Action
21660,Shooter
21660,Adventure
21660,RPG
21660,Strategy
21660,Indie
17836,Action
17836,Shooter
17836,Arcade
10188,Adventure
4073,Action
4073,Adventure
4073,Arcade
1544,Simulation
1544,Sports
1544,Racing
17391,RPG
17391,Indie
19346,Strategy
19346,Simulation
19346,Casual
19346,Indie
16396,Casual
16396,Indie
16738,Action
16738,Shooter
14057,RPG
14057,Casual
896703,Adventure
896703,Casual
896703,Indie
4363,Arcade
4363,Fighting
334520,Action
27058,Action
27058,Platformer
10922,Adventure
10922,Simulation
10922,Indie
10922,Puzzle
18298,Casual
18298,Indie
16309,Action
16309,Casual
49305,Action
49305,RPG
57422,Action
57422,Adventure
57422,Arcade
57422,Platformer
736257,RPG
14684,Action
14684,Arcade
14684,Fighting
869,Action
869,Strategy
869,Simulation
869,Indie
18238,Indie
21029,Adventure
21029,Casual
20739,Action
20739,Indie
669325,Action
669325,Strategy
669325,Platformer
74668,Action
74668,Strategy
13682,Adventure
13682,RPG
13682,Indie
13682,Puzzle
20732,Racing
1218,Action
1218,Indie
17964,Casual
17964,Indie
21273,Action
21273,Strategy
21273,Indie
51609,Sports
51609,Arcade
6093,Action
6093,Adventure
6093,Casual
6093,Indie
16312,Action
16312,Casual
4553,Action
4553,Racing
684,Action
684,Adventure
684,Indie
20040,RPG
644752,Action
644752,Simulation
644752,Sports
644752,Casual
644752,Indie
528836,Adventure
528836,Casual
528836,Indie
20777,Strategy
20777,Casual
20777,Indie
44585,Action
44585,Adventure
44585,RPG
44585,Indie
45636,Simulation
45636,Sports
13845,Strategy
13845,Casual
13845,Indie
21217,Action
21217,Shooter
16319,Casual
288671,Adventure
288671,RPG
288671,Casual
288671,Indie
16323,Adventure
16323,Indie
17893,Adventure
17893,Casual
17893,Puzzle
251512,Action
251512,Adventure
251512,Indie
17734,Adventure
19741,Action
19741,Adventure
19741,Indie
9030,Action
9030,Strategy
9030,Casual
9030,Indie
1608,Adventure
1608,Strategy
1608,Indie
1608,Puzzle
13975,Action
13975,Casual
13975,Indie
20690,Action
20690,Indie
13233,Action
13233,Indie
6434,Action
6434,Adventure
6434,RPG
6434,Indie
14293,Casual
14293,Indie
18560,Strategy
18560,Casual
18560,Indie
727317,Action
727317,Shooter
60973,Action
60973,RPG
16705,Action
16705,Indie
19532,Adventure
19532,Indie
286525,Adventure
286525,Indie
1121,Action
1121,RPG
22468,Adventure
22468,Indie
3536,Sports
3536,Racing
17002,Indie
3054,Action
3054,Arcade
3054,Platformer
395971,RPG
1740,Action
1740,Indie
4313,Action
5360,Strategy
5360,Simulation
21628,Action
21628,Indie
22391,Adventure
22391,RPG
22391,Casual
22391,Indie
58559,Action
58559,Simulation
58559,Sports
801101,Adventure
801101,RPG
801101,Strategy
801101,Indie
16925,Racing
39785,Action
39785,Shooter
39785,Adventure
505782,RPG
505782,Strategy
20139,Action
20139,Indie
11113,Action
11113,RPG
11113,Strategy
11113,Simulation
514894,Strategy
514894,Simulation
514894,Sports
19394,Action
19394,Simulation
593358,Action
593358,Strategy
593358,Indie
19082,Action
19082,Adventure
19082,Strategy
19082,Simulation
19082,Casual
19082,Indie
17404,RPG
17404,Strategy
677262,Adventure
742,Adventure
42930,Action
18982,Action
18982,Indie
17411,Action
17411,RPG
17411,Indie
14925,Action
14925,Strategy
11002,Simulation
27984,Platformer
16313,Action
16313,Casual
61664,Sports
20800,RPG
11750,Strategy
12065,Action
12065,Adventure
12065,Indie
558972,Adventure
558972,RPG
558972,Strategy
558972,Simulation
1428,Action
1428,Indie
59898,RPG
59898,Strategy
752097,Adventure
752097,Casual
31454,Action
31454,Shooter
51673,Adventure
51673,RPG
51673,Simulation
301511,RPG
38642,RPG
38642,Massively Multiplayer
20296,Action
20296,Indie
258398,Adventure
258398,Simulation
258398,Indie
21556,Action
21015,Adventure
21015,Casual
20936,Action
20936,Adventure
20936,RPG
20936,Strategy
20936,Sports
20936,Arcade
20936,Casual
20936,Indie
20936,Puzzle
386,Action
386,Adventure
386,Indie
19611,Strategy
23513,Adventure
23513,Simulation
23513,Massively Multiplayer
23513,Indie
21296,Adventure
21296,Indie
268426,RPG
268426,Simulation
268426,Casual
268426,Indie
61290,Strategy
61290,Simulation
19656,Strategy
19656,Simulation
22953,Simulation
10502,Simulation
10502,Sports
18074,Action
18074,Adventure
19275,Action
359700,Action
49534,Action
49534,Adventure
49534,Indie
23739,Action
23739,Adventure
23739,Arcade
17951,Action
17951,RPG
17951,Sports
17951,Casual
17951,Indie
60899,Action
60899,Casual
60899,Indie
58929,Adventure
58929,Strategy
58929,Indie
51320,Action
3626,Simulation
3626,Sports
3626,Racing
13609,Adventure
18660,Adventure
18660,Indie
21565,Action
21565,Adventure
21565,RPG
21565,Indie
20730,Adventure
20730,Casual
9760,Action
9760,Simulation
9760,Indie
41162,RPG
41162,Massively Multiplayer
650626,RPG
650626,Strategy
650626,Indie
23241,Action
23241,Adventure
23241,Indie
19418,Strategy
14613,Action
14613,Adventure
14613,Indie
801842,Adventure
801842,RPG
801842,Strategy
801842,Indie
18506,Action
18506,Indie
20900,Action
20900,Adventure
20900,Casual
20900,Indie
3707,Action
3707,Adventure
3707,Casual
3707,Indie
18308,Action
18308,Indie
11128,Strategy
11128,Simulation
11128,Indie
19697,Strategy
52434,Action
52434,Adventure
52434,Platformer
23608,Adventure
19852,RPG
241164,Action
241164,Adventure
241164,Simulation
241164,Casual
241164,Indie
9554,Action
9554,Sports
9554,Casual
9554,Indie
10159,RPG
10159,Strategy
10159,Simulation
10159,Casual
10159,Indie
56050,Sports
10002,Strategy
10002,Simulation
10002,Indie
1127,Indie
59349,Strategy
16743,Action
16743,Shooter
17441,Indie
29115,Sports
29115,Arcade
29115,Fighting
299550,RPG
299550,Strategy
299550,Simulation
299550,Indie
38995,Action
38995,Shooter
57879,Action
57879,Indie
10086,RPG
10086,Strategy
10086,Massively Multiplayer
10086,Indie
4815,Casual
4815,Indie
4815,Puzzle
45420,Strategy
45420,Simulation
45420,Massively Multiplayer
50275,Adventure
50275,Casual
50275,Indie
5340,Action
5340,Adventure
5340,Arcade
21520,Adventure
21520,Casual
44508,Action
44508,Shooter
44508,Adventure
44508,Indie
13752,Strategy
13752,Casual
13752,Indie
21483,Action
21483,Simulation
21483,Casual
21483,Indie
17504,Adventure
18063,Adventure
18063,Casual
18063,Indie
13662,Adventure
13662,Strategy
13662,Indie
13662,Puzzle
11911,Action
11911,Adventure
11911,Indie
570172,Adventure
570172,RPG
570172,Simulation
570172,Casual
570172,Indie
18872,Action
18872,Strategy
18872,Simulation
18872,Indie
795479,Action
795479,Indie
18295,Action
18295,Strategy
18295,Simulation
18295,Casual
18295,Indie
19343,Strategy
37305,Strategy
19877,Action
19877,Indie
52213,Action
52213,Adventure
52213,Indie
471717,Casual
471717,Indie
471717,Puzzle
18553,Action
18553,Adventure
18553,Strategy
18553,Indie
53748,Adventure
53748,Platformer
21069,Adventure
21069,Casual
4011,Action
4011,Shooter
4011,Platformer
18602,Strategy
18602,Simulation
283970,RPG
4985,Action
4985,Arcade
20710,RPG
20710,Strategy
20710,Massively Multiplayer
21974,RPG
49335,Action
49335,Adventure
49335,RPG
49335,Casual
5063,Action
5063,Adventure
5063,Arcade
5063,Puzzle
18360,Adventure
18360,Indie
18360,Puzzle
45034,Adventure
45034,RPG
45034,Casual
45034,Indie
681570,Action
681570,Adventure
681570,Indie
681570,Platformer
14510,Casual
14510,Indie
52106,Shooter
19583,Strategy
10443,Adventure
10443,Casual
10443,Indie
12747,Adventure
12747,RPG
12747,Casual
12747,Indie
60551,Action
60551,Adventure
60551,RPG
60551,Indie
5386,Action
5386,Shooter
5386,Indie
59644,Sports
59644,Casual
59644,Indie
17846,Action
17846,Racing
5294,Action
5294,Adventure
2172,Adventure
2172,RPG
2172,Indie
15190,Action
15190,Adventure
15190,RPG
15190,Strategy
15190,Simulation
15190,Sports
15190,Racing
15190,Casual
15190,Indie
60731,Simulation
60731,Casual
60731,Indie
21578,Casual
60771,Adventure
60771,Casual
60771,Indie
60771,Puzzle
17077,Action
17077,Adventure
12746,Adventure
12746,Casual
12746,Puzzle
25310,Action
25310,Shooter
615052,Action
615052,Adventure
24808,Fighting
21032,Adventure
21032,Casual
19968,Adventure
19968,Casual
58849,Action
58849,Adventure
18864,Adventure
18864,Indie
471018,Action
471018,Adventure
471018,Indie
17704,Action
17704,Platformer
980664,Simulation
10570,Action
10570,Indie
17884,Action
17884,Platformer
16936,Adventure
11346,Action
11346,Casual
11346,Massively Multiplayer
21259,Simulation
692220,Simulation
692220,Sports
484881,Adventure
484881,RPG
484881,Strategy
484881,Simulation
484881,Casual
484881,Indie
776273,Action
776273,Indie
6830,Action
6830,Arcade
6830,Casual
6830,Family
6830,Puzzle
7694,Adventure
7694,RPG
7694,Strategy
2983,Action
2983,RPG
16647,Action
16647,RPG
16647,Strategy
16647,Indie
281889,Adventure
281889,RPG
281889,Indie
15240,RPG
15240,Simulation
15240,Casual
15240,Indie
30407,Adventure
30407,RPG
257277,Adventure
257277,Indie
61699,Strategy
61699,Simulation
61699,Indie
3998,Action
3998,Shooter
17733,Adventure
17733,RPG
17733,Indie
484823,Action
484823,Adventure
484823,RPG
484823,Simulation
484823,Massively Multiplayer
484823,Indie
43946,Adventure
43946,Strategy
43946,Indie
43946,Puzzle
257242,Action
257242,Adventure
257242,RPG
14804,Action
14804,Adventure
14804,RPG
14804,Simulation
14804,Indie
17036,Action
17036,Adventure
17036,RPG
17036,Simulation
17036,Casual
17036,Indie
655,RPG
655,Strategy
655,Board Games
655,Card
22159,Action
22159,Adventure
22159,Indie
952122,RPG
952122,Strategy
952122,Indie
297249,Action
297249,Adventure
297249,Indie
52937,RPG
17439,Strategy
502212,Casual
502212,Indie
552995,Action
552995,Casual
26914,Arcade
26914,Fighting
484832,Action
484832,Simulation
484832,Casual
484832,Indie
824,Action
824,Adventure
824,Sports
824,Racing
824,Casual
824,Indie
349437,Strategy
349437,Simulation
349437,Indie
21671,Action
21671,Arcade
21671,Casual
13244,Action
13244,RPG
13244,Indie
14070,Strategy
14070,Simulation
17512,Action
17512,Shooter
17512,Platformer
12710,Casual
12710,Indie
11865,Action
11865,Adventure
11865,Racing
11865,Indie
18620,RPG
18620,Indie
19904,RPG
19904,Casual
19904,Indie
7161,Strategy
7161,Casual
7161,Card
7161,Massively Multiplayer
364870,Action
364870,Adventure
364870,Simulation
14275,Adventure
23385,Action
23385,Adventure
23385,Simulation
23385,Casual
23385,Indie
341619,Adventure
28345,Board Games
28345,Card
53196,Action
53196,Arcade
53196,Puzzle
21323,Action
21323,Indie
20565,Action
20565,Indie
49873,Action
49873,Strategy
17244,Adventure
17244,Casual
17244,Indie
10719,Strategy
10719,Simulation
10719,Indie
10506,Action
10506,RPG
10506,Indie
9622,Action
9622,Shooter
9622,Casual
9622,Indie
3381,Action
3381,Arcade
3381,Casual
19976,Adventure
19976,Casual
19976,Puzzle
13730,Adventure
13730,Simulation
17076,Action
17076,Casual
17076,Indie
566447,Action
566447,Adventure
566447,RPG
566447,Indie
566447,Platformer
47595,Strategy
47595,Casual
47595,Indie
28569,Action
28569,Adventure
747505,RPG
427972,Casual
427972,Indie
461648,Action
17525,Action
17525,Arcade
17525,Fighting
19788,Strategy
20619,Action
20619,Casual
20619,Indie
4211,Sports
982,Action
19783,Adventure
6419,Strategy
6419,Casual
6419,Indie
6419,Puzzle
11352,Action
11352,RPG
11352,Indie
49697,Adventure
49697,Strategy
49697,Indie
60997,Adventure
60997,Indie
17944,Strategy
17944,Indie
18068,Adventure
18068,Indie
18068,Platformer
29243,Action
29243,Adventure
29243,Indie
2178,Adventure
2178,RPG
13495,Adventure
13495,Indie
17621,Action
17621,Platformer
11444,Action
11444,Simulation
11444,Casual
11444,Indie
578186,Casual
578186,Indie
18729,Adventure
18729,Casual
18729,Indie
19556,Adventure
19556,RPG
19556,Indie
9959,Action
9959,Indie
12736,Action
12736,Strategy
12736,Casual
12736,Indie
17723,Strategy
380836,Adventure
380836,Casual
380836,Indie
49417,Adventure
49417,RPG
49417,Casual
49417,Indie
50688,Action
50688,Indie
21414,Action
21414,Arcade
21414,Casual
255831,RPG
255831,Simulation
255831,Casual
255831,Indie
4273,Sports
17781,Action
17781,Indie
16781,Action
16781,Arcade
16781,Indie
12525,Action
12525,Adventure
12525,Indie
12236,Simulation
12236,Casual
12236,Indie
27564,Platformer
11554,Action
11554,Adventure
11554,Strategy
11554,Simulation
11554,Indie
33696,Action
33696,Shooter
14688,Casual
14688,Indie
21295,Action
21295,RPG
21295,Indie
19421,Adventure
19421,Casual
19421,Indie
46893,Action
46893,Family
74084,Action
74084,Adventure
605663,Action
605663,RPG
605663,Simulation
16483,Adventure
23494,RPG
23494,Indie
23494,Puzzle
9957,Sports
9957,Casual
9957,Indie
19789,Strategy
302940,Adventure
302940,Casual
302940,Indie
59035,Action
59035,Adventure
59035,Indie
450238,Sports
450238,Racing
14657,Adventure
14657,Casual
540031,Action
540031,Casual
540031,Indie
20643,Action
20643,Adventure
20643,Strategy
20643,Indie
59193,Action
59739,Adventure
19184,Action
19184,Indie
334431,Action
334431,Arcade
334431,Platformer
17750,Action
17750,Strategy
17750,Indie
19143,Casual
19143,Indie
19164,Adventure
19164,Simulation
19313,Adventure
19313,RPG
19313,Indie
570173,Strategy
52872,Action
52872,Shooter
52872,Adventure
15763,Indie
404489,RPG
404489,Strategy
404489,Simulation
404489,Indie
404489,Puzzle
28312,Action
28312,Shooter
22812,Strategy
21387,Casual
3872,Sports
3872,Arcade
3872,Fighting
18015,Indie
20670,RPG
20670,Simulation
496652,Strategy
496652,Simulation
496652,Indie
16780,Action
16780,Arcade
16780,Indie
977470,Action
977470,RPG
43516,Strategy
43516,Simulation
43516,Casual
43516,Indie
15648,Action
15648,Adventure
15648,Casual
15648,Indie
15732,Adventure
15732,Casual
15732,Indie
15732,Puzzle
10044,Action
10044,Indie
6760,Action
6760,Strategy
6760,Simulation
19578,Strategy
19578,Indie
61111,RPG
61111,Strategy
61111,Simulation
61111,Casual
61111,Indie
255897,Strategy
255897,Card
576518,Sports
349671,RPG
20362,Action
484951,Indie
13307,Action
13307,Adventure
13307,RPG
13307,Indie
18661,Adventure
18661,Indie
398416,Action
398416,Simulation
398416,Casual
398416,Indie
262507,Action
262507,Simulation
3142,Simulation
3142,Sports
3142,Racing
544033,Casual
544033,Indie
13976,Casual
13976,Indie
61200,Action
61200,Indie
21203,Arcade
21203,Casual
13019,Action
13019,Adventure
437050,Strategy
437050,Simulation
437050,Sports
3127,Action
3127,Adventure
3127,Casual
284755,Adventure
284755,RPG
20476,RPG
20476,Simulation
20476,Casual
20476,Indie
8308,Strategy
8308,Board Games
8308,Casual
8308,Puzzle
736275,Action
736275,Adventure
736275,Simulation
736275,Sports
736275,Racing
736275,Casual
13774,Action
13774,Massively Multiplayer
21040,Adventure
21040,RPG
21040,Strategy
21040,Casual
21040,Indie
6361,Action
6361,Strategy
6361,Casual
6361,Indie
6361,Puzzle
17740,Action
17251,Action
17251,Fighting
17251,Indie
19676,RPG
19676,Indie
12248,Adventure
12248,Indie
759884,Action
759884,Adventure
759884,Indie
16831,Adventure
16831,Indie
16831,Puzzle
288699,Sports
11063,Action
11063,Casual
11063,Indie
241070,Strategy
241070,Casual
306139,Action
306139,Adventure
306139,Indie
9748,Adventure
969106,Simulation
969106,Casual
20855,Casual
367125,Adventure
367125,RPG
367125,Simulation
367125,Casual
367125,Indie
16989,Adventure
16989,RPG
16989,Casual
16989,Indie
407553,RPG
407553,Strategy
51435,Adventure
51435,Simulation
51435,Casual
51435,Family
51435,Indie
51435,Puzzle
678680,RPG
678680,Strategy
678680,Indie
20593,Action
20593,Sports
20593,Massively Multiplayer
20593,Indie
14599,Action
14599,Adventure
5721,Sports
11332,Casual
11332,Indie
19820,Adventure
19820,Indie
15,Action
15,Shooter
15,Indie
13747,Adventure
13747,Simulation
13747,Indie
22962,Adventure
11575,Action
11575,Adventure
11575,RPG
11575,Simulation
11575,Casual
11575,Indie
12261,Action
12261,Arcade
12261,Family
12261,Indie
32560,Action
32560,Shooter
56191,Action
35948,Action
35948,Shooter
24792,Adventure
24792,Puzzle
616762,Action
616762,Shooter
17653,Action
17653,Indie
493453,Action
493453,Adventure
19406,Racing
44609,Action
44609,Strategy
44609,Casual
44609,Indie
2459,Action
2459,RPG
20916,Action
20916,Adventure
20916,Massively Multiplayer
3243,Action
3243,Adventure
3243,RPG
3243,Fighting
15885,Adventure
15885,RPG
15885,Casual
15885,Indie
18900,Strategy
16783,Action
16783,Arcade
16783,Indie
21656,RPG
21656,Strategy
21656,Indie
20502,RPG
20502,Indie
288800,Action
932691,Action
932691,RPG
932691,Strategy
28771,Sports
19492,Adventure
19492,Indie
973786,Action
973786,Arcade
60901,Action
60901,Adventure
60901,Strategy
60901,Simulation
60901,Massively Multiplayer
60901,Indie
32110,Strategy
54646,Action
54646,Arcade
54646,Fighting
2629,RPG
2629,Strategy
17852,Action
17852,Adventure
17852,Indie
9854,Action
9854,Adventure
9854,RPG
9854,Indie
15735,Simulation
15735,Sports
327242,Action
327242,Shooter
418471,Casual
418471,Educational
418471,Puzzle
290899,Action
378573,Action
378573,Shooter
288664,Action
61213,Strategy
61213,Casual
61213,Indie
42238,Action
42238,Adventure
25116,Racing
633406,Adventure
633406,RPG
962020,Action
962020,Adventure
1158,Action
1158,Adventure
1158,Simulation
1158,Casual
1158,Indie
30057,Adventure
16923,Racing
17727,Indie
13534,Action
13534,RPG
13534,Massively Multiplayer
19169,Action
19169,Adventure
11182,Action
11182,RPG
11182,Strategy
11182,Simulation
11182,Indie
13302,Action
13302,Adventure
13302,Simulation
15297,Simulation
15297,Casual
15297,Indie
379536,Action
379536,Indie
17230,Action
17230,Strategy
17230,Indie
5241,Action
5241,Arcade
5241,Platformer
20977,Adventure
20977,Indie
3633,Simulation
3633,Sports
3633,Casual
9597,Action
9597,Indie
20600,Action
20600,Indie
42039,Action
44187,Action
44187,Adventure
44187,Indie
804850,Action
804850,Adventure
804850,RPG
10718,Action
750298,Adventure
750298,Simulation
750298,Indie
11318,Adventure
11318,Simulation
11318,Casual
11318,Indie
20448,Adventure
20448,Casual
416810,Action
416810,Adventure
416810,RPG
416810,Strategy
416810,Indie
20151,Adventure
50324,Adventure
10787,Action
10787,Casual
10787,Indie
12193,Action
12193,Adventure
12193,Indie
21157,Casual
21157,Indie
59691,Indie
41776,Action
10291,Action
10291,Adventure
10291,Racing
10291,Casual
10291,Indie
17900,Action
17900,RPG
17900,Indie
41839,Action
41839,Shooter
41839,RPG
41839,Indie
45567,Adventure
45567,RPG
45567,Casual
45567,Massively Multiplayer
19034,Action
19034,Adventure
19034,RPG
19034,Casual
19034,Indie
30748,Action
30748,Shooter
10619,Simulation
10619,Massively Multiplayer
20921,Action
20921,Indie
18896,RPG
18896,Indie
284018,Indie
46471,Action
46471,Adventure
46471,RPG
46471,Indie
28979,Action
28979,Shooter
19824,Casual
19824,Indie
15866,Action
15866,Casual
15866,Indie
16416,Adventure
58824,RPG
44120,Strategy
536886,Action
19194,Simulation
303,Action
5000,Action
5000,Shooter
5000,Arcade
5000,Platformer
12939,Strategy
12939,Simulation
12939,Casual
12939,Indie
62615,Adventure
62615,RPG
62615,Indie
5381,Action
17595,Adventure
17595,Casual
17595,Educational
17595,Family
19241,Strategy
20599,Action
20599,Indie
2152,Action
2152,Racing
5505,Action
5505,Shooter
10299,Action
10299,Strategy
10299,Simulation
20601,Action
20601,Indie
11948,Casual
11948,Indie
20588,Action
4461,Action
4461,Shooter
4461,Arcade
21354,Casual
50921,Adventure
50921,Indie
299615,Action
299615,Adventure
299615,Indie
16884,RPG
16884,Strategy
16884,Simulation
16884,Indie
349458,RPG
349458,Massively Multiplayer
349458,Indie
4067,RPG
13238,Action
13238,Indie
54751,Action
54751,Fighting
43854,Casual
43854,Indie
10633,Action
490417,Action
490417,Adventure
490417,Fighting
50404,Strategy
50404,Simulation
50404,Casual
50404,Indie
22433,Action
22433,RPG
22433,Strategy
22433,Casual
22433,Massively Multiplayer
22433,Indie
15656,Adventure
15656,Simulation
15656,Indie
330884,Action
330884,Adventure
52662,Action
52662,Adventure
611699,Casual
611699,Indie
362871,Simulation
362871,Sports
23156,Action
23156,Strategy
16707,Adventure
16707,RPG
16707,Indie
5970,Action
5970,Arcade
5970,Casual
5970,Fighting
262384,Fighting
54520,Action
54520,Shooter
16994,Action
16994,Indie
9869,Adventure
9869,Strategy
9869,Indie
18682,Action
18682,Indie
18279,Casual
20073,Action
20073,Indie
975605,Action
975605,Adventure
975605,RPG
20434,Simulation
20434,Sports
349634,Indie
359354,Adventure
359354,Indie
359354,Puzzle
17601,Adventure
17601,Casual
17601,Indie
4318,Action
4318,Shooter
4318,Racing
4318,Arcade
4318,Indie
4318,Puzzle
277920,Action
277920,Indie
338387,Action
338387,Fighting
2441,Action
2441,Adventure
49715,Action
49715,Indie
20299,Action
20299,Indie
923014,Action
923014,Shooter
923014,Adventure
923014,Platformer
18646,Action
18646,Racing
18646,Casual
18646,Indie
401804,Action
401804,Adventure
401804,RPG
1207,Action
1207,Adventure
1207,Indie
42336,Action
42336,Shooter
14155,Strategy
14155,Casual
14155,Indie
22808,Action
22808,RPG
20176,Action
20176,Strategy
20176,Indie
56124,Action
56124,Adventure
12306,Action
12306,Adventure
12306,Strategy
12306,Sports
12306,Racing
12306,Indie
3847,Arcade
19613,Adventure
19613,Indie
961204,Action
19358,Action
19694,Strategy
16062,Adventure
16062,RPG
16062,Indie
61061,Action
61061,Simulation
61061,Indie
11017,Simulation
11017,Indie
61408,Adventure
61408,RPG
61408,Simulation
61408,Indie
428354,Simulation
428354,Indie
428354,Puzzle
36848,Action
36848,Adventure
36848,Arcade
14027,Strategy
14027,Simulation
20310,Action
20310,Indie
20310,Platformer
359317,Casual
359317,Indie
880,Action
880,Adventure
11731,Adventure
11731,Indie
11731,Puzzle
2684,Action
2684,Shooter
2684,Simulation
2684,Indie
44506,Action
44506,Adventure
44506,RPG
44506,Massively Multiplayer
44506,Indie
62964,Action
62964,Adventure
62964,Casual
62964,Indie
62964,Platformer
758591,Strategy
758591,Simulation
364976,Action
364976,Adventure
364976,RPG
364976,Strategy
364976,Simulation
364976,Massively Multiplayer
364976,Indie
10101,Action
10101,Racing
21316,Action
21316,Indie
59010,Adventure
59010,Puzzle
2895,Action
2895,Indie
18767,Action
18767,Indie
59816,Strategy
59816,Simulation
59816,Indie
251599,Action
251599,RPG
19693,Action
19693,Racing
19693,Indie
27168,Puzzle
485193,Action
485193,Sports
485193,Casual
485193,Indie
362937,Adventure
362937,Indie
21652,Action
21652,Adventure
21652,RPG
21652,Indie
13790,Action
10997,Action
10997,Adventure
10997,Casual
10997,Indie
10997,Platformer
9992,RPG
9992,Strategy
9992,Indie
23264,Action
23264,RPG
23264,Strategy
23264,Indie
45613,Action
45613,Adventure
45613,Indie
54311,Action
54311,Shooter
10128,Action
17678,Adventure
17678,Indie
20182,Adventure
20182,RPG
20182,Indie
775904,Action
775904,Indie
39354,Action
53804,Action
53804,Platformer
987039,Simulation
987039,Casual
987039,Indie
718197,Adventure
718197,Simulation
718197,Casual
718197,Indie
17615,Shooter
17615,Arcade
17615,Indie
22259,Indie
10782,Action
10782,Adventure
10782,RPG
10782,Indie
3689,Action
3689,RPG
14449,Adventure
14449,Racing
5506,Action
5506,RPG
21408,Casual
21408,Indie
19843,Action
19843,Indie
532167,Action
21742,Simulation
21742,Racing
23225,Action
23225,Indie
477,Action
477,Adventure
477,Indie
20435,Simulation
20435,Sports
11769,Casual
11769,Indie
20816,Strategy
20816,Simulation
15162,Action
15162,Casual
15162,Indie
6561,Action
6561,Simulation
6561,Puzzle
3417,Action
3417,Adventure
3417,Indie
3417,Puzzle
20909,Adventure
20909,Indie
351773,Action
351773,Indie
26002,Sports
20699,Adventure
20699,Casual
20699,Indie
686816,Adventure
686816,Simulation
686816,Indie
23034,Strategy
56976,Action
56976,Shooter
16286,Action
16286,Adventure
16286,Indie
16286,Puzzle
28336,Action
28336,Adventure
517383,Simulation
517383,Puzzle
581066,Indie
21718,Action
54096,Action
645,Action
645,Adventure
645,Indie
28363,Sports
28363,Arcade
28363,Fighting
9552,Simulation
9552,Sports
9552,Racing
16621,Adventure
16621,Indie
20488,Action
20488,RPG
20488,Indie
19067,Adventure
19067,Casual
19067,Indie
15740,Strategy
15740,Casual
362901,Action
362901,Adventure
362901,RPG
362901,Strategy
362901,Massively Multiplayer
37384,Action
37384,Shooter
11732,Strategy
11732,Simulation
11732,Casual
11732,Indie
4283,Action
4283,Platformer
11999,Adventure
11999,Indie
11047,Action
11047,RPG
11047,Strategy
11047,Casual
11047,Indie
43737,Action
43737,RPG
11716,Action
11716,Adventure
11716,RPG
11716,Indie
743401,Platformer
17890,Action
17890,RPG
17890,Indie
45603,Casual
45603,Indie
45603,Puzzle
674259,Strategy
674259,Simulation
573193,Action
573193,Casual
14522,Action
14522,Indie
7089,Adventure
7089,Casual
7089,Indie
7089,Puzzle
28978,Action
28978,Adventure
17074,Strategy
17074,Indie
8277,Strategy
8277,Board Games
28374,Simulation
302917,RPG
302917,Simulation
302917,Casual
302917,Indie
3793,Racing
20858,Action
20858,Shooter
20858,Arcade
20858,Indie
16511,Adventure
16511,Indie
17979,Adventure
17979,RPG
17979,Indie
631947,RPG
631947,Strategy
484950,Adventure
484950,Strategy
484950,Indie
51128,Adventure
51128,RPG
51128,Casual
51128,Indie
840781,Action
840781,Adventure
840781,RPG
15360,Casual
15360,Indie
35590,Action
35590,Adventure
35590,Indie
4175,Strategy
4175,Platformer
2814,Action
2814,Racing
12803,Strategy
12803,Casual
12803,Indie
842463,Action
842463,RPG
842463,Indie
29037,Action
29037,Adventure
1389,Action
1389,Arcade
1389,Indie
20840,Action
1025,Action
1025,RPG
54380,Action
54380,Adventure
54380,Platformer
368992,Action
368992,Adventure
368992,RPG
368992,Indie
21608,Action
21608,Casual
1317,Action
1317,Adventure
1317,Puzzle
20996,RPG
20996,Strategy
20996,Indie
13835,Action
13835,Indie
22871,Strategy
22871,Fighting
9577,Action
9577,Strategy
9577,Indie
427462,Action
427462,Indie
18152,Strategy
9822,Action
17815,Action
17815,Adventure
17815,Strategy
15214,RPG
15214,Massively Multiplayer
19539,Strategy
19539,Simulation
19539,Casual
19539,Indie
3680,Action
3680,Simulation
2104,Platformer
2880,Action
2880,RPG
20423,Adventure
20423,Casual
20119,RPG
20119,Casual
20119,Indie
9565,Adventure
9565,Casual
3113,Action
3113,Adventure
30469,Adventure
30469,Strategy
20349,Adventure
20349,Strategy
20349,Indie
20797,Action
20797,Adventure
20797,Indie
14716,Indie
14716,Platformer
11243,Action
11243,Casual
11243,Indie
17136,Action
17136,Adventure
19066,Casual
19066,Indie
23154,Action
23154,Shooter
60069,Adventure
619344,Action
619344,Adventure
619344,RPG
21698,Action
21698,Adventure
21698,Casual
21698,Indie
52815,Strategy
15339,Strategy
15339,Simulation
15339,Casual
15339,Indie
16865,Action
16865,Adventure
16865,Indie
59354,Action
59354,Fighting
14950,Action
14950,Shooter
678695,Puzzle
18354,Action
18354,Adventure
18354,Indie
79838,Adventure
79838,Casual
29239,Action
29239,Adventure
29239,Massively Multiplayer
3538,Arcade
678655,Action
678655,Adventure
678655,Indie
129,Action
129,Shooter
129,Arcade
129,Casual
129,Indie
442850,Strategy
442850,Simulation
43968,Adventure
43968,Indie
34997,Adventure
34997,Arcade
34997,Puzzle
212,Strategy
212,Simulation
418,Action
418,Adventure
418,Arcade
418,Casual
418,Indie
11803,Action
11803,Indie
2281,RPG
9874,Simulation
9874,Sports
9874,Casual
9874,Indie
274764,RPG
12,RPG
12,Strategy
12,Indie
40841,Action
40841,Adventure
906504,Action
906504,Adventure
906504,Indie
906504,Platformer
10411,Adventure
10411,Strategy
10411,Indie
42144,Strategy
38091,Sports
21672,Action
21672,Adventure
21672,Casual
21672,Indie
20978,Strategy
20978,Massively Multiplayer
49976,Action
49976,Adventure
49976,Massively Multiplayer
49976,Indie
359221,Educational
359221,Massively Multiplayer
359221,Indie
7007,Action
7007,Strategy
7007,Indie
12881,Action
12881,Strategy
12881,Casual
12881,Indie
9503,Simulation
11416,Action
11416,Adventure
11416,Simulation
11416,Casual
11416,Indie
2246,Action
61549,RPG
61549,Simulation
61549,Casual
61549,Indie
18029,Casual
18029,Indie
14051,Adventure
14051,Indie
14051,Puzzle
14051,Platformer
15270,Action
15270,Adventure
15270,Casual
15270,Indie
15270,Platformer
508546,Action
508546,Family
938122,Adventure
938122,Indie
20437,Simulation
20437,Sports
12656,Action
12656,Adventure
12656,Casual
12656,Indie
492017,Action
492017,Adventure
492017,Simulation
492017,Indie
375281,Adventure
375281,Indie
375281,Puzzle
26154,Arcade
20484,Action
20484,Indie
1769,Action
1769,Adventure
1769,RPG
1769,Indie
61629,Adventure
61629,Casual
61629,Indie
11230,Action
11230,Strategy
11230,Massively Multiplayer
59848,Action
59848,Indie
248481,Action
248481,Adventure
248481,RPG
248481,Indie
2752,Action
2752,Indie
36582,Action
36582,Shooter
60752,Action
60752,Adventure
60752,Indie
460512,Sports
460512,Racing
19159,Adventure
19159,Simulation
19159,Puzzle
3625,Action
3625,Puzzle
484837,Action
484837,Adventure
484837,RPG
484837,Simulation
484837,Casual
484837,Indie
308,Casual
19443,Action
19443,Strategy
18834,Action
11078,Adventure
11078,Indie
11365,Action
11365,Adventure
11365,RPG
11365,Indie
54481,Strategy
9601,Action
9601,Adventure
9601,Simulation
9601,Indie
327256,Adventure
327256,Racing
327256,Arcade
327256,Casual
327256,Indie
15510,Action
15510,Adventure
52295,Action
52295,RPG
973539,Action
973539,Adventure
973539,RPG
21409,Action
21409,Simulation
21409,Casual
21409,Indie
47330,Action
58763,Fighting
58763,Platformer
272509,Action
272509,Simulation
272509,Sports
272509,Indie
18114,RPG
18114,Casual
15155,Strategy
15155,Simulation
15155,Casual
14470,Adventure
14470,RPG
14470,Indie
672323,Adventure
672323,Simulation
672323,Puzzle
10750,Simulation
10750,Sports
10750,Indie
18738,RPG
18738,Massively Multiplayer
18738,Indie
368994,Action
368994,RPG
368994,Platformer
13328,Adventure
13328,Casual
13328,Educational
12834,Casual
12834,Indie
15988,Adventure
15988,Casual
3945,Indie
3945,Platformer
680065,Action
680065,Simulation
680065,Casual
680065,Indie
44995,RPG
45319,Strategy
830178,Action
830178,Strategy
830178,Simulation
830178,Indie
29154,RPG
286584,Racing
286584,Arcade
5452,Action
5452,Shooter
5452,Simulation
635365,Adventure
635365,Simulation
635365,Casual
635365,Indie
58297,Action
58297,Racing
58297,Arcade
5327,Action
5327,Strategy
5327,Arcade
5327,Puzzle
59369,Strategy
11234,Strategy
20618,Strategy
20618,Casual
52293,Strategy
52293,Casual
52293,Indie
52293,Puzzle
5458,Action
5458,Adventure
5458,Arcade
5458,Indie
15351,Adventure
15351,Indie
17531,Strategy
17531,Card
22331,Action
22331,Adventure
22331,Casual
22331,Indie
1619,Adventure
1619,RPG
1619,Casual
1619,Indie
484668,Simulation
484668,Indie
20210,Strategy
20210,Indie
24442,Action
57794,Platformer
484813,Strategy
484813,Simulation
484813,Indie
43464,Adventure
43464,RPG
20666,Adventure
20666,Casual
12180,Strategy
12180,Casual
12180,Indie
378625,Action
378625,Shooter
10679,RPG
10679,Strategy
10679,Indie
12000,RPG
12000,Strategy
12000,Simulation
12000,Massively Multiplayer
12000,Indie
622518,Adventure
51092,Action
51092,Adventure
51092,Arcade
51092,Platformer
60261,Action
60261,Casual
60261,Indie
28269,Action
28269,Platformer
21657,Indie
326988,Action
326988,Adventure
326988,Sports
326988,Casual
326988,Indie
45561,Simulation
45561,Sports
10996,Action
10996,Indie
16941,Adventure
16941,Casual
327211,Strategy
19190,Adventure
19190,Casual
19190,Puzzle
721077,Action
721077,Adventure
721077,Platformer
17605,Simulation
20817,Casual
20817,Indie
53129,Action
53129,Arcade
3306,Casual
3306,Puzzle
301619,Action
301619,Adventure
301619,RPG
301619,Casual
301619,Indie
22493,Action
22493,Massively Multiplayer
14117,Action
14117,Strategy
14117,Indie
386511,Adventure
386511,RPG
386511,Strategy
386511,Card
386511,Indie
650649,Adventure
26188,Action
26188,Shooter
26188,Arcade
31298,Strategy
31298,Simulation
722617,Action
722617,Adventure
722617,Indie
722617,Puzzle
16819,Adventure
16819,Indie
36018,Action
36018,Shooter
36018,RPG
236733,Casual
236733,Indie
14799,Strategy
14799,Massively Multiplayer
14799,Indie
4433,Action
4433,Arcade
4433,Platformer
18895,Action
18895,Indie
17712,Action
17712,RPG
17712,Indie
18283,Strategy
18283,Simulation
50313,Action
50313,Shooter
50313,Indie
288681,Action
288681,Simulation
288681,Indie
19450,Action
19450,Strategy
19450,Indie
22001,Adventure
22001,RPG
22001,Strategy
22001,Simulation
306030,Simulation
306030,Casual
306030,Indie
614952,Strategy
614952,Simulation
614952,Casual
614952,Indie
28700,Fighting
43752,Sports
20886,Action
20886,RPG
10127,Strategy
10127,Simulation
484501,Arcade
484501,Family
19546,Adventure
19546,Puzzle
10360,RPG
10360,Massively Multiplayer
24329,RPG
28561,Action
28561,Adventure
60191,Action
60191,Adventure
18067,Action
18067,Adventure
18067,Indie
12480,Action
12480,Indie
16528,Action
16528,Adventure
16528,Indie
12134,Strategy
12134,Simulation
12134,Indie
17249,Action
17249,RPG
17249,Indie
13472,Adventure
13472,Indie
17116,Massively Multiplayer
16660,Strategy
16660,Indie
20784,Action
20784,Indie
18132,Action
18132,Adventure
18132,Casual
18132,Indie
20629,Shooter
57944,Sports
28438,Platformer
11538,Action
11538,Adventure
11538,Casual
11538,Indie
18269,Action
18269,Adventure
359291,Adventure
359291,Simulation
359291,Indie
11634,Action
11634,Strategy
11634,Simulation
11634,Indie
5716,Adventure
5716,Casual
5716,Puzzle
1239,Action
1239,Strategy
1239,Indie
1239,Puzzle
997,Action
997,Strategy
997,Indie
1115,Action
8586,Action
8586,Adventure
8586,Indie
850683,Strategy
65163,Adventure
65163,RPG
65163,Indie
7712,Strategy
7712,Simulation
589,Strategy
589,Simulation
21952,Arcade
21952,Fighting
21767,Casual
21767,Indie
52170,Action
18669,RPG
18669,Strategy
18669,Indie
17864,Action
17864,Adventure
17864,Casual
17864,Indie
17864,Puzzle
331090,Action
331090,Adventure
331090,Arcade
20390,Simulation
20390,Casual
24227,Sports
21310,Strategy
12385,Casual
12385,Indie
14174,Action
14174,Indie
13553,Educational
20506,Action
20506,Casual
20506,Indie
49057,Action
49057,Adventure
49057,Simulation
49057,Family
49057,Indie
959976,RPG
959976,Indie
17042,Adventure
17042,Casual
26055,RPG
295014,RPG
295014,Strategy
4061,Action
4061,Shooter
29787,Adventure
29787,Puzzle
1613,Simulation
1613,Sports
1613,Racing
254652,Action
254652,Adventure
254652,Indie
7886,RPG
7886,Sports
7886,Racing
7886,Indie
18343,Action
18343,Simulation
18343,Indie
322364,Action
322364,Casual
322364,Indie
52996,Racing
21636,Casual
10702,Strategy
10702,Simulation
10702,Indie
20767,Action
20767,Adventure
20767,RPG
695797,Simulation
695797,Sports
695797,Arcade
695797,Casual
38701,Action
38701,Adventure
38701,RPG
38701,Casual
38701,Massively Multiplayer
10295,Adventure
10295,Indie
1459,Action
1459,Adventure
1459,Indie
2943,Adventure
2943,Arcade
2943,Casual
2943,Indie
2943,Puzzle
11317,Action
11317,Adventure
11317,RPG
19934,Adventure
19934,Casual
17222,Casual
17222,Indie
62654,Adventure
62654,RPG
62654,Strategy
62654,Casual
62654,Indie
53088,Action
53088,Arcade
53088,Fighting
10790,Action
10790,Massively Multiplayer
5662,Action
5662,Adventure
756587,Adventure
694432,RPG
30520,Strategy
810294,Adventure
810294,RPG
810294,Indie
323093,Simulation
323093,Sports
323093,Racing
25465,Action
25465,Shooter
263580,Action
263580,Casual
17856,RPG
365,Action
365,Racing
365,Indie
382765,Simulation
382765,Racing
382765,Casual
382765,Massively Multiplayer
20235,Action
20235,Strategy
20235,Simulation
20235,Casual
20235,Indie
52080,Action
52080,Adventure
52080,RPG
52080,Indie
397479,Action
397479,Adventure
397479,Indie
397479,Puzzle
397479,Platformer
60957,Action
60957,Adventure
7797,Simulation
7797,Sports
17596,Action
17596,Casual
17596,Indie
17720,Action
17720,Massively Multiplayer
17720,Indie
44828,Action
12895,Action
12895,Adventure
12895,Indie
40201,Sports
10377,Action
10377,RPG
10377,Strategy
2334,Adventure
743389,RPG
11088,RPG
11088,Strategy
11088,Indie
989947,Action
989947,Adventure
989947,RPG
989947,Massively Multiplayer
29232,Adventure
29232,Indie
20775,Action
20775,Indie
3544,Action
3544,Arcade
3544,Indie
29149,Shooter
32029,Strategy
18266,Adventure
18266,Indie
15428,Adventure
15428,RPG
15428,Strategy
15428,Simulation
15428,Casual
5378,Strategy
5378,Casual
5378,Puzzle
51205,Adventure
51205,RPG
51205,Strategy
51205,Massively Multiplayer
21758,Action
21758,Adventure
21758,Simulation
12131,Simulation
12131,Casual
12131,Indie
67478,Strategy
3000,Adventure
3000,RPG
3000,Indie
43903,Casual
43903,Indie
836447,Adventure
13543,Adventure
13543,Simulation
13543,Casual
13543,Indie
19238,Action
19238,Adventure
19238,RPG
801122,Adventure
16731,Casual
16731,Indie
21600,Action
21600,Indie
18873,Adventure
18873,Indie
18873,Puzzle
46568,Casual
46568,Indie
14686,Action
14686,Adventure
14686,RPG
14686,Massively Multiplayer
14686,Indie
13078,Action
13078,Indie
614960,Action
614960,Adventure
614960,Fighting
614960,Platformer
10678,Adventure
10678,Indie
963,Action
963,RPG
2400,Strategy
2400,Indie
10305,Action
10305,Simulation
10305,Indie
16942,Adventure
16942,Casual
378580,Strategy
378580,Simulation
378580,Casual
378580,Indie
812168,Indie
699114,Action
699114,Shooter
699114,Adventure
24508,Arcade
16830,Strategy
16830,Sports
16830,Casual
16830,Indie
16830,Puzzle
248474,Action
248474,Adventure
248474,Casual
248474,Family
248474,Indie
248474,Puzzle
20226,Indie
17958,RPG
17958,Indie
16544,Action
16544,Indie
17889,Adventure
17889,Casual
17889,Puzzle
16609,Strategy
16609,Simulation
16609,Casual
16609,Indie
54095,Action
366894,Adventure
366894,Platformer
19814,Action
19814,Adventure
19814,RPG
19814,Casual
19814,Indie
20625,Casual
20625,Indie
9839,Strategy
9839,Simulation
9839,Sports
9839,Indie
2718,Action
2718,Arcade
2740,RPG
58939,Sports
58939,Casual
58939,Indie
46533,Action
46533,RPG
46533,Indie
4167,Action
4167,Shooter
4167,RPG
32965,Action
32965,Puzzle
32965,Platformer
385406,Action
385406,RPG
14949,Sports
14949,Arcade
3808,Simulation
3808,Arcade
3808,Casual
14474,Strategy
17664,Action
17664,Indie
53781,Action
53781,Platformer
22985,Action
22985,Adventure
22985,RPG
22985,Card
18558,Adventure
18558,Casual
18558,Puzzle
10500,Strategy
282828,Adventure
244877,Adventure
244877,Indie
966910,Action
966910,Casual
966910,Massively Multiplayer
22476,Action
22476,Casual
51323,Platformer
15810,Action
15810,Adventure
15810,Strategy
15810,Casual
15810,Massively Multiplayer
15810,Indie
28390,Action
28390,Adventure
724095,RPG
724095,Strategy
724095,Casual
724095,Indie
17484,Adventure
17484,RPG
17484,Simulation
17484,Casual
17484,Indie
564763,Adventure
564763,RPG
15265,Adventure
15265,Indie
44175,Adventure
44175,Casual
44175,Indie
57954,Action
57954,Adventure
57954,RPG
387292,Adventure
387292,RPG
387292,Strategy
387292,Casual
387292,Indie
21512,Adventure
21512,RPG
4131,Action
4131,Shooter
59923,Action
59923,Sports
59923,Casual
59923,Indie
450231,Action
450231,Strategy
450231,Indie
2340,Action
2340,Adventure
2340,RPG
2340,Fighting
5501,Action
5501,Shooter
45693,Adventure
45693,Casual
45693,Indie
45693,Puzzle
44184,Action
44184,Adventure
42455,RPG
42455,Massively Multiplayer
57518,Platformer
56196,Action
16570,Action
16570,Indie
52214,Action
52214,Adventure
52214,RPG
17046,Adventure
17046,Indie
52048,Action
52048,Adventure
52048,RPG
52048,Strategy
52048,Casual
52048,Massively Multiplayer
22440,Adventure
19657,Action
19657,Adventure
19657,Indie
537742,Action
537742,Shooter
537742,Adventure
537742,Indie
255293,Action
255293,Arcade
17225,Simulation
17225,Indie
23572,Action
23572,Adventure
23572,Indie
10043,Action
10043,Indie
16631,Indie
17553,Action
17553,Indie
52142,Action
52142,Adventure
52142,Indie
17542,Adventure
17542,Casual
17542,Indie
21352,Simulation
20016,Adventure
20016,Indie
934643,Adventure
934643,RPG
35763,Action
35763,Shooter
35763,Racing
17196,Action
17196,Adventure
17196,Indie
21511,Adventure
21511,Casual
21511,Indie
38663,Action
38663,Adventure
38663,RPG
38663,Massively Multiplayer
15344,Action
15344,Strategy
15344,Indie
22563,Fighting
32986,Action
32986,Adventure
32986,Fighting
593319,Simulation
593319,Casual
62526,Casual
62526,Indie
62526,Puzzle
58959,Adventure
58959,Casual
58959,Indie
21213,Action
21213,Strategy
14567,Action
14567,Casual
14567,Massively Multiplayer
14567,Indie
836443,Action
11095,RPG
11095,Strategy
11095,Massively Multiplayer
11095,Indie
327214,Sports
600944,Action
600944,Adventure
600944,Indie
22096,Action
22096,Adventure
22096,RPG
22096,Strategy
22096,Massively Multiplayer
966221,Action
966221,Adventure
10891,Action
10891,Adventure
10891,RPG
10891,Indie
27235,Action
27235,Adventure
2192,Action
2192,Adventure
2192,Arcade
2192,Casual
2192,Indie
9994,Action
9994,Indie
17716,Adventure
17716,Indie
20153,Action
20153,RPG
20153,Simulation
20153,Racing
20153,Massively Multiplayer
61899,Action
61899,Racing
61899,Arcade
61899,Casual
61899,Indie
14809,Action
14809,Adventure
14809,RPG
19072,Action
18573,Simulation
18573,Casual
18573,Indie
142,Strategy
142,Casual
142,Indie
43970,Action
43970,Casual
43970,Indie
20401,Action
20401,Strategy
20401,Casual
20401,Indie
45942,Action
45942,Massively Multiplayer
45942,Indie
18065,Strategy
18065,Casual
18065,Indie
17533,Strategy
14788,Adventure
14788,RPG
14788,Strategy
14788,Indie
21023,Action
21023,Adventure
21023,RPG
21023,Indie
6656,Simulation
6656,Family
29305,Action
29305,Adventure
29305,Indie
13070,Adventure
13070,RPG
7830,Strategy
7830,Board Games
7830,Casual
7830,Card
7830,Indie
18151,Simulation
18151,Casual
50000,Action
50000,Adventure
50000,RPG
50000,Strategy
50000,Simulation
50000,Indie
376118,RPG
376118,Simulation
376118,Casual
376118,Indie
9714,Action
9714,Adventure
9714,Simulation
9714,Indie
962025,Action
962025,Adventure
962025,RPG
704793,Adventure
704793,RPG
704793,Platformer
27392,RPG
13417,Action
13417,Adventure
13417,Simulation
13417,Indie
17285,Action
17285,Simulation
17285,Indie
13857,Adventure
13857,Indie
26468,Simulation
26468,Sports
54346,RPG
54346,Simulation
10733,Action
10733,Indie
21524,Action
21524,Adventure
21524,Platformer
965471,Adventure
965471,RPG
965471,Simulation
965471,Indie
10780,Adventure
10780,RPG
10780,Strategy
10780,Casual
10780,Massively Multiplayer
10780,Indie
830232,Action
830232,Massively Multiplayer
272526,Action
272526,Sports
272526,Massively Multiplayer
846314,Adventure
846314,Strategy
846314,Card
846314,Indie
4281,Action
4281,Shooter
4281,RPG
4281,Platformer
13805,Casual
13805,Indie
292845,Action
292845,RPG
50825,Casual
50825,Indie
262498,Adventure
262498,Strategy
262498,Indie
45552,Action
45552,RPG
45552,Indie
18309,Shooter
799269,Action
799269,Adventure
460519,Simulation
460519,Casual
460519,Indie
3264,Sports
22699,RPG
973835,Action
973835,Strategy
973835,Simulation
973835,Indie
7950,Strategy
7950,Board Games
7950,Casual
14753,Action
14753,Adventure
14753,Indie
19485,Strategy
5698,Action
5698,Shooter
58005,RPG
15569,Action
15569,Casual
15569,Indie
51293,RPG
51293,Strategy
51293,Indie
13426,Adventure
13426,Casual
13426,Indie
14764,Strategy
14764,Board Games
14764,Indie
14764,Puzzle
52995,Racing
14957,Action
14957,Shooter
14957,Arcade
36758,Sports
36758,Arcade
21626,Action
51601,Adventure
9954,Action
9954,Adventure
9954,Indie
452607,RPG
452607,Strategy
18305,Strategy
17722,Casual
17722,Indie
502191,Strategy
51978,Adventure
5329,Action
331319,Action
331319,Sports
331319,Arcade
331319,Fighting
581204,Strategy
581204,Simulation
581204,Casual
581204,Indie
511723,Action
511723,Indie
830059,Adventure
830059,RPG
830059,Strategy
830059,Simulation
830059,Casual
830059,Indie
983212,Action
983212,Shooter
581025,RPG
19504,Strategy
20062,Action
20062,Adventure
20062,Indie
13413,Adventure
13413,Indie
57841,Fighting
261261,Adventure
261261,RPG
261261,Strategy
261261,Casual
261261,Indie
261261,Puzzle
14516,Simulation
14516,Casual
14516,Indie
21654,Strategy
2068,Action
2068,Strategy
2068,Indie
16939,Adventure
16939,Casual
53435,RPG
21100,Adventure
21100,Indie
10880,Strategy
10880,Casual
10880,Indie
492294,Simulation
492294,Casual
492294,Indie
14112,Adventure
14112,Indie
43885,Casual
43885,Indie
20932,Indie
11337,Casual
11337,Indie
51531,Simulation
51531,Racing
23849,Casual
4225,Adventure
4225,Puzzle
21050,Action
271414,Action
271414,Adventure
271414,Indie
20718,Action
302881,Action
302881,Adventure
302881,Indie
19396,Action
19396,Shooter
19396,Strategy
20408,Action
20408,Sports
20408,Casual
20408,Indie
28583,Action
51857,RPG
51857,Strategy
51857,Massively Multiplayer
11837,RPG
10351,Action
10351,Shooter
10351,Adventure
10351,Arcade
10351,Indie
10351,Puzzle
16052,Adventure
16052,Indie
16132,Action
16132,Adventure
16132,Indie
16132,Puzzle
61326,RPG
61326,Strategy
61326,Simulation
61326,Casual
61326,Indie
19730,Action
19730,Sports
19730,Racing
9691,Action
9691,Indie
840866,Action
840866,Massively Multiplayer
21963,Action
21963,Massively Multiplayer
471034,Action
471034,RPG
471034,Sports
471034,Casual
485138,Action
485138,Adventure
485138,Indie
25256,Action
25256,Fighting
25256,Platformer
21822,Sports
21822,Racing
21822,Indie
11896,RPG
11896,Massively Multiplayer
11896,Indie
17498,RPG
17498,Strategy
50076,Casual
50076,Indie
50076,Puzzle
37818,Action
37818,Strategy
21487,Casual
28380,Action
28380,Shooter
3255,Action
333,Adventure
333,Indie
333,Puzzle
13013,Action
13013,Adventure
13013,Casual
13013,Indie
15719,Indie
12590,Action
12590,Adventure
12590,Indie
701,RPG
701,Strategy
701,Card
701,Indie
1044,Action
1044,Racing
1044,Arcade
1044,Indie
10741,Action
10741,Adventure
10741,Indie
5401,Action
5401,Arcade
28795,Action
28795,Shooter
28795,Arcade
28225,Racing
28225,Arcade
20596,Adventure
20596,Casual
863724,Strategy
863724,Simulation
863724,Indie
20812,Action
20812,Strategy
20812,Indie
12457,Action
12457,Indie
20098,Sports
17820,Simulation
58285,Action
58285,Adventure
58285,Indie
677164,Action
677164,Shooter
216298,Adventure
216298,Strategy
216298,Casual
216298,Indie
216298,Puzzle
987537,Action
987537,Adventure
987537,RPG
20473,Action
20473,Indie
304329,Action
857636,Action
857636,Adventure
14478,Casual
14478,Puzzle
364882,Action
364882,Adventure
364882,RPG
364882,Indie
45222,Action
45222,RPG
45222,Massively Multiplayer
45222,Indie
385481,Indie
20711,Indie
20560,Adventure
20560,Indie
294,Indie
294,Puzzle
14168,Action
14168,Adventure
14168,Indie
268403,Action
268403,Adventure
268403,Platformer
13294,Adventure
13294,RPG
13294,Casual
13294,Massively Multiplayer
19489,Action
19489,RPG
19489,Indie
13714,Action
13714,Indie
14427,Casual
14427,Indie
12428,Adventure
244828,Indie
4150,Shooter
4150,Arcade
19612,Racing
19612,Casual
846505,Simulation
846505,Sports
45291,Action
45291,RPG
805004,Action
805004,RPG
24059,Action
24059,Adventure
24059,Platformer
978865,Adventure
59202,RPG
59202,Massively Multiplayer
264744,Adventure
264744,RPG
264744,Strategy
264744,Indie
15200,Strategy
15200,Casual
15200,Indie
274789,RPG
276685,Adventure
21704,RPG
10334,Adventure
10334,Indie
622517,Adventure
622517,RPG
622517,Strategy
622517,Indie
20928,Action
20928,Strategy
20928,Arcade
20928,Casual
428874,Action
428874,Strategy
428874,Indie
3412,Action
3412,Adventure
12295,Action
12295,Simulation
12295,Casual
387334,Adventure
387334,Indie
16852,Adventure
16852,Indie
3791,Puzzle
959855,Action
8662,Action
8662,Casual
8662,Indie
8662,Puzzle
40887,Sports
14455,Simulation
14455,Casual
14455,Indie
23761,RPG
23761,Strategy
708981,Strategy
708981,Simulation
532487,Sports
532487,Racing
532487,Casual
532487,Indie
5600,Arcade
5600,Fighting
13863,Strategy
59911,Simulation
59911,Sports
20652,Action
20652,Adventure
13044,Casual
13044,Indie
46018,Adventure
46018,Indie
46018,Puzzle
541282,Strategy
541282,Simulation
541282,Indie
49080,Action
49080,Adventure
49080,Casual
49080,Indie
8332,Action
8332,Arcade
8332,Indie
46742,Adventure
13630,Simulation
20748,Strategy
20748,Casual
20748,Indie
19917,Action
19917,Indie
21954,Action
21954,Sports
21954,Fighting
9632,Strategy
9632,Simulation
9632,Indie
10886,Casual
10886,Indie
1171,Action
1171,Adventure
15197,Casual
15197,Puzzle
409574,Action
409574,Adventure
409574,RPG
778212,Strategy
778212,Simulation
778212,Casual
778212,Indie
21529,Casual
22313,Action
22313,RPG
22313,Strategy
22313,Massively Multiplayer
22313,Indie
20801,Action
20801,Adventure
20801,RPG
20801,Indie
17644,Strategy
17644,Casual
17644,Indie
17644,Puzzle
25396,Action
25396,Adventure
13819,Action
13819,Casual
13819,Indie
21380,Simulation
9521,Action
9521,Shooter
40434,Simulation
804851,Adventure
804851,Indie
15374,Strategy
15374,Simulation
15374,Indie
625837,Action
625837,Adventure
813655,Simulation
813655,Sports
23746,RPG
23746,Strategy
288604,Action
11993,Action
11993,Adventure
11993,RPG
11993,Simulation
11993,Casual
11993,Indie
46286,RPG
46286,Strategy
20201,Strategy
20201,Indie
13870,Strategy
13870,Simulation
50370,Simulation
13739,Strategy
13739,Simulation
13739,Indie
32797,Action
32797,Shooter
12913,Action
12913,Adventure
12913,RPG
12913,Indie
830052,Action
830052,Shooter
830052,Strategy
830052,Simulation
830052,Casual
830052,Indie
11712,Action
11712,Adventure
11712,Indie
16055,Adventure
16055,Casual
16055,Indie
2935,Adventure
2935,Simulation
2935,Indie
18332,Action
18332,Fighting
18332,Indie
22700,RPG
16740,Action
21931,Action
21931,Adventure
21931,Strategy
21931,Casual
21931,Indie
21931,Puzzle
15981,Action
15981,Strategy
15981,Simulation
16607,Adventure
16607,Casual
379605,Action
379605,Shooter
816363,Adventure
816363,Strategy
816363,Casual
816363,Indie
15289,Adventure
15289,Casual
15289,Indie
57679,RPG
7290,Adventure
7290,RPG
7290,Strategy
7290,Casual
16497,Simulation
12006,Strategy
12006,Simulation
12006,Indie
13715,Action
13715,Indie
18014,Action
18014,Indie
4554,Action
4554,Adventure
4554,Casual
4554,Indie
4554,Puzzle
45902,Action
45902,Casual
45902,Indie
15702,Action
15702,Casual
15702,Indie
20162,Action
20162,RPG
20162,Strategy
20162,Massively Multiplayer
39120,RPG
13291,Action
13291,Adventure
13291,Casual
13291,Indie
21543,Arcade
21543,Indie
49604,Action
49604,Adventure
49604,Indie
430320,Casual
430320,Indie
471020,Action
471020,Adventure
471020,Strategy
471020,Indie
14477,Adventure
14477,Casual
14477,Educational
20768,Indie
50176,Adventure
50176,RPG
50176,Simulation
50176,Casual
816324,Action
816324,Shooter
816324,Indie
4641,Shooter
4641,Arcade
319153,Simulation
319153,Indie
16432,Adventure
13727,Strategy
13727,Casual
13727,Indie
11106,Adventure
11106,RPG
11106,Strategy
11106,Indie
502116,Action
502116,Shooter
502116,Adventure
502116,RPG
45712,Strategy
45712,Indie
61486,Adventure
61486,RPG
61486,Simulation
61486,Indie
51213,Adventure
18645,Action
18645,Adventure
18645,Indie
427445,Action
427445,Simulation
427445,Casual
427445,Indie
21516,Adventure
21516,Indie
18824,Action
18824,Casual
18824,Indie
18861,Action
18861,Simulation
18861,Indie
14300,Action
14300,Simulation
22455,Strategy
5084,RPG
5084,Strategy
399411,Action
399411,Adventure
399411,RPG
399411,Simulation
399411,Casual
21465,Strategy
702395,Simulation
702395,Indie
16088,Adventure
16088,RPG
16088,Indie
10601,Action
10601,Adventure
10601,Casual
1318,Action
1318,Indie
1644,Action
1644,Platformer
20691,Adventure
20691,Simulation
20691,Indie
16422,Adventure
16422,Casual
445453,Action
445453,Adventure
445453,Casual
445453,Indie
15518,Casual
15518,Indie
16205,Action
16205,Indie
22820,Strategy
323075,Simulation
323075,Casual
323075,Indie
270660,Adventure
270660,Indie
14674,Strategy
14674,Indie
9956,Action
9956,Adventure
9956,Indie
419937,Action
419937,Strategy
419937,Puzzle
20136,Adventure
20136,Indie
17918,Casual
17918,Indie
502155,Action
502155,Adventure
502155,Indie
9572,Action
9572,Adventure
9572,Strategy
496757,Strategy
496757,Simulation
14037,Strategy
14037,Simulation
14037,Family
14037,Indie
14037,Puzzle
21471,Action
21471,Indie
518615,Action
518615,Adventure
518615,Indie
9892,Action
9892,Adventure
9892,RPG
9892,Massively Multiplayer
9892,Indie
9751,Action
9751,Adventure
9751,Indie
22371,Strategy
22371,Simulation
36577,Action
36577,Shooter
36577,Adventure
21494,Strategy
10392,Action
10392,Adventure
10392,RPG
10392,Strategy
10392,Simulation
10392,Casual
10392,Indie
16608,Adventure
16608,Casual
18659,Action
18659,Indie
16592,Action
16592,Adventure
16592,Indie
11072,Casual
11072,Indie
23740,Fighting
309893,Action
309893,Simulation
309893,Racing
416036,Simulation
416036,Casual
416036,Family
5350,Action
5350,Shooter
5350,Adventure
5350,Strategy
17813,Strategy
17813,Indie
10974,Action
10974,Indie
9899,Action
9899,RPG
9899,Simulation
35176,RPG
35176,Strategy
35176,Card
20341,Adventure
20341,Casual
25230,Arcade
548157,Strategy
548157,Simulation
548157,Indie
9591,Action
9591,Adventure
9591,Simulation
9591,Indie
9439,Action
9439,Adventure
9439,RPG
9439,Indie
262346,Action
262346,Adventure
1537,Adventure
1537,Indie
18944,Adventure
18944,Indie
1448,Action
1448,Strategy
15473,Action
15473,Indie
438620,Action
438620,Adventure
438620,RPG
18590,Action
18590,Adventure
18590,RPG
18590,Indie
60894,Action
60894,Casual
60894,Indie
25548,Sports
339957,Action
339957,Shooter
339957,Strategy
477316,Action
477316,Adventure
5641,Action
5641,Shooter
3658,Action
3658,Shooter
55132,Arcade
55132,Fighting
10003,Action
10003,Adventure
10003,Strategy
10003,Simulation
10003,Massively Multiplayer
10003,Indie
18498,Casual
19972,Adventure
19972,Casual
18172,Adventure
18172,Casual
18172,Indie
2612,RPG
15080,Action
15080,Indie
23755,RPG
45188,Action
45188,Strategy
45188,Indie
447808,Action
447808,Adventure
447808,Casual
447808,Platformer
10566,Action
10566,RPG
10566,Casual
10566,Massively Multiplayer
10566,Indie
494383,Action
494383,Adventure
494383,Indie
41700,Action
41700,Shooter
41700,Adventure
41700,Simulation
398403,Adventure
398403,RPG
382755,Adventure
382755,RPG
382755,Strategy
382755,Indie
37221,Action
37221,Shooter
19663,Action
19663,Racing
20949,Casual
19865,Action
19865,Adventure
19865,Strategy
19865,Indie
971515,Strategy
971515,Indie
11105,Adventure
11105,RPG
11105,Massively Multiplayer
11105,Indie
4479,Sports
20621,Action
20621,Indie
10608,Action
10608,Adventure
10608,RPG
10608,Strategy
10608,Massively Multiplayer
10608,Indie
22477,Strategy
22708,Action
22708,Shooter
22708,Simulation
15435,Action
15435,Shooter
15435,RPG
15435,Indie
19878,Action
19878,Adventure
19878,Indie
53973,Action
53973,Platformer
21666,Strategy
262390,Action
262390,Adventure
262390,Indie
262390,Platformer
41738,Action
41738,RPG
44728,Action
44728,RPG
44728,Indie
522990,Adventure
522990,Indie
19055,Strategy
19055,Casual
19055,Indie
364954,Strategy
364954,Indie
627556,Action
627556,Racing
627556,Casual
627556,Massively Multiplayer
627556,Indie
295125,Action
60629,Simulation
60629,Indie
415180,Action
415180,Adventure
415180,Fighting
15563,Casual
15563,Indie
850708,Action
850708,Adventure
850708,RPG
23738,Action
23738,Arcade
23738,Family
23738,Platformer
16274,Simulation
16274,Casual
16274,Indie
17147,Action
17147,Adventure
17147,Indie
5373,Action
5373,Adventure
5373,Strategy
5373,Casual
5373,Puzzle
28964,Action
28964,Shooter
28964,Adventure
987121,Simulation
987121,Indie
11169,Adventure
11169,RPG
11169,Indie
22998,Shooter
30112,Action
30112,Shooter
16757,Adventure
16757,Indie
16297,Casual
16297,Indie
5605,Action
5605,Adventure
5605,Arcade
17280,Casual
19368,Action
19368,Adventure
19368,Indie
57475,Adventure
57475,RPG
39405,Action
39405,Arcade
14475,Action
14475,Indie
351828,Shooter
32674,Adventure
23007,Action
23007,RPG
2004,Action
2004,Arcade
19996,Adventure
19996,Indie
19996,Puzzle
22728,RPG
22728,Strategy
21430,Action
21430,Racing
5568,Action
5568,Adventure
5568,Racing
2249,Action
522978,Action
16924,Arcade
16924,Casual
16924,Family
16924,Indie
16924,Puzzle
23935,Action
23935,Shooter
1543,Action
1543,Casual
1543,Indie
60732,Action
60732,Adventure
60732,Indie
14654,Action
14654,Indie
14584,Adventure
14584,RPG
3484,Action
388314,Action
388314,Shooter
388314,Adventure
57891,Action
57891,Shooter
57891,Massively Multiplayer
4496,Strategy
4496,Casual
4496,Puzzle
47444,Adventure
17047,Adventure
17047,Indie
9777,Action
9777,Strategy
9777,Simulation
9777,Indie
292945,Adventure
292945,Indie
11420,Action
11420,Strategy
11420,Family
11420,Indie
10508,RPG
10508,Indie
51149,Action
51149,Strategy
383800,Action
383800,Strategy
8611,Action
8611,Arcade
8611,Casual
8611,Indie
9864,Action
9864,Adventure
9864,Simulation
9864,Massively Multiplayer
9864,Indie
61218,Action
61218,Adventure
61218,Indie
27519,RPG
27519,Strategy
21375,Action
21375,Racing
15379,Action
15379,Adventure
376982,Strategy
376982,Simulation
376982,Indie
41456,RPG
357246,Action
357246,Adventure
357246,RPG
982711,Action
982711,RPG
982711,Casual
982711,Indie
428391,Action
428391,RPG
428391,Indie
49282,Action
49282,Sports
49282,Indie
50733,Action
50733,Adventure
50733,RPG
50733,Simulation
16588,Adventure
16588,RPG
16588,Indie
49800,Arcade
49800,Platformer
14870,Action
14870,Arcade
267710,Action
267710,Adventure
267710,Strategy
267710,Indie
481905,Adventure
481905,RPG
481905,Strategy
481905,Simulation
481905,Casual
787592,Action
787592,Shooter
4406,Action
4406,Adventure
746,Adventure
19916,Action
19916,Adventure
19916,Casual
19916,Indie
16741,Action
17523,Indie
3252,RPG
18133,Action
18133,RPG
18133,Massively Multiplayer
30669,RPG
311642,Action
311642,Shooter
945034,Adventure
945034,RPG
945034,Simulation
945034,Indie
5684,Action
5684,Adventure
5684,Arcade
718167,Strategy
718167,Simulation
718167,Indie
17796,Strategy
17796,Simulation
19875,Casual
19875,Indie
13112,Action
13112,Adventure
13112,Casual
13112,Indie
16875,Indie
485118,Action
485118,Simulation
485118,Casual
485118,Indie
681467,Shooter
681467,Adventure
681467,RPG
681467,Fighting
681467,Massively Multiplayer
973289,Adventure
973289,RPG
21361,Adventure
21361,Strategy
21361,Casual
21361,Indie
32781,Arcade
32781,Fighting
496649,Action
496649,Indie
496649,Platformer
9620,Adventure
9620,Indie
19684,Adventure
19684,Simulation
15898,Simulation
20910,Strategy
18261,Casual
13475,Adventure
13475,Indie
364872,Racing
16946,Adventure
16946,Indie
1914,Action
1914,Arcade
1914,Casual
20727,Action
20727,Racing
20727,Indie
19534,Action
19534,RPG
19534,Indie
13109,RPG
13109,Strategy
13109,Simulation
13109,Casual
13109,Indie
19125,RPG
19125,Strategy
19125,Indie
11700,Simulation
16920,Simulation
16920,Sports
16920,Racing
19479,Strategy
19479,Massively Multiplayer
19479,Indie
18942,Action
18942,Casual
18942,Indie
282899,Action
282899,Indie
912009,Strategy
28577,Action
28577,Adventure
16863,Strategy
16863,Board Games
16863,Casual
16863,Educational
11084,Strategy
11084,Simulation
11084,Casual
11084,Indie
10152,Action
10152,RPG
10152,Indie
10343,Action
10343,Adventure
10343,Indie
16152,Action
60907,Action
60907,Adventure
60907,Indie
290928,Simulation
290928,Casual
290928,Indie
19477,Adventure
19477,RPG
19477,Indie
52935,RPG
16893,Adventure
16893,Casual
30162,Racing
30162,Arcade
46633,Strategy
46633,Casual
7062,Adventure
7062,Indie
7062,Puzzle
27324,Adventure
27324,RPG
27324,Simulation
50755,Adventure
50755,RPG
50755,Indie
11536,Action
11536,Adventure
11536,Indie
616671,Strategy
616671,Simulation
21092,Action
21092,RPG
21092,Indie
16633,Casual
16633,Indie
20907,Casual
25100,Platformer
21135,Adventure
21135,Casual
20436,Strategy
20436,Simulation
20436,Sports
10124,RPG
10124,Indie
21121,Indie
983925,Adventure
983925,Simulation
983925,Casual
983925,Indie
17986,Action
17986,Indie
257342,Simulation
257342,Indie
17714,Strategy
17714,Simulation
17714,Casual
17714,Indie
21741,Casual
21741,Indie
17948,Strategy
17948,Simulation
45417,Action
45417,Adventure
45417,Simulation
45417,Casual
45417,Indie
14627,Action
14627,Simulation
14627,Indie
739606,RPG
739606,Strategy
739606,Simulation
739606,Indie
428775,Adventure
428775,Indie
6625,Action
6625,Indie
11328,Simulation
11328,Sports
11328,Casual
972403,Action
972403,Adventure
3418,Strategy
3418,Indie
19245,RPG
532418,Action
10708,Strategy
10708,Massively Multiplayer
485219,Action
485219,Adventure
24033,RPG
10339,Strategy
10339,Board Games
844372,Action
844372,Arcade
844372,Casual
844372,Indie
844372,Platformer
5559,Family
19113,Action
19113,Adventure
19113,RPG
19113,Indie
10614,Action
10614,Adventure
10614,Strategy
10614,Indie
449165,RPG
755616,Action
755616,Shooter
755616,Adventure
755616,Indie
755616,Platformer
10736,Action
10736,Sports
10736,Racing
10903,Simulation
18368,Indie
29082,Action
29082,Adventure
21141,Adventure
21141,Indie
21476,Strategy
21476,Arcade
21476,Casual
21476,Puzzle
19008,Adventure
19008,Casual
19008,Educational
20471,Action
20471,RPG
20471,Indie
16473,Adventure
16473,Casual
35225,Action
35225,Sports
35225,Arcade
14553,Racing
14553,Indie
1540,Action
1540,Indie
30459,Action
30459,Adventure
30459,Arcade
30459,Puzzle
3353,Strategy
3353,Board Games
3353,Casual
3353,Card
10635,Adventure
10635,Simulation
10635,Indie
50572,RPG
18265,Action
18265,Shooter
18265,Indie
801553,Action
801553,Adventure
801553,RPG
801553,Indie
13129,Action
13129,Indie
61315,Sports
61315,Indie
41627,Adventure
41627,Strategy
41627,Arcade
41627,Casual
53290,RPG
53290,Strategy
9679,Adventure
9679,Indie
13555,Casual
13555,Indie
40002,RPG
14966,Action
14966,Adventure
14966,Indie
383515,Strategy
383515,Card
45560,Casual
45560,Indie
14761,Adventure
14761,Simulation
14761,Casual
19079,Action
19079,Shooter
216268,Action
216268,Adventure
216268,RPG
961310,Action
961310,Adventure
20217,Adventure
20217,RPG
20217,Strategy
17584,Adventure
17584,Indie
62145,Casual
62145,Indie
530345,Action
530345,Adventure
11210,Adventure
11210,Indie
4872,Action
4872,Arcade
4872,Puzzle
674321,Strategy
11174,Action
11174,Strategy
11174,Casual
11174,Indie
21732,Action
21732,Indie
481917,Simulation
481917,Racing
327236,Action
327236,Adventure
4227,Action
4227,Casual
4227,Puzzle
12378,Adventure
12378,Casual
4074,Action
4074,Strategy
8368,Adventure
8368,RPG
8368,Strategy
8368,Casual
8368,Indie
15528,Action
15528,Adventure
15528,Indie
16187,Action
16187,Adventure
16187,Indie
11325,Simulation
11325,Casual
36787,Action
36787,Shooter
36787,Adventure
778221,Simulation
778221,Casual
778221,Indie
389007,Casual
389007,Indie
389007,Puzzle
833450,Adventure
833450,RPG
19154,Adventure
19154,Indie
19154,Puzzle
442852,Action
442852,Adventure
566464,Action
566464,Adventure
566464,Indie
566464,Platformer
15700,Adventure
15700,Indie
13862,RPG
13862,Strategy
1810,Adventure
1810,Casual
1810,Indie
1810,Puzzle
1898,Shooter
1898,Platformer
50615,Action
50615,Adventure
50615,Strategy
50615,Casual
50615,Indie
53108,Sports
20167,Indie
19842,Action
19842,Simulation
19842,Sports
19842,Racing
19842,Casual
19842,Indie
872266,Simulation
872266,Sports
743568,Action
14495,Strategy
22811,Action
22811,Adventure
11734,Adventure
11734,Indie
11734,Puzzle
3001,Racing
19185,Adventure
19185,Indie
20702,Action
20702,Strategy
20702,Casual
20702,Indie
11310,RPG
11310,Strategy
11310,Indie
16836,Simulation
20881,Action
20881,Adventure
20881,Indie
427906,Action
427906,Casual
427906,Massively Multiplayer
427906,Indie
22909,Action
22909,Adventure
22909,RPG
681396,Action
21263,Action
21263,Indie
1046,Sports
1046,Indie
17496,Casual
17496,Indie
413866,Adventure
413866,Family
413866,Indie
413866,Puzzle
25460,Action
25460,RPG
23361,Action
23361,Adventure
23361,RPG
23361,Indie
28496,Action
28496,Shooter
28496,Arcade
277931,Action
277931,Adventure
3093,Action
3093,Adventure
3093,Indie
12671,Simulation
12671,Sports
12671,Racing
12671,Indie
462685,Adventure
462685,RPG
276653,Action
276653,Adventure
276653,Strategy
276653,Indie
3703,RPG
18501,Simulation
18501,Racing
23488,Strategy
23642,RPG
20799,RPG
20799,Indie
12626,Action
12626,RPG
12626,Indie
20500,Adventure
20500,Casual
20500,Indie
9819,Action
9819,Adventure
9819,Indie
9819,Platformer
45662,Action
336535,RPG
336535,Strategy
17418,Action
17418,Strategy
17418,Indie
306034,Action
306034,Indie
306034,Platformer
45057,Strategy
45057,Simulation
45057,Indie
44213,RPG
44213,Indie
9275,Adventure
9275,RPG
9275,Card
9275,Indie
57177,Arcade
23507,Adventure
23507,Indie
21267,Casual
21267,Indie
19009,Adventure
19009,Casual
19009,Educational
19463,Action
45408,Action
45408,Simulation
17340,Adventure
17340,Indie
879558,Adventure
879558,Simulation
879558,Arcade
879558,Casual
879558,Indie
485209,Racing
13281,Adventure
13281,RPG
13281,Indie
20215,Strategy
20215,Simulation
20215,Casual
20215,Indie
16919,Sports
16919,Racing
28109,Action
28109,Sports
28109,Racing
28109,Indie
21789,Action
21789,Casual
21789,Indie
370239,Action
370239,Adventure
370239,RPG
370239,Indie
20539,Casual
20539,Indie
787775,Adventure
787775,RPG
787775,Strategy
787775,Simulation
787775,Indie
971889,Action
971889,Adventure
971889,RPG
971889,Simulation
971889,Sports
971889,Casual
971889,Indie
44316,Adventure
44316,Family
44316,Indie
1628,Strategy
1628,Puzzle
16748,Strategy
16748,Indie
19028,Adventure
19028,Casual
7764,Action
7764,Adventure
7764,Strategy
7764,Simulation
7764,Casual
7764,Massively Multiplayer
7764,Indie
854351,Action
854351,Racing
854351,Indie
19290,Strategy
19290,Simulation
23051,Action
23051,Adventure
23051,RPG
563370,Adventure
563370,Simulation
21817,Adventure
21817,Casual
21817,Indie
281878,Action
281878,Indie
14668,RPG
14668,Indie
625,Adventure
625,RPG
625,Casual
625,Puzzle
50567,Adventure
50567,Simulation
50567,Indie
17434,Action
17434,Shooter
21509,Adventure
21509,Casual
16640,Action
16640,Indie
607397,Simulation
607397,Indie
17431,Action
17431,Adventure
17431,Family
412478,Action
412478,Shooter
412478,Adventure
688753,Adventure
688753,RPG
688753,Simulation
688753,Casual
688753,Indie
20829,Action
20829,Arcade
20829,Indie
15985,Adventure
15985,Family
10006,Indie
6316,Action
6316,Arcade
6316,Casual
6316,Indie
14694,RPG
14694,Strategy
14694,Massively Multiplayer
14694,Indie
9727,Action
9727,Strategy
19032,Adventure
19032,Casual
20190,Indie
520300,Adventure
520300,RPG
678558,Strategy
678558,Simulation
22289,Action
22289,Shooter
22289,Adventure
22289,Strategy
9510,Action
9510,Indie
9919,Adventure
9919,Indie
963612,Casual
963612,Indie
18664,Action
18664,Strategy
18664,Indie
46899,Strategy
46899,Card
22403,Strategy
7728,RPG
7728,Simulation
7728,Indie
22807,RPG
22807,Strategy
16727,Strategy
50141,Simulation
50141,Indie
30175,Action
30175,Shooter
30175,Arcade
30175,Puzzle
30175,Platformer
589194,Adventure
589194,Indie
681395,Action
681395,Shooter
681395,Adventure
681395,Simulation
681395,Casual
681395,Massively Multiplayer
681395,Indie
63573,Action
63573,Adventure
63573,Arcade
63573,Indie
63573,Platformer
3425,Action
3425,Fighting
20275,Action
20275,RPG
20275,Massively Multiplayer
20275,Indie
10217,Simulation
10217,Sports
10217,Racing
21484,Action
21484,Racing
9983,Strategy
9983,Massively Multiplayer
644661,Adventure
19073,Action
19073,Shooter
19073,Racing
60128,Simulation
11080,Adventure
11080,RPG
11080,Indie
19981,Action
19981,Strategy
19981,Indie
18048,Casual
27828,Strategy
62493,Casual
44818,Action
44818,Adventure
44818,Indie
10458,Strategy
10458,Indie
59146,Action
59146,Adventure
59146,Arcade
987515,Action
19031,Adventure
19031,Casual
21191,Action
21191,Strategy
21191,Indie
830182,Adventure
830182,Simulation
830182,Indie
830182,Puzzle
263631,Adventure
10646,Action
10646,Strategy
10646,Indie
46161,RPG
46161,Sports
244699,Adventure
244699,Casual
244699,Indie
244699,Puzzle
244699,Platformer
428862,RPG
428862,Simulation
428862,Casual
428862,Indie
17112,Board Games
17112,Casual
17112,Indie
370162,Action
370162,Indie
20967,Strategy
20967,Board Games
20967,Casual
20024,Adventure
20024,Casual
11597,Action
11597,Indie
20363,Strategy
20363,Casual
982603,Action
982603,Adventure
960484,Action
960484,Strategy
27617,Strategy
36393,Action
36393,Adventure
36393,Arcade
13622,Action
13622,Adventure
13622,RPG
13622,Indie
18823,Adventure
50295,RPG
50295,Strategy
50295,Massively Multiplayer
286572,Action
286572,Casual
286572,Indie
17858,Simulation
62783,Adventure
62783,RPG
62783,Indie
926851,Action
62524,Action
62524,Adventure
62524,RPG
62524,Casual
62524,Indie
30655,Action
30655,Shooter
425200,Adventure
425200,Strategy
425200,Casual
425200,Indie
425200,Puzzle
975425,Adventure
975425,Casual
269343,Strategy
269343,Massively Multiplayer
544024,Action
544024,Adventure
544024,RPG
544024,Strategy
544024,Indie
13681,Adventure
13681,RPG
13681,Indie
891228,Action
891228,Adventure
966589,Action
966589,Shooter
966589,Adventure
46142,Strategy
46142,Card
46142,Indie
647549,Action
647549,Fighting
18876,Strategy
18876,Sports
18876,Indie
60041,Strategy
60041,Simulation
60041,Indie
17148,Strategy
17148,Simulation
17148,Massively Multiplayer
16591,Indie
15848,Simulation
32925,Adventure
32925,RPG
32925,Strategy
32925,Indie
14120,Adventure
14120,Simulation
14120,Casual
14120,Indie
18935,Action
18935,Adventure
18935,Casual
18935,Indie
11415,Action
11415,Indie
20735,Action
20735,Adventure
20735,RPG
20735,Casual
20735,Indie
20735,Puzzle
457900,Strategy
457900,Simulation
457900,Indie
378582,RPG
378582,Strategy
28797,Shooter
61197,Adventure
61197,RPG
61197,Strategy
61197,Casual
61197,Indie
11086,Action
11086,Indie
21540,Adventure
21540,Casual
963218,Simulation
963218,Sports
963218,Casual
258386,Adventure
238785,Action
238785,Adventure
238785,Indie
238785,Puzzle
28307,Arcade
28307,Fighting
21564,Adventure
21564,Casual
21564,Puzzle
43828,Simulation
43828,Casual
21211,Adventure
21211,Indie
63641,Adventure
63641,Casual
63641,Indie
19123,Action
19123,Shooter
3685,RPG
3685,Strategy
795440,Adventure
795440,Indie
967003,Action
967003,Adventure
967003,Indie
20015,Strategy
28726,Action
28726,RPG
58770,Action
58770,Adventure
58770,Indie
403796,Strategy
783873,Strategy
783873,Simulation
783873,Indie
945130,Racing
945130,Arcade
37329,Action
37329,Shooter
24558,Adventure
24558,Puzzle
327225,RPG
327225,Massively Multiplayer
53357,RPG
46491,Adventure
46491,RPG
46491,Indie
27930,Action
27930,Adventure
27930,Arcade
27930,Indie
64551,Action
64551,Adventure
64551,Indie
13067,Action
13067,Adventure
20010,Sports
20010,Casual
54074,Action
54074,Platformer
61257,Action
61257,Indie
254410,Indie
16176,Action
16176,Adventure
16176,RPG
16176,Strategy
16176,Simulation
16176,Sports
16176,Racing
16176,Casual
16176,Indie
20240,RPG
20240,Strategy
20240,Indie
6454,Strategy
6454,Board Games
18585,Adventure
563269,Action
563269,Adventure
563269,RPG
5791,Action
5791,Adventure
5791,Arcade
5791,Casual
5791,Indie
290009,Action
290009,Fighting
715706,Simulation
376908,Action
376908,Platformer
9893,Adventure
9893,Strategy
9893,Simulation
9893,Indie
288865,Adventure
288865,RPG
17758,Strategy
17758,Simulation
17758,Casual
17914,Action
17914,Casual
17914,Indie
15846,Action
15846,Adventure
15846,RPG
15846,Simulation
15846,Indie
21587,Action
21587,Adventure
21587,Casual
21587,Indie
10109,Adventure
10109,Indie
9884,Strategy
9884,Indie
13477,Casual
13477,Family
13477,Indie
13477,Puzzle
21638,Action
21638,Sports
21638,Indie
15559,Casual
15559,Indie
20610,Strategy
20610,Casual
20610,Indie
350748,Adventure
350748,Casual
350748,Indie
16691,Action
16691,Adventure
16691,RPG
16691,Indie
19869,Action
19869,Shooter
19869,Adventure
19869,Strategy
19869,Casual
44699,Adventure
44699,RPG
44699,Indie
16981,Action
16981,Indie
21271,Casual
21271,Indie
19937,Adventure
28764,RPG
5315,Action
5315,Strategy
5315,Simulation
5315,Family
3414,Action
28313,Adventure
28313,RPG
28313,Card
41339,Action
41339,Adventure
14893,Action
14893,Adventure
14893,RPG
14893,Simulation
14893,Indie
16778,Action
16778,Arcade
16778,Casual
16778,Indie
46322,Action
46322,Adventure
46322,Casual
46322,Indie
4533,Action
4533,Adventure
59733,RPG
59733,Massively Multiplayer
19094,Action
19094,Casual
19094,Massively Multiplayer
19094,Indie
19471,Action
15868,Action
15868,Indie
816420,Adventure
816420,Strategy
816420,Casual
816420,Indie
17048,Adventure
17048,Indie
59125,Action
59125,Arcade
32785,Action
21570,Adventure
21570,Casual
586197,Adventure
586197,Casual
586197,Indie
21762,Action
21762,Casual
21762,Indie
22016,Adventure
22016,Simulation
22016,Casual
13610,Action
13610,Indie
15386,Casual
15386,Indie
15386,Puzzle
10913,Action
10913,Strategy
10913,Casual
10913,Indie
11183,Action
11183,RPG
11183,Massively Multiplayer
16594,Adventure
16594,Indie
10430,Adventure
10430,RPG
10430,Massively Multiplayer
262419,Adventure
618,Action
618,RPG
618,Strategy
618,Card
618,Indie
2089,Action
2089,Adventure
2089,Strategy
2089,Simulation
2089,Casual
2089,Indie
2089,Puzzle
6044,Action
6044,Arcade
6044,Casual
6044,Indie
5623,Action
15614,Action
15614,Indie
581177,Casual
30194,Adventure
30194,RPG
43426,Action
10556,Action
10556,Arcade
10556,Indie
17557,Action
17557,Simulation
17557,Sports
17557,Racing
17557,Casual
17557,Indie
21525,Action
21525,Adventure
21525,RPG
21525,Indie
10576,Action
10576,Indie
28411,Action
28411,Adventure
60547,Adventure
60547,RPG
60547,Simulation
60547,Indie
25198,Action
25198,Adventure
45245,Action
45245,Fighting
276032,Action
276032,Arcade
276032,Casual
4050,Action
4050,Adventure
419941,Adventure
419941,Casual
419941,Indie
688844,Casual
688844,Indie
447828,RPG
447828,Strategy
447828,Indie
485154,Casual
52891,Action
52891,Racing
12376,Adventure
12376,Indie
378578,Action
378578,Adventure
282818,Strategy
25153,Arcade
25153,Fighting
5769,Action
5769,Arcade
5769,Casual
22382,Adventure
22382,Indie
12871,Simulation
12871,Sports
45867,Action
45867,Adventure
45867,RPG
18679,Strategy
10225,Action
10225,Adventure
10225,RPG
10225,Indie
461747,Strategy
461747,Simulation
15599,Action
15599,Adventure
15599,Indie
776391,Casual
776391,Indie
4350,Arcade
4350,Family
45872,Action
45872,Adventure
45872,RPG
45872,Strategy
45872,Simulation
45872,Sports
45872,Arcade
45872,Casual
45872,Massively Multiplayer
45872,Indie
19965,Adventure
19965,Casual
19965,Puzzle
28417,Action
28417,Shooter
54097,Fighting
4531,Action
4531,Adventure
4531,Platformer
13183,Action
13183,Simulation
13183,Sports
13183,Racing
13183,Indie
984858,Action
984858,Adventure
984858,Indie
11333,Indie
244717,RPG
1084,Action
286581,Action
286581,Indie
799267,Action
799267,Strategy
428894,Adventure
428894,Indie
11165,Casual
11165,Indie
12112,Action
12112,Indie
949931,Action
949931,Adventure
949931,Strategy
949931,Simulation
949931,Casual
949931,Indie
17038,Adventure
17038,RPG
17038,Indie
2987,Action
2987,RPG
46167,Simulation
63189,Action
63189,Adventure
63189,RPG
63189,Indie
14197,Strategy
14197,Simulation
14197,Casual
14197,Indie
46698,Adventure
46698,RPG
46698,Indie
961206,Adventure
961206,Indie
13155,Adventure
13155,Indie
13155,Puzzle
41606,Action
41606,Shooter
601,Sports
9661,Action
9661,Simulation
9661,Indie
5690,Strategy
5690,Simulation
303875,Action
303875,Adventure
303875,Racing
303875,Casual
303875,Indie
13083,RPG
13083,Strategy
13083,Casual
13083,Indie
47109,Action
47109,Adventure
47109,Strategy
47109,Simulation
47109,Indie
21083,Simulation
21083,Indie
106419,Platformer
23606,Simulation
23606,Sports
285682,Adventure
285682,Indie
10012,Adventure
10012,Casual
21651,Action
21651,Adventure
21651,Indie
10173,Adventure
10173,Casual
18328,Adventure
18328,Indie
875,Action
875,Simulation
21347,Action
21347,Adventure
21347,RPG
17413,Strategy
17413,Indie
21601,Adventure
21601,Casual
3143,Action
3143,Fighting
326273,Adventure
326273,RPG
326273,Indie
56122,Action
56122,Adventure
28970,Family
15018,Adventure
15018,Strategy
15018,Simulation
15018,Casual
15018,Indie
489293,Action
489293,Shooter
489293,Adventure
489293,RPG
797945,Action
797945,Casual
797945,Indie
297286,Action
297286,Adventure
297286,Indie
28542,Arcade
28542,Fighting
836466,Action
836466,Adventure
836466,Indie
15798,Simulation
15798,Casual
15798,Indie
14221,Adventure
14221,RPG
14221,Indie
49371,Strategy
49371,Casual
49371,Indie
861280,Action
861280,Indie
615054,Action
615054,Adventure
428872,Adventure
428872,RPG
428872,Simulation
428872,Casual
428872,Indie
46311,Adventure
46311,RPG
46311,Massively Multiplayer
46311,Indie
826879,Adventure
10799,Action
10799,Indie
405997,Action
405997,Adventure
405997,RPG
405997,Simulation
405997,Casual
405997,Indie
18099,Action
18099,Adventure
18099,Indie
28356,Action
28356,Adventure
680044,Casual
680044,Indie
23756,Action
23756,Adventure
23756,RPG
25854,Sports
12202,Adventure
12202,RPG
12202,Strategy
19027,Adventure
19027,Casual
19317,Action
19317,Strategy
19317,Indie
4848,Action
4848,Shooter
4848,Casual
4848,Indie
17524,Adventure
17524,Indie
17524,Puzzle
18058,Adventure
18058,Casual
18058,Puzzle
18089,RPG
18089,Strategy
44847,Action
44847,Indie
46270,Adventure
46270,Family
46270,Indie
46270,Puzzle
23490,Action
23490,Indie
11842,Action
11842,Adventure
11842,Strategy
11842,Indie
11759,Strategy
11759,Massively Multiplayer
11759,Indie
20808,Casual
20808,Puzzle
17041,RPG
15524,Strategy
15524,Indie
19131,Action
19131,Strategy
19131,Casual
19131,Indie
15753,RPG
15753,Casual
17823,Action
17823,Indie
251513,Action
251513,Casual
251513,Indie
485114,Adventure
485114,RPG
485114,Strategy
485114,Card
16997,Action
16997,Strategy
16997,Indie
11386,Action
11386,Adventure
11386,Indie
11386,Platformer
16648,Simulation
16648,Indie
14644,Action
14644,Adventure
14644,Casual
11846,Action
11846,Adventure
11846,Simulation
11846,Sports
11846,Indie
49283,Action
49283,RPG
49283,Strategy
49283,Arcade
971,Action
971,Adventure
971,Indie
971,Puzzle
413099,Action
413099,Adventure
413099,Casual
413099,Indie
413099,Puzzle
36968,Action
708998,Action
708998,Shooter
708998,Adventure
49105,Action
49105,Adventure
23759,RPG
23759,Strategy
16694,Strategy
16694,Simulation
28883,Sports
16744,Action
16744,Shooter
21042,Action
21042,Adventure
21042,Strategy
21042,Simulation
21042,Casual
21042,Indie
542682,Adventure
542682,Indie
523065,RPG
523065,Simulation
523065,Casual
59707,Adventure
59707,RPG
59707,Indie
51579,Indie
49706,Strategy
9650,Action
9650,Indie
9952,Indie
3178,Action
3178,Adventure
3178,Sports
3178,Arcade
3178,Casual
3178,Indie
3129,RPG
3129,Strategy
3129,Simulation
21021,Casual
21021,Puzzle
244808,RPG
244808,Indie
3201,Action
3201,Adventure
3201,Strategy
3201,Indie
99733,Strategy
99733,Casual
99733,Indie
22354,Action
22354,Adventure
22354,RPG
22354,Simulation
22354,Casual
22354,Indie
23283,Action
23283,Adventure
23283,Indie
50454,Arcade
20912,Adventure
20912,RPG
20912,Indie
14207,Action
14207,Adventure
14207,Indie
584,Action
584,Simulation
584,Sports
584,Casual
13968,Adventure
13968,Casual
13968,Indie
13813,Action
4176,Fighting
938003,Strategy
938003,Simulation
532388,Action
532388,Strategy
19765,Action
19765,Adventure
19765,RPG
19765,Casual
19765,Indie
52831,Action
52831,Casual
840930,RPG
840930,Simulation
840930,Casual
840930,Indie
10045,Action
10045,Strategy
10045,Massively Multiplayer
10045,Indie
563317,Adventure
563317,RPG
563317,Strategy
17578,Strategy
17578,Indie
19025,Casual
22776,Adventure
14963,Action
10333,Action
10333,Adventure
10333,RPG
10333,Indie
12433,Adventure
12433,Indie
15622,Casual
15622,Indie
393192,Adventure
393192,RPG
393192,Casual
393192,Indie
67684,Action
67684,Adventure
67684,RPG
302823,Adventure
302823,RPG
302823,Simulation
302823,Casual
302823,Indie
44039,Casual
44039,Indie
10998,Action
10998,Massively Multiplayer
10998,Indie
19798,Action
19798,Adventure
19798,Casual
19798,Indie
613542,Action
613542,Simulation
613542,Indie
42045,Action
42045,Shooter
42045,RPG
60098,Simulation
485043,RPG
485043,Casual
485043,Indie
443,Action
443,Adventure
443,Casual
443,Indie
443,Puzzle
62068,Action
62068,Indie
350615,Action
350615,Massively Multiplayer
350615,Indie
991790,Action
991790,Adventure
991790,RPG
991790,Strategy
22268,Action
22268,Indie
16304,Adventure
16304,Indie
3963,Action
3963,Shooter
59233,Action
59233,Shooter
59233,Adventure
59233,Massively Multiplayer
61944,Adventure
61944,Casual
61944,Indie
21953,Sports
21953,Arcade
21953,Fighting
15831,Action
15831,Casual
15831,Indie
29077,Action
29077,Platformer
44468,Simulation
44468,Indie
9764,Strategy
9764,Simulation
964791,Action
964791,Adventure
846466,Action
846466,Racing
846466,Casual
846466,Indie
13059,Action
13059,Adventure
13059,RPG
13059,Simulation
13059,Indie
12681,Action
12681,Sports
12681,Racing
61823,Action
61823,Strategy
61823,Simulation
61823,Massively Multiplayer
61823,Indie
16272,Strategy
10523,Casual
10523,Indie
846442,Simulation
11374,Strategy
11374,Indie
60397,Action
15154,Action
15154,Indie
59121,Action
21737,Strategy
21737,Casual
21737,Indie
2415,Action
2415,Fighting
10146,Adventure
10146,Casual
10146,Massively Multiplayer
10146,Indie
11861,Adventure
11861,RPG
690708,Adventure
690708,Strategy
690708,Simulation
690708,Casual
690708,Indie
690708,Puzzle
17330,Strategy
17330,Indie
58976,Action
58976,Shooter
914783,Action
914783,Adventure
914783,RPG
914783,Strategy
27124,Action
27124,Adventure
484976,Action
484976,Adventure
484976,Indie
15455,Action
15455,Adventure
15455,Indie
4214,Sports
4214,Arcade
4214,Casual
22881,Shooter
47513,Casual
460527,Strategy
312613,Adventure
312613,RPG
274759,Action
274759,RPG
627562,Adventure
627562,RPG
627562,Simulation
627562,Casual
627562,Indie
56174,RPG
898354,Action
898354,Shooter
926709,Action
926709,Adventure
926709,RPG
926709,Simulation
926709,Indie
17612,Action
17612,Casual
17612,Indie
36789,Action
36789,Shooter
36789,RPG
36789,Simulation
21772,Action
21772,Sports
21772,Racing
21772,Indie
24768,Action
24768,Adventure
26946,Arcade
43861,Action
43861,Simulation
43861,Sports
43861,Racing
59132,Racing
61161,Action
61161,Adventure
61161,Simulation
61161,Indie
11653,Adventure
11653,RPG
11653,Indie
11175,Indie
11175,Puzzle
2902,Racing
2902,Arcade
353492,Adventure
353492,Strategy
353492,Indie
16906,Adventure
16906,Casual
16906,Puzzle
427946,Adventure
427946,Indie
54541,Action
54541,Adventure
54541,Platformer
11011,Casual
11011,Indie
5117,Action
5117,Shooter
20022,Adventure
20022,Casual
10034,RPG
10034,Strategy
10034,Massively Multiplayer
19026,Adventure
19026,Casual
10176,Action
10176,Arcade
10176,Casual
10176,Indie
20045,Adventure
20045,RPG
22133,Casual
22133,Indie
31859,Action
31859,Shooter
31859,Arcade
31859,Fighting
397469,Action
397469,Adventure
397469,RPG
2513,Action
2513,Indie
21800,Adventure
21800,Indie
20115,Adventure
20115,RPG
20115,Indie
818051,Strategy
818051,Indie
484659,Action
484659,Adventure
484659,RPG
484659,Indie
7576,Casual
7576,Indie
7576,Puzzle
16072,Strategy
9583,Action
9583,Casual
9583,Indie
12002,Strategy
12002,Massively Multiplayer
15677,Adventure
15677,Casual
4564,Racing
4564,Arcade
15909,Action
15909,Casual
15909,Indie
428128,Adventure
428128,Strategy
428128,Casual
428128,Indie
8655,Adventure
8655,Puzzle
24107,Platformer
19244,RPG
13742,Adventure
13742,Indie
19158,Educational
44916,Action
44916,Adventure
44916,RPG
44916,Simulation
25512,Arcade
284756,Action
284756,Adventure
284756,Indie
52467,Sports
587621,Action
587621,Adventure
587621,RPG
587621,Strategy
587621,Indie
587621,Puzzle
320083,RPG
964285,Action
964285,Shooter
15546,Action
15546,Strategy
15546,Indie
21783,Strategy
21783,Simulation
21783,Casual
4141,Fighting
3665,Action
21385,Action
21385,Simulation
21385,Indie
973391,Action
973391,Adventure
973391,RPG
2530,Action
2530,Arcade
5477,Action
5477,Racing
5477,Arcade
10189,Casual
10189,Indie
21574,Adventure
21574,RPG
16409,Strategy
16903,Adventure
16903,RPG
23392,Strategy
23392,Casual
23392,Indie
53940,Action
35354,Strategy
17160,Action
17160,Adventure
17160,Strategy
17160,Simulation
17160,Casual
17160,Indie
51246,Action
51246,Platformer
19497,Action
19497,Adventure
19497,Indie
17763,Action
17763,Adventure
17763,Strategy
17763,Indie
6938,Action
6938,Arcade
6938,Casual
6938,Indie
495432,Strategy
495432,Simulation
495432,Indie
302935,Strategy
302935,Massively Multiplayer
302935,Indie
25021,RPG
3006,Action
3006,Strategy
3006,Card
3006,Massively Multiplayer
4634,RPG
12113,Adventure
12113,Indie
12113,Puzzle
60493,Action
60493,Adventure
554708,Adventure
554708,Simulation
554708,Indie
554708,Puzzle
15986,Adventure
22484,Adventure
22484,Casual
22484,Indie
14248,Casual
14248,Indie
428664,Adventure
428664,Indie
4410,Adventure
12203,Adventure
12203,Indie
43868,Strategy
43868,Indie
51534,Indie
581147,Action
581147,Adventure
581147,Indie
285666,Simulation
285666,Casual
285666,Indie
10420,Sports
28503,Action
22030,Action
22030,Adventure
22030,Indie
16820,Strategy
16820,Simulation
11756,Action
11756,Adventure
11756,RPG
11756,Strategy
11756,Indie
22022,Action
22022,Adventure
22022,Arcade
22022,Casual
22022,Indie
840782,Strategy
840782,Simulation
302921,Adventure
302921,Indie
22077,Action
22077,Adventure
22077,RPG
46792,Action
46792,Adventure
753932,Action
753932,Fighting
19827,Action
19827,Indie
19010,Adventure
19010,Casual
19010,Educational
57540,Action
57540,Arcade
14647,Adventure
14647,Indie
11275,Adventure
11275,RPG
11275,Strategy
11275,Casual
11275,Indie
10694,Action
10694,Simulation
10694,Casual
10694,Indie
61600,Simulation
61600,Casual
61600,Indie
45664,RPG
17058,Strategy
17058,Simulation
17058,Indie
19850,Racing
19850,Casual
19850,Indie
17479,Adventure
17479,Casual
17479,Indie
17479,Puzzle
12046,Action
12046,Indie
61022,Adventure
61022,RPG
61022,Strategy
61022,Simulation
61022,Casual
19361,Strategy
9665,Action
9665,Indie
21418,Strategy
21418,Casual
21812,Action
21812,Simulation
21812,Indie
19279,Adventure
19279,RPG
19279,Casual
830271,Adventure
19124,Adventure
19124,RPG
19124,Indie
251569,Casual
251569,Indie
251569,Puzzle
871182,Action
871182,Adventure
871182,Indie
19745,Action
19745,Adventure
40406,Action
40406,Shooter
40406,Simulation
304186,Action
304186,Shooter
304186,Adventure
304186,Simulation
12036,RPG
12036,Indie
45643,RPG
45643,Massively Multiplayer
14904,Adventure
14904,Indie
14904,Puzzle
427621,Action
427621,Simulation
427621,Massively Multiplayer
493433,Casual
17566,Action
17566,Indie
63680,Adventure
63680,Casual
63680,Indie
19654,Action
47603,Strategy
47603,Casual
47603,Indie
490877,Simulation
490877,Sports
490877,Casual
490877,Indie
667,Action
667,RPG
667,Casual
667,Indie
667,Puzzle
732437,Action
732437,Adventure
732437,RPG
732437,Casual
11858,Action
11858,Sports
11858,Racing
11858,Casual
11858,Indie
11097,Adventure
11097,Casual
11097,Indie
11097,Puzzle
16940,Action
16940,Strategy
16940,Indie
241044,Fighting
21796,Adventure
21796,Simulation
21796,Indie
2581,Fighting
16844,Simulation
16844,Sports
16844,Racing
59329,Strategy
11158,Simulation
11158,Sports
11158,Casual
11158,Massively Multiplayer
19433,Action
19433,Adventure
19433,Strategy
19433,Indie
804855,Action
804855,Shooter
804855,Indie
46657,Adventure
46657,RPG
46657,Indie
15123,Action
15123,Adventure
15123,Casual
15123,Indie
43989,Simulation
43989,Sports
31584,Action
31584,Adventure
19832,Strategy
19832,Sports
19832,Casual
19832,Massively Multiplayer
17377,Strategy
18593,Casual
18593,Indie
19362,Action
19362,Indie
52357,RPG
52357,Board Games
52357,Indie
43803,Strategy
43803,Casual
43803,Indie
370240,Action
370240,Strategy
370240,Indie
22152,Action
22152,Indie
22405,Action
22405,Casual
22405,Indie
12031,Strategy
12031,Indie
4800,Adventure
4800,Casual
4800,Puzzle
4800,Platformer
11586,Action
11586,Adventure
11586,Simulation
11586,Casual
11586,Indie
18902,Adventure
18902,Casual
20898,RPG
20898,Strategy
20898,Indie
10388,RPG
10388,Strategy
10388,Simulation
10388,Massively Multiplayer
59026,Action
59026,Adventure
59026,Simulation
59026,Indie
23468,Action
23468,Adventure
23468,RPG
23468,Indie
331807,Action
331807,Arcade
331807,Fighting
635275,Action
635275,Strategy
51134,Action
51134,Sports
51134,Indie
9140,Adventure
9140,Strategy
9140,Indie
3177,Action
3177,Arcade
3177,Fighting
3177,Indie
15470,Strategy
15470,Indie
21841,Adventure
21841,Simulation
21841,Casual
21841,Indie
13336,Adventure
13336,Strategy
13336,Casual
13336,Indie
13783,Adventure
13783,Casual
19077,Adventure
712831,Action
712831,Strategy
712831,Casual
712831,Indie
46351,Simulation
46351,Indie
28288,Sports
28288,Racing
28288,Arcade
21041,Action
21041,Adventure
21041,Indie
816323,Action
816323,Indie
49603,Action
50679,Action
50679,Indie
651320,Action
651320,Fighting
914904,Action
914904,Adventure
914904,Strategy
914904,Indie
914904,Platformer
614973,Action
614973,Adventure
58115,Action
58115,Adventure
58115,RPG
58115,Strategy
727318,Strategy
727318,Casual
727318,Indie
727318,Puzzle
16565,Action
16565,Strategy
16565,Arcade
16565,Casual
18731,Action
18731,Adventure
18731,RPG
17408,Strategy
17408,Casual
17408,Indie
4124,Arcade
20094,Simulation
3156,Casual
60567,Strategy
60567,Casual
60567,Indie
16742,Action
53146,Action
53146,RPG
14656,Casual
14656,Indie
306089,RPG
306089,Strategy
306089,Indie
25190,Sports
19090,Action
19090,Casual
19090,Indie
9686,Action
9686,Adventure
9686,RPG
9686,Casual
9686,Indie
9765,Action
9765,Indie
4048,Action
4048,Fighting
18599,Educational
10648,Strategy
10648,Sports
10648,Casual
10648,Card
10648,Massively Multiplayer
16881,Adventure
16881,Strategy
16881,Casual
51275,Simulation
63507,Simulation
63507,Casual
63507,Indie
21227,RPG
21227,Strategy
21227,Indie
58780,Action
58780,Adventure
49326,Strategy
49326,Simulation
49326,Casual
49326,Family
20807,Action
20807,Shooter
20807,Arcade
20807,Indie
29114,Shooter
704748,Action
704748,Racing
22449,Adventure
22449,Casual
22449,Indie
532522,Action
752086,Action
752086,Adventure
752086,Simulation
752086,Indie
49868,Action
49868,Platformer
29260,Casual
29260,Indie
29260,Puzzle
617120,Action
617120,Shooter
617120,RPG
58356,RPG
19393,Adventure
19393,Simulation
19393,Casual
19393,Indie
12352,Action
12352,Adventure
12352,Indie
17067,Adventure
17067,RPG
17067,Casual
17067,Indie
13076,Action
13076,Simulation
13076,Racing
13076,Massively Multiplayer
13076,Indie
433,Action
17783,Strategy
43852,Action
43852,Casual
43852,Indie
985592,Action
985592,Adventure
985592,RPG
985592,Strategy
295102,Action
295102,Indie
19775,Action
19775,Indie
459020,Adventure
459020,RPG
20696,Action
20696,Adventure
20696,Indie
24939,Action
24939,Shooter
24939,Massively Multiplayer
12878,Action
12878,Adventure
12878,Casual
12878,Indie
6665,Action
6665,Arcade
6665,Casual
6665,Indie
3448,Racing
5309,Strategy
5309,Board Games
5309,Casual
5309,Card
5309,Educational
5309,Indie
5309,Puzzle
12479,Action
12479,Adventure
12479,Simulation
12479,Massively Multiplayer
12479,Indie
11885,Strategy
11885,Simulation
11885,Educational
11885,Indie
4118,RPG
10063,Adventure
10063,Simulation
10063,Casual
10063,Indie
19020,Adventure
19020,Casual
19020,Educational
15083,Adventure
15083,Indie
479677,Action
479677,Shooter
872778,Action
872778,Shooter
331809,Action
331809,Arcade
331809,Fighting
761451,Adventure
761451,Casual
761451,Indie
379456,Simulation
379456,Casual
379456,Indie
58495,Action
58495,Adventure
58495,RPG
58495,Fighting
60533,Strategy
60533,Simulation
60533,Indie
395195,Action
395195,Shooter
761348,Strategy
801512,Adventure
22149,Action
22149,Adventure
22149,Indie
21956,Sports
21956,Arcade
21956,Fighting
3263,Action
3263,Strategy
16018,Adventure
15183,Action
15183,Indie
13635,Adventure
13635,Casual
13635,Educational
28974,Strategy
28974,Simulation
598946,Strategy
598946,Simulation
598946,Indie
444384,Adventure
444384,RPG
444384,Strategy
444384,Indie
61134,Strategy
61134,Casual
61134,Indie
630693,Adventure
630693,Casual
630693,Indie
34777,Strategy
34777,Simulation
46907,Action
46907,Shooter
46907,Adventure
18830,Adventure
18830,Indie
16153,Action
16153,Casual
16153,Indie
3999,Action
3999,Arcade
3999,Casual
3999,Indie
3999,Puzzle
16891,Casual
14205,Action
14205,Adventure
14205,Indie
12037,Casual
12037,Indie
59931,Action
59931,RPG
44002,Action
44002,Adventure
44002,RPG
44002,Indie
3879,Action
3879,Puzzle
327237,Action
327237,Shooter
10312,Action
10312,Adventure
10312,RPG
10312,Strategy
10312,Simulation
10312,Indie
23041,Simulation
58925,Adventure
21076,Action
21076,Indie
16996,Adventure
16996,RPG
16996,Indie
18769,Adventure
18769,Indie
40243,Action
40243,Shooter
65059,Adventure
65059,Indie
223378,Adventure
12542,Simulation
12542,Casual
12542,Indie
63393,Strategy
63393,Simulation
63393,Indie
28597,Sports
11319,Action
11319,Shooter
11319,Indie
13450,RPG
13450,Massively Multiplayer
13450,Indie
823653,Action
823653,Massively Multiplayer
373602,Adventure
373602,Casual
373602,Indie
12554,Action
12554,Adventure
12554,Indie
7729,Adventure
7729,RPG
7729,Strategy
7729,Indie
17928,RPG
17928,Indie
12823,Action
12823,Adventure
12823,RPG
12823,Strategy
12823,Simulation
12823,Sports
12823,Racing
12823,Casual
12823,Indie
50311,Action
50311,Shooter
38710,Sports
19122,Adventure
19122,RPG
51418,Adventure
51418,RPG
51418,Strategy
51418,Indie
53380,Action
284699,Casual
20639,Strategy
20639,Indie
12789,Action
12789,Adventure
12789,RPG
12789,Strategy
12789,Simulation
12789,Sports
45589,Action
45589,Simulation
45589,Indie
4024,Action
4024,Arcade
14683,Action
14683,Indie
9569,Action
9569,RPG
9569,Indie
9654,Action
9654,Indie
22082,Adventure
22082,Simulation
22082,Casual
22082,Educational
22082,Indie
19831,Strategy
19831,Casual
32869,Action
32869,Adventure
32869,RPG
23417,Strategy
23417,Simulation
471017,Action
471017,Fighting
471017,Indie
279621,Casual
14776,Action
14776,Indie
21597,Adventure
21597,Casual
16590,Adventure
16590,Indie
17458,Indie
46271,Action
46271,Indie
24975,Action
24975,RPG
24975,Platformer
9703,Action
9703,Shooter
9703,Simulation
9703,Indie
11345,Action
11345,Casual
10567,Indie
10567,Puzzle
12345,Adventure
12345,Casual
12345,Indie
14715,Action
14715,Indie
11253,Action
11253,Adventure
11253,RPG
11253,Indie
4691,Sports
4691,Arcade
4691,Fighting
485166,Action
485166,Adventure
485166,Strategy
485166,Simulation
485166,Casual
485166,Indie
15583,Action
15583,Adventure
15583,Simulation
15583,Indie
241052,Action
241052,Indie
23504,Action
23504,Strategy
23504,Indie
364972,Adventure
9973,Action
9973,Fighting
9973,Indie
28491,Action
28491,Family
379603,Action
379603,Adventure
379603,Casual
12219,Adventure
12219,Casual
10255,Action
10255,Adventure
10255,RPG
10255,Indie
42151,Action
42151,Shooter
31572,Action
31572,Racing
31572,Arcade
353494,Adventure
353494,Strategy
353494,Indie
15007,RPG
15007,Strategy
15007,Simulation
15007,Indie
593250,Action
593250,Adventure
593250,Simulation
61165,RPG
61165,Simulation
61165,Casual
61165,Indie
415,Action
415,Strategy
19267,Action
19267,Indie
20999,Adventure
21297,Casual
21297,Indie
37249,Action
37249,Strategy
37249,Casual
37249,Massively Multiplayer
37249,Puzzle
18549,Action
650650,Adventure
21539,RPG
21539,Strategy
59344,Action
59344,Shooter
370125,Action
370125,Adventure
60004,RPG
49537,Simulation
49537,Casual
49537,Indie
20400,RPG
20400,Casual
20400,Massively Multiplayer
20400,Indie
43444,Adventure
43444,RPG
43444,Strategy
43444,Simulation
43444,Casual
43444,Family
43444,Indie
427532,Racing
427532,Casual
427532,Indie
709170,Action
709170,Adventure
709170,Indie
245088,Adventure
245088,Casual
245088,Family
245088,Indie
19265,Simulation
19265,Casual
19265,Indie
53467,Action
53467,Adventure
16444,Action
16444,Strategy
16444,Simulation
16444,Casual
58613,Action
58613,RPG
16421,Sports
16421,Racing
18053,Adventure
18053,Casual
18053,Puzzle
1734,Action
1734,Adventure
1734,Strategy
1734,Indie
14692,Strategy
14692,Simulation
14692,Casual
14692,Indie
17153,Action
17153,Strategy
17153,Casual
17153,Indie
50711,Action
50711,Racing
261225,Action
261225,RPG
20266,Adventure
20266,Casual
20266,Indie
14031,RPG
14031,Simulation
19014,Casual
426098,Racing
426098,Massively Multiplayer
57215,Action
57215,Arcade
34818,Action
49122,Adventure
14842,Adventure
14842,Casual
14842,Indie
4019,Action
4019,Adventure
13162,Adventure
13162,Casual
13162,Educational
65041,Action
65041,Adventure
65041,Indie
57048,Action
57048,Arcade
379485,Racing
379485,Casual
379485,Indie
53406,Shooter
39964,Action
39964,Adventure
39964,Arcade
300819,Action
300819,Simulation
300819,Arcade
300819,Casual
300819,Massively Multiplayer
451578,Action
451578,Fighting
54742,Action
54742,Adventure
54742,RPG
502138,Strategy
502138,Card
502138,Indie
309761,RPG
309761,Strategy
309761,Board Games
309761,Indie
959748,Action
959748,Simulation
259811,Simulation
259811,Indie
28039,Action
28039,Adventure
20219,Action
20219,Casual
20219,Indie
428789,RPG
428789,Casual
23620,Action
23620,Adventure
23620,Indie
989580,Adventure
989580,Indie
19671,Adventure
19671,Indie
972167,Casual
972167,Indie
894601,Action
894601,Adventure
894601,RPG
894601,Strategy
894601,Massively Multiplayer
244847,Simulation
244847,Indie
19042,Action
19042,Adventure
19042,RPG
19042,Casual
19042,Massively Multiplayer
19042,Indie
1349,Adventure
14841,Adventure
14841,Casual
14841,Indie
18403,Action
18403,Adventure
18403,RPG
18403,Casual
18403,Indie
3521,Simulation
3521,Sports
3521,Racing
22423,Racing
9707,Strategy
9707,Massively Multiplayer
12102,Adventure
12102,Indie
5656,Action
5656,Adventure
5656,Platformer
14469,Adventure
14469,RPG
14469,Casual
14469,Indie
327246,Strategy
19013,Casual
17677,Racing
17677,Indie
11211,Action
11211,Adventure
11211,RPG
11211,Strategy
11211,Simulation
11211,Indie
15585,Adventure
15585,Casual
15585,Indie
581137,RPG
581137,Strategy
10712,Action
10712,Adventure
10712,Indie
13140,Adventure
13140,Indie
21210,Adventure
21210,Casual
57840,Fighting
10968,Action
10968,Indie
16443,RPG
16443,Strategy
20832,Strategy
20832,Indie
571756,Adventure
571756,Indie
571756,Puzzle
18225,Strategy
18225,Casual
18225,Massively Multiplayer
59041,Action
59041,Adventure
59041,Casual
59041,Indie
59041,Platformer
19473,Strategy
19473,Indie
22248,Action
22248,Strategy
22248,Indie
15957,Action
15957,Strategy
15957,Indie
16476,Simulation
18569,Action
18569,Adventure
18569,Indie
21222,Casual
21222,Indie
22316,Strategy
22316,Simulation
13879,Strategy
13879,Simulation
13879,Indie
12377,Action
12377,Adventure
12377,Indie
4474,Action
4474,Shooter
7612,Action
7612,Adventure
7612,Strategy
7612,Simulation
7612,Sports
7612,Racing
7612,Massively Multiplayer
20791,RPG
20791,Indie
484,Strategy
484,Simulation
484,Board Games
484,Educational
40314,Action
40314,Adventure
40314,Arcade
14071,Strategy
14071,Simulation
59667,Action
59667,Casual
59667,Indie
376898,Action
376898,Strategy
376898,Casual
376898,Indie
376898,Puzzle
710407,Action
710407,Adventure
710407,Indie
710407,Platformer
828,Adventure
828,RPG
681578,Strategy
971652,Adventure
971652,Casual
971652,Indie
10378,RPG
14817,Action
14817,Adventure
14817,RPG
14817,Strategy
14817,Simulation
14817,Indie
19392,Action
19392,Adventure
56053,RPG
56053,Strategy
10939,Action
10939,Indie
1001843,Action
1001843,Adventure
1001843,RPG
23052,Action
23052,RPG
13009,Action
13009,Adventure
13009,Indie
21606,Action
21606,Strategy
21606,Indie
673,Adventure
673,Casual
673,Indie
673,Puzzle
10944,Action
10944,Simulation
10944,Racing
10944,Indie
484505,Action
484505,Casual
484505,Family
484505,Puzzle
12745,Strategy
12745,Massively Multiplayer
12745,Indie
18056,Adventure
18056,Casual
18056,Puzzle
480743,Adventure
480743,Casual
480743,Platformer
668024,Action
668024,Adventure
668024,Platformer
47059,Action
47059,Arcade
47059,Casual
47059,Indie
63,Action
63,RPG
63,Strategy
63,Indie
15370,Adventure
15370,Indie
2079,Strategy
2079,Simulation
581085,Action
28215,Puzzle
60837,Action
60837,Adventure
60837,Massively Multiplayer
20882,Adventure
18170,Action
18170,Adventure
18170,Indie
29063,Sports
51492,Action
51492,Strategy
51492,Massively Multiplayer
11723,Action
11723,Adventure
11723,RPG
11723,Indie
833436,Adventure
833436,Simulation
833436,Casual
833436,Puzzle
53743,Action
24356,Sports
17113,Action
17113,Adventure
17113,Indie
24075,RPG
605,Action
605,Arcade
605,Casual
14976,Platformer
17646,Simulation
17311,Action
17311,Adventure
17311,Strategy
17311,Casual
17311,Indie
12753,Action
12753,Indie
19593,Racing
22746,Action
22746,Strategy
22746,Arcade
558975,Action
558975,Shooter
650635,Adventure
1056,Action
1056,Shooter
2736,Action
2736,Indie
912,Action
912,Adventure
912,Casual
912,Indie
19870,Strategy
19870,Casual
19870,Indie
19092,Casual
19092,Indie
10596,Action
10596,Strategy
10596,Indie
614,Simulation
614,Arcade
614,Casual
5343,Action
5343,Shooter
16892,Adventure
16892,Strategy
16892,Casual
311743,Action
311743,Adventure
311743,RPG
311743,Indie
10832,Action
10832,Arcade
10832,Indie
10832,Puzzle
59755,Adventure
59755,Indie
18580,Adventure
18580,Casual
53191,Action
53191,Platformer
3710,Action
3710,Shooter
3710,Arcade
12380,Action
12380,Adventure
12380,RPG
12380,Massively Multiplayer
816474,Action
816474,Adventure
816474,RPG
816474,Simulation
816474,Massively Multiplayer
513604,Action
15782,Adventure
15782,Indie
13355,Strategy
13355,Indie
20257,Adventure
20257,RPG
20257,Strategy
16586,Casual
16586,Educational
16586,Family
16586,Indie
16586,Puzzle
27973,Action
27973,Adventure
27973,Strategy
63739,Action
63739,Adventure
63739,Indie
14050,Strategy
14050,Board Games
14050,Casual
14050,Indie
622493,Action
622493,Arcade
61738,Action
61738,Strategy
61738,Indie
54987,Action
54987,Arcade
54987,Indie
54987,Platformer
27620,RPG
61248,Action
61248,Casual
4619,Action
4619,Arcade
4619,Casual
4619,Indie
19011,Adventure
19011,Arcade
19011,Casual
19011,Educational
19011,Family
27958,Strategy
15631,RPG
15631,Strategy
15631,Simulation
15631,Indie
4730,Action
4730,RPG
20306,Strategy
301536,Action
301536,Adventure
301536,RPG
301536,Strategy
44363,Action
44363,Shooter
44363,Adventure
44363,Arcade
44312,Adventure
44312,Indie
11111,Action
11111,RPG
11111,Indie
826856,Strategy
826856,Simulation
826856,Casual
826856,Indie
23388,Adventure
23388,Casual
23388,Indie
4970,Action
4970,Arcade
4970,Platformer
23460,Adventure
23460,Indie
22674,RPG
18178,Indie
45176,Sports
19030,Casual
9642,Action
9642,Adventure
9642,Casual
9642,Indie
64073,Adventure
64073,Indie
6609,Action
6609,Indie
353491,Adventure
353491,Strategy
353491,Indie
19591,Action
19591,Shooter
16768,Action
16768,Indie
60796,Action
60796,Adventure
60796,Indie
19706,Action
19706,Adventure
45812,Action
45812,Massively Multiplayer
45812,Indie
52035,Adventure
52035,Indie
13840,Action
13840,Adventure
13840,Indie
58515,Adventure
58515,RPG
58515,Strategy
58515,Board Games
58515,Card
58515,Indie
29100,Strategy
29100,Simulation
5405,Action
5405,Arcade
15210,Action
15210,Adventure
15210,RPG
15210,Casual
15210,Indie
21420,Simulation
380902,Action
380902,Shooter
380902,RPG
380902,Indie
10984,Action
10984,Adventure
10984,Strategy
10984,Simulation
10984,Indie
351027,Simulation
27965,Adventure
27965,RPG
20983,Racing
14028,Indie
50625,Action
50625,Adventure
50625,Indie
21353,Strategy
21353,Simulation
351787,Action
351787,Adventure
351787,Indie
21002,Action
21002,Adventure
21002,Strategy
21002,Casual
17089,Adventure
17089,RPG
17089,Indie
18691,Action
18691,Casual
18691,Indie
13412,Action
13412,Adventure
13412,RPG
13412,Simulation
13412,Massively Multiplayer
13412,Indie
13941,RPG
21605,Action
21605,Adventure
21605,Indie
5276,Action
5276,RPG
30411,Adventure
9443,Casual
9443,Indie
26090,Action
26090,Adventure
26090,RPG
13890,Casual
13890,Indie
493455,Strategy
493455,Indie
4266,Shooter
9905,Action
9905,Simulation
9905,Indie
35183,Action
10264,Adventure
10264,Simulation
10264,Indie
22866,Action
22866,RPG
44800,Action
44800,Strategy
44800,Simulation
44800,Indie
18552,Action
18552,Casual
18552,Indie
31321,Racing
31321,Arcade
559041,Action
559041,Adventure
559041,Indie
868095,Casual
868095,Indie
20823,Strategy
20823,Board Games
20823,Casual
20823,Family
23415,Simulation
23415,Casual
15783,Casual
15783,Indie
15749,Adventure
15749,Casual
15749,Indie
20252,Simulation
20252,Racing
15049,Adventure
15049,RPG
15049,Indie
507192,Action
4253,Strategy
9498,Action
9498,Casual
9498,Indie
18394,Adventure
18394,Indie
427484,RPG
427484,Simulation
427484,Casual
427484,Indie
23005,Adventure
19015,Casual
43857,Action
43857,Strategy
43857,Casual
43857,Indie
60327,Action
60327,Indie
8730,Action
8730,Adventure
8730,Casual
8730,Indie
49372,Strategy
49372,Casual
49372,Indie
23636,RPG
23636,Strategy
23636,Card
23636,Indie
17784,Strategy
17784,Indie
50569,Action
50569,Casual
50569,Indie
5352,Action
5352,Strategy
5352,Puzzle
23873,RPG
23873,Platformer
854488,Action
854488,Indie
44929,Simulation
44929,Indie
22020,Adventure
22020,Casual
22020,Indie
26563,Platformer
19890,Strategy
19890,Indie
44151,Action
44151,Casual
44151,Indie
11517,Adventure
11517,RPG
11517,Casual
11517,Indie
17133,Casual
894577,Action
894577,Indie
15450,Action
15450,Adventure
15450,Indie
430311,Action
430311,Adventure
430311,Indie
941,Action
18376,Action
18376,Adventure
18376,Indie
51066,Adventure
51066,RPG
51066,Indie
455517,Action
578226,RPG
61232,Action
61232,Casual
61232,Indie
3659,Adventure
586185,Action
586185,Adventure
455519,Action
455519,Adventure
455519,RPG
455519,Indie
523169,Adventure
523169,RPG
523169,Casual
523169,Family
523169,Indie
24916,Sports
38511,Action
38511,Shooter
38511,Adventure
635274,Adventure
635274,RPG
635274,Indie
914781,Simulation
914781,Sports
914781,Fighting
9927,Adventure
9927,Casual
9927,Indie
9624,Adventure
9624,Indie
440,Adventure
440,Indie
17960,Simulation
17960,Casual
17960,Indie
60632,Adventure
60632,Simulation
60632,Indie
46488,Adventure
46488,Casual
46488,Indie
11240,Adventure
11240,RPG
11240,Indie
17521,RPG
627623,Adventure
627623,Indie
783847,Indie
45163,Simulation
45163,Casual
45163,Indie
19017,Casual
282876,RPG
282876,Simulation
282876,Indie
839131,Adventure
839131,Indie
372687,Adventure
14693,Adventure
14693,Casual
14693,Indie
664964,Strategy
664964,Casual
664964,Indie
61190,Casual
61190,Indie
2134,Adventure
2134,RPG
10184,Simulation
10184,Casual
10184,Indie
45998,Casual
45998,Indie
60320,Adventure
60320,Indie
47366,Adventure
14828,Simulation
14828,Indie
17855,RPG
17855,Strategy
17855,Simulation
17855,Casual
17855,Indie
45106,RPG
45106,Indie
26005,Adventure
586123,Casual
586123,Indie
20381,Simulation
19024,Adventure
19024,Casual
19024,Educational
14778,Adventure
14778,Simulation
14778,Casual
14778,Indie
484917,RPG
484917,Casual
14783,Adventure
282931,RPG
282931,Casual
282931,Indie
13164,Adventure
13164,Casual
13164,Educational
12195,Adventure
12195,RPG
12195,Simulation
12195,Indie
45301,Adventure
45301,Casual
45301,Indie
14176,Indie
341613,Adventure
22311,Simulation
22311,Casual
22311,Indie
16818,RPG
16818,Simulation
16818,Casual
12519,Adventure
12519,RPG
12519,Strategy
12519,Casual
23565,Adventure
23565,RPG
23565,Strategy
23565,Simulation
13659,Adventure
13659,Casual
13659,Indie
45805,Adventure
45805,Casual
59840,Adventure
59840,Casual
59840,Indie
17390,Adventure
17390,Simulation
17390,Casual
17390,Indie
257205,RPG
257205,Strategy
10956,Adventure
10956,Indie
63214,Adventure
63214,Indie
14480,Simulation
427939,Indie
19033,Adventure
19033,Casual
485095,RPG
485095,Casual
15016,Casual
325020,Simulation
19022,Adventure
19022,Casual
19022,Educational
863783,Strategy
863783,Simulation
863783,Casual
863783,Indie
611683,Adventure
611683,RPG
611683,Indie
1438,Adventure
1438,Casual
1438,Indie
62407,Casual
13411,Simulation
13411,Indie
15982,Adventure
15982,RPG
15982,Indie
14840,Adventure
14840,Indie
17490,Adventure
17490,RPG
17490,Casual
17490,Indie
16603,Casual
557729,RPG
557729,Casual
3229,Adventure
15211,Casual
21022,Casual
513062,Simulation
513062,Casual
513062,Indie
49690,Casual
49690,Indie
21358,Adventure
21358,Simulation
21358,Casual
46927,Adventure
46927,Casual
46927,Indie
60392,Casual
60392,Indie
46562,Adventure
46562,RPG
46562,Indie
557754,Simulation
557754,Indie
64253,Simulation
64253,Indie
823666,Casual
823666,Indie
15000,Adventure
15000,Casual
15000,Indie
14642,Casual
14642,Indie
10329,Adventure
10329,Indie
46746,Adventure
46746,Casual
46746,Indie
46746,Puzzle
23393,Adventure
23393,Casual
23393,Indie
23393,Puzzle
46891,Adventure
46891,RPG
46891,Strategy
62101,Adventure
62101,RPG
62101,Indie
326260,Adventure
326260,Indie
743757,Adventure
743757,Casual
743757,Indie
19632,RPG
19632,Indie
46429,Adventure
46429,RPG
46429,Strategy
46429,Simulation
3720,RPG
844428,Casual
844428,Indie
13708,Simulation
18819,Simulation
18819,Casual
18819,Indie
288591,Adventure
62067,Adventure
62067,Casual
62067,Indie
9725,Adventure
709077,RPG
709077,Simulation
709077,Indie
428052,Adventure
428052,Simulation
428052,Casual
21441,Adventure
21441,Casual
21441,Indie
20346,Adventure
20346,Indie
397507,Adventure
397507,RPG
427695,Adventure
64522,Casual
64522,Indie
960085,Adventure
960085,Indie
18565,Adventure
18565,Indie
638706,RPG
638706,Strategy
638706,Simulation
638706,Casual
638706,Indie
46558,Adventure
46558,Indie
64630,Adventure
16516,Adventure
16516,Casual
763330,Adventure
763330,Indie
722684,Adventure
722684,Simulation
901611,Indie
712559,Casual
302873,RPG
302873,Simulation
302873,Casual
695861,Adventure
18020,Adventure
18020,Casual
18020,Indie
16602,Simulation
16602,Indie
491628,Adventure
491628,Simulation
491628,Indie
484571,Adventure
300764,Simulation
17393,Adventure
17393,RPG
17393,Simulation
17393,Casual
17393,Indie
63070,Simulation
63070,Indie
63070,Puzzle
18488,Adventure
18488,Indie
14848,Adventure
14848,Casual
14848,Indie
15973,Simulation
15973,Indie
21331,Adventure
21331,Casual
21331,Indie
965406,Adventure
12456,Casual
12456,Indie
60348,Indie
60353,Adventure
60353,Simulation
412977,Adventure
412977,Casual
412977,Indie
17060,Adventure
17060,RPG
17060,Casual
17060,Indie
20067,Casual
349960,Adventure
349960,RPG
349960,Indie
2510,RPG
376949,Simulation
11422,Adventure
11422,Strategy
11422,Simulation
11422,Casual
11422,Indie
18576,Casual
427483,Simulation
15482,Simulation
15482,Indie
20788,Adventure
20788,RPG
20788,Casual
20788,Indie
15100,Simulation
15100,Indie
15669,Adventure
59761,RPG
783821,Adventure
783821,RPG
783821,Casual
251503,Simulation
251503,Casual
44479,Strategy
44479,Casual
44479,Indie
16026,Adventure
266225,Adventure
16606,Adventure
16606,Simulation
16606,Casual
59745,Adventure
59745,RPG
59745,Indie
60816,Casual
60816,Indie
43856,Adventure
43856,Simulation
43856,Indie
44693,Adventure
44693,RPG
44693,Indie
684926,Simulation
823592,Simulation
823592,Casual
18211,Casual
18211,Indie
16806,Adventure
16806,Simulation
16806,Casual
16806,Indie
60250,Adventure
60250,Casual
60250,Indie
1273,Adventure
1273,RPG
1273,Strategy
646324,Adventure
646324,Simulation
646324,Indie
18466,RPG
18466,Casual
18466,Indie
18466,Puzzle
62004,Adventure
62004,Casual
62004,Indie
840855,RPG
840855,Simulation
840855,Card
840855,Indie
383633,RPG
383633,Massively Multiplayer
548033,Adventure
3115,Adventure
3115,Casual
49347,Adventure
49347,Indie
293455,RPG
21131,Adventure
21131,Casual
21131,Indie
10983,Adventure
10983,Indie
3438,RPG
3438,Strategy
12739,Adventure
11638,Adventure
11638,Casual
11638,Indie
350692,Simulation
350692,Indie
484530,Adventure
484530,Simulation
61409,Adventure
61409,RPG
61409,Indie
21183,Casual
21183,Indie
702397,Adventure
45179,RPG
45179,Indie
64482,Simulation
64482,Indie
430252,Adventure
430252,RPG
430252,Indie
349536,RPG
349536,Casual
14756,Adventure
14756,RPG
14756,Indie
47124,Casual
15626,Adventure
333100,Arcade
333100,Casual
20586,Indie
505873,Adventure
505873,RPG
505873,Simulation
505873,Casual
425206,Adventure
425206,RPG
425206,Strategy
425206,Simulation
717030,Adventure
717030,Casual
838141,Strategy
319152,Adventure
319152,RPG
319152,Casual
319152,Indie
23441,Adventure
23441,Casual
23441,Indie
62023,Adventure
62023,Simulation
62023,Indie
22347,Adventure
22347,Casual
22347,Indie
51104,Simulation
46290,Simulation
20258,Simulation
20258,Casual
20258,Indie
430246,Casual
430246,Indie
640227,Casual
640227,Indie
14479,Adventure
14479,Simulation
14479,Casual
14479,Indie
641710,Casual
21043,Adventure
21043,Casual
21043,Indie
62470,Adventure
62470,Casual
62470,Puzzle
326308,RPG
326308,Casual
326308,Indie
20665,Simulation
20665,Indie
395968,Adventure
395968,RPG
60087,Casual
60104,Adventure
60104,Simulation
60104,Indie
295024,Casual
295024,Indie
19383,Adventure
19383,Indie
491934,RPG
13141,Adventure
13141,Indie
328005,Adventure
328005,RPG
10464,Adventure
10464,Indie
44278,Adventure
44278,RPG
44278,Indie
60280,Adventure
60280,RPG
60280,Strategy
60280,Simulation
60280,Casual
60903,Adventure
60903,Simulation
60903,Indie
59764,Adventure
59764,RPG
59764,Indie
20444,RPG
20444,Simulation
20444,Casual
20444,Indie
257281,Adventure
322382,Adventure
322382,Indie
62527,Adventure
1085,Adventure
1085,Indie
10066,Simulation
10066,Indie
894556,RPG
894556,Casual
309765,Casual
309765,Indie
462678,Adventure
462678,Indie
62510,Adventure
62510,Simulation
62510,Casual
301603,Adventure
17389,Adventure
17389,Simulation
17389,Casual
15313,Adventure
15313,Casual
15313,Indie
18814,Adventure
18814,Simulation
702376,Simulation
702376,Casual
702376,Indie
62532,Adventure
62532,Simulation
62532,Casual
498007,Adventure
498007,RPG
498007,Casual
498007,Indie
50056,Adventure
50056,Simulation
50056,Casual
46412,RPG
10620,Adventure
10620,RPG
10620,Casual
10620,Indie
64389,Casual
64389,Indie
16089,Adventure
16089,RPG
16089,Casual
16089,Indie
21686,Adventure
21686,Simulation
21686,Casual
21686,Indie
973376,Adventure
973376,Indie
973315,Simulation
973315,Indie
4009,Adventure
4009,RPG
4009,Strategy
47577,Adventure
47577,Indie
11456,Adventure
11456,RPG
11456,Simulation
11456,Casual
11456,Indie
264671,Adventure
743709,Casual
490697,Simulation
21806,Adventure
374563,Casual
374563,Indie
955681,Strategy
955681,Simulation
955681,Casual
17692,Adventure
17692,Casual
17692,Indie
62893,RPG
62893,Casual
62893,Indie
22115,Adventure
22115,Indie
43774,Adventure
14665,Adventure
968087,Adventure
968087,Indie
20393,Casual
52072,Simulation
20160,Indie
15401,RPG
15401,Strategy
15401,Indie
11479,Adventure
11479,Casual
11479,Indie
469008,RPG
469008,Simulation
469008,Casual
316895,Adventure
316895,RPG
316895,Indie
60276,Simulation
60531,Simulation
60531,Casual
681502,Adventure
681502,RPG
19809,Adventure
19809,Indie
492253,Simulation
16470,Adventure
16470,Simulation
16470,Casual
46738,Strategy
46738,Board Games
46738,Indie
20682,RPG
20682,Casual
20682,Indie
650755,Adventure
427935,RPG
427935,Simulation
427935,Casual
427935,Indie
641750,Adventure
45781,Casual
45781,Indie
347512,Adventure
347512,RPG
347512,Simulation
10060,Adventure
10060,Simulation
638767,Adventure
638767,Indie
724096,Adventure
724096,Casual
724096,Indie
724096,Platformer
63348,Adventure
63348,RPG
63348,Strategy
63348,Casual
63348,Indie
854494,Adventure
854494,Indie
854494,Puzzle
50910,Casual
50910,Indie
335630,Adventure
62209,Adventure
62209,Indie
20155,Adventure
20155,Indie
681543,Casual
681543,Indie
20280,Adventure
20280,Simulation
20280,Casual
20280,Indie
615478,Adventure
615478,Casual
615478,Indie
17271,Adventure
17271,Casual
17271,Indie
46996,Strategy
46996,Simulation
46996,Indie
16513,Adventure
16513,Casual
16513,Indie
3691,Adventure
3691,RPG
3691,Strategy
10977,Adventure
10977,Indie
10977,Puzzle
10353,Adventure
10353,RPG
10353,Strategy
10353,Simulation
10353,Casual
10353,Indie
400,Strategy
400,Simulation
400,Arcade
400,Casual
400,Indie
566446,Adventure
566446,Casual
566446,Indie
10850,RPG
10850,Strategy
10850,Indie
288781,Adventure
288781,Strategy
288781,Simulation
288781,Indie
3299,RPG
11519,Simulation
11519,Casual
11519,Indie
19127,RPG
19127,Strategy
19127,Indie
4134,Adventure
44964,Adventure
44964,Casual
17406,RPG
17406,Casual
17406,Indie
952107,Adventure
22224,Adventure
22224,RPG
22224,Indie
22074,Adventure
22074,Casual
22074,Indie
692687,Adventure
692687,Simulation
692687,Casual
692687,Indie
298439,Simulation
298439,Indie
19776,Adventure
23345,Adventure
838307,Casual
684945,Adventure
684945,Casual
684945,Indie
47412,RPG
47412,Indie
17008,Adventure
17008,Casual
17008,Indie
490938,Simulation
490938,Casual
490938,Indie
17150,Adventure
10210,Adventure
10210,Casual
566445,Adventure
566445,RPG
13676,Simulation
13676,Casual
13676,Indie
484497,Adventure
44730,Adventure
44730,Simulation
44730,Casual
44730,Indie
52345,Adventure
257386,Casual
257386,Indie
681510,Casual
681510,Indie
688900,RPG
688900,Indie
15189,Adventure
15189,Casual
15189,Indie
13004,Adventure
13004,Indie
490436,Simulation
490436,Casual
490436,Indie
19335,Adventure
19335,RPG
19335,Indie
49374,Adventure
49374,RPG
49374,Strategy
49374,Casual
49374,Indie
14234,Casual
14234,Indie
428287,Simulation
428287,Casual
428287,Indie
301629,Adventure
938007,Adventure
938007,RPG
938007,Simulation
938007,Casual
459262,RPG
459262,Indie
721055,RPG
721055,Simulation
721055,Indie
22380,Adventure
22380,Casual
22380,Indie
46926,Adventure
46926,RPG
46926,Indie
22244,Adventure
22244,Casual
22244,Indie
702304,Adventure
684910,Adventure
15880,Simulation
15880,Casual
46565,Adventure
46565,Casual
484878,Adventure
484878,Casual
18071,Adventure
18071,Casual
428202,Adventure
44796,Adventure
44796,RPG
44796,Casual
44796,Indie
301526,Adventure
301526,Indie
301526,Puzzle
807062,RPG
807062,Strategy
807062,Simulation
807062,Casual
807062,Indie
19931,Casual
743429,RPG
365138,Adventure
505799,Adventure
59746,RPG
59746,Simulation
59746,Indie
221568,Adventure
221568,Simulation
22594,Adventure
22594,Simulation
22594,Casual
16333,Adventure
692596,RPG
61104,Casual
61104,Indie
10267,Adventure
10267,Casual
10267,Indie
16807,Adventure
16807,Simulation
16807,Casual
16807,Indie
576516,RPG
452644,Adventure
452644,Indie
566555,RPG
51953,Adventure
51953,RPG
51953,Indie
60828,Adventure
60828,Casual
60828,Indie
528766,Adventure
962076,Casual
962076,Indie
11521,Simulation
11521,Casual
11521,Indie
17306,Adventure
17306,Indie
586172,Adventure
586172,RPG
586172,Simulation
586172,Indie
49802,RPG
49802,Simulation
49802,Indie
649064,Adventure
911506,Adventure
911506,RPG
911506,Casual
911506,Indie
17362,Adventure
17362,Simulation
17362,Casual
11963,Simulation
11963,Casual
11963,Indie
29264,Adventure
29264,RPG
29264,Indie
59744,Adventure
59744,Indie
13360,Simulation
13360,Casual
13360,Indie
481892,Adventure
481892,Strategy
481892,Simulation
349268,Adventure
349268,Casual
76165,Adventure
76165,RPG
76165,Simulation
76165,Casual
76165,Indie
13123,Adventure
13123,Casual
13123,Indie
384524,Adventure
384524,Casual
384524,Indie
21990,Simulation
21990,Casual
21990,Indie
881160,Simulation
881160,Casual
102567,Adventure
102567,Casual
102567,Indie
47367,Casual
47367,Indie
308168,Adventure
308168,RPG
308168,Strategy
308168,Simulation
308168,Casual
972166,Adventure
974481,RPG
974481,Strategy
430379,Adventure
428228,Casual
18983,Simulation
18983,Casual
18983,Indie
62100,Simulation
62100,Casual
62100,Indie
23736,Indie
963608,Adventure
963608,RPG
963608,Strategy
963608,Massively Multiplayer
12168,Adventure
12168,RPG
12168,Indie
427477,Simulation
427477,Indie
428169,Adventure
428169,Simulation
428169,Casual
380790,Simulation
20134,Indie
765031,Adventure
765031,Casual
765031,Indie
518658,Casual
518658,Indie
16251,Adventure
16251,RPG
16251,Indie
17673,Adventure
17673,Simulation
17673,Indie
14839,Casual
14839,Indie
13452,Adventure
13452,Indie
47506,RPG
51279,Simulation
51279,Casual
51279,Indie
14502,Simulation
14502,Casual
14502,Indie
14762,Adventure
14762,Casual
14762,Indie
917796,Casual
917796,Indie
729286,Adventure
729286,RPG
566567,Simulation
826804,RPG
826804,Simulation
826804,Casual
826804,Indie
11509,Indie
7649,Adventure
7649,Casual
7649,Indie
962320,RPG
962320,Simulation
962320,Casual
830219,Casual
795414,Adventure
795414,Casual
795414,Indie
349986,Adventure
349986,Casual
13594,Simulation
13594,Casual
15978,Adventure
15978,Indie
14887,Adventure
14887,Casual
14887,Indie
16610,Indie
789960,Adventure
22200,Adventure
22200,Simulation
22200,Casual
22200,Indie
375254,Adventure
375254,RPG
375254,Casual
375254,Indie
850691,Adventure
850691,RPG
850691,Simulation
850691,Casual
11388,Adventure
11388,Simulation
11388,Casual
11388,Indie
10494,Simulation
10062,Adventure
18473,Indie
13174,RPG
13174,Simulation
13174,Casual
17388,RPG
17388,Simulation
17388,Casual
17388,Indie
651165,RPG
651165,Simulation
651165,Casual
651165,Indie
553044,Adventure
553044,Casual
553044,Indie
46460,Adventure
46460,Casual
416405,Adventure
416405,RPG
416405,Indie
416405,Puzzle
613503,Adventure
613503,Casual
613503,Indie
542668,RPG
542668,Strategy
542668,Casual
1000286,Adventure
1000286,Simulation
1000286,Casual
961651,Adventure
961651,Strategy
961651,Casual
961651,Indie
688894,RPG
688894,Simulation
688894,Casual
688894,Indie
830139,Adventure
49047,Adventure
49047,Simulation
49047,Casual
16518,Adventure
16518,Casual
20185,Casual
20185,Indie
405280,RPG
405280,Strategy
405280,Card
18406,Adventure
18406,Casual
292854,Adventure
292854,Casual
292854,Indie
60162,Casual
60162,Indie
743569,Casual
364814,Adventure
364814,Indie
61855,Simulation
61855,Casual
61855,Indie
44930,Casual
12167,Adventure
12167,Casual
12167,Indie
332203,Adventure
332203,RPG
18412,Adventure
18412,Casual
18412,Indie
23261,Adventure
632022,Adventure
632022,Casual
632022,Indie
704783,Adventure
704783,Strategy
704783,Simulation
704783,Platformer
11351,RPG
11351,Strategy
11351,Simulation
11351,Indie
364809,Adventure
17511,RPG
17511,Simulation
17511,Indie
16329,Adventure
60417,Adventure
22240,Adventure
22349,Casual
22349,Indie
21072,Casual
21072,Indie
15876,Simulation
15876,Indie
14920,RPG
14920,Strategy
14920,Simulation
14920,Indie
13399,Simulation
589151,Adventure
589151,Simulation
589151,Indie
15388,Adventure
15388,Casual
15388,Indie
64252,Adventure
64252,Indie
791637,Adventure
791637,RPG
791637,Simulation
14888,Adventure
14888,Indie
428353,Adventure
428353,Indie
326782,Simulation
14295,Adventure
14295,Simulation
14295,Indie
972458,Adventure
63592,Casual
63592,Indie
576502,Adventure
576502,Indie
311674,Adventure
311674,Indie
428007,Adventure
428007,Casual
428007,Indie
625752,RPG
625752,Simulation
625752,Indie
17264,Adventure
17264,Casual
17264,Indie
16810,Adventure
16810,Simulation
16810,Casual
16810,Indie
60129,Adventure
60129,Indie
15501,RPG
15501,Simulation
15501,Casual
15501,Indie
964419,Adventure
964419,RPG
964419,Casual
422202,Casual
422202,Indie
44263,Adventure
44263,Indie
50438,Casual
50438,Indie
12253,Indie
44834,Simulation
44834,Casual
44834,Indie
505829,Adventure
505829,Indie
505829,Puzzle
13287,Adventure
13287,Casual
13287,Indie
571691,Adventure
571691,Indie
944944,Casual
62498,Adventure
62498,Casual
15013,Adventure
15013,Indie
58745,Indie
321317,Adventure
16530,Adventure
16530,RPG
16530,Strategy
16530,Simulation
16530,Casual
46252,Strategy
46252,Simulation
46252,Casual
46252,Indie
428767,Adventure
428767,Casual
325021,Casual
325021,Indie
711056,Simulation
664878,RPG
664878,Simulation
664878,Casual
795517,Adventure
18227,Adventure
18227,Casual
18227,Indie
427844,Adventure
427844,RPG
427844,Casual
427844,Indie
14918,Racing
14918,Casual
14918,Indie
44963,Adventure
44963,Indie
2479,Adventure
2479,RPG
3683,RPG
513069,Adventure
513069,Casual
513069,Puzzle
12235,Simulation
12235,Casual
12235,Indie
13060,Adventure
923079,Simulation
923079,Casual
43955,Adventure
542605,Simulation
259846,Casual
259846,Indie
309871,Strategy
309871,Simulation
309871,Indie
62435,Casual
441762,RPG
441762,Simulation
838087,Casual
717427,Casual
717427,Indie
725846,Adventure
725846,RPG
725846,Simulation
61005,Strategy
61005,Casual
61005,Indie
51156,Casual
62181,Casual
62181,Indie
18736,Casual
430295,Adventure
430295,RPG
430295,Strategy
430295,Simulation
430295,Casual
430295,Indie
15596,Adventure
15596,Simulation
60283,Casual
60283,Indie
49019,Casual
49019,Indie
18556,Simulation
18556,Indie
484914,Casual
635225,RPG
635225,Strategy
635225,Simulation
787599,Adventure
787599,RPG
530559,Adventure
530559,Simulation
530559,Casual
530559,Indie
15584,Adventure
15584,Casual
15584,Indie
542677,Adventure
542677,RPG
542677,Strategy
542677,Indie
47414,Casual
47414,Indie
919754,Indie
23235,Adventure
23235,RPG
23235,Strategy
23235,Simulation
23235,Casual
23235,Indie
10287,Adventure
10287,Casual
10287,Indie
10465,RPG
10465,Simulation
10465,Indie
20279,Indie
428269,Adventure
428269,RPG
428269,Indie
961114,Adventure
961114,Indie
826882,Adventure
826882,Casual
826882,Indie
589126,Simulation
838131,Strategy
304193,Arcade
304193,Casual
16624,Adventure
16624,Casual
10111,Adventure
10111,RPG
10111,Strategy
10111,Simulation
10111,Casual
10111,Indie
484800,Adventure
484800,Casual
59588,Adventure
59588,Simulation
12265,Adventure
12265,Indie
412047,RPG
412047,Simulation
412047,Indie
44062,Adventure
44062,Simulation
44062,Indie
19892,Adventure
19892,Indie
366853,Adventure
366853,Simulation
366853,Indie
560770,RPG
560770,Strategy
560770,Simulation
560770,Indie
349392,Adventure
349392,Simulation
349392,Indie
349346,Indie
393542,Adventure
393542,RPG
393542,Simulation
393542,Casual
393542,Indie
14777,Adventure
14777,Simulation
14777,Casual
14777,Indie
17134,Adventure
17134,Indie
364926,Indie
60093,Adventure
60093,RPG
60093,Indie
973891,RPG
711052,Adventure
711052,Casual
711052,Indie
975753,Adventure
697498,Adventure
697498,Simulation
697498,Casual
697498,Indie
709133,RPG
709133,Strategy
709133,Simulation
16028,Adventure
16028,Casual
16028,Indie
743770,Adventure
616732,Adventure
616732,Casual
616732,Indie
14098,Indie
43409,Adventure
43409,Simulation
43409,Indie
16520,Indie
60166,Adventure
60166,RPG
60166,Indie
63677,Adventure
63677,Casual
63677,Indie
303590,Adventure
428955,Adventure
428955,Casual
428955,Indie
764958,Simulation
874435,Adventure
484509,Adventure
484509,Strategy
49043,Adventure
49043,Indie
60127,Casual
60127,Indie
599014,Adventure
599014,Simulation
599014,Casual
599014,Indie
638780,Adventure
638780,RPG
638780,Casual
638780,Indie
321292,Casual
321292,Indie
28097,Adventure
28097,Indie
28097,Puzzle
11840,Adventure
11840,Casual
11840,Indie
960400,Adventure
960400,Simulation
960400,Casual
960400,Indie
769380,Adventure
769380,Casual
769380,Indie
14395,Adventure
14395,Casual
14395,Indie
581181,Adventure
581181,RPG
581181,Simulation
581181,Casual
581181,Indie
12842,Adventure
635239,Simulation
635239,Casual
635239,Indie
251838,Adventure
251838,Casual
13084,Adventure
13084,Casual
62968,Simulation
62968,Indie
916470,Adventure
916470,RPG
916470,Simulation
916470,Casual
916470,Card
916470,Indie
21194,Casual
21194,Indie
49165,Adventure
49165,Strategy
49165,Simulation
49165,Casual
50987,Adventure
50987,Strategy
50987,Simulation
50987,Casual
50987,Indie
907436,Adventure
907436,RPG
288680,Simulation
288680,Casual
727404,Casual
427436,Adventure
427436,Simulation
427436,Puzzle
586055,Adventure
586055,Casual
586055,Indie
586055,Puzzle
495622,Adventure
495622,RPG
495622,Indie
641725,Simulation
46221,Adventure
46221,Simulation
46221,Indie
945036,Adventure
945036,Indie
976306,Adventure
976306,Casual
976306,Indie
485160,Adventure
485160,RPG
485160,Strategy
485160,Casual
485160,Indie
244760,Simulation
641820,Simulation
641820,Casual
678605,RPG
678605,Simulation
678605,Casual
836456,Adventure
836456,Indie
306143,Adventure
59015,Adventure
51255,Adventure
51255,Casual
51255,Indie
428853,Strategy
428853,Simulation
507165,Adventure
507165,Casual
507165,Indie
500619,RPG
500619,Casual
500619,Indie
10911,Simulation
10911,Casual
10911,Indie
969652,Simulation
969652,Casual
969652,Indie
576475,Adventure
576475,RPG
576475,Indie
816357,Adventure
816357,Indie
743461,Adventure
743461,RPG
743461,Strategy
743461,Indie
938001,Simulation
807126,Adventure
807126,Indie
722632,RPG
722632,Strategy
722632,Indie
490600,Adventure
490600,Casual
490600,Indie
427489,Adventure
427489,Indie
651121,Adventure
651121,Simulation
651121,Casual
651121,Indie
114320,Adventure
114320,Indie
16365,Simulation
16365,Indie
736200,Strategy
736200,Simulation
736200,Casual
736200,Indie
816394,Simulation
970016,Adventure
695844,Simulation
15558,Adventure
15558,Simulation
15558,Casual
444960,Indie
505820,RPG
505820,Casual
62397,Casual
427692,Adventure
427692,RPG
427692,Indie
392391,Shooter
392391,Indie
321340,Adventure
879566,Adventure
879566,Simulation
879566,Casual
879566,Indie
21995,Adventure
21995,Casual
60185,Strategy
60185,Indie
11408,Adventure
16512,Casual
16512,Indie
10599,Adventure
10599,Simulation
10599,Casual
18174,Adventure
18174,Indie
602333,Simulation
602333,Casual
602333,Indie
968985,Simulation
968985,Sports
17240,Simulation
17240,Casual
17240,Indie
9855,Adventure
9855,Indie
738133,RPG
738133,Simulation
738133,Indie
627513,Casual
62562,RPG
62562,Massively Multiplayer
62562,Indie
677171,Adventure
677171,Casual
677171,Indie
976135,Adventure
976135,RPG
976135,Simulation
490639,Adventure
490639,Casual
490639,Indie
64572,Adventure
64572,Indie
649057,Simulation
649057,Casual
669366,Indie
49599,Adventure
49599,Racing
49599,Indie
22310,Adventure
22310,Casual
22310,Indie
16022,Adventure
15451,Adventure
15451,Casual
428923,RPG
428923,Strategy
428923,Casual
428923,Indie
383626,Adventure
383626,RPG
383626,Strategy
383626,Simulation
383626,Indie
59881,Adventure
59881,Simulation
59881,Indie
678537,RPG
678537,Simulation
678537,Casual
678537,Indie
490961,Simulation
14775,Indie
868139,Adventure
868139,RPG
12645,Adventure
12645,Indie
961932,Adventure
961932,Simulation
615081,RPG
615081,Simulation
615081,Casual
615081,Indie
624392,Adventure
624392,Simulation
624392,Casual
62528,Adventure
62528,Simulation
62528,Casual
62528,Indie
46748,Casual
46748,Indie
244890,RPG
722667,Adventure
722667,Indie
554727,Adventure
554727,Casual
586148,RPG
45118,Adventure
45118,RPG
45118,Indie
19273,Adventure
19273,RPG
19273,Simulation
19273,Casual
19273,Indie
13751,Adventure
13751,Casual
13751,Indie
871254,Casual
59808,Adventure
59808,Casual
59808,Indie
15109,Adventure
15109,Simulation
15109,Casual
576501,Adventure
576501,Indie
17571,Adventure
17571,Indie
12096,Adventure
12096,Casual
12096,Indie
60094,Casual
60094,Indie
35822,Adventure
35822,RPG
35822,Casual
35822,Indie
45733,RPG
353479,Adventure
353479,RPG
353479,Casual
353479,Indie
708993,RPG
554726,Adventure
554726,Casual
285725,RPG
285725,Indie
554728,Adventure
554728,Casual
530526,Casual
530526,Indie
836548,Casual
295120,Adventure
295120,Casual
428752,Strategy
428752,Indie
4557,RPG
11125,Adventure
11125,Casual
44157,Adventure
44157,RPG
44157,Simulation
44157,Casual
44157,Indie
650985,Adventure
650985,Casual
650985,Indie
598889,Adventure
598889,Simulation
598889,Casual
598889,Indie
14596,Adventure
14596,Casual
14596,Indie
59756,Casual
59756,Indie
530533,Adventure
530533,Simulation
530533,Casual
530533,Indie
13663,Adventure
13663,RPG
13663,Simulation
13663,Indie
49967,Adventure
49967,Casual
49967,Indie
720989,Simulation
961963,Adventure
961963,Casual
752178,Adventure
752178,Simulation
44163,Adventure
44163,Simulation
44163,Casual
60105,Casual
60105,Indie
534193,Adventure
534193,Casual
17791,Adventure
17791,Indie
20195,Casual
20195,Indie
968821,RPG
13075,Adventure
13075,Casual
13075,Indie
12985,Simulation
12985,Indie
16079,Adventure
16079,Indie
694456,Adventure
694456,RPG
694456,Strategy
694456,Casual
10026,RPG
10026,Indie
554725,Adventure
554725,Casual
939308,RPG
939308,Simulation
939308,Casual
939308,Indie
896616,Casual
13718,Adventure
13718,Casual
13718,Indie
484930,RPG
484930,Simulation
484930,Casual
484930,Indie
926729,Adventure
14744,Adventure
14744,Indie
50916,Adventure
50916,Indie
277514,Adventure
277514,Indie
12734,Adventure
12734,Casual
12734,Indie
12196,Casual
12196,Indie
15278,Adventure
15278,Casual
15278,Indie
674311,Adventure
674311,Indie
372586,Adventure
372586,RPG
372586,Simulation
372586,Indie
333435,Adventure
19147,Strategy
19147,Simulation
19147,Casual
534174,Strategy
534174,Casual
534174,Indie
570093,Simulation
570093,Casual
570093,Indie
46500,Adventure
46500,Casual
46500,Indie
46953,Indie
16331,Adventure
44318,Indie
18537,Adventure
18537,Casual
18537,Indie
47443,RPG
47443,Strategy
47443,Indie
51892,RPG
51892,Casual
51892,Indie
934466,Casual
934466,Indie
532492,Casual
532492,Indie
861402,RPG
861402,Simulation
861402,Casual
861402,Indie
838238,Casual
785778,Adventure
785778,Board Games
60589,Indie
21997,Adventure
21997,Casual
427678,Adventure
427678,Casual
973865,RPG
973865,Indie
48974,Adventure
48974,Indie
59216,RPG
505855,Adventure
505855,Indie
505855,Puzzle
722646,Indie
427597,Adventure
427597,RPG
427597,Strategy
427597,Casual
779876,RPG
779876,Indie
971242,Simulation
15332,Adventure
15332,Casual
15332,Indie
10675,Adventure
10675,Casual
292874,Adventure
292874,Casual
292874,Indie
236848,Adventure
694383,Adventure
694383,Simulation
694383,Indie
732415,Adventure
732415,Casual
732415,Indie
528660,Adventure
528660,Casual
473534,Adventure
473534,Casual
427833,Adventure
427871,RPG
427871,Strategy
427871,Simulation
427871,Indie
402512,Simulation
402512,Casual
857644,Adventure
857644,RPG
857644,Strategy
857644,Simulation
857644,Casual
857644,Indie
22279,Indie
44605,Adventure
44605,Simulation
44605,Indie
968155,RPG
968155,Indie
428743,Adventure
428743,RPG
428743,Simulation
428743,Casual
428743,Indie
313848,Adventure
313848,Simulation
313848,Indie
387335,RPG
387335,Simulation
387335,Indie
18390,Adventure
16874,RPG
16874,Indie
18505,Adventure
14838,Adventure
14838,Casual
14838,Indie
43870,Adventure
43870,Indie
63007,Casual
965869,Adventure
965869,Indie
980945,Adventure
980945,RPG
980945,Simulation
491014,Adventure
491014,Casual
491014,Indie
907337,Adventure
907337,RPG
907337,Indie
791702,Adventure
521734,Adventure
521734,RPG
521734,Indie
505814,RPG
505814,Simulation
798447,Adventure
798447,Casual
798447,Indie
650766,RPG
650766,Casual
11777,Strategy
16339,Adventure
49883,Adventure
49883,Indie
586066,Casual
586150,RPG
975381,Adventure
975381,Indie
1779,Adventure
1779,Strategy
1779,Simulation
1779,Casual
1779,Indie
10323,Adventure
10323,Casual
10323,Indie
351201,Adventure
351201,Indie
974923,Adventure
974923,RPG
974923,Simulation
974923,Casual
484553,Adventure
484553,Casual
484553,Indie
22053,Simulation
22053,Casual
60015,Adventure
60015,Casual
60015,Indie
17748,Adventure
17748,Casual
17748,Indie
975385,Adventure
975385,Indie
823656,Adventure
823656,Casual
61124,Simulation
61124,Indie
13510,Adventure
13510,Simulation
13510,Casual
13510,Indie
14721,Adventure
962103,Adventure
962103,Simulation
962103,Casual
962103,Indie
980010,RPG
980010,Simulation
980010,Casual
980010,Massively Multiplayer
725783,Adventure
725783,Simulation
725783,Casual
725783,Indie
743538,Adventure
743538,RPG
743538,Indie
774688,RPG
774688,Simulation
774688,Casual
774688,Indie
992264,RPG
992264,Casual
540023,Casual
540023,Indie
333033,Adventure
333033,RPG
333033,Strategy
333033,Simulation
333033,Casual
284757,Adventure
284757,Casual
426107,Adventure
426107,Indie
426107,Puzzle
297251,Adventure
297251,RPG
674198,Adventure
674198,Casual
674198,Indie
13406,Strategy
10918,Adventure
10918,Casual
10918,Indie
13215,Adventure
13215,Casual
13215,Indie
739697,Adventure
739697,Casual
739697,Indie
787716,Adventure
881265,Strategy
881265,Simulation
968718,Adventure
968718,RPG
938150,Adventure
938150,Indie
517377,Indie
698993,Adventure
698993,RPG
698993,Indie
678696,RPG
697513,Simulation
697513,Casual
428252,Strategy
428252,Casual
428252,Indie
591042,Adventure
591042,Indie
987402,RPG
987402,Casual
51533,Adventure
51533,Indie
62992,Adventure
62992,Simulation
62992,Casual
62992,Indie
265332,Adventure
300700,Casual
300700,Indie
14425,Adventure
14425,Casual
14425,Indie
557755,Casual
557755,Indie
428090,RPG
428090,Indie
364810,Adventure
364810,RPG
61126,Casual
61126,Indie
45679,Adventure
961349,Simulation
961349,Casual
961349,Indie
997619,RPG
997619,Strategy
961979,Adventure
961979,Simulation
961979,Casual
961979,Indie
904408,Adventure
904408,Simulation
904408,Casual
904408,Indie
51054,Adventure
51054,RPG
51054,Indie
857743,Adventure
857743,Indie
13927,RPG
13927,Casual
15407,Simulation
46782,Adventure
46782,Casual
46782,Indie
379524,Adventure
738074,Simulation
738074,Casual
738074,Indie
685038,Adventure
685038,Casual
685038,Indie
667728,Adventure
667728,Indie
967889,Adventure
967889,RPG
967889,Strategy
967889,Simulation
967889,Indie
743424,Adventure
743424,Platformer
586152,RPG
743683,Adventure
651180,Strategy
651180,Casual
651180,Indie
44023,Adventure
44023,Simulation
18072,Adventure
18072,Casual
16809,Adventure
16809,Simulation
16809,Casual
16809,Indie
64009,Indie
372654,Casual
14484,Adventure
622529,Strategy
484712,Adventure
563296,Adventure
563296,Casual
563296,Indie
743647,RPG
743647,Simulation
743647,Casual
743647,Indie
971598,Casual
971598,Indie
975056,Simulation
975056,Casual
975056,Indie
961314,Adventure
961314,Casual
961314,Indie
990006,Adventure
990006,RPG
990006,Simulation
745841,Simulation
745841,Indie
51952,Adventure
51952,RPG
51952,Indie
20026,Simulation
20026,Casual
20026,Indie
244886,Adventure
244886,Casual
61241,Simulation
246532,RPG
246532,Strategy
246532,Simulation
246532,Casual
246532,Indie
63701,Adventure
63701,RPG
63701,Strategy
63701,Indie
615090,Adventure
615090,RPG
615090,Simulation
650970,Adventure
650970,Indie
850687,Adventure
850687,RPG
850687,Simulation
850687,Casual
379551,Adventure
898430,RPG
898430,Indie
393550,RPG
393550,Indie
49287,Adventure
49287,Casual
49287,Indie
43927,Adventure
43927,Casual
43927,Indie
44161,Adventure
44161,Casual
14488,Adventure
14488,Casual
14488,Indie
16278,Adventure
62517,Adventure
62517,RPG
62517,Strategy
62517,Indie
548109,Adventure
548109,Casual
548109,Indie
651018,Adventure
651018,Casual
528775,Simulation
528775,Casual
528775,Indie
966371,RPG
966371,Simulation
651168,Casual
651168,Indie
961750,RPG
961750,Simulation
961750,Casual
961750,Indie
739709,Simulation
739709,Casual
589128,Adventure
589128,Indie
563308,Adventure
563412,RPG
428229,Strategy
428229,Casual
428229,Indie
532399,Adventure
532399,Indie
492013,Casual
492013,Indie
61809,RPG
61809,Indie
60181,Simulation
60181,Indie
60310,Adventure
60310,Casual
60310,Indie
254622,Adventure
254622,Casual
254622,Indie
981518,Adventure
981518,Strategy
981518,Racing
981518,Indie
854352,Adventure
854352,Casual
854352,Indie
21618,RPG
21618,Indie
881263,Simulation
881263,Indie
43884,Adventure
43884,RPG
43884,Casual
43884,Indie
15408,Simulation
16986,Adventure
16986,Strategy
16986,Indie
43943,Adventure
43943,Indie
288675,Adventure
43932,Adventure
43932,Casual
43932,Indie
60161,Adventure
60161,RPG
60161,Strategy
60161,Casual
60161,Indie
386526,Adventure
386526,RPG
386526,Simulation
386526,Casual
386526,Indie
386526,Puzzle
14921,Adventure
20605,Simulation
20605,Casual
20605,Indie
62989,Adventure
62989,Indie
42223,Adventure
42223,Simulation
42223,Indie
22582,Adventure
22582,RPG
22582,Indie
600961,Adventure
600961,Casual
600961,Indie
960147,Simulation
960147,Casual
960147,Indie
44512,Strategy
44512,Simulation
44512,Indie
392300,Adventure
395976,Adventure
395976,Strategy
395976,Simulation
13631,Adventure
13631,Casual
44602,Adventure
44602,Simulation
44602,Casual
44602,Indie
743549,Casual
663775,Casual
793680,Casual
793680,Indie
968185,RPG
968185,Simulation
968185,Indie
797904,Simulation
28054,Adventure
28054,Casual
28054,Indie
960211,Simulation
960211,Casual
960211,Indie
669351,Adventure
669351,Indie
683231,Adventure
683231,Indie
589206,Adventure
589206,Indie
597165,Simulation
597165,Casual
685012,Casual
339174,Adventure
339174,Casual
339174,Indie
339174,Platformer
43768,Adventure
43768,Casual
15623,Adventure
16533,Adventure
16533,Casual
16533,Indie
17432,Simulation
17432,Casual
17432,Indie
60296,Adventure
60296,Casual
50342,Adventure
50342,RPG
50342,Casual
50342,Indie
484989,Adventure
484989,Casual
484989,Indie
333509,Adventure
961661,Adventure
961661,Simulation
961661,Casual
301712,Adventure
301712,RPG
301712,Simulation
301712,Casual
301712,Indie
43827,Adventure
43827,RPG
43827,Indie
284709,RPG
284709,Indie
372109,Adventure
18880,Adventure
574782,Adventure
574782,Casual
574782,Indie
674336,Adventure
674336,RPG
674336,Indie
62454,Casual
62454,Indie
574819,Casual
650636,Strategy
650636,Simulation
63465,Adventure
63465,Casual
63465,Indie
268380,Simulation
268380,Indie
379550,Simulation
379550,Casual
379550,Indie
350477,Adventure
350477,Indie
304950,Adventure
304950,Simulation
304950,Casual
304950,Indie
428976,Adventure
992674,Simulation
992674,Casual
992674,Indie
602345,Adventure
602345,Casual
602345,Indie
984025,Adventure
984025,Simulation
984025,Casual
984025,Indie
392315,Adventure
700707,Adventure
700707,RPG
700707,Indie
428350,Adventure
428350,RPG
13811,Adventure
13811,Casual
13811,Indie
25584,Adventure
25584,Casual
25584,Puzzle
45340,Adventure
44267,Adventure
44267,RPG
44267,Indie
61669,Adventure
61669,Indie
61237,Strategy
61237,Casual
61237,Indie
11187,Adventure
669362,Simulation
669362,Casual
505885,Casual
505885,Indie
641724,Adventure
641724,RPG
641724,Casual
641724,Indie
745753,Adventure
745753,RPG
745753,Indie
491584,Adventure
491584,Casual
760162,Adventure
760162,Casual
60142,Casual
962811,Adventure
962811,RPG
962811,Strategy
962811,Casual
962811,Indie
886269,Indie
963477,Simulation
963477,Casual
963477,Indie
967984,Adventure
923047,RPG
923047,Casual
807137,RPG
60183,Adventure
60183,Casual
60183,Indie
988510,Adventure
979383,Adventure
979383,Simulation
387253,Casual
387253,Indie
349596,Adventure
349596,Casual
349596,Indie
756601,Adventure
718172,RPG
718172,Strategy
718172,Simulation
718172,Casual
20131,Adventure
20131,Indie
17382,Adventure
16611,Adventure
16611,Simulation
16611,Casual
16611,Indie
16337,Adventure
31807,Simulation
31807,Arcade
31807,Casual
31807,Indie
44712,Adventure
44712,Indie
47121,Adventure
47121,Casual
47121,Indie
49877,Adventure
49877,Casual
745736,RPG
745736,Simulation
745736,Casual
745736,Indie
664875,Simulation
664875,Casual
392426,Adventure
392426,RPG
392426,Indie
319151,Adventure
627566,Adventure
627566,RPG
627566,Strategy
625780,Adventure
625780,Simulation
625780,Casual
625780,Indie
492052,Adventure
492052,Strategy
492052,Casual
492052,Indie
65050,Adventure
65050,Casual
65050,Indie
816338,Casual
969646,Casual
969646,Indie
964148,Adventure
964148,Simulation
964148,Casual
997357,Adventure
997357,Indie
939795,RPG
917897,Adventure
917897,Casual
917897,Indie
484982,Adventure
484982,Simulation
484982,Casual
484982,Indie
268433,RPG
12055,Adventure
12055,Casual
528733,Casual
613510,Casual
990495,Adventure
990495,RPG
973689,Adventure
894443,Adventure
894443,Indie
428747,Adventure
556997,Adventure
549623,Casual
549623,Indie
559082,RPG
559082,Casual
559082,Indie
743676,Adventure
743676,Indie
651230,Adventure
651230,RPG
651230,Indie
581194,Adventure
581194,RPG
581194,Indie
568927,Adventure
568927,RPG
568927,Simulation
568927,Casual
568927,Indie
666376,Strategy
666376,Card
666376,Indie
666376,Puzzle
743438,Casual
743421,RPG
60158,Adventure
60158,Indie
21667,Sports
21667,Racing
21667,Casual
44239,Simulation
44239,Sports
44239,Casual
44239,Indie
62208,Adventure
62208,Simulation
62208,Casual
62208,Indie
60971,Adventure
60971,Casual
60971,Indie
50582,RPG
50582,Strategy
50582,Simulation
50582,Indie
866507,Casual
866507,Indie
58120,Adventure
14204,Adventure
979879,Adventure
979879,RPG
979879,Simulation
979879,Casual
979879,Indie
15066,Adventure
15066,RPG
15066,Simulation
15066,Casual
15066,Indie
16517,Adventure
16517,Casual
16517,Indie
16336,Adventure
16504,Adventure
16504,Simulation
16504,Casual
16504,Indie
277969,RPG
277969,Indie
326991,Adventure
304207,Indie
302905,Adventure
302905,RPG
302905,Simulation
279622,Adventure
279622,RPG
279622,Simulation
279622,Indie
261295,Simulation
62495,Adventure
60265,Strategy
60265,Indie
60477,Adventure
60477,RPG
60477,Casual
60477,Indie
736214,Casual
45103,Adventure
45103,Simulation
45103,Casual
45103,Indie
16976,Adventure
16976,RPG
16976,Casual
16976,Indie
959981,Casual
959981,Indie
743400,RPG
754945,Casual
754945,Indie
754944,RPG
736316,RPG
736316,Simulation
736316,Casual
736316,Indie
581172,RPG
581172,Strategy
581172,Casual
581172,Indie
685034,Strategy
685034,Casual
685034,Indie
571745,Adventure
571745,RPG
571745,Indie
523133,Adventure
523133,Simulation
523133,Casual
581034,Casual
718125,Indie
491859,Casual
491859,Indie
430480,Casual
603977,RPG
666431,Adventure
666431,Casual
666431,Indie
779818,Adventure
779818,Casual
779818,Indie
743405,RPG
743405,Indie
961468,Simulation
961468,Indie
966986,Simulation
896649,Adventure
896649,Sports
896649,Casual
748639,Adventure
748639,Indie
782266,Adventure
782266,RPG
782266,Strategy
782266,Indie
793701,Adventure
793701,Indie
23482,Adventure
23482,Casual
22607,Adventure
22607,Casual
22607,Indie
704774,Strategy
704774,Casual
704774,Indie
600967,Casual
600967,Indie
514897,Adventure
514897,Casual
688832,RPG
688832,Casual
688832,Indie
647615,Casual
647615,Indie
909846,Strategy
909846,Simulation
909846,Casual
14508,Adventure
15098,RPG
15098,Simulation
15098,Casual
695798,Adventure
695798,Simulation
602329,Adventure
602329,Casual
47305,Adventure
47305,Casual
47305,Indie
44830,Adventure
44830,RPG
44830,Simulation
44830,Casual
44830,Indie
67520,RPG
67520,Simulation
60153,Casual
60153,Indie
37438,Adventure
37438,RPG
37438,Strategy
37438,Arcade
37438,Indie
44180,Adventure
44180,Casual
22108,Adventure
22108,Casual
22108,Indie
16330,Adventure
16330,Indie
17770,Adventure
17770,Casual
17770,Indie
16866,Adventure
16866,Simulation
16866,Casual
16866,Indie
62533,Adventure
62533,Simulation
62533,Casual
60115,Simulation
60115,Casual
60115,Indie
507179,Adventure
507179,Simulation
507179,Casual
507179,Indie
508520,Adventure
508520,RPG
508520,Casual
508520,Indie
986117,Casual
986117,Indie
992189,Adventure
992189,RPG
992189,Indie
484988,Indie
351820,Adventure
351820,RPG
351820,Simulation
351820,Casual
351820,Indie
581127,Adventure
581127,Casual
574795,Adventure
574795,Casual
574795,Indie
574795,Puzzle
493481,Adventure
494415,Adventure
370279,RPG
370279,Indie
349560,Adventure
349560,RPG
349560,Casual
349560,Indie
283994,Casual
283992,Simulation
283992,Casual
283992,Indie
826764,Simulation
826764,Casual
826764,Indie
914782,Simulation
914782,Casual
914782,Indie
727384,Adventure
727384,Indie
776306,Adventure
776306,Casual
776306,Indie
825323,Adventure
825323,RPG
825323,Strategy
825323,Indie
367105,Indie
847743,RPG
964313,RPG
964313,Simulation
964313,Indie
980717,Adventure
980717,RPG
980717,Indie
974074,RPG
974074,Casual
974074,Indie
979367,Adventure
979367,RPG
979367,Strategy
979367,Simulation
979367,Indie
977693,Simulation
977693,Casual
966311,Strategy
963897,Adventure
963897,Simulation
963897,Casual
650901,Adventure
650901,RPG
650901,Simulation
650901,Indie
667711,Simulation
667711,Casual
667711,Indie
324156,Adventure
324156,RPG
324156,Casual
324156,Indie
385272,Adventure
385522,Adventure
64032,RPG
64032,Indie
61416,Simulation
61416,Casual
61416,Indie
62032,Adventure
62032,Casual
61796,Adventure
61796,Indie
372722,Adventure
372722,Casual
372722,Indie
46330,Adventure
46330,Casual
17478,Adventure
49602,Adventure
50145,Adventure
50145,RPG
50145,Strategy
50145,Casual
50145,Indie
684906,Casual
736309,Simulation
736309,Casual
736309,Indie
697520,Simulation
697520,Casual
664988,Adventure
664988,Indie
825367,Casual
825367,Indie
555997,Adventure
555997,RPG
555997,Indie
666384,Casual
486736,Adventure
486736,Simulation
486736,Casual
486736,Indie
485015,Simulation
610239,Casual
610239,Indie
497977,Adventure
497977,Indie
838335,Casual
894668,Adventure
894668,Strategy
894668,Casual
894668,Card
651011,Adventure
651011,Simulation
651011,Casual
644798,Adventure
644798,Casual
644798,Indie
600927,Adventure
600927,Simulation
702374,Adventure
702374,RPG
702374,Indie
685001,Casual
635262,Adventure
635262,Simulation
635262,Indie
22122,Adventure
22122,Casual
22122,Indie
10288,Adventure
10288,Simulation
10288,Casual
430447,Adventure
430447,Casual
430447,Indie
427474,Adventure
290064,Adventure
290064,RPG
290064,Indie
49929,RPG
49929,Casual
49929,Indie
23719,Adventure
17307,Adventure
17307,RPG
17307,Casual
19148,RPG
19148,Casual
22617,Casual
22617,Indie
576460,Adventure
576460,RPG
576460,Simulation
566638,Adventure
559130,Adventure
559130,Indie
544078,Casual
491875,Casual
579538,Simulation
579538,Casual
579538,Indie
647562,Casual
695879,Adventure
581033,Simulation
581033,Casual
579555,Casual
816336,Casual
765019,Casual
765019,Indie
879657,Adventure
879657,Simulation
879657,Casual
694622,Adventure
616674,Adventure
616674,Indie
615000,Simulation
939425,Adventure
939425,Simulation
939425,Casual
939425,Indie
725808,Casual
985430,Indie
968206,Adventure
968206,RPG
968206,Casual
968206,Indie
45295,Simulation
45295,Casual
966157,Adventure
964652,Adventure
964652,Simulation
964652,Casual
964652,Indie
624354,Simulation
635371,Simulation
635371,Casual
635371,Indie
681405,Strategy
681405,Casual
681405,Indie
720961,Casual
720961,Indie
967368,RPG
835126,Adventure
835126,RPG
835126,Casual
835126,Indie
566634,Adventure
566634,Casual
581022,Simulation
581022,Casual
586212,Simulation
586212,Casual
491425,Adventure
491425,Casual
568228,Adventure
568228,Casual
568228,Indie
568228,Puzzle
580700,Adventure
580700,Indie
16338,Adventure
12324,Adventure
12324,Casual
12324,Indie
3080,Adventure
3080,Arcade
3080,Casual
22541,Simulation
22541,Casual
22541,Indie
50231,Indie
44795,Casual
44795,Indie
44591,Adventure
392433,Adventure
392433,Casual
428170,Adventure
428170,Casual
437681,Adventure
437681,RPG
437681,Simulation
437681,Casual
437681,Indie
437681,Platformer
504898,RPG
504898,Simulation
504898,Indie
490834,Casual
532491,Adventure
495652,Adventure
491966,Casual
491966,Indie
491747,Adventure
491747,Casual
491747,Indie
960259,RPG
960259,Casual
965702,Adventure
965702,Strategy
965702,Indie
968844,Strategy
968844,Simulation
968844,Casual
968844,Indie
997679,Adventure
934431,Casual
748545,RPG
748545,Strategy
624397,Casual
624397,Indie
789928,Simulation
916539,Adventure
916539,RPG
916539,Casual
818029,Adventure
818029,Casual
818029,Indie
59959,Adventure
59959,RPG
59959,Indie
678591,Adventure
678591,Simulation
678591,Indie
610246,Strategy
610246,Simulation
610246,Casual
610246,Indie
779901,Simulation
779901,Casual
779901,Indie
427609,Indie
323112,RPG
323112,Casual
323112,Indie
350941,Adventure
350941,Casual
350941,Indie
61107,Adventure
61107,RPG
61107,Strategy
61107,Casual
61107,Indie
61074,Casual
61074,Indie
64085,Adventure
64085,Strategy
64085,Simulation
64085,Indie
881238,Adventure
881238,RPG
881238,Strategy
881238,Simulation
881238,Indie
60469,Strategy
60469,Casual
60469,Indie
48972,Adventure
48972,Casual
48972,Indie
52245,Simulation
52245,Platformer
54027,Strategy
54027,Simulation
453964,Casual
453964,Indie
453964,Puzzle
428952,Adventure
428952,Casual
428952,Indie
481744,Adventure
481744,RPG
518614,Casual
428863,Adventure
428863,RPG
428863,Casual
428863,Indie
611680,Casual
625790,Adventure
557743,RPG
557743,Strategy
557743,Casual
428624,Adventure
428624,RPG
428624,Simulation
428624,Casual
428624,Indie
972243,Adventure
972243,Casual
987590,Adventure
987590,RPG
987590,Casual
987590,Indie
960322,Adventure
960322,Indie
840864,Simulation
840864,Casual
840864,Indie
846507,Strategy
846507,Casual
846507,Indie
14203,RPG
14203,Strategy
18952,Adventure
18952,Indie
20173,Adventure
20173,Indie
36985,Adventure
36985,Indie
20712,Simulation
20712,Indie
12983,Adventure
12983,Casual
12983,Indie
427476,Adventure
427476,Casual
427476,Indie
349401,Adventure
349401,Casual
9524,Adventure
9524,Casual
12083,Adventure
12083,Casual
12083,Indie
10445,Adventure
10445,Indie
14244,Simulation
14244,Casual
349709,Strategy
349709,Simulation
349709,Casual
349709,Indie
294149,Adventure
294149,RPG
294149,Indie
783854,Adventure
783854,Simulation
783854,Casual
532464,Adventure
581081,Casual
581049,Adventure
581049,Casual
532436,Adventure
264739,Indie
65236,RPG
65236,Indie
76640,RPG
76640,Simulation
62559,Simulation
62559,Arcade
62559,Casual
62559,Indie
61043,Adventure
61043,RPG
61043,Simulation
61043,Casual
61043,Indie
62172,Adventure
62172,Casual
62172,Indie
60234,Adventure
60234,RPG
60234,Indie
61612,Simulation
61612,Casual
61612,Indie
51659,Adventure
51659,Casual
51659,Indie
607351,Casual
607351,Indie
961696,Adventure
955678,Adventure
955678,Indie
816410,RPG
816410,Simulation
816410,Casual
816410,Indie
804843,Adventure
804843,Casual
376159,Simulation
376159,Casual
934451,Casual
776281,Adventure
776281,RPG
776281,Strategy
776281,Simulation
776281,Indie
752219,Casual
752219,Indie
769426,Adventure
769426,RPG
769426,Indie
684935,Adventure
684935,Simulation
684935,Casual
722625,Simulation
722625,Casual
972002,Adventure
972002,Indie
874378,Adventure
874378,Casual
874378,Indie
782336,Casual
782336,Indie
542654,Casual
542654,Indie
966153,Casual
966153,Indie
10347,Adventure
10347,Indie
10347,Puzzle
10616,Adventure
10616,RPG
10616,Strategy
10616,Indie
63847,Adventure
63847,RPG
63847,Casual
90325,Simulation
90325,Casual
90325,Indie
51740,Adventure
51740,Indie
995886,Casual
1005805,Adventure
1005805,RPG
704657,Casual
732525,Adventure
732525,RPG
732525,Indie
736353,Casual
736353,Indie
754975,Casual
754975,Indie
756605,Simulation
769491,Adventure
769491,RPG
769491,Casual
769491,Indie
566495,Adventure
566495,RPG
566495,Indie
570118,Casual
589123,Adventure
589123,Simulation
589123,Casual
21389,Adventure
591063,Casual
591063,Indie
748686,Casual
748686,Indie
709130,Adventure
709130,Simulation
709130,Casual
709130,Indie
692586,Casual
672385,Casual
672385,Indie
292876,RPG
292876,Strategy
292876,Simulation
292876,Casual
292876,Indie
295028,RPG
295028,Indie
257308,Simulation
257308,Indie
216309,Strategy
216309,Casual
216309,Indie
10249,Casual
10249,Indie
12249,Adventure
12249,Simulation
12249,Indie
17000,Adventure
17000,Simulation
17000,Casual
17000,Indie
495674,Casual
479356,Adventure
479356,Casual
479356,Indie
484990,Simulation
484990,Casual
484990,Indie
349798,Adventure
349798,Casual
349798,Indie
372716,Adventure
161657,Simulation
161657,Indie
49291,Adventure
49291,Simulation
49291,Casual
49291,Indie
46269,RPG
46269,Simulation
46269,Indie
46483,Casual
32459,Adventure
32459,Strategy
32459,Casual
32459,Indie
16541,Adventure
16541,Casual
16541,Indie
15871,Casual
15871,Indie
16335,Adventure
60412,Adventure
60412,RPG
60412,Strategy
60412,Casual
60412,Indie
92650,RPG
490937,Adventure
490937,Casual
490937,Indie
11692,Indie
12174,Adventure
12174,Indie
13340,Adventure
13340,Indie
20050,Adventure
20050,Simulation
20050,Indie
16332,Adventure
14416,Adventure
14416,RPG
14416,Indie
15043,Adventure
15043,Indie
43793,Adventure
43793,Indie
29302,Adventure
29302,Simulation
29302,Casual
22532,RPG
427449,Adventure
427449,RPG
427449,Simulation
427449,Casual
427449,Indie
428950,Adventure
520334,RPG
520334,Casual
520334,Indie
12225,Adventure
12225,Indie
491468,RPG
491468,Indie
492287,Adventure
492287,RPG
492287,Simulation
492287,Indie
491787,RPG
491787,Indie
535650,Casual
535650,Indie
532437,Adventure
613537,Casual
613537,Indie
624355,Adventure
624355,Indie
630708,Indie
64081,Casual
64081,Indie
60165,Adventure
60165,Indie
63771,Casual
63771,Indie
63560,Adventure
63560,Indie
62383,Adventure
62383,RPG
62383,Indie
58441,Indie
49694,Adventure
49694,Casual
49694,Indie
364898,Casual
364898,Indie
301606,Adventure
287375,Indie
268315,Adventure
268315,RPG
268315,Indie
312638,RPG
312638,Simulation
312638,Casual
312638,Indie
312638,Puzzle
246522,Casual
246522,Indie
30560,Adventure
30560,Casual
30560,Indie
683218,Casual
881178,Indie
811885,RPG
811885,Simulation
811885,Casual
743399,Adventure
743399,RPG
850819,Casual
850819,Indie
812158,Simulation
812158,Casual
812158,Indie
960216,Simulation
960216,Casual
934435,Casual
507164,RPG
507164,Indie
969908,Casual
989279,Adventure
989279,RPG
989279,Indie
982617,Adventure
982617,Casual
982617,Indie
836520,RPG
836520,Indie
632936,Adventure
632936,Indie
633446,Adventure
633446,RPG
633446,Indie
60193,Adventure
60193,RPG
60193,Indie
670696,Adventure
670696,Indie
789939,Adventure
789939,Casual
700693,Casual
700693,Indie
719654,Adventure
719654,Casual
799358,Casual
799358,Indie
804761,Adventure
804761,RPG
725835,Casual
725835,Indie
714525,Adventure
752061,Casual
752061,Indie
748417,Casual
776370,Strategy
776370,Casual
776370,Indie
490989,RPG
490989,Indie
495383,Adventure
495383,Indie
430477,Adventure
430477,Casual
430477,Indie
423701,Adventure
427437,Simulation
427437,Casual
624370,RPG
624370,Indie
647585,Casual
647585,Indie
662342,Simulation
662342,Casual
662342,Indie
677215,Casual
674224,Simulation
674224,Indie
669403,Casual
669403,Indie
637470,Adventure
637470,RPG
637470,Indie
725776,Adventure
666405,RPG
651296,Adventure
651296,Casual
651296,Indie
695890,Adventure
695890,Indie
707315,Adventure
707315,Strategy
707315,Simulation
707315,Indie
707309,Casual
622558,Casual
622558,Indie
825326,Casual
817998,Casual
817998,Indie
818012,Adventure
818012,Simulation
745745,Adventure
745745,RPG
745745,Indie
783794,RPG
783794,Simulation
783794,Casual
801103,Adventure
801103,Casual
801103,Indie
769392,Casual
769392,Indie
783800,Simulation
783800,Casual
783800,Indie
818004,Simulation
818004,Casual
813549,Casual
813549,Indie
750459,Adventure
750459,Indie
816337,Casual
761444,Casual
761444,Indie
785839,Casual
785839,Indie
776334,Casual
776334,Indie
392403,Adventure
392403,RPG
392403,Strategy
392403,Simulation
692630,Casual
692630,Indie
663800,Casual
986851,Adventure
994464,Adventure
994464,RPG
994464,Indie
993340,Adventure
993340,Indie
999411,Simulation
999411,Casual
966182,Adventure
966182,Simulation
966182,Indie
842434,Simulation
842434,Casual
909840,Adventure
909840,RPG
909840,Indie
905595,RPG
905595,Strategy
879614,Indie
932688,Simulation
932688,Casual
932688,Indie
939827,Simulation
963593,Simulation
963593,Casual
963593,Massively Multiplayer
871201,Adventure
871201,Strategy
871201,Simulation
871201,Casual
871201,Indie
14680,Adventure
14680,Indie
18047,Adventure
17737,Adventure
17737,Simulation
17737,Indie
12653,Casual
16334,Adventure
15975,Adventure
15975,Simulation
15975,Indie
254607,Adventure
61921,Casual
60355,Casual
60355,Indie
60358,Indie
60201,Adventure
60201,RPG
60201,Strategy
60201,Casual
60201,Indie
60221,RPG
60221,Casual
60221,Indie
316007,Adventure
316007,Simulation
316007,Casual
316007,Indie
327473,Adventure
327473,Indie
336822,Adventure
336822,Simulation
336822,Indie
485136,Simulation
485136,Casual
484653,Adventure
484653,Casual
484653,Indie
507198,Casual
517363,Adventure
517363,RPG
517363,Simulation
517363,Casual
517363,Indie
532392,Simulation
523087,Casual
549621,Casual
549621,Indie
491718,Indie
914865,RPG
961278,RPG
961278,Strategy
863729,Casual
64344,Casual
290068,Adventure
284676,Adventure
284676,Casual
284676,Indie
276706,RPG
276706,Strategy
276706,Simulation
276706,Casual
276706,Indie
266222,Adventure
266222,Casual
266222,Indie
333142,Adventure
333142,Casual
13081,Adventure
13081,Casual
13081,Indie
16371,Adventure
17392,Strategy
17392,Indie
19946,Adventure
19946,Casual
19946,Indie
44392,Adventure
44392,Casual
44392,Indie
50463,RPG
50463,Simulation
51790,Strategy
51790,Casual
51790,Indie
62844,Adventure
62844,Simulation
62844,Casual
743521,Casual
813576,Adventure
813576,RPG
813576,Indie
760196,Casual
760196,Indie
568881,Casual
568881,Indie
854384,Simulation
831867,Casual
831867,Indie
778196,Simulation
778196,Casual
778196,Indie
807111,Adventure
857617,Adventure
857617,Indie
838218,Casual
962737,Casual
962737,Indie
380868,Adventure
380868,Arcade
380868,Casual
380868,Indie
380868,Puzzle
356036,Casual
356036,Indie
336644,Adventure
336644,Casual
392235,RPG
392235,Simulation
392235,Casual
392235,Indie
484670,Casual
484670,Indie
492285,Adventure
492285,Casual
492285,Indie
491459,RPG
491459,Casual
491459,Indie
491587,Adventure
566621,Adventure
566621,Indie
589155,RPG
599004,Simulation
599004,Casual
603979,Adventure
591057,Adventure
591057,RPG
591057,Simulation
591057,Casual
591057,Indie
587664,Casual
587664,Indie
610226,Adventure
610226,RPG
610226,Indie
616719,Casual
616719,Indie
635334,Strategy
635334,Casual
635334,Indie
613563,RPG
613563,Indie
630717,RPG
630717,Casual
630717,Indie
729341,Casual
729341,Indie
493445,RPG
493445,Strategy
493445,Casual
493445,Indie
484630,Indie
62766,Casual
58957,Adventure
58957,Casual
63561,Casual
63561,Indie
649021,Adventure
680029,Adventure
637464,Casual
641754,Adventure
523115,Casual
523115,Indie
546527,Adventure
546527,RPG
546527,Strategy
546527,Casual
546527,Indie
535546,Casual
54736,Strategy
60300,RPG
60300,Indie
972902,Strategy
972902,Simulation
972902,Casual
972902,Indie
774689,RPG
996062,Simulation
996062,Casual
996062,Indie
997155,Casual
997155,Indie
984377,Adventure
984377,RPG
984377,Strategy
984377,Simulation
984377,Casual
984377,Indie
978984,Indie
983531,Simulation
983531,Indie
966271,Adventure
971845,Adventure
971845,Casual
685024,Casual
685024,Indie
965206,Adventure
965206,Simulation
965206,Casual
961214,Simulation
961214,Indie
928749,Adventure
702257,Casual
702257,Indie
727422,Casual
727422,Indie
752116,Casual
752116,Indie
756590,Casual
709154,Adventure
709154,Simulation
709154,Casual
709154,Indie
758545,RPG
758545,Casual
758545,Indie
719648,RPG
719648,Casual
719648,Indie
748715,Adventure
748715,Simulation
748715,Indie
722675,RPG
722675,Indie
684960,Casual
684960,Indie
610231,Casual
610231,Indie
7385,Adventure
7385,Simulation
46293,Adventure
46293,Casual
46293,Indie
49851,RPG
349451,RPG
349451,Strategy
349451,Casual
349451,Indie
9463,Adventure
9463,Indie
12060,Simulation
12060,Indie
13430,Adventure
13430,RPG
13430,Indie
11909,Adventure
11909,Indie
17176,Adventure
17176,Indie
17176,Puzzle
19799,Adventure
19799,RPG
19799,Indie
22620,Adventure
22620,RPG
22620,Indie
30114,Adventure
30114,Strategy
30114,Casual
30114,Indie
44386,Adventure
44386,Casual
44386,Indie
44421,Adventure
44421,Casual
44421,Indie
44637,Adventure
44637,Casual
44637,Indie
566666,Arcade
552974,Simulation
552974,Indie
50602,Adventure
50602,RPG
50602,Indie
60151,Adventure
969273,Strategy
969273,Simulation
969273,Casual
969273,Indie
61191,Simulation
61191,Casual
61191,Indie
62001,Adventure
62860,Adventure
62860,RPG
62860,Indie
65016,Simulation
65016,Casual
65016,Indie
259802,Simulation
248405,Casual
248405,Indie
264874,Casual
605676,Adventure
605676,Casual
605676,Indie
650972,Casual
650972,Indie
651057,Adventure
651057,Casual
651057,Indie
614979,Adventure
368133,Simulation
368133,Casual
368133,Indie
969909,Strategy
969909,Casual
969909,Indie
980742,Casual
980742,Indie
966929,Adventure
966929,Simulation
966929,Casual
889937,Simulation
889937,Sports
889937,Casual
894489,Adventure
894489,Indie
874426,Adventure
874426,RPG
874426,Indie
965590,Adventure
965590,Simulation
965590,Casual
965590,Indie
928761,Adventure
928761,Casual
964168,Adventure
964168,RPG
964168,Indie
934528,Casual
896629,RPG
896629,Simulation
896629,Casual
896629,Indie
959886,Simulation
959886,Casual
959886,Indie
373601,RPG
373601,Indie
364722,Casual
383859,Simulation
383859,Casual
383859,Indie
427913,Strategy
427913,Casual
427913,Indie
427579,Adventure
427579,RPG
427579,Simulation
427579,Indie
491488,Casual
500626,RPG
430493,Adventure
449348,Casual
449348,Indie
449348,Puzzle
681512,Casual
681512,Indie
672434,RPG
711070,Adventure
711070,Casual
711070,Indie
724023,Casual
546512,Simulation
524468,Adventure
524468,RPG
544043,Adventure
544043,Simulation
544043,Casual
727393,Casual
727393,Indie
725802,Casual
725802,Indie
743453,RPG
774727,Casual
774727,Indie
743484,RPG
743484,Simulation
801113,Casual
801113,Indie
779892,Indie
804801,Adventure
804801,Casual
980575,Adventure
980575,RPG
980575,Casual
978042,Adventure
978042,Casual
978042,Indie
978042,Puzzle
982433,Adventure
982433,RPG
982433,Simulation
982433,Indie
996053,Adventure
996053,RPG
996053,Simulation
996053,Casual
857736,Simulation
878008,Adventure
878008,Simulation
878008,Indie
879615,RPG
879615,Simulation
640229,Casual
640229,Indie
664874,Casual
664874,Indie
662341,Adventure
662341,Simulation
662341,Casual
662341,Indie
684977,Adventure
707345,Adventure
707345,RPG
707345,Strategy
707345,Simulation
700738,Casual
700738,Indie
697532,Adventure
680037,RPG
677252,Casual
677252,Indie
971310,Adventure
971310,Strategy
971310,Casual
971310,Indie
987042,Adventure
987042,Simulation
971202,Adventure
971202,Casual
683238,Casual
683238,Indie
697494,Adventure
697494,RPG
697494,Indie
738083,Casual
738083,Indie
572914,Adventure
572914,RPG
572914,Simulation
572914,Casual
574803,RPG
574803,Simulation
574803,Casual
574803,Indie
579591,Adventure
579591,RPG
579591,Indie
593345,Adventure
593345,Simulation
593345,Casual
593345,Indie
638681,Casual
638681,Indie
598950,Casual
598950,Indie
802468,Casual
802468,Indie
785838,Casual
785838,Indie
835135,RPG
835135,Indie
669385,Casual
669385,Indie
613555,Casual
651069,Casual
651069,Indie
44612,Adventure
44612,Indie
44367,Adventure
44367,Strategy
44367,Simulation
44367,Casual
44367,Indie
38743,Strategy
38743,Arcade
38743,Casual
38743,Indie
25424,Adventure
25424,Strategy
22047,Adventure
22047,Indie
19711,Adventure
19711,RPG
19711,Indie
23510,Adventure
23510,Simulation
20501,RPG
17287,Adventure
17287,Indie
11493,Adventure
11493,RPG
11493,Indie
4460,Adventure
7094,Strategy
7094,Simulation
7094,Casual
6542,Adventure
6542,Strategy
6542,Arcade
6542,Casual
62935,Casual
64569,Indie
721002,Casual
721002,Indie
729346,Adventure
729346,RPG
692601,Casual
692601,Indie
815130,Casual
815130,Indie
799319,Casual
799319,Indie
818072,Adventure
818072,RPG
818072,Simulation
818072,Indie
801102,Casual
714495,RPG
714495,Indie
725818,Adventure
725818,RPG
725818,Indie
688831,Adventure
690768,Adventure
690768,Casual
690768,Indie
729344,Adventure
678640,Casual
678640,Indie
664981,Casual
664981,Indie
663780,Casual
663780,Indie
669344,Casual
497990,Casual
497990,Indie
490550,Adventure
490550,Indie
484632,RPG
712555,Strategy
712555,Casual
712555,Indie
714492,Adventure
681439,Adventure
681439,Indie
680094,Casual
680094,Indie
615403,Adventure
615403,Indie
625741,Adventure
625741,Casual
625741,Indie
614958,Adventure
614958,RPG
589264,RPG
589264,Simulation
589264,Casual
589264,Indie
600934,Simulation
600934,Casual
574780,Casual
574780,Indie
553029,Casual
559071,Adventure
559071,RPG
559071,Indie
546518,Adventure
546518,Casual
546518,Indie
494434,Adventure
494434,RPG
494434,Strategy
494434,Simulation
494434,Casual
375219,Casual
375219,Indie
379435,Adventure
351224,RPG
351224,Indie
336652,Adventure
336652,Casual
336652,Indie
316246,Adventure
316246,RPG
292099,Simulation
292099,Casual
292099,Indie
262469,Simulation
259929,Adventure
259929,RPG
259929,Indie
90360,Adventure
90360,RPG
67151,RPG
67151,Simulation
65046,Indie
627586,RPG
970739,Adventure
970739,Casual
970739,Indie
972558,Strategy
972558,Simulation
972558,Casual
972558,Indie
971306,Adventure
971306,Casual
964250,Adventure
964250,Simulation
964250,Casual
966810,Casual
964158,Adventure
965382,Strategy
965382,Simulation
965382,Indie
962728,Adventure
965508,Simulation
965508,Casual
965508,Indie
961115,Simulation
961115,Casual
961115,Indie
963659,Adventure
963659,Indie
947977,RPG
960740,Adventure
960740,Simulation
960740,Casual
877970,Adventure
877970,RPG
877970,Casual
896692,Simulation
896692,Casual
896692,Indie
856227,Adventure
856227,Casual
856227,Indie
864949,Adventure
864949,Casual
905630,Adventure
905630,Indie
846488,Strategy
846488,Casual
846488,Indie
914827,Casual
892965,Casual
62270,Adventure
62270,Casual
62270,Indie
59817,Indie
61187,RPG
61187,Simulation
61187,Casual
62481,Casual
62481,Indie
60123,Adventure
60123,Casual
62453,Adventure
62453,Casual
62453,Indie
60136,Adventure
60136,RPG
60136,Indie
51436,Adventure
51436,RPG
51436,Simulation
51436,Casual
51436,Indie
50606,Simulation
50606,Casual
46607,RPG
46607,Simulation
46607,Indie
47481,Indie
47252,Adventure
47252,Casual
47252,Indie
484833,Casual
484833,Indie
417948,Adventure
417948,RPG
842484,RPG
842484,Strategy
842484,Indie
791771,Indie
807114,RPG
807114,Simulation
807114,Casual
807114,Indie
991895,Adventure
991895,Indie
994845,RPG
994845,Strategy
994845,Simulation
994845,Indie
980183,Simulation
980183,Casual
980183,Indie
772643,Adventure
772643,Simulation
772643,Indie
828485,Casual
838328,Casual
842457,Adventure
801116,Casual
801116,Indie
783853,Casual
783853,Indie
785816,Casual
785816,Indie
774664,Casual
774664,Indie
779890,Adventure
779890,Indie
783772,Simulation
743535,Casual
750460,Casual
750460,Indie
953962,Simulation
953962,Casual
966053,Adventure
966053,RPG
966053,Casual
938012,RPG
938012,Casual
963660,RPG
963660,Simulation
963660,Casual
963660,Indie
741697,Casual
734707,Adventure
752189,Adventure
752189,Simulation
752189,Indie
752025,Casual
752025,Indie
743554,Strategy
743554,Casual
743554,Indie
741646,Adventure
741646,Casual
741646,Indie
707275,Casual
707275,Indie
714533,Casual
714533,Indie
624368,RPG
650857,Casual
650857,Indie
636825,Adventure
636825,Indie
771284,Casual
736354,Casual
736354,Indie
741705,Adventure
741705,Indie
5920,Strategy
5920,Casual
5920,Card
5920,Indie
10070,Adventure
16510,Adventure
16510,Casual
16510,Indie
19848,RPG
19848,Casual
19848,Indie
19927,Indie
15588,Casual
15588,Indie
20503,Adventure
20503,Indie
29601,Strategy
29601,Simulation
29601,Casual
29601,Indie
31388,RPG
31388,Strategy
43909,Indie
46563,Casual
50643,Adventure
50643,Casual
50643,Indie
782297,Adventure
782297,RPG
782297,Casual
782297,Indie
813656,Casual
813656,Indie
833453,Casual
833453,Indie
881138,Adventure
881138,RPG
881138,Simulation
881138,Indie
741651,RPG
741651,Indie
616740,Casual
492119,Adventure
492119,Casual
492119,Indie
535621,Strategy
535621,Simulation
535621,Indie
520330,Adventure
520330,Casual
520330,Indie
380889,Simulation
380889,Casual
380889,Indie
392421,Adventure
392421,Casual
427515,RPG
427515,Indie
427578,Simulation
427578,Casual
427533,Adventure
427533,RPG
427533,Casual
427533,Indie
640198,Adventure
640198,RPG
678566,Casual
666412,Adventure
666412,RPG
666412,Indie
681504,Adventure
681504,Simulation
681504,Casual
647662,Adventure
647662,Indie
677253,Adventure
677253,Casual
677253,Indie
704703,Casual
704703,Indie
707320,RPG
708995,Adventure
708995,Simulation
708995,Casual
708995,Indie
705304,Casual
492165,Adventure
492165,Indie
61277,Simulation
62999,Casual
62999,Indie
63610,Adventure
63610,Simulation
63610,Casual
63610,Indie
292978,Adventure
581038,RPG
581038,Simulation
581038,Indie
570158,Simulation
570158,Indie
523045,RPG
651102,Adventure
651102,Casual
649038,Adventure
649038,RPG
649038,Indie
667739,Indie
650971,Casual
650971,Indie
566615,Adventure
568877,Casual
568877,Indie
602344,Adventure
602344,RPG
602344,Indie
637459,Casual
637459,Indie
596289,Casual
596289,Educational
596289,Indie
600954,Simulation
600954,Casual
600954,Indie
607410,Casual
607410,Indie
323182,Adventure
323182,Casual
323182,Indie
350502,Adventure
350502,RPG
350502,Casual
350502,Indie
365534,RPG
365534,Indie
397359,Adventure
397359,RPG
389025,Adventure
389025,RPG
389025,Indie
49513,Casual
49513,Family
49513,Indie
49513,Puzzle
58958,Casual
58119,Adventure
999153,Adventure
999153,RPG
999153,Indie
998521,RPG
998521,Simulation
998521,Casual
998521,Indie
723958,Adventure
741569,RPG
743439,RPG
743435,Casual
743412,Casual
723973,Casual
723973,Indie
711033,RPG
711033,Indie
738143,Casual
738143,Indie
712696,Adventure
712696,Casual
712696,Indie
741668,RPG
754914,Casual
754914,Indie
745831,RPG
745831,Indie
743451,RPG
745771,Adventure
745771,Casual
624375,Adventure
624375,RPG
624375,Casual
624375,Indie
961907,Adventure
961907,RPG
961907,Indie
962845,Adventure
962845,Simulation
962845,Casual
963753,RPG
963753,Indie
964183,Casual
965714,Adventure
971735,Adventure
971735,Indie
965864,Adventure
965864,RPG
965864,Casual
965864,Indie
970583,Strategy
970583,Casual
970583,Indie
969666,Casual
969666,Indie
968672,Adventure
975215,Adventure
975215,RPG
975215,Casual
975541,Adventure
975541,Strategy
979306,Adventure
980747,RPG
980747,Simulation
980747,Indie
994625,Adventure
994625,Simulation
994625,Casual
994625,Indie
1003529,Adventure
1003529,RPG
1003529,Simulation
894439,Casual
907367,Simulation
907367,Casual
917891,Simulation
917891,Casual
917891,Indie
871191,Simulation
871191,Casual
892972,Simulation
892972,Sports
919757,Simulation
919757,Casual
919757,Indie
859442,Casual
859442,Indie
930951,Adventure
930951,RPG
930951,Indie
949932,Adventure
949932,Simulation
949932,Casual
961321,Adventure
961321,Casual
941466,RPG
941466,Simulation
955661,Simulation
955661,Casual
939816,RPG
939816,Simulation
939816,Casual
939816,Indie
964985,RPG
964985,Simulation
963784,Adventure
963784,Indie
964582,Simulation
964582,Casual
964582,Indie
768049,Adventure
768049,Indie
778192,Casual
772568,Casual
772568,Indie
776268,Casual
776268,Indie
776268,Puzzle
850710,RPG
850710,Indie
787639,Casual
787639,Indie
838314,Adventure
838314,RPG
838314,Strategy
838314,Casual
838314,Indie
779810,RPG
779810,Strategy
779810,Simulation
779810,Casual
850780,Casual
850780,Indie
828491,Adventure
828491,RPG
828491,Indie
830076,Casual
830076,Indie
783826,Adventure
783826,Strategy
783826,Casual
783826,Indie
450145,Adventure
450145,Casual
450145,Indie
491754,Indie
44481,Casual
44481,Indie
934436,RPG
934436,Casual
886239,Casual
886239,Indie
884727,Casual
905158,Adventure
905158,Strategy
905158,Casual
905158,Indie
901678,Adventure
901678,Simulation
14795,Adventure
14795,Casual
17387,Adventure
17387,Casual
17387,Indie
10197,Adventure
6339,Adventure
6339,RPG
166100,RPG
166100,Simulation
71459,Adventure
71459,Simulation
71459,Puzzle
59720,Adventure
61214,RPG
61214,Casual
61214,Indie
60188,RPG
51981,Casual
51981,Indie
51543,Adventure
51543,Casual
51543,Indie
49819,Adventure
49819,Simulation
49819,Sports
49819,Casual
49819,Indie
405268,Adventure
405268,RPG
405268,Indie
38124,Arcade
38124,Casual
38124,Indie
801060,RPG
801060,Indie
769490,Simulation
769490,Casual
769490,Indie
802546,Casual
802546,Indie
801034,Adventure
801034,Simulation
801034,Casual
976955,RPG
975004,RPG
975004,Strategy
975004,Indie
969045,Strategy
969045,Casual
969045,Indie
963766,Adventure
963766,Indie
963536,Adventure
963536,Simulation
963536,Indie
961112,Casual
961112,Indie
961089,Adventure
961089,Casual
952109,RPG
952109,Simulation
952109,Casual
952109,Indie
961574,Simulation
961574,Casual
961574,Indie
898394,Simulation
743468,RPG
745811,Adventure
743404,RPG
736213,Casual
736213,Indie
727396,Adventure
727396,RPG
727396,Indie
838321,Casual
828487,Casual
828487,Indie
816483,Adventure
816483,Simulation
813566,Adventure
813566,RPG
813566,Casual
813566,Indie
869703,Adventure
869703,RPG
869703,Indie
863748,Adventure
863748,Indie
864985,RPG
864985,Indie
849467,Adventure
990357,Adventure
990357,Casual
990357,Indie
826825,Simulation
711080,Simulation
711080,Casual
650855,Adventure
650855,Casual
650855,Indie
650903,Adventure
650903,Casual
650903,Indie
659126,RPG
659126,Indie
630716,Indie
756618,Casual
756618,Indie
776333,Casual
752193,Strategy
752193,Casual
785841,Casual
785841,Indie
768091,Adventure
768091,RPG
768091,Casual
795387,Casual
795387,Indie
750308,Casual
768101,Casual
768101,Indie
960990,RPG
960990,Simulation
960990,Casual
960990,Indie
960367,Adventure
960367,Casual
960367,Indie
741568,RPG
548084,Indie
563289,RPG
520786,Adventure
520786,RPG
520786,Indie
513061,Casual
513061,Indie
530551,Casual
722689,Adventure
722689,Casual
674298,Simulation
674298,Indie
695905,Indie
674225,Adventure
674225,Casual
674225,Indie
669393,Casual
669393,Indie
724091,Casual
724091,Indie
697538,RPG
697538,Indie
697531,RPG
697531,Puzzle
838341,Casual
830072,Casual
830072,Indie
674212,Adventure
674212,Casual
674212,Indie
359271,Casual
359271,Indie
349566,RPG
349566,Strategy
349566,Simulation
349566,Casual
349566,Indie
321799,Adventure
638686,Casual
638686,Indie
604030,Casual
607404,Adventure
607404,RPG
607404,Indie
594842,Adventure
594842,Casual
594842,Indie
594842,Puzzle
581160,Simulation
581160,Casual
581160,Indie
564169,Casual
564169,Indie
574799,Casual
574799,Indie
553081,Adventure
553081,Casual
553081,Indie
758470,Adventure
758470,Casual
758470,Indie
745717,RPG
560807,Adventure
560807,Casual
560807,Indie
65180,Adventure
65180,Casual
65180,Indie
64414,Simulation
64414,Indie
60319,Adventure
60319,Simulation
60319,Casual
60319,Indie
517357,Adventure
517357,RPG
507204,RPG
491518,Adventure
491518,Casual
491518,Indie
490914,Adventure
494477,Adventure
494477,Casual
494477,Indie
489741,Adventure
489741,RPG
489741,Strategy
489741,Indie
485888,Adventure
485888,Casual
485888,Indie
437781,Indie
680073,Adventure
680073,Casual
704698,RPG
383542,Indie
23285,Casual
23285,Indie
20376,Indie
17265,Adventure
17265,Simulation
17265,Indie
16242,Casual
320415,Indie
292070,Adventure
286633,RPG
286633,Strategy
286633,Massively Multiplayer
282920,Adventure
282920,Casual
282920,Indie
251517,RPG
251517,Strategy
251517,Indie
554767,Casual
64412,RPG
64412,Casual
64412,Indie
997285,Adventure
997285,Casual
997285,Indie
987804,Adventure
987804,Simulation
987804,Indie
986488,Adventure
986488,Casual
986488,Indie
980970,Adventure
980970,Casual
980970,Indie
8914,Adventure
8914,Puzzle
981971,Adventure
981971,Casual
974498,Casual
979245,Adventure
978514,Simulation
978514,Casual
49472,Adventure
49472,Casual
49472,Indie
49082,Adventure
49082,Casual
49082,Indie
24302,Adventure
24302,RPG
24302,Strategy
24302,Casual
24302,Indie
24302,Puzzle
23274,Casual
23274,Indie
16066,Adventure
16066,Simulation
16066,Indie
14315,Adventure
14315,Casual
14315,Indie
13871,Adventure
13871,Casual
13871,Puzzle
13097,Adventure
12506,Adventure
12506,Casual
12506,Indie
11590,Adventure
11590,Indie
73387,Adventure
73387,Simulation
963749,Adventure
963749,Casual
963749,Indie
961218,Simulation
961218,Casual
961218,Indie
955542,Simulation
955542,Casual
960067,Simulation
960067,Casual
960067,Indie
962880,Simulation
962880,Indie
998976,Adventure
998976,Simulation
998976,Casual
998976,Indie
991688,Adventure
991688,RPG
991688,Strategy
989566,Adventure
989566,RPG
989566,Simulation
989566,Casual
989566,Indie
989372,Casual
989372,Indie
987620,Adventure
987620,RPG
987620,Indie
60170,Adventure
60170,Casual
60170,Indie
60341,Casual
60141,Adventure
60141,Casual
60141,Indie
59678,Strategy
59678,Casual
59678,Indie
322372,Adventure
322372,Indie
47259,Adventure
47259,Indie
43987,Casual
43756,Adventure
43756,RPG
43756,Strategy
43756,Simulation
876493,Casual
973096,Casual
973096,Indie
976936,Adventure
976936,RPG
976936,Casual
976936,Indie
966791,Adventure
966791,RPG
966791,Strategy
966791,Casual
968407,Adventure
968407,Casual
969289,RPG
969289,Casual
963603,Simulation
963603,Casual
963603,Indie
959844,RPG
960929,RPG
960929,Simulation
960929,Casual
960929,Indie
946581,Adventure
946581,Casual
946581,Indie
804758,Shooter
959710,Casual
959710,Indie
930834,Indie
916504,Casual
887803,Adventure
887803,Indie
894483,Adventure
894483,Simulation
894483,Casual
894483,Indie
892952,Simulation
892952,Casual
892952,Indie
938017,RPG
938017,Casual
994827,Adventure
994827,RPG
994827,Indie
982561,Adventure
982561,RPG
982561,Indie
846512,Adventure
857741,Adventure
857741,RPG
857741,Casual
857741,Indie
831851,Adventure
849506,Casual
738091,Adventure
738091,Casual
882960,Indie
840769,Casual
838348,Strategy
876456,Adventure
876456,RPG
804794,Adventure
804794,Indie
831840,Casual
831840,Indie
964192,Casual
962071,Adventure
825380,Casual
826866,Strategy
826866,Casual
797911,Casual
797911,Indie
815202,Adventure
815202,Casual
785851,Adventure
785851,RPG
650841,Casual
789925,RPG
789925,Casual
750524,Casual
750524,Indie
782339,Casual
782339,Indie
783849,Simulation
783849,Casual
758512,Casual
758512,Indie
748710,Adventure
748710,RPG
748710,Indie
752028,Casual
771273,RPG
771273,Indie
907419,Adventure
907419,Indie
934651,Adventure
934651,Simulation
934651,Casual
934651,Indie
768057,Casual
752054,Simulation
743443,Simulation
743443,Casual
745548,Casual
741699,Casual
546486,Casual
748534,Casual
738081,RPG
738081,Indie
739739,Adventure
739739,Casual
734688,Adventure
734688,Casual
734720,Adventure
734720,Casual
732516,RPG
732516,Strategy
732516,Indie
711082,Adventure
711082,Casual
711082,Indie
723984,Adventure
723984,Indie
793689,Adventure
793689,Casual
793689,Indie
816440,Adventure
816440,RPG
816440,Simulation
816440,Casual
816440,Indie
719598,Casual
719598,Indie
697492,Adventure
697492,RPG
697492,Casual
651215,Casual
651215,Indie
663806,RPG
644787,Casual
644787,Indie
651056,RPG
651056,Indie
638730,Adventure
638730,Casual
638730,Indie
651006,RPG
610240,Casual
610240,Indie
622608,Adventure
758487,Simulation
758487,Casual
750292,Casual
574807,Adventure
574807,Casual
570143,Adventure
570143,Simulation
566748,RPG
566748,Simulation
587693,Adventure
587693,Indie
532362,Indie
523148,RPG
490556,Simulation
490564,Simulation
490564,Casual
490564,Indie
500646,Casual
500646,Indie
494451,RPG
494451,Strategy
494451,Simulation
494451,Indie
734740,Adventure
734740,Indie
428847,Adventure
428847,Casual
428847,Indie
403800,Indie
389035,Adventure
389035,Casual
60415,Adventure
60415,Casual
60415,Indie
373643,Indie
382571,Adventure
382571,Strategy
382571,Simulation
382571,Indie
366562,Casual
366562,Indie
334362,Adventure
334362,Casual
323094,Casual
323094,Indie
309800,Simulation
309800,Casual
309800,Indie
604045,Casual
604045,Indie
581198,Adventure
581198,Casual
581198,Indie
304949,Casual
304949,Indie
307169,Adventure
35424,Adventure
35424,Arcade
35424,Casual
35424,Indie
271852,RPG
271852,Simulation
271852,Family
73291,RPG
73291,Simulation
90385,RPG
444379,RPG
444379,Simulation
444379,Indie
65070,Indie
62969,Adventure
62969,Simulation
62969,Indie
63461,Adventure
63461,Simulation
63461,Casual
63461,Indie
34173,Casual
34173,Educational
61859,Simulation
61859,Casual
61859,Indie
5157,Adventure
5157,RPG
5157,Arcade
5157,Casual
5157,Indie
5157,Puzzle
10563,Adventure
10563,Simulation
10563,Indie
14695,Adventure
14695,Simulation
14695,Casual
14695,Indie
13585,Adventure
13585,Casual
13585,Indie
14578,Adventure
14578,Simulation
14578,Casual
14578,Indie
17409,Adventure
17409,Indie
23268,Adventure
23268,Indie
559065,Adventure
559065,RPG
559065,Casual
559065,Indie
542745,Adventure
542745,Simulation
542745,Indie
309899,Family
400100,Simulation
678567,Adventure
678567,RPG
678567,Simulation
678567,Indie
484628,Indie
505879,Casual
491902,RPG
491902,Strategy
44962,Casual
44962,Indie
45430,Casual
45430,Indie
51155,Simulation
51155,Casual
984146,Simulation
984146,Casual
984146,Indie
44851,Adventure
44851,Casual
44851,Indie
44928,Strategy
44928,Casual
44928,Indie
989130,Indie
984129,Adventure
984129,Casual
984129,Indie
994930,Casual
994930,Indie
995732,Adventure
995732,Indie
994798,RPG
994798,Simulation
994798,Casual
994798,Indie
977796,Casual
977796,Indie
972834,Adventure
972834,Simulation
972834,Casual
972834,Indie
974296,Casual
974296,Indie
973943,Simulation
973883,Casual
971875,Simulation
980516,Adventure
980516,Simulation
981249,Adventure
981249,Simulation
981249,Casual
981249,Indie
982279,Adventure
982279,RPG
982279,Simulation
982279,Casual
982279,Indie
981085,Adventure
981725,Adventure
981725,RPG
981725,Strategy
981725,Simulation
981725,Indie
986223,Casual
985105,Adventure
985105,RPG
985105,Indie
985712,Adventure
985712,Casual
985712,Indie
968101,Casual
323705,Puzzle
320162,Adventure
320162,Indie
320162,Puzzle
314276,RPG
328689,RPG
328689,Simulation
335133,Adventure
335133,Casual
367123,RPG
367123,Strategy
367123,Indie
50690,Adventure
50690,Indie
54688,RPG
54688,Casual
58961,Adventure
966534,Adventure
966534,RPG
966534,Simulation
968238,Adventure
968238,Casual
968522,Adventure
968522,RPG
968522,Casual
968522,Indie
970179,Casual
970179,Indie
969114,Adventure
969114,Casual
969114,Indie
992561,Adventure
992561,Simulation
992561,Indie
971107,Adventure
971107,RPG
971107,Indie
967641,Adventure
967641,RPG
967641,Indie
967031,Adventure
967031,RPG
967031,Casual
967031,Indie
969854,Casual
969854,Indie
968511,Adventure
973713,Adventure
973713,Indie
977084,Adventure
977084,Casual
976773,RPG
915566,Indie
934443,Casual
934438,Casual
947990,Adventure
947990,Casual
949938,RPG
949938,Indie
947979,RPG
978274,RPG
978274,Strategy
978274,Indie
961615,Simulation
961615,Indie
961295,Casual
962906,Adventure
962906,Casual
963973,Simulation
965899,Adventure
965899,Casual
965899,Indie
962957,Casual
962957,Indie
964576,Simulation
964576,Casual
964576,Indie
964245,Adventure
964245,Casual
964245,Indie
882946,Casual
882946,Indie
876483,Adventure
876483,Simulation
876483,Casual
869659,RPG
869659,Indie
874478,Adventure
871263,Adventure
871263,RPG
900145,Adventure
966708,Adventure
966708,Indie
971313,Adventure
857745,Casual
857745,Indie
905632,Adventure
905632,RPG
907366,RPG
907366,Casual
909838,Casual
917898,Adventure
917898,Casual
923145,Adventure
923145,Indie
933644,Indie
909817,Adventure
909817,Simulation
909817,Casual
818015,RPG
818015,Indie
804755,Adventure
804755,Platformer
815203,Adventure
815203,Casual
815203,Indie
816335,Casual
808859,Adventure
808859,RPG
808859,Indie
816320,RPG
965892,Adventure
965892,Simulation
965892,Casual
854446,Casual
854446,Indie
844364,Adventure
844364,RPG
844364,Simulation
844364,Indie
828492,Adventure
828492,Simulation
840838,Casual
840838,Indie
838115,Adventure
838115,RPG
842384,Casual
842384,Educational
852748,Adventure
852748,RPG
745604,Adventure
745604,Casual
748522,Adventure
748522,RPG
748522,Indie
755042,Simulation
756573,RPG
756609,Casual
776280,Adventure
901672,RPG
901672,Casual
901672,Indie
884794,Strategy
884794,Casual
884794,Indie
776372,Adventure
776372,Casual
774690,Adventure
774690,Casual
789964,Casual
797952,Adventure
797952,RPG
797952,Casual
785798,RPG
785798,Indie
791678,RPG
826812,Adventure
793650,Indie
736215,Casual
725833,Adventure
736414,Adventure
736414,Casual
736414,Indie
719641,Adventure
719641,Strategy
738113,Casual
738113,Indie
739663,Indie
806956,Casual
835127,Casual
743450,Casual
743408,Adventure
739679,Casual
743406,Simulation
743417,Adventure
743489,Casual
748386,RPG
622523,RPG
622522,RPG
669342,RPG
671189,Casual
671189,Educational
671189,Indie
665027,Adventure
665027,RPG
665027,Strategy
665027,Casual
665027,Indie
674216,Adventure
674216,Casual
674216,Indie
769393,Adventure
769393,Simulation
769393,Casual
769393,Indie
756615,RPG
756615,Indie
697540,RPG
700732,RPG
707270,Adventure
707270,Simulation
707270,Casual
694391,Adventure
694391,RPG
694391,Indie
707294,Simulation
707294,Casual
718180,Adventure
718180,RPG
718180,Strategy
718180,Simulation
721005,Adventure
723965,Adventure
723965,Indie
510047,Casual
510047,Indie
523105,RPG
523105,Indie
528705,Adventure
528705,RPG
528705,Simulation
528705,Indie
534211,Simulation
532332,RPG
532332,Strategy
532332,Simulation
532332,Casual
532332,Indie
545142,Indie
743525,RPG
743407,RPG
587292,Puzzle
570166,Simulation
589115,Casual
604014,Casual
604014,Indie
581021,RPG
581021,Casual
616735,Casual
616735,Indie
635230,Adventure
635230,Indie
362651,Adventure
362651,RPG
248700,RPG
248700,Simulation
248700,Indie
236846,Adventure
236846,Casual
236846,Indie
248531,Adventure
248531,Casual
248531,Indie
60757,Casual
60757,Indie
428227,Adventure
428227,Simulation
428227,Indie
428785,Simulation
428785,Casual
428785,Indie
62632,Strategy
62632,Casual
62632,Indie
73746,Adventure
73746,Simulation
76023,RPG
76023,Simulation
350592,Adventure
350592,Casual
350592,Indie
46254,Adventure
46254,Indie
45307,Adventure
45307,Indie
36227,Adventure
36227,Arcade
36227,Casual
36227,Indie
23622,Adventure
23622,Casual
23622,Indie
20719,Simulation
20719,Indie
14363,Adventure
14363,Indie
10808,Adventure
10808,Simulation
10808,Casual
10808,Indie
62799,Adventure
62799,Casual
62370,Adventure
62370,Simulation
62370,Casual
62370,Indie
542639,Adventure
542639,Casual
542639,Indie
354704,RPG
354704,Simulation
354704,Casual
370413,Board Games
370413,Casual
370413,Card
370413,Indie
390569,Adventure
390569,RPG
401752,Adventure
420967,Adventure
420967,RPG
428786,Simulation
428786,Casual
428786,Indie
427967,Strategy
427967,Simulation
427967,Indie
428742,Adventure
428742,RPG
428742,Strategy
428742,Simulation
428742,Casual
428742,Indie
428691,Adventure
428691,RPG
428691,Strategy
428691,Casual
60923,Adventure
60923,Indie
60340,RPG
60340,Casual
60340,Indie
59993,Adventure
59993,RPG
59993,Casual
980299,Adventure
980299,Casual
980299,Indie
980288,RPG
980287,RPG
984149,Adventure
984149,RPG
984149,Strategy
984149,Simulation
984149,Indie
992269,Adventure
992269,Indie
996390,Simulation
996390,Casual
992282,Adventure
992282,Simulation
992282,Casual
986587,RPG
995300,Adventure
995300,Indie
993559,RPG
993559,Simulation
993559,Casual
993559,Indie
976129,RPG
976129,Simulation
976129,Casual
975289,Simulation
977385,Strategy
977385,Casual
979429,Adventure
979429,RPG
979429,Casual
980465,Adventure
980465,RPG
980465,Indie
984997,Adventure
49561,Adventure
49561,Simulation
49561,Casual
49561,Indie
53324,Adventure
60375,Adventure
60375,Indie
60086,Casual
60086,Indie
990682,Adventure
990682,RPG
990682,Casual
990682,Indie
988142,Adventure
988142,RPG
988142,Indie
968842,Adventure
968842,Indie
968573,Adventure
968573,Simulation
968573,Casual
968573,Indie
969516,Simulation
970002,Adventure
973862,Adventure
973862,Strategy
973862,Simulation
973862,Casual
973862,Indie
971497,Casual
971497,Indie
972126,Casual
971263,Indie
972452,RPG
972452,Simulation
972452,Casual
973136,RPG
973136,Simulation
973136,Casual
971505,Casual
971505,Indie
974314,Adventure
974314,Casual
971963,RPG
971963,Simulation
971963,Casual
971963,Indie
973468,RPG
973468,Casual
971800,Adventure
971800,Simulation
971800,Casual
971800,Indie
972837,Adventure
972837,RPG
972837,Casual
972837,Indie
964653,Adventure
964653,RPG
964653,Simulation
964653,Casual
964653,Indie
965303,RPG
965303,Casual
963505,Adventure
963505,Indie
966604,RPG
966865,Adventure
966865,RPG
966865,Casual
965283,RPG
965283,Casual
964946,RPG
964946,Simulation
964946,Casual
964946,Indie
966434,Adventure
966434,Casual
966434,Indie
964051,Adventure
964051,Casual
966272,Adventure
966272,Casual
966272,Indie
967131,Simulation
967131,Casual
968023,Adventure
968023,Casual
968023,Indie
969729,Casual
969729,Indie
969585,Adventure
969568,Adventure
934433,Casual
934456,RPG
934456,Casual
957472,Indie
955619,Simulation
955619,Casual
960160,Adventure
960160,Indie
960621,Simulation
960621,Casual
960621,Indie
949937,Adventure
949937,RPG
949937,Simulation
949937,Casual
949937,Indie
957456,Simulation
957456,Casual
957456,Indie
962565,Adventure
960693,Simulation
961145,Casual
962739,Simulation
962739,Indie
960208,Indie
947975,RPG
961488,Indie
856195,Adventure
856195,Casual
876503,Adventure
876503,Indie
911491,Adventure
911491,Indie
882952,Adventure
882952,Indie
911468,RPG
911468,Simulation
911468,Casual
911468,Indie
905613,Adventure
905613,RPG
905613,Simulation
905613,Casual
905613,Indie
886245,RPG
886245,Indie
913209,Adventure
887807,Casual
887807,Indie
928797,Adventure
938052,Simulation
934628,RPG
934628,Casual
934628,Indie
934444,RPG
934444,Casual
932669,Simulation
932669,Casual
916484,RPG
916484,Simulation
916484,Casual
842404,Casual
842404,Educational
842408,Casual
842408,Educational
842403,Casual
842403,Educational
818045,Adventure
818045,Casual
842481,Casual
842481,Educational
842419,Adventure
842419,RPG
842419,Strategy
872798,Adventure
872798,Casual
863767,Casual
854399,RPG
854399,Casual
842415,Casual
842415,Educational
857722,Adventure
857722,Casual
857722,Indie
861440,Casual
861440,Indie
861417,Adventure
861417,Casual
861417,Indie
842501,Casual
842501,Educational
871232,Casual
871232,Indie
842460,Casual
842460,Educational
769475,Adventure
771489,Simulation
771489,Casual
771489,Indie
776295,Adventure
776295,Casual
776299,Casual
776299,Indie
789967,Adventure
789967,RPG
789967,Casual
789967,Indie
801100,RPG
801100,Strategy
801100,Indie
804754,Adventure
804754,Platformer
791693,Adventure
793671,Adventure
793671,Indie
816307,Casual
840908,Adventure
840908,Simulation
840908,Casual
840908,Indie
830068,Simulation
825325,Casual
825324,RPG
825324,Casual
825324,Indie
739661,RPG
739661,Simulation
739661,Casual
743422,Casual
743398,Simulation
743423,RPG
743411,Casual
743536,Casual
748516,Adventure
748516,RPG
748516,Indie
748496,Adventure
748496,RPG
748496,Casual
748496,Indie
761366,Adventure
761366,Casual
761366,Indie
756619,Adventure
756619,Casual
756619,Indie
754925,Strategy
754925,Indie
769403,Simulation
769403,Casual
769403,Indie
768079,Adventure
768079,Casual
768079,Indie
774750,RPG
774750,Simulation
695912,Adventure
695912,Casual
707264,RPG
711040,Adventure
725784,Adventure
725784,Casual
721009,Adventure
721009,Casual
725793,Adventure
725793,Casual
712552,Adventure
712552,Casual
721011,Casual
734689,Adventure
734689,Casual
736217,Casual
736185,Adventure
736185,RPG
736185,Strategy
736185,Indie
736185,Puzzle
741680,Adventure
741680,RPG
741680,Casual
741680,Indie
743500,Casual
738145,Adventure
738145,Simulation
738145,Casual
644695,Simulation
644695,Casual
641778,Casual
670386,RPG
670386,Indie
651133,Simulation
669396,RPG
663801,Casual
663801,Indie
677173,Casual
677173,Indie
677224,Casual
677224,Indie
672443,Casual
672443,Indie
683203,Casual
711031,Adventure
711031,Strategy
711031,Indie
681551,Adventure
681551,Casual
681551,Indie
690737,Adventure
690737,Casual
690737,Indie
707301,Casual
707301,Indie
683201,Adventure
683201,RPG
541302,Adventure
541302,Simulation
541302,Casual
541251,Casual
548128,RPG
548128,Indie
571725,RPG
563347,Adventure
563347,Casual
563347,Indie
576402,Casual
576435,RPG
570097,Casual
581029,Adventure
581029,RPG
581029,Indie
581189,Adventure
581189,Simulation
600930,RPG
615006,Strategy
615006,Simulation
638760,Adventure
638760,Casual
638760,Indie
643153,RPG
643153,Indie
462911,Adventure
462911,Casual
462911,Indie
470970,Adventure
470970,Casual
470970,Indie
491582,Adventure
491582,Casual
491582,Indie
490934,Casual
490934,Puzzle
491308,Simulation
490707,Indie
491107,Simulation
491970,RPG
491970,Strategy
491304,Casual
491304,Indie
496729,Adventure
496729,Simulation
496729,Casual
496729,Indie
495647,Casual
495647,Indie
496738,Adventure
522999,Simulation
525635,Indie
60705,RPG
60705,Strategy
356083,Adventure
356083,RPG
356083,Strategy
356083,Simulation
356083,Casual
356083,Educational
356083,Indie
74417,Adventure
74417,RPG
91457,Adventure
91457,Indie
90577,Simulation
90565,RPG
333136,Adventure
333136,Casual
333141,Adventure
333141,Casual
334383,Strategy
333137,Adventure
333137,Casual
349155,Casual
262413,Adventure
262413,RPG
262413,Strategy
262413,Indie
286583,Casual
286583,Indie
430511,RPG
430511,Simulation
277930,Adventure
277930,RPG
277930,Casual
313842,Adventure
313842,Casual
313842,Indie
316864,Adventure
316864,Indie
323154,Adventure
323154,Indie
330734,Casual
324123,Adventure
324123,Casual
60989,RPG
60989,Casual
60989,Indie
971071,RPG
971071,Simulation
971071,Casual
309731,RPG
309731,Massively Multiplayer
304938,RPG
304938,Casual
304938,Indie
302330,Indie
282927,RPG
282927,Strategy
282927,Simulation
282927,Casual
282927,Indie
284247,Strategy
284247,Simulation
262719,Adventure
262719,RPG
262719,Casual
262719,Indie
262719,Puzzle
264799,RPG
264799,Casual
264799,Indie
259896,Adventure
259896,Indie
241102,Simulation
241102,Casual
241102,Indie
223553,Adventure
223553,RPG
157395,Simulation
157395,Casual
157395,Indie
91262,Simulation
91262,Fighting
73642,Adventure
73642,Simulation
74156,Adventure
74156,Simulation
74156,Casual
65716,Adventure
65716,Simulation
60309,Simulation
60309,Casual
60309,Indie
60354,Adventure
60354,Casual
60354,Indie
1004961,RPG
1004961,Strategy
1004961,Casual
1003873,Adventure
1003873,Casual
1003873,Indie
1001794,RPG
1001794,Simulation
1001794,Sports
999461,Adventure
999461,RPG
999461,Indie
996999,RPG
996999,Simulation
996999,Casual
61028,Casual
61028,Indie
60215,Simulation
60215,Casual
60215,Indie
60200,Adventure
60626,Casual
60626,Indie
60048,RPG
60048,Indie
58955,Adventure
57750,Adventure
57750,Simulation
50751,Simulation
50751,Casual
50751,Indie
49848,Simulation
49848,Casual
46692,RPG
46692,Strategy
46692,Casual
46030,RPG
46030,Indie
43873,Adventure
43873,Indie
24185,Adventure
24185,RPG
24185,Strategy
24185,Simulation
22550,Adventure
22550,Simulation
22550,Indie
23396,Adventure
23396,Casual
23396,Indie
20838,Adventure
20838,Simulation
20838,Casual
20456,Adventure
20456,RPG
20456,Casual
20456,Indie
20034,Adventure
20034,Indie
18258,Casual
18911,Simulation
18911,Casual
18911,Indie
18463,Adventure
16507,Adventure
16507,Casual
16507,Indie
14311,Simulation
14311,Casual
14311,Indie
13584,Strategy
13584,Simulation
13584,Casual
997997,RPG
997997,Strategy
997997,Simulation
997997,Casual
997997,Indie
994640,Adventure
994640,Casual
994814,Adventure
994814,RPG
994814,Simulation
991953,RPG
991953,Strategy
991953,Simulation
997954,Adventure
997954,RPG
997954,Strategy
997954,Casual
997954,Indie
995777,Simulation
995777,Indie
995821,Simulation
995821,Casual
990119,Simulation
990119,Casual
991294,Adventure
991294,Casual
991294,Indie
989925,Adventure
989925,Indie
989725,RPG
989725,Casual
988508,RPG
988508,Indie
991036,Adventure
991036,RPG
991036,Strategy
991036,Simulation
991036,Indie
989581,Adventure
989581,RPG
989581,Casual
987626,Strategy
987626,Simulation
987626,Indie
985133,Casual
985133,Indie
986135,RPG
986135,Simulation
986135,Casual
986135,Indie
987286,Simulation
987286,Casual
987286,Indie
982928,RPG
982928,Simulation
982928,Casual
982928,Indie
983571,Adventure
983571,RPG
983571,Strategy
983571,Indie
981216,Strategy
980924,Adventure
980924,Simulation
980924,Indie
982769,Adventure
982769,Indie
982661,Strategy
982661,Simulation
982661,Casual
982661,Indie
982784,Adventure
981755,Simulation
981755,Casual
981755,Indie
980249,RPG
980249,Simulation
980249,Casual
980249,Indie
979178,RPG
979178,Simulation
979178,Casual
979795,Simulation
979795,Casual
980840,RPG
980840,Indie
977904,Casual
977904,Indie
976057,RPG
976057,Casual
976057,Indie
975507,RPG
977225,Casual
977225,Indie
977863,Adventure
977863,Casual
975611,Simulation
975538,Adventure
978001,RPG
978001,Simulation
978001,Casual
973486,Adventure
974917,Adventure
974917,Casual
974917,Indie
973795,Indie
972065,Adventure
972065,RPG
972065,Simulation
972065,Casual
972065,Indie
972891,Strategy
972891,Casual
972891,Indie
968344,Simulation
968344,Casual
969651,Casual
969651,Indie
968228,RPG
968228,Indie
968926,Strategy
968926,Casual
968926,Indie
804760,Adventure
804760,Casual
970409,Adventure
970409,Casual
970409,Indie
968020,Adventure
969164,Adventure
969029,Adventure
969029,Casual
969029,Indie
969359,Casual
969359,Indie
969101,RPG
969101,Simulation
969101,Casual
971179,Simulation
971179,Casual
969278,RPG
969278,Simulation
967841,Adventure
967841,RPG
967841,Simulation
967259,Strategy
965287,RPG
965287,Casual
967465,Casual
965612,Adventure
965612,Simulation
965612,Indie
966968,RPG
966968,Simulation
966968,Casual
965368,Sports
965368,Casual
965368,Indie
965691,Casual
965691,Indie
965259,Adventure
965259,Simulation
965259,Sports
965259,Casual
965259,Indie
965396,Adventure
965396,Casual
965396,Indie
967275,RPG
967275,Simulation
967275,Casual
967275,Indie
965298,RPG
965298,Casual
965540,Casual
963522,RPG
963522,Indie
962394,RPG
962394,Strategy
962394,Simulation
962394,Sports
962394,Casual
962394,Indie
964400,Adventure
964400,Indie
964417,Indie
964095,Adventure
962189,Indie
961954,Adventure
961954,Casual
962797,Adventure
962797,RPG
962797,Indie
964521,Adventure
964521,RPG
964521,Indie
962502,Adventure
962502,RPG
962502,Casual
964670,Casual
964670,Indie
962578,Casual
962578,Indie
961095,Adventure
961095,Simulation
961095,Casual
961095,Indie
960966,Casual
960966,Indie
961322,Simulation
961322,Casual
961322,Indie
960451,Casual
960451,Indie
949919,RPG
949919,Casual
949919,Indie
960517,Strategy
960517,Simulation
960517,Casual
955636,RPG
955636,Strategy
955636,Indie
959954,Adventure
959954,Casual
959954,Indie
961101,Adventure
948061,RPG
948061,Simulation
948061,Casual
948112,Adventure
948112,RPG
939780,Adventure
938016,Casual
947978,RPG
947978,Casual
934439,Casual
944970,Simulation
944970,Casual
944970,Indie
926717,Casual
934448,Casual
934454,Casual
934615,Adventure
934615,Casual
934615,Indie
936419,Casual
926784,Casual
926784,Indie
934561,Simulation
934561,Indie
930905,Simulation
930905,Casual
930905,Indie
929383,Adventure
929383,RPG
929383,Strategy
929383,Indie
919738,Adventure
919738,Casual
916543,RPG
916543,Indie
896645,Casual
896645,Indie
882963,Casual
882963,Indie
892945,RPG
892945,Indie
892933,Casual
892933,Indie
881187,Simulation
881187,Indie
874433,Adventure
874433,Indie
887760,Adventure
887760,RPG
887760,Simulation
886284,Adventure
886284,RPG
886284,Simulation
886284,Casual
879647,Casual
889883,Adventure
889883,Indie
878012,Casual
878012,Indie
871286,Adventure
871286,Casual
871286,Indie
887772,Simulation
887772,Casual
887772,Indie
850678,Simulation
846293,Adventure
846293,Casual
852983,Strategy
852983,Simulation
852983,Casual
852983,Indie
865013,Casual
865013,Indie
861416,Adventure
861416,Casual
861416,Indie
842547,Casual
842547,Educational
842582,Casual
842582,Educational
842432,Casual
842432,Educational
842385,Casual
842385,Educational
842453,Casual
842453,Educational
836506,Casual
836506,Indie
842407,Casual
842407,Educational
835124,Casual
833446,Adventure
828468,Adventure
828468,Casual
831891,Adventure
831891,Indie
828473,Adventure
828473,Casual
830083,Casual
830083,Indie
815128,Adventure
815128,RPG
815128,Strategy
815128,Indie
816318,RPG
816318,Puzzle
831817,Adventure
831817,Casual
825320,Adventure
825320,Casual
828476,Adventure
828476,Casual
823547,Adventure
823547,Casual
810290,Adventure
810290,Casual
810290,Puzzle
6724,Board Games
6724,Card
804834,Adventure
804834,RPG
803866,RPG
803866,Simulation
803866,Indie
801054,Indie
804763,Adventure
804763,RPG
801057,Adventure
804833,Adventure
804833,RPG
804833,Casual
804833,Indie
783823,Adventure
783823,Simulation
783823,Casual
783823,Indie
796154,Adventure
796154,RPG
796154,Simulation
796154,Casual
791665,Adventure
791665,RPG
774711,Casual
774711,Indie
760876,Simulation
745774,Adventure
743727,Adventure
743727,Simulation
743727,Casual
743727,Indie
743504,Casual
743518,Casual
743433,RPG
743449,Casual
743485,RPG
743485,Strategy
741574,RPG
741576,RPG
741577,RPG
739672,Indie
743486,RPG
739502,Shooter
739502,RPG
739555,Casual
738029,Casual
736218,Casual
734766,Adventure
734766,RPG
719639,Adventure
719639,Strategy
722679,RPG
722679,Indie
703295,Adventure
703295,Simulation
703295,Indie
712634,Indie
695935,Adventure
695935,RPG
695935,Indie
699083,Adventure
699083,Casual
711039,Adventure
697105,Indie
688769,Casual
688769,Indie
692680,Adventure
692680,Casual
692680,Indie
694417,Adventure
694417,Casual
694417,Indie
690713,Adventure
674310,Simulation
674310,Indie
672325,Adventure
672325,RPG
672325,Simulation
672325,Indie
651508,Adventure
651508,Simulation
650933,RPG
650933,Strategy
650933,Simulation
650933,Casual
651147,RPG
651147,Simulation
651147,Indie
627555,Indie
627661,Casual
627661,Puzzle
622548,Adventure
622548,Casual
622548,Indie
625801,Adventure
625801,Indie
607385,Casual
614992,Indie
613575,Adventure
613575,Indie
608691,Adventure
608691,Simulation
608691,Casual
608691,Indie
610278,Strategy
610278,Simulation
610278,Casual
581130,Casual
573194,Adventure
573194,Simulation
570080,Casual
554774,Simulation
558480,Adventure
558480,Indie
558480,Platformer
557699,Adventure
557699,Simulation
557730,Simulation
557730,Indie
551652,Adventure
551652,Casual
547088,Adventure
547088,Simulation
547088,Indie
541292,Adventure
541292,RPG
523965,Adventure
523965,Casual
523965,Indie
523117,Simulation
498033,Adventure
498033,Simulation
502174,Simulation
499322,RPG
499322,Casual
499322,Indie
495705,Simulation
495705,Casual
495705,Puzzle
505833,RPG
505833,Strategy
490850,Adventure
490850,RPG
490850,Casual
490850,Indie
492035,Strategy
492035,Simulation
492035,Sports
492035,Casual
492035,Indie
491428,Simulation
490632,Adventure
490632,Indie
490479,Adventure
490479,Strategy
490479,Casual
490479,Indie
485175,Casual
490520,Adventure
490520,Casual
490520,Indie
485153,RPG
485153,Indie
476113,Adventure
480753,Adventure
480753,RPG
480753,Strategy
480753,Simulation
480753,Casual
480753,Indie
463760,RPG
463760,Card
463760,Indie
454851,Adventure
437087,RPG
437087,Simulation
428179,Indie
427907,RPG
427907,Simulation
427907,Casual
427907,Indie
430333,Simulation
430333,Casual
411527,RPG
416635,Adventure
416635,Indie
395994,Casual
393536,Adventure
393536,RPG
393536,Strategy
393536,Simulation
393536,Casual
393536,Indie
388961,Indie
385455,RPG
385455,Strategy
370667,Adventure
367111,RPG
367111,Indie
365001,Adventure
365001,RPG
365001,Simulation
365001,Casual
365001,Indie
353441,Adventure
353441,Casual
333138,Adventure
333138,Casual
322362,Adventure
324179,Simulation
311728,Casual
270770,Adventure
270770,Casual
270770,Indie
73140,Adventure
73140,Puzzle
44199,Adventure
44199,Simulation
44199,Indie
91453,RPG
439,RPG
439,Strategy
73685,Adventure
73685,Simulation
65281,Casual
65281,Indie
63967,Casual
63967,Indie
63480,Adventure
63480,RPG
63480,Indie
264784,RPG
264784,Strategy
264784,Indie
50756,Simulation
50756,Casual
50756,Indie
50621,Indie
49832,Adventure
49832,Casual
49832,Indie
47413,Adventure
47413,Casual
47413,Indie
45215,RPG
45215,Indie
45412,RPG
45412,Strategy
45412,Indie
18175,Adventure
18175,Casual
63604,Adventure
63604,RPG
63604,Indie
64054,Simulation
90801,Simulation
89655,Simulation
76263,RPG
76263,Simulation
76263,Casual
73121,Adventure
73121,Puzzle
61564,Indie
61839,Adventure
61839,Indie
61146,Casual
61146,Indie
61844,Simulation
61844,Indie
61229,Casual
61170,Adventure
61170,Casual
61170,Indie
60943,Casual
60303,Casual
60303,Indie
59694,Casual
59694,Indie
59800,Adventure
59800,RPG
59800,Simulation
59800,Casual
59800,Indie
59800,Puzzle
51954,Adventure
51954,RPG
51954,Indie
51581,Indie
51252,Adventure
51252,Casual
51252,Indie
44438,Simulation
44438,Indie
1002821,Adventure
1002821,Casual
1002821,Indie
1002855,Adventure
1002855,Casual
1002855,Indie
1001151,Adventure
1002725,Adventure
1002725,RPG
1002725,Simulation
1002725,Casual
1002725,Indie
1001375,Adventure
1001375,RPG
999420,RPG
999420,Indie
999969,Adventure
999969,RPG
999969,Strategy
999969,Simulation
999969,Casual
999969,Indie
998798,Adventure
998798,Casual
998393,Simulation
998819,Adventure
998819,Casual
998819,Indie
999370,Casual
997196,Casual
997196,Indie
996010,Simulation
996010,Casual
996010,Indie
996430,RPG
996430,Simulation
996430,Casual
996430,Indie
994881,Adventure
993018,Adventure
993018,RPG
993075,Casual
992941,Adventure
992941,Simulation
992941,Casual
992941,Indie
994374,RPG
994374,Simulation
991712,Adventure
991712,RPG
991712,Simulation
991712,Indie
989534,Adventure
989534,RPG
989534,Strategy
989534,Indie
991218,Casual
991218,Indie
989275,Adventure
989275,Simulation
989275,Indie
990246,Adventure
990246,RPG
990246,Indie
990526,Adventure
990526,Simulation
990526,Casual
992359,Adventure
992359,RPG
992359,Simulation
992359,Casual
992359,Indie
990004,Adventure
990004,Casual
990004,Indie
989100,Adventure
989100,RPG
989100,Simulation
989100,Casual
989100,Indie
986563,RPG
986563,Indie
988446,Simulation
988446,Casual
988132,Adventure
988132,Simulation
988132,Casual
989200,RPG
989200,Simulation
989200,Indie
988016,Adventure
987763,Casual
987763,Indie
987690,Adventure
987579,Casual
987579,Indie
987860,Adventure
987860,Indie
985185,Adventure
985185,Casual
985185,Indie
984122,Adventure
984122,Indie
985204,Adventure
985204,Casual
985204,Indie
984393,Adventure
984393,Simulation
984393,Casual
984393,Indie
984028,RPG
984028,Indie
984486,Simulation
984486,Casual
984486,Indie
983804,RPG
983804,Casual
983307,RPG
983307,Simulation
983307,Casual
983790,Casual
983790,Indie
982066,Casual
982066,Indie
982175,RPG
982175,Simulation
982175,Casual
982175,Indie
983669,Adventure
983669,RPG
983669,Simulation
983669,Racing
983669,Casual
981521,RPG
981521,Casual
981521,Indie
981817,RPG
981817,Simulation
983627,RPG
983627,Simulation
983627,Casual
983627,Indie
982009,Adventure
982009,Strategy
982009,Simulation
982009,Casual
982009,Indie
981390,RPG
981390,Simulation
981390,Casual
981390,Indie
981315,Adventure
981315,RPG
981315,Simulation
981315,Casual
981315,Indie
980600,Adventure
980600,RPG
980600,Indie
980286,Simulation
980286,Indie
980229,RPG
980229,Simulation
980229,Casual
980229,Indie
979371,Adventure
979371,RPG
979371,Strategy
979371,Simulation
979371,Indie
979136,Adventure
979136,RPG
979136,Indie
980899,Simulation
980899,Casual
980899,Indie
979976,Simulation
979976,Casual
980381,Simulation
980381,Casual
979868,Adventure
979868,Simulation
979868,Casual
979071,Simulation
980826,Adventure
980826,Indie
979287,Adventure
979287,Indie
978994,Simulation
978994,Casual
978994,Indie
977862,Adventure
977862,Casual
977862,Indie
976569,Casual
978298,Adventure
978298,Indie
976698,RPG
976698,Simulation
976698,Casual
978643,Simulation
977504,Adventure
976684,RPG
977141,Casual
977141,Indie
977487,RPG
977487,Simulation
977487,Indie
975653,Adventure
975653,RPG
975653,Simulation
975653,Casual
975653,Indie
976301,Adventure
976301,Casual
975625,Adventure
975625,RPG
975625,Casual
976058,Simulation
976058,Casual
976058,Indie
975496,Strategy
975496,Simulation
975496,Casual
975346,RPG
975346,Casual
975043,Indie
975163,Adventure
975163,RPG
975163,Indie
974831,RPG
974831,Strategy
974795,Shooter
974421,Indie
973890,Adventure
973890,Indie
974249,Adventure
974249,Casual
974249,Indie
974249,Platformer
973994,Adventure
973994,Simulation
973720,Adventure
973720,Indie
970191,Casual
970191,Indie
971231,Simulation
971566,Casual
971566,Indie
969641,Adventure
969641,RPG
969641,Simulation
972358,Adventure
972358,Casual
972056,Indie
971438,Adventure
971438,Casual
971438,Indie
970429,Casual
972474,RPG
972474,Indie
970705,Adventure
970705,RPG
970705,Casual
970705,Indie
969717,Adventure
969717,Strategy
969717,Simulation
969769,Casual
971899,Adventure
969600,Adventure
969679,Casual
970879,Casual
969433,Adventure
969433,RPG
969433,Indie
968826,Adventure
968826,Indie
969081,Adventure
969066,Adventure
969066,RPG
969066,Casual
969056,RPG
969056,Simulation
969056,Casual
969056,Indie
968309,Adventure
968309,RPG
968221,Casual
969021,Adventure
967774,Adventure
967774,Simulation
968658,Adventure
969220,Adventure
969220,RPG
969220,Indie
969111,Adventure
966041,Simulation
965744,Indie
965497,Strategy
965497,Simulation
965497,Casual
965497,Indie
966913,Adventure
966913,Simulation
966913,Indie
965556,Simulation
965556,Casual
967513,Adventure
967513,RPG
967513,Casual
967513,Indie
964232,Adventure
964232,RPG
964232,Casual
965156,RPG
965156,Casual
965156,Indie
964020,Simulation
964020,Casual
964988,Simulation
964988,Casual
964988,Indie
964339,Adventure
964339,RPG
964339,Simulation
964339,Casual
964339,Indie
965323,Adventure
964331,Adventure
963691,Adventure
963691,Indie
963696,Adventure
963925,Indie
964481,Casual
964428,Adventure
964428,Indie
965135,Adventure
965135,RPG
964207,Sports
964207,Casual
964207,Indie
963967,Indie
964090,Simulation
964090,Casual
964090,Indie
963383,Strategy
963383,Simulation
963383,Casual
963383,Indie
962795,Casual
962756,Adventure
962756,Casual
962756,Indie
962831,Simulation
962831,Casual
963511,Adventure
963127,Adventure
962215,Adventure
962215,Simulation
962215,Casual
962683,Adventure
962683,RPG
962683,Casual
962683,Indie
963656,Adventure
963656,Casual
963656,Indie
962757,Adventure
962757,Simulation
962757,Casual
961680,Simulation
961680,Casual
961123,Adventure
961123,Casual
961123,Indie
961485,Adventure
961485,RPG
961485,Indie
961939,Simulation
961939,Casual
961939,Indie
960982,Adventure
960982,Casual
960982,Indie
960957,Casual
961445,Simulation
961445,Casual
961445,Indie
961320,Adventure
961620,Casual
961620,Indie
960179,Adventure
960179,Strategy
960179,Simulation
960179,Indie
959753,Adventure
959753,Indie
959695,Strategy
959695,Indie
959740,Adventure
959740,RPG
959740,Indie
952072,Adventure
952072,Indie
957514,Adventure
957514,Indie
960399,Adventure
960399,Casual
960399,Indie
960193,Adventure
960193,RPG
960193,Simulation
948139,Adventure
941521,Adventure
941521,Casual
941521,Indie
946642,Adventure
946642,RPG
946642,Indie
948031,RPG
948031,Simulation
938014,Adventure
938014,Casual
945023,Casual
945023,Indie
936470,Adventure
936470,Indie
949910,RPG
949910,Simulation
949910,Casual
934441,Casual
934597,Simulation
934597,Casual
934449,Casual
928820,Casual
926821,Casual
926821,Indie
923105,Casual
923105,Indie
917787,Strategy
917787,Casual
917787,Indie
913270,Adventure
907440,Adventure
907440,RPG
907440,Casual
907440,Indie
917882,Adventure
917882,Simulation
917882,Casual
917882,Indie
907393,Casual
894534,RPG
904217,Adventure
904217,Casual
904214,Simulation
907383,RPG
907383,Strategy
907383,Indie
906777,Casual
906777,Indie
896651,Adventure
896651,Indie
896707,Adventure
896707,Casual
896707,Indie
907420,Adventure
907420,Indie
892910,Adventure
892910,RPG
892910,Indie
892968,Casual
892968,Indie
892908,Casual
892908,Indie
879600,Adventure
879600,RPG
889931,RPG
889931,Indie
879570,Casual
879570,Indie
872800,RPG
872800,Indie
869636,Casual
869636,Indie
866503,Simulation
866503,Casual
868213,Adventure
868213,RPG
868213,Indie
854467,Adventure
854467,Casual
850733,Adventure
850733,RPG
850733,Casual
850733,Indie
856218,Adventure
856218,Casual
856218,Indie
846296,Adventure
846296,Strategy
846296,Puzzle
850680,Casual
846419,Casual
846419,Indie
846452,Simulation
838297,Casual
838263,Adventure
838263,RPG
838081,RPG
831829,Adventure
831829,Casual
838204,RPG
838179,Platformer
831822,Adventure
831822,Casual
831821,Adventure
831821,Casual
831830,Adventure
831830,Casual
831823,Adventure
831823,Casual
835104,Adventure
835104,Casual
831820,Adventure
831820,Casual
830221,Indie
835088,Adventure
835088,Strategy
830225,Adventure
830225,Indie
828474,Adventure
828474,Casual
830034,Adventure
830034,Casual
825317,Adventure
825317,Casual
825319,Adventure
825319,Casual
829392,Adventure
829392,Casual
825318,Adventure
825318,Casual
815186,Simulation
815186,Casual
815186,Indie
825314,Adventure
825314,Casual
825310,Adventure
825310,Casual
825313,Adventure
825313,Casual
807115,Adventure
807115,RPG
807115,Simulation
812133,Simulation
812133,Casual
812133,Indie
791632,Adventure
791632,RPG
791802,RPG
791802,Simulation
787689,Simulation
787689,Casual
787689,Indie
779854,Adventure
779854,Casual
783761,Adventure
783761,Indie
764986,Adventure
774706,Indie
776278,Adventure
776278,Casual
776278,Indie
760191,RPG
761354,Casual
754980,Adventure
754980,Indie
755059,Adventure
755059,Casual
752088,Indie
748112,Adventure
748112,RPG
748112,Indie
745746,Adventure
745746,RPG
743553,Casual
743736,Simulation
743736,Casual
745776,Adventure
745776,RPG
745776,Indie
741575,RPG
743410,RPG
743479,Simulation
743428,Strategy
743403,RPG
743420,RPG
743402,RPG
739698,Casual
739554,Casual
739559,Casual
739538,Adventure
739500,Casual
736320,Adventure
736320,Simulation
736320,Casual
736223,Casual
736222,Casual
736245,Casual
734716,Strategy
734716,Simulation
734716,Casual
734716,Indie
736216,Casual
736175,Casual
720965,Simulation
727401,Adventure
727401,Casual
719638,Adventure
719638,Strategy
721066,RPG
721066,Casual
721066,Indie
719590,Casual
719590,Indie
719610,Adventure
719610,Casual
719610,Indie
718142,Adventure
718142,Casual
712692,Casual
712692,Indie
712600,Adventure
709070,Strategy
709070,Casual
709070,Indie
714490,Simulation
714490,Casual
712581,RPG
712581,Indie
709110,Simulation
709110,Indie
704659,Adventure
694380,Indie
700686,Adventure
694414,Casual
702366,Simulation
702366,Casual
690747,Adventure
690747,Indie
678588,Adventure
678588,Indie
681472,Adventure
681472,Casual
683194,Casual
683194,Indie
692604,Adventure
692604,Casual
677210,Casual
677210,Indie
663764,Adventure
663764,Simulation
663764,Casual
669359,Adventure
667716,Adventure
667716,Strategy
667783,Simulation
667783,Casual
667783,Indie
650761,RPG
647579,Adventure
647579,Casual
647579,Indie
649054,Simulation
638779,Adventure
638779,Casual
638779,Indie
627385,Simulation
625699,Adventure
625699,RPG
625699,Casual
625699,Indie
630702,Simulation
597181,Simulation
608522,Adventure
608522,Indie
605632,Adventure
605632,Strategy
605632,Indie
598582,Casual
598582,Indie
596887,Simulation
602313,RPG
602313,Strategy
602313,Indie
586223,RPG
586223,Simulation
586171,Adventure
586171,Indie
578251,RPG
578251,Simulation
579566,RPG
580060,Casual
580060,Indie
579556,Casual
566565,Adventure
566565,Puzzle
571705,Adventure
571705,Indie
570156,Simulation
556196,RPG
556196,Simulation
559029,RPG
559029,Indie
541328,Adventure
541328,RPG
541273,Casual
541273,Indie
548042,Adventure
548042,RPG
548042,Indie
536910,Adventure
536910,Casual
536910,Indie
532447,Adventure
532447,RPG
525649,Simulation
523043,RPG
520299,Adventure
517369,Adventure
517369,RPG
517369,Indie
518625,Adventure
518625,RPG
518625,Strategy
518625,Simulation
518625,Casual
518625,Indie
496725,Simulation
499211,Adventure
499211,RPG
498785,Adventure
498785,RPG
496762,Simulation
496762,Casual
496762,Indie
491750,Indie
491458,Casual
491458,Indie
492254,RPG
492254,Simulation
491647,Adventure
492091,Indie
492070,RPG
492070,Strategy
492070,Simulation
492070,Casual
492070,Indie
490624,Adventure
488416,Adventure
488416,Indie
470377,RPG
470377,Indie
461796,RPG
461796,Simulation
457557,Adventure
457557,RPG
430467,Indie
430522,RPG
430522,Simulation
427896,RPG
427896,Casual
427896,Indie
427627,Indie
428018,Indie
428021,Adventure
428021,RPG
428021,Simulation
428021,Casual
428021,Indie
419709,RPG
420971,Casual
392031,Adventure
385611,RPG
385611,Simulation
373645,Casual
373645,Indie
366295,Adventure
366295,RPG
349322,Adventure
349322,Strategy
349322,Casual
349322,Massively Multiplayer
349322,Indie
338424,Adventure
338424,Simulation
14292,RPG
14292,Indie
306930,RPG
294156,Casual
294156,Indie
297254,Casual
297254,Indie
298444,Simulation
298444,Casual
298444,Indie
297325,Adventure
297325,Casual
297325,Indie
287327,Casual
287327,Indie
279052,Casual
279052,Indie
282923,Simulation
282923,Indie
19961,Casual
19961,Indie
253253,Indie
254601,Adventure
257069,Adventure
257069,RPG
257069,Simulation
257069,Indie
257069,Puzzle
248449,Casual
236295,RPG
216331,Casual
216331,Indie
92245,RPG
90945,Adventure
91725,Adventure
4088,Adventure
4088,Simulation
5070,Adventure
5070,RPG
8525,Simulation
8525,Arcade
11431,Adventure
12243,Adventure
12243,Indie
13295,Simulation
13295,Casual
13295,Indie
14035,Adventure
14035,Indie
15828,Adventure
15828,RPG
15828,Casual
15828,Indie
18653,RPG
18653,Simulation
18653,Indie
21049,Simulation
21049,Casual
21049,Indie
23289,Adventure
23289,Strategy
23289,Indie
24676,Casual
24676,Educational
25406,Simulation
25406,Casual
25406,Indie
27788,Adventure
27788,RPG
27788,Strategy
27788,Simulation
41171,Adventure
41171,Puzzle
44816,RPG
45931,Simulation
45931,Indie
46972,Simulation
46972,Casual
46972,Indie
49482,Adventure
49482,Casual
49482,Indie
49704,Casual
49704,Indie
51461,Adventure
51461,RPG
51461,Indie
60164,Strategy
60164,Casual
60164,Indie
60363,Adventure
60363,Casual
60363,Indie
60564,Simulation
60564,Casual
60564,Indie
60419,Casual
60419,Indie
60131,Simulation
60131,Casual
60131,Indie
60825,RPG
60825,Simulation
60825,Casual
60825,Indie
61288,Casual
61288,Indie
61985,Adventure
61985,Simulation
61985,Casual
61985,Indie
61452,Adventure
62085,Simulation
62085,Casual
62085,Indie
62640,Adventure
62640,Casual
62640,Indie
62902,Indie
64422,Adventure
64422,Casual
64422,Indie
64629,Simulation
64629,Casual
64629,Indie
64367,Casual
64367,Indie
64531,Casual
64531,Indie
64404,Adventure
64404,Casual
64404,Indie
64745,Adventure
72887,Adventure
72887,Puzzle
73610,Adventure
73610,Puzzle
73323,Adventure
73323,Puzzle
73518,Adventure
73518,Puzzle
73441,Adventure
73441,Simulation
73603,Adventure
73603,Puzzle
73314,Adventure
73314,Puzzle
73574,Adventure
73574,Puzzle
74040,Adventure
74040,Simulation
73844,Adventure
73844,Simulation
73964,Adventure
73964,Simulation
73955,Adventure
73955,Simulation
74384,Adventure
74384,Simulation
74384,Casual
998630,Adventure
998630,RPG
998630,Casual
998615,Adventure
998615,RPG
998615,Indie
999139,Adventure
999139,Simulation
999139,Indie
999196,RPG
999196,Simulation
999196,Casual
999196,Indie
999475,Adventure
1000881,Adventure
1000881,Casual
1000881,Indie
1000683,Casual
1000842,Adventure
1000842,Simulation
1000842,Casual
1000842,Indie
1000328,Adventure
1000328,Simulation
1000328,Casual
1000328,Indie
1002268,RPG
1002268,Casual
1002268,Indie
1003137,Adventure
1003137,Indie
1005985,Casual
1005741,RPG
1005741,Simulation
1005741,Casual
1005741,Indie
995852,Adventure
995852,RPG
995852,Strategy
995852,Simulation
995852,Casual
995852,Indie
994709,Adventure
994709,Casual
994709,Indie
997817,RPG
997817,Simulation
997817,Indie
996831,RPG
996831,Simulation
996831,Casual
996831,Indie
996471,Adventure
996471,Simulation
996764,RPG
996764,Simulation
996764,Casual
996764,Indie
997490,RPG
997490,Casual
997490,Indie
998038,Adventure
998038,RPG
998038,Indie
997414,Simulation
997414,Indie
996105,Indie
998611,RPG
998611,Simulation
998611,Indie
997874,RPG
997874,Simulation
997874,Indie
997451,Adventure
999098,Simulation
999098,Casual
999098,Indie
998716,Casual
999100,Adventure
999100,RPG
999100,Indie
993625,Adventure
993101,Indie
993275,Indie
993783,Casual
993896,Adventure
993896,RPG
993896,Strategy
993896,Casual
993896,Indie
993541,Adventure
993541,Casual
993541,Indie
993599,RPG
993599,Indie
994696,Adventure
994696,Indie
995737,Adventure
995737,Strategy
995737,Indie
994118,Adventure
994118,RPG
994118,Simulation
994118,Casual
994118,Indie
994528,Indie
995391,Simulation
995391,Indie
996083,Adventure
996083,Indie
995487,Indie
990467,RPG
990467,Casual
990467,Indie
989832,Strategy
989832,Simulation
989832,Casual
990653,RPG
990653,Casual
990574,RPG
990574,Simulation
990468,RPG
990468,Simulation
990468,Casual
990468,Indie
990313,Adventure
990313,RPG
990313,Casual
990914,Casual
992691,Indie
991968,Casual
991968,Indie
992156,Adventure
991316,RPG
991316,Strategy
991316,Casual
991316,Indie
992164,Adventure
992164,Simulation
992164,Indie
992545,Adventure
992545,RPG
992167,Indie
991042,Adventure
991042,Casual
991042,Indie
993079,Simulation
993079,Indie
986324,Adventure
986324,RPG
986324,Indie
987081,Adventure
986887,Adventure
986887,Indie
986570,Simulation
986570,Indie
986746,Simulation
986746,Educational
986782,Adventure
986782,RPG
986782,Casual
986782,Indie
987912,Simulation
987004,RPG
987004,Simulation
987004,Casual
987004,Indie
987398,Adventure
987398,RPG
987398,Simulation
987398,Casual
987930,RPG
987930,Casual
988334,Simulation
988334,Casual
988334,Indie
988716,RPG
988716,Indie
989034,Adventure
990496,Adventure
990496,RPG
990496,Casual
990496,Indie
990081,Simulation
990081,Casual
981203,Adventure
982185,Casual
982185,Indie
983299,RPG
983299,Casual
983299,Indie
983235,Adventure
983235,RPG
983235,Simulation
983235,Casual
983235,Indie
983327,Adventure
983401,Adventure
983401,Casual
983596,Adventure
983596,RPG
983596,Casual
983596,Indie
983666,Adventure
983666,RPG
984327,Strategy
984327,Casual
984327,Indie
984335,Indie
984974,Adventure
984974,Simulation
984974,Indie
985015,Simulation
985015,Casual
985015,Indie
985225,Simulation
985225,Casual
985225,Indie
984998,Simulation
985487,Adventure
985487,RPG
985487,Strategy
985487,Simulation
985487,Casual
985487,Indie
986224,Simulation
986224,Indie
979455,RPG
979455,Casual
979930,Adventure
979930,Indie
979981,Adventure
979981,Simulation
979981,Casual
980617,Adventure
980617,Simulation
980617,Casual
980617,Indie
980985,Adventure
980985,RPG
980985,Strategy
980985,Casual
980985,Indie
980239,Adventure
980239,RPG
980239,Indie
981202,Adventure
980177,Adventure
980177,Strategy
980177,Simulation
980177,Indie
980398,Adventure
980398,RPG
980398,Simulation
980398,Casual
981089,RPG
981089,Simulation
981089,Indie
981622,Adventure
981622,RPG
981622,Casual
982337,Casual
982849,RPG
982849,Casual
981334,Indie
982687,Indie
981692,Adventure
981692,Casual
981692,Indie
977301,Indie
976993,Casual
977171,RPG
977171,Simulation
977171,Casual
977684,Casual
977684,Indie
977586,Simulation
977586,Casual
977586,Indie
976971,Adventure
976971,Indie
977936,Adventure
977936,RPG
977936,Strategy
977936,Indie
977896,Adventure
977896,RPG
977896,Indie
978206,RPG
978206,Simulation
978206,Casual
978607,Adventure
978898,RPG
978898,Indie
978703,Adventure
978703,RPG
979878,RPG
979878,Simulation
979878,Casual
979878,Indie
979798,Casual
979706,Adventure
979706,Casual
979706,Indie
975279,Adventure
975279,Casual
975279,Indie
975782,Simulation
975782,Casual
975782,Indie
975550,Adventure
975550,RPG
975550,Simulation
975550,Casual
975550,Indie
976515,Adventure
976515,Casual
976515,Indie
976128,Adventure
976128,RPG
976128,Indie
975877,RPG
975877,Indie
975872,RPG
975872,Simulation
975872,Casual
975872,Indie
976259,Casual
976259,Indie
976395,RPG
976427,Simulation
976427,Casual
976427,Indie
976965,Adventure
978169,RPG
978169,Simulation
978169,Casual
976893,RPG
976893,Simulation
976893,Casual
976893,Indie
973722,Adventure
973722,Indie
973725,Indie
973276,Casual
973673,Adventure
973498,Adventure
973498,Simulation
973498,Casual
974102,RPG
973813,Adventure
973813,Indie
973976,Adventure
973976,Casual
973855,Casual
974400,Adventure
974400,Indie
975160,Adventure
975160,Indie
975493,Adventure
975493,RPG
975493,Indie
974837,RPG
974837,Simulation
974837,Casual
975503,Adventure
975503,Simulation
975503,Casual
975503,Indie
974866,Adventure
974866,Casual
974866,Indie
973263,Adventure
973263,Indie
972230,Adventure
972240,RPG
972240,Casual
972185,Simulation
972185,Indie
972267,Simulation
972267,Casual
972306,Adventure
972269,Adventure
972269,Casual
972269,Indie
972417,Casual
972308,RPG
972308,Simulation
972308,Casual
972308,Indie
972728,Simulation
972728,Casual
972286,Simulation
972286,Casual
972705,RPG
972705,Indie
973218,Adventure
973218,Indie
973024,Adventure
973024,RPG
973024,Casual
973024,Indie
973132,Adventure
973132,Casual
973132,Indie
973611,Adventure
973611,Casual
968999,RPG
968999,Casual
968398,Casual
968398,Indie
969534,Simulation
969138,Casual
969138,Indie
969067,Adventure
969067,RPG
969650,Casual
969650,Indie
971216,Adventure
971216,Indie
971354,Adventure
971354,Casual
971354,Indie
971716,Simulation
971716,Casual
971716,Indie
971728,Adventure
971728,RPG
971728,Casual
972127,Adventure
972127,Casual
972127,Indie
970657,Casual
970657,Indie
970658,RPG
970658,Indie
971304,RPG
971304,Strategy
971304,Simulation
971304,Casual
971583,Casual
970934,Adventure
970934,Casual
966839,Adventure
966839,Casual
967278,Adventure
967278,Simulation
967278,Casual
967278,Indie
968138,Casual
967766,Adventure
967766,RPG
967766,Indie
967481,Adventure
967481,Casual
967481,Indie
967499,RPG
967499,Strategy
967499,Indie
967839,Adventure
967839,Casual
967839,Indie
967761,Adventure
967761,RPG
967761,Casual
967761,Indie
968244,Adventure
968244,Simulation
968244,Casual
968244,Indie
969245,RPG
969245,Indie
968820,Adventure
968820,RPG
968820,Strategy
968820,Casual
968820,Indie
969510,Adventure
968947,Adventure
968947,Indie
968669,Adventure
968669,Casual
968669,Indie
969001,Casual
969001,Indie
964321,Casual
964321,Indie
964813,Adventure
964813,Indie
964810,Casual
964810,Indie
964682,Adventure
964682,Casual
964682,Indie
964835,Adventure
964835,Casual
964835,Indie
965017,RPG
965017,Indie
965413,Simulation
965413,Casual
965413,Indie
965739,Adventure
965739,Simulation
965739,Casual
966131,Simulation
966131,Casual
966131,Indie
965486,Adventure
965486,Casual
966370,Adventure
965950,Adventure
965950,Indie
967292,Adventure
967292,Casual
967292,Indie
966528,Adventure
966528,Casual
966528,Indie
966930,Simulation
967012,Adventure
967012,RPG
967012,Indie
962447,Adventure
962447,Casual
962447,Indie
962567,RPG
962507,Adventure
962507,Casual
962554,Adventure
962554,Indie
963745,Strategy
963745,Casual
963745,Indie
964065,Adventure
964065,RPG
964065,Simulation
963662,Adventure
963662,Casual
963662,Indie
963622,Indie
963320,Casual
963320,Indie
964028,Simulation
964028,Sports
964028,Casual
964028,Indie
964096,Casual
963892,Casual
963892,Indie
965157,Adventure
965157,RPG
965157,Casual
965157,Indie
964804,Casual
964804,Indie
964169,Simulation
964169,Casual
964660,Adventure
964660,Casual
964660,Indie
960266,Casual
960266,Indie
961015,Casual
961015,Indie
961197,Adventure
960938,Adventure
960938,RPG
960938,Indie
961264,Casual
961264,Indie
960746,Adventure
961548,Adventure
961548,RPG
961159,Adventure
961159,Simulation
961159,Casual
961086,Casual
961086,Indie
961496,Adventure
962548,Adventure
962548,Casual
962548,Indie
962096,RPG
962096,Indie
962833,Adventure
962733,Adventure
962733,Simulation
962733,Casual
962733,Indie
962910,Adventure
962910,Indie
962434,Casual
959620,Adventure
959620,Indie
953997,Strategy
953997,Simulation
953997,Indie
957502,Adventure
957502,RPG
959658,Adventure
959658,RPG
959658,Simulation
955663,RPG
955663,Strategy
957459,Adventure
957459,Simulation
957459,Casual
957459,Indie
959673,Adventure
959673,Indie
959663,Casual
957450,Simulation
957450,Casual
957450,Indie
960135,Adventure
960135,Casual
960135,Indie
959888,Strategy
959888,Simulation
959888,Casual
960330,Strategy
960330,Indie
960503,Indie
960743,Adventure
960743,RPG
960743,Strategy
959764,Adventure
934447,Casual
939830,Adventure
939830,RPG
939830,Indie
939834,RPG
939834,Indie
941485,Adventure
941485,RPG
941485,Indie
941471,RPG
941471,Strategy
941471,Simulation
941471,Indie
941497,Adventure
943537,Adventure
946570,Adventure
946570,RPG
941481,Simulation
941481,Casual
944972,Indie
947465,Adventure
947465,Casual
947465,Indie
952031,Adventure
952031,Casual
952031,Indie
949936,Adventure
949936,Casual
949936,Indie
952100,RPG
952100,Simulation
952100,Indie
946594,Adventure
946594,Simulation
946594,Indie
946591,Casual
925082,Adventure
925082,Indie
926770,Adventure
926770,Simulation
926770,Indie
925060,RPG
925060,Casual
925060,Indie
925069,Adventure
925069,Simulation
925069,Casual
925069,Indie
926720,Strategy
926720,Casual
926720,Indie
934512,Adventure
934512,RPG
934512,Simulation
934512,Casual
932388,Adventure
932388,Indie
932639,Casual
932639,Indie
934445,RPG
934445,Casual
934457,RPG
936449,Indie
934453,Casual
934432,Casual
934452,Casual
934592,Adventure
934592,Indie
909815,Casual
909815,Indie
907371,RPG
907371,Casual
911441,Adventure
911441,Indie
907379,Simulation
907379,Casual
911521,Casual
911521,Indie
911528,RPG
911528,Simulation
917863,Adventure
917863,Indie
916506,Adventure
916506,Simulation
916506,Casual
914856,Adventure
914856,RPG
914856,Casual
914856,Indie
923060,Indie
917856,Indie
916468,Casual
916482,Adventure
916482,Simulation
916482,Indie
925109,Adventure
925109,Simulation
925109,Casual
925055,Adventure
882978,Casual
882978,Indie
881228,Adventure
879567,Adventure
879567,Casual
879567,Indie
887790,Casual
886258,Casual
884081,Casual
884081,Indie
884725,Simulation
884725,Casual
884725,Indie
889896,Adventure
889896,Casual
894478,Adventure
894478,Indie
894471,Indie
889924,Adventure
889924,RPG
889924,Simulation
889924,Casual
889924,Indie
900172,RPG
901627,Adventure
901627,Indie
898398,Indie
868114,Adventure
868114,Indie
872840,Adventure
872840,Simulation
872840,Casual
872840,Indie
868173,Adventure
868129,Adventure
868129,RPG
868129,Simulation
868129,Indie
871236,Simulation
871236,Casual
871236,Indie
871189,Adventure
871189,Casual
874436,Adventure
874436,RPG
874436,Indie
879649,RPG
883003,Casual
876490,Adventure
876490,Casual
881210,Adventure
881210,Casual
876499,Casual
876499,Indie
883038,Casual
883038,Indie
875658,Casual
842443,Simulation
842443,Indie
838192,RPG
840826,Casual
840826,Indie
850679,RPG
850679,Simulation
850679,Casual
849475,Casual
849475,Indie
849449,Strategy
849449,Simulation
849449,Casual
850752,Adventure
850752,Casual
856182,Adventure
856182,RPG
856182,Indie
854360,Casual
854360,Indie
854427,Simulation
854427,Casual
857640,Adventure
857640,RPG
857640,Casual
857640,Indie
865056,Simulation
865056,Casual
868929,Adventure
868929,Casual
868929,Platformer
828472,Adventure
828472,Casual
823621,Adventure
828469,Adventure
828469,Casual
828470,Adventure
828470,Casual
828479,Adventure
828479,Casual
828481,Adventure
828481,Casual
831825,Adventure
831825,Casual
831827,Adventure
831827,Casual
831818,Adventure
831818,Casual
831828,Adventure
831828,Casual
833562,RPG
833562,Indie
831819,Adventure
831819,Casual
828477,Adventure
828477,Casual
828480,Adventure
828480,Casual
833451,Adventure
833451,RPG
831873,RPG
831873,Casual
791651,Adventure
801035,Casual
802524,Adventure
802524,Indie
804997,RPG
804997,Card
806957,Casual
810521,Adventure
810521,Simulation
810521,Indie
806955,Casual
812190,Adventure
812190,Casual
812190,Indie
813556,Simulation
813556,Casual
818050,RPG
817995,Adventure
823561,Adventure
823561,Casual
761433,Adventure
761433,Casual
761433,Indie
761408,RPG
761408,Indie
772565,Casual
776323,Adventure
776323,Indie
776338,Adventure
776303,Adventure
776303,Simulation
776339,Adventure
778184,Adventure
778184,Casual
778183,Adventure
778183,Casual
779882,Adventure
779882,RPG
779882,Indie
787779,Adventure
787779,Puzzle
791764,Simulation
745820,Adventure
745820,RPG
745820,Strategy
745820,Simulation
745820,Indie
745770,Casual
748664,Adventure
748664,RPG
748664,Simulation
748664,Casual
748664,Indie
750328,Casual
750310,Casual
752072,Indie
752064,Adventure
752118,Adventure
752118,Casual
752118,Indie
752142,Adventure
752142,Indie
759900,Adventure
769446,Adventure
769446,RPG
769446,Casual
769446,Indie
771286,Adventure
771286,Casual
734677,Casual
736219,Casual
736334,Adventure
736334,Casual
736246,RPG
738066,RPG
738066,Casual
739571,Casual
741599,Casual
741712,Casual
741712,Indie
743434,Casual
743551,Casual
743491,Casual
743600,RPG
743600,Indie
745779,Adventure
745779,RPG
745779,Simulation
748219,Adventure
748219,Indie
711034,RPG
711034,Strategy
711034,Indie
704665,Casual
704665,Indie
704492,Simulation
704758,Simulation
702355,Adventure
702355,Indie
712673,Strategy
712673,Simulation
712673,Casual
712673,Indie
717035,Adventure
717035,Casual
717035,Indie
724098,Adventure
724083,Indie
725564,Adventure
725564,Casual
725564,Indie
723977,Adventure
723977,RPG
723977,Casual
723977,Indie
729306,RPG
729306,Indie
651434,Adventure
651434,Simulation
651434,Casual
664995,Simulation
664995,Indie
674208,Adventure
674208,Simulation
674208,Indie
673850,Adventure
673850,Casual
673850,Indie
678608,RPG
681565,Adventure
684980,Adventure
684980,Indie
692584,Casual
692584,Indie
694389,Adventure
694389,Casual
694389,Indie
697543,Casual
613552,Adventure
627532,Strategy
627532,Simulation
627532,Casual
625763,Casual
625705,Adventure
625705,Indie
624402,RPG
624402,Strategy
628242,Indie
630820,Simulation
630820,Casual
630820,Indie
633434,Adventure
633434,Casual
633434,Indie
641749,Adventure
641749,RPG
641749,Casual
641749,Indie
640245,RPG
640245,Simulation
640245,Casual
640245,Indie
647565,Adventure
647565,Indie
650929,Casual
579557,Casual
586094,Simulation
585974,Simulation
585974,Casual
585974,Puzzle
586126,Casual
594399,Adventure
594399,Casual
593302,Adventure
593302,RPG
593359,Adventure
593359,Casual
593359,Indie
593327,Adventure
593327,Indie
610243,Adventure
610243,Casual
610243,Indie
608649,Adventure
608649,Indie
611695,Casual
611695,Indie
607380,Casual
607380,Indie
613588,RPG
540065,Adventure
540065,RPG
540065,Indie
546528,Casual
546528,Indie
545074,Adventure
545074,Casual
545074,Indie
551288,Shooter
551288,RPG
552961,RPG
552961,Indie
552996,RPG
552996,Strategy
552996,Simulation
552996,Casual
552996,Indie
563399,RPG
563399,Strategy
557724,Adventure
557724,Simulation
557759,Adventure
557759,Simulation
557759,Indie
557707,Adventure
557707,Casual
557707,Indie
570153,RPG
570153,Simulation
570153,Indie
576457,Adventure
576457,Indie
576457,Puzzle
581102,Casual
581102,Indie
516809,Adventure
516809,Indie
514956,Casual
514956,Indie
518630,Casual
518630,Indie
523135,Casual
523135,Indie
523145,Indie
527429,Simulation
527429,Casual
527429,Indie
534217,Adventure
534217,Casual
534217,Indie
530525,Casual
530525,Indie
534652,Casual
534652,Indie
535548,Adventure
535548,RPG
535681,RPG
535681,Casual
535681,Indie
536903,Adventure
536903,Indie
540068,Casual
540068,Indie
491974,Simulation
491974,Casual
491974,Indie
491410,Adventure
491410,Casual
491370,Adventure
491370,RPG
491370,Simulation
491370,Casual
491370,Indie
491225,Simulation
491756,Casual
491756,Indie
491240,Strategy
491240,Simulation
491240,Casual
491240,Indie
492108,Simulation
492108,Casual
492108,Indie
492110,Adventure
492110,Casual
492110,Indie
491715,RPG
491715,Casual
491715,Indie
492234,Adventure
492234,RPG
492234,Simulation
492234,Indie
502142,Adventure
502142,RPG
502142,Simulation
502142,Casual
502142,Indie
505932,RPG
505932,Simulation
505932,Casual
505932,Indie
504897,Casual
508562,Adventure
508562,Simulation
510037,Indie
484749,Simulation
484749,Casual
484749,Indie
484918,Adventure
484918,Indie
484661,Adventure
484661,Casual
484661,Indie
485180,Indie
490474,Simulation
490474,Casual
490474,Indie
490654,Casual
490654,Indie
490441,Casual
490441,Indie
490841,Casual
490841,Indie
491019,Adventure
491012,Adventure
491012,Indie
491267,Adventure
491267,Indie
491275,Adventure
491275,Indie
491204,Casual
491204,Indie
427594,Adventure
427594,RPG
427594,Simulation
427594,Indie
428246,Casual
428246,Indie
428267,Adventure
428267,RPG
428267,Indie
428358,Strategy
428358,Sports
428358,Racing
428358,Massively Multiplayer
428751,Adventure
428751,RPG
428751,Indie
430374,Adventure
430449,Adventure
430449,Casual
430449,Indie
446916,RPG
446916,Strategy
450742,Adventure
450742,Casual
450742,Indie
455219,Adventure
455219,RPG
455219,Casual
455219,Indie
386510,Adventure
386510,Casual
386510,Indie
386536,Adventure
386536,Casual
386536,Indie
388965,RPG
388965,Strategy
388965,Massively Multiplayer
392046,Adventure
393563,Casual
393563,Indie
397073,Simulation
395956,Adventure
395956,Indie
401133,Indie
350830,Adventure
350830,Casual
350830,Indie
350835,Casual
350835,Indie
363589,Adventure
363589,Platformer
368568,Adventure
368165,Adventure
368165,RPG
368165,Indie
370237,Indie
373604,Adventure
373604,RPG
373604,Simulation
373604,Indie
374019,Adventure
374019,Casual
374019,Indie
295025,Simulation
295025,Casual
295025,Indie
301293,RPG
316485,Simulation
321254,Adventure
321254,Casual
326590,Simulation
325015,Adventure
325015,Casual
325015,Indie
328692,Adventure
328692,Simulation
328694,Adventure
328694,Simulation
331993,Adventure
336049,Adventure
349666,Simulation
246920,Adventure
246920,Puzzle
254792,Adventure
254792,Puzzle
255847,Adventure
255847,Indie
268316,Casual
268316,Indie
270773,Indie
281922,Adventure
281922,RPG
281922,Simulation
283996,Adventure
283996,Indie
293628,Racing
297431,Adventure
297431,Simulation
103766,Simulation
164142,Simulation
233970,Adventure
233970,RPG
233970,Indie
236711,Casual
236711,Indie
236819,Casual
236819,Indie
240125,Adventure
240125,RPG
238796,Casual
238796,Indie
240123,Adventure
240123,RPG
240123,Simulation
244791,Casual
244791,Indie
244756,Casual
244756,Indie
244767,Casual
244767,Indie
84235,Educational
84235,Family
90535,RPG
90412,Simulation
90412,Casual
90412,Indie
90580,RPG
90935,RPG
90939,Adventure
92288,Simulation
9027,Adventure
9027,Family
9027,Puzzle
982541,Indie
982435,Casual
982435,Indie
982399,Adventure
982399,Casual
982399,Indie
982500,Adventure
982500,RPG
982500,Casual
982500,Indie
982551,RPG
982551,Indie
982492,Adventure
73795,Adventure
73795,Simulation
73270,Adventure
73623,Adventure
73623,Puzzle
72443,Adventure
72443,Puzzle
988125,Adventure
988182,Simulation
988182,Casual
988113,Adventure
988113,RPG
988113,Casual
988113,Indie
988200,Adventure
988200,Simulation
988200,Casual
988200,Indie
988413,Adventure
988413,Casual
988413,Indie
988997,Adventure
988997,Indie
988851,Casual
988858,Simulation
988858,Casual
989207,Adventure
989207,Casual
989207,Indie
988903,Adventure
988903,RPG
988903,Strategy
988903,Indie
989005,Adventure
989005,RPG
989005,Strategy
989005,Indie
989120,Adventure
989120,RPG
989238,Adventure
989238,RPG
989238,Casual
989238,Indie
989003,RPG
989003,Simulation
989003,Casual
989003,Indie
984747,Adventure
984747,Casual
984747,Indie
984708,Indie
984849,Adventure
984849,Indie
984118,Adventure
984118,Simulation
984118,Casual
984118,Indie
985277,RPG
985277,Simulation
985277,Casual
985211,Adventure
985211,RPG
985211,Strategy
985211,Simulation
985211,Casual
985155,Adventure
985155,Simulation
985155,Casual
985155,Indie
985308,Adventure
985308,RPG
985308,Casual
985308,Indie
985242,Adventure
985242,RPG
985242,Casual
985242,Indie
985408,Casual
985408,Indie
985297,Casual
985297,Indie
985358,Adventure
985358,Casual
986641,Adventure
986641,Simulation
986641,Casual
62084,Casual
62084,Indie
63156,Casual
63156,Indie
982487,Adventure
982487,RPG
982487,Simulation
982487,Casual
982421,Adventure
982421,RPG
982421,Indie
982734,Adventure
982734,Simulation
982734,Indie
983278,Casual
983278,Indie
982762,Adventure
982762,Simulation
982762,Indie
983281,Adventure
983281,Casual
983281,Indie
983331,Adventure
983507,Adventure
983507,Casual
983507,Indie
983297,Adventure
983297,RPG
983297,Simulation
983297,Indie
983001,Simulation
983001,Casual
983001,Indie
984150,Adventure
984150,RPG
984150,Simulation
984150,Indie
984234,Adventure
984234,Strategy
984234,Simulation
984234,Indie
984336,RPG
984336,Strategy
984336,Simulation
984336,Casual
984336,Indie
985689,RPG
985689,Indie
985630,RPG
985630,Simulation
985964,Adventure
985964,RPG
985964,Simulation
985964,Indie
986032,RPG
986032,Indie
985961,RPG
985961,Simulation
985961,Casual
985526,Casual
985526,Indie
986062,RPG
986062,Simulation
986062,Casual
986381,Adventure
986381,Casual
986249,Adventure
986249,Casual
986249,Indie
986285,Adventure
986285,RPG
986285,Simulation
986285,Indie
986619,Strategy
986619,Simulation
986619,Casual
986619,Indie
986629,Adventure
986629,RPG
986629,Simulation
60350,Adventure
60350,Casual
60350,Indie
60133,Adventure
60133,Simulation
60133,Casual
60133,Indie
61427,Casual
61427,Indie
1005295,RPG
1005295,Simulation
1005295,Casual
1005295,Indie
1005234,Indie
1004890,Simulation
1005202,RPG
1005202,Indie
1005744,Simulation
1006359,Adventure
1006359,RPG
1006359,Simulation
1006592,Adventure
1006592,RPG
1006592,Casual
1006592,Indie
1006904,Casual
1006127,Adventure
1006127,Indie
1005691,Adventure
1005691,RPG
1005691,Strategy
1005691,Indie
1006687,Adventure
1006687,Simulation
1006687,Casual
1006738,Adventure
985867,RPG
985867,Simulation
985867,Casual
985867,Indie
985640,Simulation
1003287,Adventure
1003287,RPG
1003287,Simulation
1003287,Casual
1003287,Indie
1003451,Adventure
1003451,RPG
1003451,Strategy
1003451,Simulation
1003451,Indie
1003381,Adventure
1003381,RPG
1003381,Simulation
1003380,Adventure
1004027,Casual
1004027,Indie
1004590,Simulation
1004575,Indie
1004085,Simulation
1004085,Casual
1004461,Adventure
1004461,Simulation
1004461,Casual
1004461,Indie
1004159,Adventure
1004159,RPG
1004159,Simulation
1004159,Casual
1004589,Adventure
1004589,RPG
1004589,Indie
1003967,RPG
1003967,Casual
1003967,Indie
1005307,RPG
1005307,Casual
1001355,Simulation
1001355,Indie
1001515,RPG
1001515,Casual
1001439,Adventure
1001439,Casual
1001439,Indie
1001727,RPG
1001727,Simulation
1001727,Casual
1001727,Indie
1001764,Adventure
1001764,Casual
1001764,Indie
1001795,Adventure
1001795,Casual
1001795,Indie
1002408,Casual
1002214,Adventure
1002214,Simulation
1002214,Casual
1002438,Adventure
1002438,RPG
1002438,Casual
1002057,Simulation
1002057,Casual
1002057,Indie
1002604,Casual
1002604,Indie
1002303,RPG
1002303,Simulation
1002303,Casual
1002303,Indie
1002941,Adventure
1002941,RPG
1002941,Casual
1002941,Indie
1003432,RPG
1003432,Casual
1003432,Indie
1003445,Adventure
1003445,RPG
1003445,Simulation
1000086,RPG
1000086,Casual
1000086,Indie
1000186,Indie
1000200,Adventure
1000200,RPG
1000200,Simulation
1000200,Casual
1000200,Indie
1000375,Adventure
1000375,Strategy
1000375,Simulation
1000375,Indie
1000453,Adventure
1000453,RPG
1000453,Simulation
1000096,Simulation
1000096,Casual
1000096,Indie
1000301,Casual
1000373,Adventure
1000373,Casual
1000373,Indie
1000674,Simulation
1000674,Casual
1000674,Indie
1000640,Adventure
1000640,Casual
1000980,RPG
1000975,Adventure
1001152,Adventure
1001152,RPG
1001152,Indie
1001198,Simulation
1001198,Casual
1001198,Indie
1001316,Casual
998484,Adventure
998484,RPG
998484,Indie
998595,Adventure
998595,Casual
998595,Indie
998987,Adventure
998574,Adventure
998746,RPG
998746,Indie
998832,Adventure
998832,Indie
998848,Simulation
998848,Casual
998848,Indie
999243,RPG
999243,Simulation
999243,Casual
999480,Adventure
999480,RPG
999480,Casual
999480,Indie
999530,Indie
999261,RPG
999261,Simulation
999261,Casual
999606,RPG
999606,Indie
999898,Adventure
999898,Indie
999838,Adventure
999838,Casual
999838,Indie
999777,Indie
999999,RPG
999999,Casual
999999,Indie
997876,RPG
997876,Simulation
997876,Casual
997814,RPG
997814,Simulation
997814,Casual
997814,Indie
997845,RPG
997845,Simulation
997845,Indie
997938,RPG
997938,Indie
998014,RPG
998014,Casual
997731,Adventure
997731,Simulation
997731,Casual
997784,Casual
997784,Indie
997712,Adventure
998415,Adventure
998415,Indie
998232,Adventure
998232,RPG
998232,Indie
998198,Adventure
998198,Casual
998197,Adventure
998197,Simulation
998197,Casual
998197,Indie
998346,Indie
998353,Adventure
998353,Casual
998353,Indie
998427,Casual
998427,Indie
998206,Adventure
998206,Casual
998206,Indie
997191,Strategy
997191,Simulation
997191,Casual
997191,Indie
997127,Adventure
997127,RPG
997197,Indie
997583,RPG
997583,Strategy
997583,Simulation
997516,RPG
997516,Casual
997516,Indie
997128,Casual
997089,Adventure
997089,Casual
997089,Indie
997956,Adventure
997956,Indie
997773,Adventure
997773,Casual
997773,Indie
997979,Adventure
997979,Casual
997979,Indie
997804,Adventure
997804,RPG
997804,Indie
997728,Adventure
997728,Simulation
997728,Casual
997728,Indie
997822,Adventure
997718,Adventure
997718,Indie
997739,Casual
997739,Indie
996923,Adventure
996923,Casual
996923,Indie
996543,Adventure
996543,Indie
996510,Indie
996881,RPG
996881,Strategy
996702,Adventure
996702,RPG
996702,Indie
996508,RPG
996626,Adventure
996626,Simulation
996834,Adventure
996834,Simulation
996834,Casual
996810,Adventure
996810,Indie
996828,RPG
996828,Strategy
996828,Casual
996958,Simulation
996958,Casual
996958,Indie
996644,Adventure
996644,RPG
996644,Casual
996644,Indie
997245,Simulation
997085,Adventure
997085,RPG
997085,Simulation
997085,Indie
997426,Simulation
997426,Casual
997426,Indie
995664,Simulation
995664,Casual
995664,Indie
995913,RPG
995913,Casual
995844,Adventure
995844,Strategy
995844,Casual
995844,Indie
995980,Casual
995980,Indie
995968,Adventure
995968,Casual
995960,Adventure
995960,Indie
995876,Adventure
995876,Indie
995995,Casual
996132,RPG
996132,Simulation
996132,Indie
996047,Adventure
996281,Adventure
996281,RPG
996281,Simulation
996281,Casual
996281,Indie
996322,RPG
996322,Simulation
996322,Casual
996210,Adventure
996210,RPG
996210,Simulation
996190,Adventure
994514,Adventure
994514,Casual
994613,RPG
994613,Indie
994642,RPG
994642,Casual
994642,Indie
995021,Simulation
995021,Casual
995218,Adventure
994664,Simulation
994715,Adventure
994715,Indie
994940,RPG
994940,Casual
994614,Adventure
994614,RPG
994614,Indie
994958,Casual
994958,Indie
994923,Simulation
994923,Indie
994995,Adventure
994995,Casual
994995,Indie
995106,Adventure
995417,Indie
993815,Adventure
993815,Indie
993784,Adventure
993784,Casual
993784,Indie
993965,Adventure
993965,Indie
993983,RPG
993983,Simulation
993983,Casual
993983,Indie
993940,Adventure
993940,RPG
993940,Indie
994180,Adventure
994180,RPG
994180,Simulation
994180,Indie
994094,Adventure
994094,Casual
994094,Indie
994104,Adventure
994104,RPG
994104,Strategy
994104,Simulation
994104,Casual
994104,Indie
994212,RPG
994212,Simulation
994212,Casual
994232,Adventure
994232,Simulation
994121,Adventure
994121,Casual
994121,Indie
994290,Adventure
994290,Casual
994545,Adventure
994545,RPG
994545,Casual
994313,Casual
994313,Indie
994414,Casual
994414,Indie
994348,Simulation
994348,Casual
994348,Indie
992729,Adventure
992729,Strategy
992729,Simulation
992925,RPG
992925,Casual
993026,RPG
993026,Casual
993379,RPG
993379,Simulation
993379,Casual
993278,Adventure
993278,RPG
993278,Simulation
993278,Casual
993278,Indie
993196,Casual
993196,Indie
993135,Simulation
993135,Casual
993135,Indie
993146,Adventure
993146,Casual
993146,Indie
993580,Adventure
993580,Simulation
993580,Indie
993495,Adventure
993495,Casual
993495,Indie
993585,Simulation
993585,Casual
993585,Indie
993693,Adventure
993693,Indie
993714,Indie
991612,RPG
991612,Simulation
991612,Indie
991805,Adventure
991805,Casual
991800,Simulation
992083,Indie
991879,Adventure
991879,RPG
991879,Simulation
991879,Casual
991879,Indie
992517,Adventure
992517,Casual
992517,Indie
991957,Adventure
991957,Simulation
992374,Adventure
992374,Casual
992092,Adventure
992092,Indie
992088,Indie
992701,Adventure
992701,Indie
992915,Casual
992684,Adventure
992684,Indie
992724,RPG
990755,Adventure
990755,RPG
990755,Strategy
990755,Simulation
990755,Casual
990755,Indie
990715,Adventure
990779,Indie
990770,Adventure
990770,Casual
991177,RPG
991177,Simulation
991177,Casual
991177,Indie
990985,Adventure
990985,Casual
990985,Indie
991265,RPG
991265,Indie
991353,Casual
991353,Indie
991315,Adventure
991315,RPG
991315,Strategy
991315,Casual
991315,Indie
991746,Adventure
991746,RPG
991746,Strategy
991746,Casual
991746,Massively Multiplayer
991736,Adventure
991736,Casual
991736,Indie
991642,Adventure
991642,Casual
991741,Simulation
991741,Casual
991741,Indie
991443,Adventure
991443,Indie
988934,Adventure
988934,RPG
988934,Casual
989640,Adventure
989640,RPG
989640,Indie
989299,Adventure
989299,RPG
989299,Casual
989299,Indie
989373,RPG
989373,Simulation
989373,Casual
989373,Indie
989858,Adventure
989858,RPG
989858,Indie
989520,RPG
989520,Simulation
989520,Casual
989520,Indie
989827,Adventure
989827,RPG
989827,Strategy
989827,Simulation
989827,Indie
989973,RPG
989973,Simulation
989973,Casual
990273,Adventure
990273,Indie
990200,Adventure
990200,Casual
990200,Indie
990626,Indie
990198,RPG
990198,Simulation
990198,Indie
990354,RPG
990354,Simulation
990215,Adventure
990215,Casual
990215,Indie
64201,Adventure
64201,Indie
60653,Casual
60653,Indie
983578,RPG
983578,Strategy
983578,Simulation
983578,Indie
983646,RPG
983646,Indie
983826,Adventure
983826,Simulation
983826,Casual
983826,Indie
983830,Simulation
983961,Adventure
983961,Simulation
983961,Casual
984096,Simulation
984096,Casual
984096,Indie
984365,Casual
985325,RPG
985325,Casual
985325,Indie
985196,Casual
988525,Adventure
988525,RPG
988525,Casual
988525,Indie
988726,Casual
988427,RPG
988694,RPG
988694,Simulation
988694,Casual
986475,Indie
986438,RPG
986438,Simulation
986438,Casual
986856,Adventure
986877,Adventure
986877,Simulation
986877,Casual
986877,Indie
987187,Adventure
987187,RPG
987187,Casual
987187,Indie
987066,Casual
987079,Simulation
987079,Casual
987079,Indie
986796,RPG
986796,Casual
986796,Indie
986935,Simulation
986977,Casual
986977,Indie
987303,Simulation
987303,Casual
987303,Indie
987071,Adventure
62821,Adventure
62821,RPG
62821,Simulation
62821,Casual
62821,Indie
63913,Indie
63939,Adventure
63939,Indie
1006905,Strategy
1006905,Casual
1006905,Indie
1006906,Adventure
1006906,Indie
1006907,Action
1006907,Adventure
1006908,Adventure
1006908,Indie
14096,Casual
14096,Indie
428315,Action
428315,Indie
350412,Action
350412,Adventure
350412,Indie
779852,Action
779852,Adventure
779852,Indie
22418,Action
22418,Strategy
22418,Casual
22418,Indie
15446,Strategy
5170,Action
5170,Platformer
21437,Strategy
21437,Casual
21437,Indie
57816,RPG
57049,Action
57049,Arcade
316856,Action
316856,Shooter
419890,Adventure
419890,Indie
419890,Puzzle
20365,Simulation
20365,Indie
13130,Casual
46393,Strategy
46393,Simulation
46393,Casual
62134,Simulation
62134,Arcade
62134,Casual
62134,Indie
13017,Action
353493,Adventure
353493,Strategy
353493,Indie
966906,Action
966906,Adventure
966906,RPG
16218,Adventure
16218,Casual
16218,Indie
371826,Action
371826,Adventure
392381,Action
392381,RPG
392381,Sports
392381,Massively Multiplayer
392381,Indie
407566,Action
407566,Fighting
868099,Adventure
868099,Strategy
868099,Simulation
868099,Casual
868099,Indie
797955,Action
797955,RPG
797955,Indie
13003,Adventure
13003,Indie
21204,Action
21204,Adventure
21204,Indie
21204,Platformer
14073,Strategy
14073,Simulation
14073,Indie
542592,Strategy
542592,Simulation
542592,Indie
20105,Action
20105,Casual
20105,Indie
24239,Strategy
24239,Puzzle
983717,Adventure
15021,Sports
15021,Indie
20941,Action
20941,Casual
20941,Indie
28923,Action
28923,Fighting
20290,Adventure
20290,Strategy
20290,Indie
62076,Indie
5362,RPG
5362,Casual
5362,Puzzle
51225,Action
51225,Strategy
51225,Simulation
51225,Massively Multiplayer
51225,Indie
5548,Fighting
223758,Action
223758,Adventure
223758,RPG
223758,Indie
20232,Adventure
20232,RPG
20232,Indie
14555,Action
14555,Adventure
14555,RPG
14555,Strategy
14555,Casual
14555,Indie
49076,Action
49076,Indie
17622,Strategy
17622,Indie
11404,RPG
11404,Strategy
11404,Indie
11581,Action
11581,Adventure
11581,Indie
302916,Action
302916,Indie
19856,Adventure
19856,Indie
19434,Action
19434,Adventure
19434,Simulation
19434,Casual
19434,Indie
22805,Action
22805,Adventure
22805,Platformer
23106,Simulation
52055,Action
52055,Adventure
52055,Strategy
52055,Simulation
49240,Strategy
49240,Simulation
49240,Indie
50178,Action
50178,Massively Multiplayer
28333,Family
55278,Action
55278,Platformer
685021,Action
685021,Adventure
14347,Action
14347,Adventure
14347,Strategy
14347,Simulation
14347,Indie
22319,Action
22319,Adventure
22319,Simulation
22319,Casual
22319,Indie
19029,Casual
61184,Strategy
61184,Simulation
61184,Sports
61184,Casual
61184,Massively Multiplayer
21831,Strategy
21831,Board Games
21831,Casual
21831,Card
513920,Action
513920,Shooter
513920,Strategy
513920,Casual
513920,Indie
513920,Platformer
28056,Simulation
471033,Sports
13642,Simulation
13642,Racing
13642,Casual
13642,Indie
17125,Action
17125,Adventure
17125,Casual
17125,Indie
605543,Action
605543,Adventure
605543,Massively Multiplayer
605543,Indie
16567,Adventure
17485,Action
17485,Adventure
17485,Casual
17485,Indie
59674,Action
59674,Strategy
802434,Action
250011,RPG
250011,Strategy
250011,Indie
12184,Action
12184,Adventure
12184,Indie
4277,Action
4277,Shooter
4277,Adventure
761343,Action
761343,RPG
663740,Action
663740,Adventure
663740,Simulation
663740,Indie
28845,Sports
28845,Arcade
5394,Action
5394,Adventure
766955,Massively Multiplayer
766955,Indie
16945,Strategy
16945,Indie
30891,Simulation
30891,Arcade
30891,Casual
9987,Action
9987,RPG
9987,Massively Multiplayer
61907,Action
61907,Strategy
61907,Indie
266217,Action
266217,Strategy
266217,Indie
51545,Action
277994,Action
21190,Adventure
21190,Casual
21190,Card
12138,Action
12138,Fighting
9573,Action
9573,RPG
9573,Sports
9573,Casual
9573,Indie
46521,Adventure
46521,Indie
58534,Action
58534,Adventure
19696,Action
19696,Indie
10692,Casual
10692,Indie
23489,Strategy
22175,Strategy
22175,Massively Multiplayer
22175,Indie
517,Action
517,Sports
13116,Action
13116,Adventure
13116,Strategy
13116,Simulation
13116,Indie
16951,Action
16951,Adventure
16951,RPG
16951,Indie
797883,Adventure
797883,Casual
797883,Indie
976005,Action
976005,Adventure
14556,Action
14556,RPG
14556,Casual
14556,Indie
53089,RPG
30319,Action
30319,Adventure
30319,Arcade
54260,Action
54260,Arcade
54260,Casual
54260,Fighting
54373,Action
54373,Platformer
61535,Adventure
61535,RPG
61535,Strategy
14040,RPG
14040,Massively Multiplayer
54303,Fighting
313764,Action
404502,Action
918,Simulation
918,Arcade
918,Casual
22385,RPG
22385,Simulation
22385,Casual
22385,Indie
972271,Action
972271,RPG
972271,Casual
972271,Indie
60539,Action
60539,Strategy
60539,Indie
27945,RPG
23958,Action
23958,Adventure
19431,Adventure
19431,Indie
13395,Adventure
13395,Casual
13395,Educational
5617,Action
5617,Shooter
5617,Adventure
360,Adventure
360,RPG
360,Strategy
360,Simulation
364811,Action
364811,Adventure
21329,Action
21329,Indie
586124,Action
586124,Adventure
586124,Indie
49246,Action
49246,Adventure
49246,Arcade
45709,RPG
45709,Strategy
23006,Action
23006,Shooter
23006,Adventure
20188,Action
20188,Adventure
20188,RPG
20188,Indie
17693,Action
17693,Simulation
17693,Racing
17693,Casual
17693,Indie
18976,Action
18976,Indie
19815,RPG
19815,Casual
19815,Educational
19815,Indie
19162,Adventure
19162,Simulation
823549,Simulation
823549,Sports
28913,Action
28913,Family
28913,Platformer
10240,Action
10240,Strategy
10240,Massively Multiplayer
10240,Indie
973384,Action
1525,Action
1525,Adventure
1525,Casual
1525,Indie
499350,Strategy
499350,Card
499350,Indie
13266,Action
13266,Casual
13266,Indie
21081,Arcade
21081,Casual
21081,Indie
21081,Puzzle
28279,Action
28279,Adventure
28279,Simulation
28279,Sports
28279,Arcade
28279,Casual
28279,Massively Multiplayer
28279,Indie
13967,Strategy
13967,Simulation
13967,Indie
20580,Adventure
20580,Strategy
20580,Indie
35205,Action
35205,Shooter
35205,RPG
35205,Strategy
35205,Massively Multiplayer
43960,Action
43960,Shooter
43960,Casual
43960,Indie
9901,Action
9901,RPG
9901,Strategy
9901,Indie
16015,Strategy
16015,Simulation
16015,Casual
16015,Indie
10562,Adventure
10562,RPG
10562,Massively Multiplayer
10562,Indie
28950,Sports
10804,Sports
10804,Casual
20389,Action
20389,Indie
49707,Simulation
49707,Casual
690,RPG
20859,Adventure
20859,Family
12105,Strategy
12105,Simulation
12105,Indie
10714,Strategy
10714,Indie
163,RPG
163,Strategy
163,Simulation
163,Board Games
163,Indie
22105,Action
22105,Adventure
22105,Indie
45488,Strategy
45488,Casual
45488,Indie
54102,Platformer
51102,Adventure
51102,Strategy
51102,Casual
51102,Indie
51102,Puzzle
49963,Sports
640196,Adventure
640196,Casual
640196,Indie
692672,Action
692672,Casual
692672,Indie
102,Action
102,Arcade
102,Casual
10290,Action
10290,Casual
10290,Indie
22143,Action
22143,Indie
3352,Adventure
3352,RPG
3352,Strategy
18017,Action
18017,Strategy
18017,Simulation
18017,Casual
18017,Indie
304239,Action
304239,Adventure
304239,RPG
304239,Massively Multiplayer
304239,Indie
202,Action
202,Sports
202,Racing
202,Indie
5714,Action
5714,Arcade
5714,Casual
19811,Adventure
63536,Casual
63536,Indie
63536,Puzzle
617,Action
10013,Simulation
10013,Sports
10013,Racing
353490,Adventure
353490,Strategy
353490,Indie
51330,Simulation
51330,Sports
15618,Action
15618,Adventure
15618,Simulation
15618,Massively Multiplayer
15618,Indie
16774,Action
16774,Strategy
16774,Casual
16774,Indie
29886,Adventure
29886,Strategy
29886,Arcade
29886,Puzzle
4583,Action
20733,Adventure
20733,Casual
20733,Indie
19773,Adventure
19533,Strategy
18082,Strategy
18082,Casual
18082,Family
383610,Action
383610,Adventure
383610,Indie
3670,Action
3670,RPG
28778,Sports
375285,Action
375285,Simulation
375285,Indie
31207,Action
31207,Shooter
31207,Strategy
3615,Action
3615,RPG
19984,Action
19984,Indie
11680,Action
11680,Indie
45070,Adventure
45070,Casual
45070,Indie
12064,Strategy
20462,Action
20462,Strategy
20462,Simulation
20462,Casual
20462,Indie
983211,Action
983211,Adventure
23721,Action
23721,Strategy
23721,Casual
23721,Indie
18836,Indie
18100,Action
18100,Indie
65329,Adventure
65329,Board Games
65329,Family
65329,Indie
955,Adventure
955,Indie
17726,Strategy
17726,Simulation
11618,Action
11618,Adventure
11618,Simulation
11618,Casual
11618,Indie
368149,Action
368149,Adventure
368149,Indie
12310,Strategy
12310,Casual
12310,Indie
16134,Adventure
16134,Casual
12841,Action
12841,Adventure
12841,RPG
12841,Casual
385444,Action
385444,Indie
13321,RPG
13321,Casual
13321,Indie
302373,Action
302373,Fighting
17155,Action
17155,Adventure
17155,Strategy
17155,Casual
17155,Indie
11040,Strategy
11040,Casual
11040,Indie
13966,Action
13966,Indie
471021,Action
349473,Indie
14196,Adventure
14196,Indie
15495,Action
15495,Adventure
15495,Indie
269448,Simulation
269448,Indie
12110,Action
12110,Adventure
12110,RPG
12110,Strategy
12110,Casual
12110,Indie
16135,RPG
16135,Massively Multiplayer
16135,Indie
12242,Action
12242,Adventure
12242,RPG
12242,Strategy
12242,Simulation
12242,Casual
12242,Indie
13180,Casual
13180,Indie
14561,Action
14561,RPG
14561,Indie
21761,Casual
21761,Indie
12465,Action
12465,Adventure
12465,RPG
12465,Indie
5993,Action
5993,Strategy
5993,Indie
51107,Action
51107,Adventure
51107,Strategy
43889,Adventure
43889,RPG
43889,Casual
43889,Indie
58118,Action
58118,Adventure
29849,Action
29849,Shooter
18606,Action
18606,Strategy
18606,Casual
18606,Indie
18538,Adventure
18538,RPG
18538,Board Games
18538,Indie
962986,Action
962986,Adventure
275708,Action
28959,Action
28959,Adventure
57196,Action
57196,Shooter
57196,Platformer
11656,Action
11656,Adventure
11656,Strategy
11656,Indie
460925,Action
460925,Shooter
460925,Adventure
460925,Indie
13836,RPG
49244,Strategy
49244,Simulation
49244,Board Games
847,Action
847,Adventure
847,RPG
847,Indie
17663,Action
17663,Racing
349700,Strategy
349700,Simulation
349700,Indie
295068,Strategy
295068,Simulation
295068,Indie
14227,Casual
25046,Action
19398,Adventure
19398,Family
11327,Simulation
11327,Indie
11327,Puzzle
28296,Board Games
28296,Card
46952,Action
46952,Adventure
46952,Simulation
46952,Indie
278011,Indie
28760,Sports
46094,Sports
46094,Racing
45660,Action
45660,Indie
14653,Action
14653,Adventure
14653,Casual
14653,Indie
871245,RPG
871245,Strategy
5708,Sports
44375,Action
44375,Adventure
44375,RPG
44375,Indie
490428,Action
490428,Adventure
10975,RPG
10975,Massively Multiplayer
10975,Indie
7502,Action
7502,Casual
7502,Family
7502,Indie
16438,Strategy
41661,Indie
41661,Puzzle
14624,Action
14624,Adventure
14624,Casual
14624,Indie
17103,Action
17103,Adventure
17103,Indie
16547,Adventure
16547,Indie
16261,Action
16261,Adventure
16261,Strategy
16261,Indie
10000,RPG
10000,Strategy
10000,Massively Multiplayer
554786,Action
554786,Adventure
554786,RPG
554786,Indie
392113,Simulation
4852,Action
966237,Action
966237,Strategy
428799,Action
428799,Simulation
428799,Sports
428799,Indie
362903,Adventure
362903,Casual
362903,Indie
28476,Racing
43844,Action
43844,Indie
20261,Action
20261,RPG
20261,Indie
19566,Strategy
19566,Simulation
47343,Indie
64774,Action
64774,Casual
64774,Indie
16241,Action
16241,Adventure
16241,RPG
16241,Massively Multiplayer
16241,Indie
258401,RPG
258401,Massively Multiplayer
15122,Strategy
61157,Strategy
61157,Simulation
61157,Sports
61157,Indie
51101,Adventure
51101,Indie
15177,Adventure
15177,Indie
492175,Casual
492175,Indie
19018,Casual
13338,Simulation
13338,Casual
13338,Indie
5431,Action
5431,Shooter
5431,Arcade
5431,Puzzle
14771,Action
14771,Adventure
14771,RPG
14771,Simulation
14771,Racing
14771,Indie
44745,Casual
44745,Indie
326271,Action
326271,Shooter
326271,Strategy
326271,Indie
13603,RPG
13603,Massively Multiplayer
20244,Adventure
20244,Indie
13850,Adventure
13850,RPG
13850,Casual
13850,Indie
12396,Action
12396,Indie
244732,Sports
244732,Arcade
22626,Strategy
22626,Simulation
22626,Indie
18085,Action
18085,Adventure
18085,Simulation
11897,Action
11897,Adventure
11897,Strategy
11897,Casual
11897,Indie
3502,Board Games
736198,Action
736198,Adventure
736198,Indie
736198,Platformer
9972,Action
9972,Adventure
22134,Casual
22134,Indie
743677,Action
743677,RPG
743677,Sports
743677,Indie
892901,Action
892901,Shooter
892901,Adventure
25161,Arcade
39108,Action
39108,Shooter
39108,RPG
39109,Action
39109,RPG
62118,RPG
62118,Simulation
62118,Indie
17702,Action
17702,Adventure
17702,Indie
49680,Action
49680,Adventure
49680,Simulation
49680,Indie
622494,Arcade
622494,Casual
51615,Action
51615,Strategy
551148,Strategy
551148,Simulation
19441,Strategy
19441,Simulation
53742,Action
53742,Adventure
53742,Platformer
966344,Action
966344,Adventure
966344,RPG
966344,Strategy
20622,Action
20622,Indie
3337,Action
3337,Adventure
3337,Puzzle
42019,Strategy
42019,Simulation
42019,Massively Multiplayer
296117,Indie
7295,Action
7295,Adventure
7295,Massively Multiplayer
7295,Indie
47596,Simulation
47596,Indie
558979,Action
558979,RPG
18355,Adventure
23221,Action
23221,Adventure
23221,Casual
23221,Indie
510215,Action
510215,Strategy
510215,Simulation
444382,Action
444382,Adventure
444382,Indie
444382,Platformer
9536,Adventure
9536,RPG
9536,Simulation
9536,Indie
43389,Action
43389,Adventure
43389,Indie
516113,Action
516113,Adventure
825360,Adventure
825360,RPG
825360,Strategy
403032,Adventure
403032,RPG
403032,Strategy
44124,Action
44124,Adventure
44124,Casual
44124,Indie
20786,Action
20786,Indie
12758,Adventure
12758,Casual
12758,Educational
12758,Indie
12758,Puzzle
17348,Casual
17348,Indie
17529,Action
17529,Indie
14704,Adventure
14704,Simulation
14704,Indie
10822,Action
10822,Strategy
13246,Action
13246,Adventure
13246,Indie
262414,Adventure
262414,Indie
5144,Action
5144,Arcade
5144,Fighting
14186,Action
14186,Adventure
14186,Casual
14186,Indie
4672,Action
4672,Shooter
4672,Indie
12568,Casual
12568,Indie
304222,RPG
304222,Indie
17616,Strategy
17616,Casual
17616,Indie
11539,Action
11539,Adventure
11539,Strategy
11539,Casual
11539,Indie
19956,Action
21593,Adventure
21593,Casual
21593,Indie
14586,Indie
15792,Action
15792,Adventure
15792,Indie
306154,Action
306154,Adventure
306154,Casual
306154,Indie
51812,Adventure
51812,Indie
64683,Adventure
64683,Casual
64683,Indie
53941,Action
53941,Platformer
967340,Strategy
967340,Simulation
967340,Casual
967340,Indie
373600,RPG
373600,Massively Multiplayer
373600,Indie
61805,Action
61805,Simulation
61805,Sports
61805,Massively Multiplayer
52177,Action
52177,Sports
52177,Arcade
64544,Adventure
64544,Casual
64544,Indie
4077,Arcade
4077,Fighting
544059,Adventure
638790,Strategy
638790,Simulation
20694,Indie
608692,RPG
608692,Indie
20453,Adventure
20453,RPG
20453,Indie
22107,Indie
43811,Action
43811,Adventure
43811,RPG
43811,Indie
59777,Strategy
59777,Simulation
59777,Casual
59777,Indie
50260,Racing
50260,Indie
14294,Strategy
14294,Simulation
14294,Indie
17817,Action
17817,Adventure
46512,Action
46512,Indie
11880,Action
11880,Adventure
11880,Indie
12889,Action
12889,Adventure
12889,RPG
12889,Indie
9926,Simulation
9926,Indie
17899,Action
17899,Adventure
17899,Indie
17873,Action
17873,Adventure
17873,Indie
19779,Action
19779,Indie
19226,Simulation
12089,Strategy
12089,Casual
12089,Massively Multiplayer
12089,Indie
12953,Adventure
12953,Casual
12953,Educational
58823,Action
58823,Shooter
783,Action
65376,Adventure
65376,Indie
65376,Puzzle
1506,Action
1506,Adventure
1506,Racing
1506,Casual
15410,Adventure
15410,Casual
15410,Puzzle
16673,Simulation
10036,Action
10036,Sports
10036,Racing
10036,Indie
17233,Casual
17233,Indie
481924,Action
481924,Racing
481924,Casual
481924,Family
51586,Action
51586,Adventure
51586,RPG
51586,Indie
48983,Adventure
48983,Casual
48983,Indie
18297,Action
18297,Indie
17476,RPG
17476,Strategy
17476,Simulation
13028,Action
13028,Strategy
13028,Indie
14183,Adventure
14183,Casual
14183,Indie
14183,Puzzle
39516,Adventure
30945,Action
30945,Shooter
63900,Action
63900,Casual
63900,Indie
17641,Action
17641,Strategy
17641,Racing
17641,Casual
17641,Indie
43411,Action
43411,Adventure
43411,RPG
43411,Simulation
43411,Casual
43411,Indie
18890,Adventure
18890,Simulation
18890,Casual
18890,Massively Multiplayer
18890,Indie
18835,Adventure
18835,Casual
479697,Action
479697,Adventure
479697,Sports
479697,Arcade
479697,Indie
14329,Strategy
14329,Indie
19112,Action
484967,Simulation
484967,Sports
484967,Racing
166209,Indie
881223,Action
881223,Adventure
14711,Racing
14711,Casual
14711,Massively Multiplayer
9491,Action
9491,Casual
9491,Indie
831876,Action
831876,RPG
831876,Casual
831876,Indie
21129,Action
21129,Casual
21129,Indie
19725,Action
19725,Adventure
19725,Indie
44572,Simulation
44572,Casual
44572,Indie
1742,Action
1742,Racing
1742,Indie
4532,Action
4532,Adventure
4532,Platformer
865059,Action
865059,Adventure
865059,RPG
1588,Action
1588,Strategy
1588,Arcade
1588,Casual
1588,Indie
972077,Action
972077,Adventure
972077,RPG
972077,Simulation
972077,Casual
972077,Indie
962381,Action
962381,Adventure
962381,Simulation
962381,Casual
962381,Indie
20092,Action
20092,Adventure
20092,Indie
20527,Casual
20527,Indie
50659,Action
50659,Casual
50659,Indie
275715,Sports
1739,Action
1739,Adventure
1739,Indie
354716,Simulation
354716,Sports
13567,Strategy
13567,Simulation
13567,Casual
13567,Indie
13995,Adventure
13995,Casual
2203,Action
16661,Strategy
16661,Indie
3585,Action
3585,Adventure
3585,Racing
3585,Arcade
831853,RPG
831853,Indie
9487,Adventure
9487,Casual
9487,Indie
901,Action
901,Indie
20369,RPG
20369,Indie
45883,Action
45883,Adventure
45883,Indie
99004,Adventure
99004,Simulation
99004,Indie
15403,Strategy
15403,Indie
22847,Strategy
22847,Simulation
520,Strategy
520,Simulation
751914,Action
751914,RPG
579517,Strategy
266219,Adventure
266219,Indie
29021,Arcade
29021,Fighting
22657,Shooter
56389,Action
49600,Adventure
52049,Action
52049,Indie
622652,Simulation
27947,Adventure
27947,Indie
292958,Strategy
292958,Simulation
292958,Indie
13493,Action
13493,Adventure
13493,RPG
13493,Strategy
13493,Simulation
13493,Casual
13493,Indie
49622,Action
49622,Casual
49622,Fighting
49622,Indie
52374,Sports
28529,Simulation
18057,Adventure
18057,Casual
18057,Puzzle
568863,Action
568863,Shooter
20976,Adventure
20976,Casual
244802,Simulation
244802,Sports
244802,Racing
19302,Adventure
19302,Indie
17075,Action
17075,Indie
44345,RPG
44345,Strategy
44345,Casual
44345,Indie
44345,Puzzle
47225,Adventure
47225,Casual
47225,Indie
47225,Puzzle
17819,Adventure
17819,Indie
14943,Adventure
14943,RPG
14943,Indie
52594,Shooter
264859,Adventure
264859,RPG
264859,Indie
427878,Racing
427878,Indie
18517,Action
18517,Adventure
18517,Indie
19276,Action
19276,Strategy
36381,Action
36381,Shooter
21689,Action
21689,Adventure
21689,Casual
21689,Indie
15678,Action
15678,RPG
15678,Indie
20340,Action
20340,Indie
785,Adventure
736256,Adventure
736256,RPG
18214,Adventure
18214,Casual
18214,Indie
21115,Adventure
21115,Indie
58181,Action
58181,Adventure
58181,Casual
46855,RPG
19021,Adventure
19021,Casual
19021,Educational
11515,Strategy
11515,Simulation
11515,Indie
10527,Strategy
10527,Simulation
10527,Indie
58327,RPG
485226,Action
485226,Adventure
485226,Casual
485226,Fighting
19573,Action
19573,Adventure
19573,Indie
505816,Casual
505816,Indie
26968,Action
26968,Adventure
26968,Platformer
22467,Strategy
22467,Simulation
22467,Casual
22467,Indie
15747,Action
15747,Adventure
15747,RPG
15747,Indie
16436,Strategy
10183,Simulation
10183,Sports
678533,Action
678533,Adventure
678533,Indie
894567,Adventure
894567,Simulation
894567,Casual
894567,Indie
1369,Action
1369,Casual
1369,Indie
15296,Action
15296,Adventure
15296,Casual
15296,Indie
26410,Arcade
56041,Action
56041,Adventure
22222,Adventure
22222,Indie
47510,Adventure
47510,Indie
782296,Adventure
782296,RPG
782296,Indie
934637,Strategy
934637,Casual
934637,Indie
220156,Adventure
220156,Simulation
220156,Casual
6679,Adventure
6679,Indie
44220,Adventure
44220,Indie
12285,Action
12285,RPG
12285,Casual
11905,Action
11905,RPG
11905,Strategy
11905,Simulation
11905,Casual
11905,Indie
964421,Action
964421,Strategy
964421,Indie
46229,Strategy
46229,Indie
487913,Action
487913,Adventure
487913,Strategy
400295,Fighting
28790,Fighting
53709,Action
53709,Platformer
41324,Strategy
16670,Action
16670,Strategy
16670,Indie
844359,Strategy
844359,Simulation
844359,Racing
21132,Adventure
21132,Simulation
28504,Sports
367052,Strategy
367052,Simulation
13556,Action
13556,Casual
13556,Indie
12859,Action
12859,Strategy
12859,Massively Multiplayer
22488,Action
22488,Simulation
22897,Strategy
3762,Action
3762,Adventure
18592,Adventure
22573,Strategy
22573,Simulation
22573,Indie
962211,Action
962211,Adventure
962211,RPG
962211,Massively Multiplayer
41646,RPG
600906,Action
600906,Indie
600906,Platformer
60074,Adventure
15936,Adventure
15936,Casual
15936,Indie
14958,Adventure
14958,RPG
14958,Strategy
14958,Indie
19012,Adventure
19012,Casual
13402,Action
13402,Adventure
13402,Racing
13402,Arcade
861281,Action
861281,Indie
61011,Action
61011,Indie
54484,Strategy
1610,Action
1610,Shooter
1610,Arcade
1610,Casual
5539,Adventure
63278,Action
63278,Shooter
63278,Massively Multiplayer
63278,Indie
4230,Action
17974,Action
17974,Adventure
17974,Simulation
17974,Racing
17974,Casual
17974,Indie
649076,Action
649076,Shooter
649076,Adventure
649076,Platformer
60524,Action
60524,Adventure
60524,Casual
60524,Massively Multiplayer
428137,RPG
428137,Strategy
428137,Indie
18766,Action
18766,Indie
54379,Racing
14789,Casual
14789,Indie
16360,Adventure
16360,Casual
16360,Puzzle
20191,Action
20191,Adventure
20191,Indie
308057,Strategy
14603,Casual
14603,Indie
31894,Action
45052,Action
45052,Adventure
45052,RPG
45052,Indie
20998,Adventure
638799,RPG
45056,Action
45056,Indie
635221,Action
635221,Strategy
40323,Action
40323,Adventure
833571,Action
833571,Adventure
28022,Puzzle
3429,Adventure
3429,Indie
3429,Puzzle
19795,Action
19795,Adventure
19795,Casual
19795,Indie
500632,Action
500632,Adventure
500632,Indie
29081,Sports
17239,Action
17239,Adventure
17239,RPG
17239,Indie
50441,Action
50441,Adventure
50441,Casual
50441,Indie
850682,Strategy
55029,Action
55029,Arcade
40395,Strategy
40395,Simulation
427870,Adventure
427870,RPG
427870,Strategy
427870,Casual
427870,Indie
14884,Adventure
14884,Casual
14884,Indie
2485,Action
2485,Arcade
2485,Fighting
780324,Action
780324,RPG
780324,Casual
780324,Indie
62591,Action
62591,Casual
62591,Indie
28715,Sports
58574,Action
16445,Adventure
16445,Casual
58445,Adventure
58445,Casual
58445,Indie
12589,Action
3481,Action
51607,Action
51607,Adventure
51607,RPG
53394,Board Games
19295,Adventure
22721,Action
22721,Shooter
12968,Action
12968,RPG
12968,Strategy
12968,Massively Multiplayer
52423,Shooter
52423,Arcade
13781,Adventure
13781,RPG
13781,Casual
13781,Indie
1492,Action
1492,Adventure
1492,Arcade
13817,Action
13817,Strategy
13817,Arcade
13817,Indie
1840,Action
1840,Strategy
3365,Action
17415,Adventure
17415,Indie
10374,RPG
2033,Action
2033,Simulation
2033,Racing
2033,Casual
2033,Indie
19117,Adventure
19117,RPG
16535,Adventure
16899,Action
16899,Adventure
16899,Indie
14597,Action
14597,Adventure
14597,RPG
14597,Massively Multiplayer
11735,Action
11735,Casual
11735,Indie
5987,Action
5987,Adventure
5987,RPG
18717,Indie
692538,Action
674318,Action
674318,Adventure
674318,Strategy
674318,Simulation
674318,Casual
674318,Indie
481901,Action
481901,Arcade
481901,Indie
481901,Platformer
409784,Adventure
409784,Casual
409784,Indie
545036,Strategy
545036,Simulation
545036,Casual
545036,Indie
351751,Adventure
351751,Indie
51800,Casual
51800,Indie
30426,Action
30426,Shooter
14210,Action
3693,Shooter
987,Adventure
987,Indie
20954,Casual
20954,Indie
428941,Simulation
428941,Racing
428941,Indie
22639,Strategy
22639,Simulation
25087,Casual
46663,Action
46663,Strategy
46663,Indie
19805,Action
19805,Indie
15099,Simulation
15099,Sports
15099,Indie
13131,Action
13131,Indie
13964,Simulation
961624,Action
961624,RPG
961624,Strategy
961624,Simulation
961624,Indie
1289,Action
1289,Simulation
1289,Board Games
1289,Casual
1289,Indie
1289,Puzzle
15759,Casual
15759,Indie
17201,Casual
17201,Indie
61323,Simulation
325055,Casual
325055,Indie
325055,Puzzle
50753,Action
50753,Adventure
50753,Indie
47248,RPG
47248,Strategy
1345,Action
1345,Adventure
1345,Casual
1345,Indie
12509,Action
12509,Adventure
12509,Simulation
12509,Indie
20628,Strategy
20628,Casual
63700,Action
63700,Adventure
63700,Strategy
63700,Simulation
63700,Indie
491367,Adventure
491367,Casual
491367,Indie
58791,Action
349598,Action
349598,Indie
484907,Action
484907,Strategy
39931,Arcade
39931,Fighting
13547,Simulation
13547,Indie
28351,Action
427614,Action
427614,Adventure
427614,RPG
427614,Strategy
427614,Casual
427614,Massively Multiplayer
278016,Action
278016,Indie
349905,Action
349905,Massively Multiplayer
349905,Indie
18365,Action
18365,Adventure
18365,Indie
20076,Action
20076,Indie
281342,Simulation
281342,Sports
281342,Racing
21555,Strategy
21555,Simulation
21555,Indie
46187,Adventure
46187,Casual
46187,Indie
702368,Simulation
702368,Casual
702368,Indie
19763,Strategy
19763,Casual
19763,Indie
38543,Strategy
442841,Simulation
442841,Sports
442841,Racing
40795,RPG
21370,Action
21370,RPG
21370,Strategy
46750,Action
46750,Indie
40724,RPG
20147,Action
20147,Indie
248486,Strategy
248486,Simulation
248486,Indie
299566,Action
299566,Casual
347823,Action
347823,Adventure
347823,Platformer
61203,Action
61203,RPG
61203,Indie
856206,Action
856206,Adventure
856206,RPG
856206,Indie
14660,Adventure
14660,Casual
14660,Indie
14752,Action
14752,Adventure
14752,Indie
19971,Adventure
19971,Casual
19971,Puzzle
20751,Strategy
27284,Adventure
27284,RPG
27284,Strategy
310852,Racing
310852,Casual
310852,Indie
17920,Action
17920,Adventure
17920,Simulation
17920,Indie
19069,Action
19069,Adventure
19069,Strategy
19069,Simulation
22860,Strategy
554699,Adventure
554699,Indie
325101,Action
18400,Action
18400,Indie
46389,Simulation
46389,Casual
46389,Indie
816325,RPG
816325,Strategy
816325,Indie
53392,Racing
21757,Strategy
17246,Strategy
45905,Simulation
45905,Casual
493459,Strategy
493459,Simulation
327245,Strategy
327245,Simulation
484529,Action
484529,Racing
484529,Casual
484529,Massively Multiplayer
6254,Action
6254,Adventure
6254,Arcade
6254,Indie
40254,Action
40254,Shooter
10802,Simulation
233968,Strategy
233968,Indie
21744,Action
21744,Indie
846358,Action
846358,Racing
846358,Casual
846358,Indie
9012,Adventure
9012,RPG
64062,Action
64062,Indie
19973,Adventure
19973,Casual
44579,RPG
21467,Action
21467,Strategy
17649,Strategy
17649,Casual
4383,Adventure
4383,Casual
4383,Puzzle
374542,Adventure
374542,Casual
61105,RPG
21412,Adventure
21412,Indie
18198,Action
18198,Adventure
18198,RPG
18198,Massively Multiplayer
20146,Adventure
20146,Casual
17351,Action
17351,Adventure
17351,Indie
12529,Action
12529,Sports
12529,Casual
12529,Indie
11122,Strategy
11122,Simulation
11122,Sports
20534,Adventure
20534,Indie
16887,Casual
16427,Action
16427,Adventure
11833,Adventure
11833,Indie
850769,Action
850769,RPG
850769,Sports
850769,Casual
850769,Massively Multiplayer
241043,Action
973509,Adventure
973509,Casual
28396,Sports
30463,Action
30463,Adventure
30463,Arcade
11753,RPG
14951,Action
14951,Casual
308130,Action
308130,Indie
10024,RPG
10024,Indie
16561,Action
16561,Indie
16420,Casual
29035,Action
29035,Shooter
21838,RPG
21838,Simulation
23823,Board Games
5384,Action
5384,Sports
5384,Racing
23629,Strategy
23629,Indie
367145,Action
367145,Strategy
367145,Indie
32601,Action
32601,Simulation
32601,Racing
32601,Arcade
28284,Action
28284,Adventure
11221,Action
11221,Casual
11221,Indie
15606,Action
15606,Indie
11478,Adventure
11478,Casual
11478,Indie
11478,Platformer
560814,Action
560814,Adventure
560814,Simulation
560814,Racing
560814,Casual
560814,Indie
560814,Puzzle
560814,Platformer
25163,Action
24883,Action
24883,Arcade
24883,Family
24883,Platformer
49451,Adventure
49451,Casual
49451,Indie
23867,Platformer
12949,Casual
12949,Indie
960605,RPG
960605,Strategy
960605,Indie
29054,Action
29054,Shooter
22474,Indie
34950,Strategy
15564,Action
15564,Adventure
15564,Indie
24160,Action
19049,Action
19049,Adventure
19049,Indie
21248,Simulation
21248,Sports
21248,Indie
586060,Action
586060,Indie
586060,Platformer
972784,Action
972784,Casual
17019,Adventure
17019,Strategy
17019,Indie
18973,Casual
18973,Card
18973,Family
7,Action
7,Indie
8326,Action
8326,Adventure
8326,Indie
8326,Puzzle
22609,Action
22609,Indie
21238,Action
11826,Action
11826,Indie
60091,Action
60091,Adventure
60091,Indie
13212,Action
13212,Strategy
13212,Simulation
13212,Casual
13212,Indie
669261,RPG
669261,Strategy
64217,Adventure
64217,Casual
64217,Indie
335292,Strategy
854381,Action
854381,RPG
854381,Strategy
854381,Casual
21270,Strategy
10457,Strategy
10457,Massively Multiplayer
10457,Indie
10584,Strategy
10584,Indie
24918,Racing
24918,Arcade
12514,Action
12514,Indie
46052,Action
46052,Indie
973793,Action
973793,Adventure
973793,RPG
973793,Strategy
973793,Simulation
973793,Sports
973793,Casual
973793,Indie
9889,Racing
45896,Strategy
45896,Simulation
45896,Indie
12438,Action
12438,Adventure
12438,Indie
53182,Action
53182,Platformer
18754,Adventure
18754,Casual
18754,Indie
297207,Strategy
28499,Action
28499,Adventure
59814,Adventure
59814,Indie
688869,Adventure
688869,Strategy
688869,Simulation
688869,Casual
688869,Indie
50848,RPG
50848,Strategy
50848,Indie
12595,Action
12595,Adventure
12595,RPG
12595,Indie
58798,Action
58798,Adventure
20048,Action
20048,Indie
20905,Action
20905,Casual
20905,Indie
21442,Adventure
13673,Action
13673,Adventure
13673,RPG
13673,Indie
22183,Action
22183,Casual
22183,Indie
22212,RPG
22212,Strategy
22212,Racing
22212,Massively Multiplayer
22212,Indie
14940,Action
14940,RPG
14940,Indie
15625,Action
15625,Adventure
15625,Indie
974266,Action
974266,Adventure
974266,RPG
16883,Strategy
16883,Casual
16883,Puzzle
816467,Adventure
816467,Casual
816467,Indie
12452,Strategy
22064,Casual
22064,Indie
631948,Simulation
631948,Sports
631948,Racing
979140,Action
979140,Simulation
979140,Casual
650664,Action
650664,Adventure
650664,Indie
650664,Platformer
2978,Action
2978,Shooter
2978,RPG
2978,Strategy
2978,Simulation
2978,Arcade
2978,Indie
428798,Action
428798,Racing
428798,Casual
428798,Indie
9445,Adventure
9445,Casual
9445,Indie
17302,Action
17302,Casual
17302,Massively Multiplayer
17302,Indie
520354,Simulation
535641,Adventure
535641,Strategy
535641,Indie
62536,Adventure
62536,Simulation
62536,Casual
62536,Massively Multiplayer
472315,Racing
964847,Indie
374566,Sports
523126,Action
427764,Action
427764,RPG
427764,Casual
427764,Indie
14066,Strategy
14066,Simulation
3319,Action
3319,Shooter
3319,Simulation
3319,Arcade
3319,Casual
6156,Action
6156,Indie
16271,Strategy
16271,Simulation
16271,Indie
1795,Action
1795,Adventure
1795,Indie
257358,Strategy
257358,Simulation
257358,Casual
257358,Indie
20113,Action
20113,Indie
29133,Action
29133,Platformer
19558,Action
19558,Adventure
19558,RPG
19558,Strategy
19059,Indie
29162,Action
29162,Shooter
45032,Casual
45032,Indie
30490,Action
50432,Action
50432,Indie
46528,Indie
46528,Puzzle
17463,Indie
27998,RPG
27998,Strategy
14386,Action
14386,Casual
14386,Indie
12488,Adventure
12488,Casual
12488,Indie
12615,Sports
15955,Adventure
15955,Strategy
15955,Casual
38140,Action
38140,Shooter
19876,Adventure
19876,Indie
16110,Adventure
16110,Strategy
16110,Indie
16110,Puzzle
10762,Strategy
10762,Casual
10762,Indie
10083,Action
10083,Adventure
10083,Indie
15139,Action
15139,Adventure
15139,Strategy
15139,Casual
15139,Indie
14273,Action
14273,Strategy
14273,Casual
14273,Indie
428237,RPG
428237,Simulation
428237,Indie
261321,Arcade
11379,Casual
11379,Indie
11379,Puzzle
9589,Action
18633,Action
18633,Casual
18633,Indie
2494,Strategy
18060,Adventure
18060,Casual
18060,Puzzle
261247,Action
1508,Action
1508,Adventure
1508,Casual
272060,Sports
272060,Indie
613540,Adventure
613540,Indie
17079,Action
17079,Adventure
17079,Arcade
22656,RPG
22656,Strategy
22656,Indie
45923,Strategy
45923,Simulation
45923,Casual
45923,Indie
57269,Action
23093,RPG
23093,Strategy
20853,Action
20853,Arcade
20853,Indie
857623,Action
857623,Adventure
857623,Simulation
41594,RPG
19378,Action
19378,Adventure
19378,Indie
484498,Casual
484498,Family
19550,Racing
3739,Action
22709,Action
22709,Shooter
772537,Action
772537,Adventure
772537,Casual
772537,Platformer
51937,Action
51937,Adventure
51937,Indie
961475,RPG
961475,Strategy
961475,Casual
961475,Indie
12675,Action
12675,Adventure
12675,Indie
22150,Simulation
22150,Casual
22150,Indie
19486,Simulation
19486,Indie
10413,Simulation
10413,Sports
10413,Racing
12855,Action
12855,Adventure
12855,Indie
852720,Adventure
852720,RPG
852720,Strategy
852720,Simulation
10820,RPG
10820,Strategy
10820,Indie
14749,Action
14749,Adventure
14749,Indie
254654,Adventure
254654,RPG
254654,Casual
254654,Indie
20728,Action
20728,Indie
16672,Action
16672,Simulation
48964,Action
48964,Adventure
18284,Action
18284,Adventure
18284,Casual
18284,Indie
966118,Action
966118,Adventure
9473,Action
9473,Adventure
9473,Strategy
9473,Casual
9473,Indie
56093,Action
56093,Adventure
765103,Educational
765103,Indie
21545,Action
21545,Adventure
21545,Indie
18129,Simulation
18129,Indie
57903,Action
57903,Shooter
57903,Adventure
29126,Puzzle
56962,Action
53943,Action
44888,Adventure
44888,Casual
32062,Strategy
32062,Simulation
12556,Action
18042,Action
18042,Indie
50411,Adventure
50411,Simulation
50411,Indie
62932,Adventure
62932,Simulation
62932,Indie
23994,Adventure
23994,Puzzle
45033,Adventure
45033,Indie
36581,Action
36581,Shooter
3576,Arcade
345188,Action
345188,Arcade
345188,Fighting
28722,Action
28722,Shooter
18897,Adventure
18897,Indie
14944,Action
14944,Arcade
14944,Casual
14944,Indie
11373,Action
11373,Adventure
11373,RPG
11373,Strategy
11373,Simulation
11373,Casual
11373,Indie
35737,Strategy
17218,Action
17218,RPG
17218,Casual
17218,Indie
62452,Action
62452,Shooter
62452,Indie
20278,Action
20278,Indie
10837,Adventure
10837,RPG
10837,Strategy
10837,Massively Multiplayer
10837,Indie
20371,Casual
11093,Action
11093,Adventure
11093,Indie
16637,Casual
16637,Indie
21163,RPG
21163,Strategy
14607,Action
14607,Adventure
14607,RPG
14607,Indie
14065,RPG
14065,Strategy
14065,Simulation
14065,Indie
13154,Casual
13154,Indie
13154,Platformer
216365,Action
216365,Adventure
216365,Casual
28366,Action
28366,Sports
10426,Action
10426,Casual
10426,Indie
56198,Action
56198,Shooter
56198,Adventure
56198,Platformer
15301,Action
15301,Indie
327205,Action
327205,RPG
327205,Indie
593230,Action
593230,Indie
593230,Puzzle
593230,Platformer
428186,Indie
54145,Action
54145,Shooter
61133,Action
799276,Action
799276,Adventure
799276,Strategy
799276,Simulation
799276,Casual
799276,Indie
791789,Action
791789,Arcade
3495,Action
3495,Adventure
3495,RPG
16962,Action
16962,Strategy
16962,Massively Multiplayer
65328,Simulation
65328,Casual
45388,Action
45388,Indie
388315,RPG
388315,Massively Multiplayer
312682,Action
312682,Adventure
312682,Massively Multiplayer
51395,Action
51395,RPG
51395,Strategy
51395,Indie
17842,Adventure
17842,Racing
17842,Casual
41557,Arcade
10795,Action
10795,Sports
10795,Indie
17915,Strategy
17915,Casual
17915,Indie
17915,Puzzle
13048,Adventure
13048,Indie
20815,Action
20815,Indie
21209,Adventure
21209,Casual
2954,Strategy
2954,Board Games
44676,Action
44676,Adventure
44982,Adventure
44982,RPG
44982,Indie
714510,Action
714510,Adventure
714510,RPG
714510,Strategy
714510,Casual
714510,Indie
881229,Action
881229,Adventure
881229,Indie
20359,Action
20359,Indie
59904,Simulation
59904,Casual
52297,Action
50373,Action
50373,Casual
50373,Indie
482921,Adventure
482921,RPG
482921,Simulation
482921,Indie
1435,Simulation
1435,Board Games
1435,Casual
1435,Educational
1435,Indie
1435,Puzzle
50635,Action
50635,Sports
50635,Racing
50635,Arcade
50635,Indie
18764,RPG
18764,Indie
21690,Adventure
21690,Arcade
21690,Casual
21690,Indie
21690,Puzzle
18350,Action
18350,Adventure
18350,Casual
18350,Indie
21193,Strategy
21193,Casual
44604,Action
44604,Indie
15682,Simulation
15682,Casual
27407,Platformer
51758,Action
51758,Adventure
20339,Simulation
20339,Sports
20339,Racing
20339,Indie
39502,Action
39502,RPG
18975,Strategy
18975,Casual
18975,Indie
18532,Adventure
18532,RPG
18532,Strategy
18532,Simulation
18532,Casual
18532,Indie
610255,Action
610255,Indie
46464,Action
46464,Adventure
46464,Indie
60812,Sports
60812,Indie
60812,Puzzle
972449,Action
972449,Strategy
44024,RPG
44024,Strategy
44024,Simulation
44024,Indie
14582,Action
14582,Adventure
14582,Strategy
22401,Indie
403043,Sports
16469,Simulation
608563,Action
608563,Casual
608563,Platformer
972362,Adventure
972362,Casual
972362,Indie
224,Action
224,Adventure
224,Strategy
224,Board Games
224,Casual
224,Card
224,Indie
527428,Casual
527428,Indie
5612,Sports
13438,Simulation
13438,Casual
13438,Indie
2901,Action
63796,Casual
63796,Indie
3153,Sports
437061,Adventure
437061,Indie
3835,Action
973380,Action
13618,Strategy
13618,Indie
46803,Action
46803,Casual
46803,Indie
35880,Action
35880,Adventure
35880,Strategy
35880,Casual
35880,Indie
35880,Puzzle
977219,Action
977219,Adventure
977219,Indie
27404,Action
27404,Platformer
51141,Casual
51141,Indie
45327,Action
45327,RPG
45327,Massively Multiplayer
963626,Simulation
963626,Casual
22334,Action
22334,Adventure
22334,Casual
22334,Indie
10882,Action
10882,Adventure
10882,Indie
254643,Simulation
254643,Indie
34959,Strategy
315985,Adventure
315985,Casual
315985,Indie
23327,Action
23327,RPG
23327,Strategy
23327,Indie
35800,Action
35800,Adventure
35800,Indie
64345,Adventure
64345,Casual
64345,Indie
51221,Action
51221,Indie
455585,Simulation
455585,Casual
45760,Simulation
45760,Racing
39110,Action
39110,RPG
14268,Strategy
14268,Casual
14268,Indie
21752,Action
21752,RPG
13117,Action
13117,Indie
18706,Simulation
19366,Action
19366,Simulation
269480,Action
13480,Adventure
13480,RPG
13480,Indie
59675,Adventure
59675,Casual
59675,Indie
63256,Action
63256,Strategy
63256,Simulation
63256,Indie
854345,Action
854345,Shooter
854345,Indie
3077,Action
19781,Adventure
19781,RPG
19781,Massively Multiplayer
600965,Action
600965,Adventure
600965,RPG
600965,Strategy
600965,Casual
600965,Indie
16536,Action
21106,Adventure
21106,Indie
46919,Adventure
46919,Casual
46919,Indie
18379,Adventure
18379,Casual
18379,Puzzle
428038,Strategy
428038,Indie
9773,RPG
9773,Casual
9813,Action
9813,Indie
54424,Action
54424,Platformer
12325,Action
12325,Simulation
12325,Indie
9815,Action
61145,Action
61145,Adventure
61145,Indie
30095,Strategy
30095,Simulation
491319,Simulation
491319,Indie
18882,Action
18882,Simulation
18882,Indie
799266,Action
799266,RPG
12561,Action
12561,Adventure
12561,Casual
12561,Indie
44435,Action
44435,Simulation
44435,Indie
15411,RPG
44703,Action
44703,Adventure
44703,Arcade
44703,Casual
44703,Indie
15239,Adventure
15239,RPG
15239,Indie
59157,Action
59157,Adventure
59157,RPG
59157,Strategy
59157,Indie
24825,RPG
24825,Strategy
22194,Action
22194,Simulation
22194,Casual
22194,Indie
17185,Adventure
17185,Casual
17185,Puzzle
382761,Adventure
382761,Indie
382761,Platformer
13559,Strategy
13559,Casual
13559,Indie
13604,Action
13604,Casual
13604,Indie
14645,Action
14645,Adventure
14645,RPG
14645,Strategy
14645,Indie
16480,Action
16480,Strategy
16480,Arcade
16480,Casual
566563,Action
566563,Casual
566563,Massively Multiplayer
566563,Indie
15920,RPG
15920,Strategy
15920,Massively Multiplayer
15920,Indie
589154,Simulation
589154,Casual
589154,Indie
63683,Casual
11550,Action
11550,Adventure
11550,Indie
327253,Adventure
327253,Indie
23143,Action
23143,RPG
485167,Action
485167,Adventure
21093,Indie
