game_id,platform
3498,PC
3498,PlayStation 5
3498,Xbox Series S/X
3498,PlayStation 4
3498,PlayStation 3
3498,Xbox 360
3498,Xbox One
3328,Xbox Series S/X
3328,PlayStation 5
3328,macOS
3328,PlayStation 4
3328,Nintendo Switch
3328,PC
3328,Xbox One
4200,PlayStation 3
4200,PC
4200,Xbox 360
4200,Linux
4200,macOS
4200,Xbox One
4291,PC
4291,Linux
4291,Xbox 360
4291,PlayStation 3
5286,PlayStation 3
5286,Xbox 360
5286,macOS
5286,PC
5286,Xbox One
5286,PlayStation 4
13536,macOS
13536,PC
13536,Android
13536,PlayStation 3
13536,Xbox 360
13536,Linux
13536,Nintendo Switch
12020,Xbox 360
12020,Linux
12020,PC
12020,macOS
5679,PC
5679,Xbox Series S/X
5679,PlayStation 5
5679,Xbox One
5679,PlayStation 4
5679,Nintendo Switch
5679,Xbox 360
5679,PlayStation 3
28,PC
28,PlayStation 4
28,Xbox One
4062,PlayStation 4
4062,Xbox 360
4062,Nintendo Switch
4062,Linux
4062,PC
4062,PlayStation 3
4062,Xbox One
13537,PC
13537,macOS
13537,Xbox 360
13537,Linux
13537,Xbox
13537,Android
802,PlayStation 3
802,macOS
802,PC
802,Android
802,Linux
802,PS Vita
802,Xbox 360
3439,iOS
3439,PC
3439,Linux
3439,PlayStation 3
3439,macOS
3439,Xbox 360
3439,Android
3439,PlayStation 4
3439,Xbox One
4286,PlayStation 3
4286,macOS
4286,PC
4286,Xbox 360
32,PlayStation 4
32,Xbox One
32,PC
32,Web
32,Xbox Series S/X
32,PlayStation 5
58175,PC
58175,PlayStation 4
3070,PlayStation 4
3070,PC
3070,PlayStation 5
3070,Xbox One
3939,Linux
3939,PC
3939,Xbox One
1030,PC
1030,Android
1030,PS Vita
1030,PlayStation 4
1030,PlayStation 3
1030,Xbox 360
1030,Linux
1030,macOS
1030,iOS
1030,Xbox One
1030,Nintendo Switch
11859,PC
11859,macOS
11859,Linux
2454,PC
2454,PlayStation 4
2454,Nintendo Switch
2454,Xbox One
41494,Nintendo Switch
41494,PlayStation 4
41494,PC
41494,Xbox Series S/X
41494,PlayStation 5
41494,Xbox One
422,Xbox 360
422,Wii U
422,Nintendo 3DS
422,Xbox One
422,PlayStation 4
422,iOS
422,PC
422,macOS
422,Linux
422,Nintendo Switch
422,PlayStation 3
422,PS Vita
422,Android
10213,Linux
10213,macOS
10213,PC
766,iOS
766,Xbox Series S/X
766,PlayStation 5
766,PlayStation 4
766,Xbox One
766,Nintendo Switch
766,PC
4459,Xbox 360
4459,PC
4459,PlayStation 3
4459,Xbox One
3272,Nintendo Switch
3272,Linux
3272,macOS
3272,Xbox One
3272,PC
3272,PlayStation 4
278,PC
278,PlayStation 4
29028,Xbox 360
29028,PC
7689,Xbox One
7689,PC
7689,macOS
7689,PlayStation 4
3287,PC
3287,Nintendo Switch
3287,Xbox One
3287,PlayStation 4
3192,PlayStation 4
3192,PC
3192,Xbox One
3192,PlayStation 3
3192,Xbox 360
290856,PlayStation 4
290856,Nintendo Switch
290856,macOS
290856,PC
290856,Xbox One
16944,macOS
16944,PC
16944,Xbox 360
17822,PC
17822,macOS
416,macOS
416,PC
416,iOS
416,Xbox
416,Android
416,PlayStation 4
416,PlayStation 3
416,PlayStation 2
416,Xbox 360
416,Xbox One
19103,macOS
19103,Linux
19103,PC
11973,Linux
11973,Xbox One
11973,Xbox 360
11973,PlayStation 3
11973,PlayStation 4
11973,macOS
11973,PC
23027,Android
23027,PS Vita
23027,macOS
23027,PC
23027,iOS
23027,PlayStation 4
23027,PlayStation 3
23027,Xbox 360
23027,Nintendo Switch
23027,Xbox One
9767,PlayStation 4
9767,Linux
9767,macOS
9767,PC
9767,Nintendo Switch
9767,Xbox One
41,iOS
41,PlayStation 4
41,PC
41,Xbox One
41,Nintendo Switch
4427,PlayStation 4
4427,Xbox One
4427,Nintendo Switch
4427,PC
4427,macOS
4427,Xbox 360
4427,PlayStation 3
18080,Linux
18080,macOS
18080,PC
18080,Dreamcast
18080,PlayStation 2
19710,Linux
19710,PC
19710,Xbox 360
19710,Android
19710,macOS
11936,Linux
11936,macOS
11936,PC
19709,Android
19709,Linux
19709,macOS
19709,PC
19709,Xbox 360
2551,Xbox One
2551,PlayStation 4
2551,PC
10754,PlayStation 4
10754,Nintendo Switch
10754,macOS
10754,PC
10754,Xbox One
654,Nintendo Switch
654,Xbox One
654,PC
654,iOS
654,macOS
654,Linux
654,PlayStation 4
654,PS Vita
654,Android
4252,Xbox 360
4252,PlayStation 3
4252,PC
10035,PlayStation 4
10035,Linux
10035,macOS
10035,PC
10035,Xbox One
3612,Linux
3612,Nintendo Switch
3612,Xbox One
3612,PlayStation 4
3612,PS Vita
3612,PC
3790,Linux
3790,macOS
3790,Nintendo Switch
3790,PC
3790,Xbox One
3790,PlayStation 4
1447,Linux
1447,PC
1447,Xbox One
1447,macOS
1447,PlayStation 4
4161,Xbox One
4161,Xbox 360
4161,PlayStation 3
4161,PC
4161,PlayStation 4
10142,PC
10142,Xbox One
10142,PlayStation 4
10533,Xbox One
10533,PlayStation 4
10533,PC
9721,Linux
9721,macOS
9721,PC
19487,Xbox 360
19487,Xbox One
19487,PC
13668,Linux
13668,macOS
13668,PC
11935,macOS
11935,Linux
11935,PC
3696,Xbox One
3696,PC
3696,Xbox 360
3696,PlayStation 3
3696,PlayStation 4
4332,Xbox 360
4332,PlayStation 3
4332,Xbox One
4332,PC
58134,PlayStation 4
58134,PC
58134,PlayStation 5
4386,Linux
4386,PC
4386,Xbox One
4386,Xbox 360
4386,PlayStation 3
29177,PC
29177,PlayStation 4
39,Xbox One
39,PC
39,PlayStation 4
5563,Xbox 360
5563,PC
5563,Xbox One
5563,PlayStation 4
5563,PlayStation 3
4828,PC
4828,Xbox 360
4828,PlayStation 3
12447,PlayStation 4
12447,PC
12447,Xbox One
864,Xbox One
864,PC
864,PlayStation 4
9882,Linux
9882,Xbox One
9882,PlayStation 4
9882,macOS
9882,PC
10243,Linux
10243,macOS
10243,PC
4248,PlayStation 4
4248,PlayStation 3
4248,Xbox 360
4248,PC
4248,Xbox One
17540,PlayStation 4
17540,PS Vita
17540,PC
17540,Xbox 360
17540,PlayStation 3
12536,Xbox One
12536,Nintendo Switch
12536,PlayStation 4
12536,PC
13633,PC
13633,macOS
13633,Linux
430,Android
430,macOS
430,PC
430,iOS
430,PlayStation 4
430,PS Vita
430,PlayStation 2
430,Xbox
5583,PlayStation 3
5583,Xbox 360
5583,macOS
5583,PC
5583,Xbox One
5583,PlayStation 4
3144,Linux
3144,Nintendo Switch
3144,Wii U
3144,Xbox 360
3144,PlayStation 4
3144,PS Vita
3144,Android
3144,Web
3144,PC
3144,macOS
4514,PlayStation 4
4514,PlayStation 3
4514,Xbox 360
4514,PC
4514,Xbox One
4514,Nintendo Switch
362,Xbox One
362,PlayStation 4
362,PC
3841,Xbox 360
3841,Xbox One
3841,PC
3841,Nintendo Switch
3841,Wii U
3841,PlayStation 3
3841,PlayStation 4
58812,Xbox Series S/X
58812,PlayStation 5
58812,Xbox One
58812,PlayStation 4
58812,PC
257201,PlayStation 4
257201,PC
257201,PlayStation 5
257201,Xbox One
11934,Linux
11934,macOS
11934,PC
4570,PlayStation 3
4570,PC
4570,Xbox One
4570,Xbox 360
2462,PlayStation 5
2462,PlayStation 4
4806,PC
4806,Xbox One
4806,PlayStation 3
4806,Xbox 360
3017,Xbox One
3017,PlayStation 4
3017,PC
3604,Nintendo Switch
3604,PC
3604,Linux
3604,Xbox One
3604,PlayStation 4
3604,macOS
3543,Linux
3543,macOS
3543,PC
3543,PlayStation 3
3543,Xbox 360
3543,Android
50738,PC
50738,PlayStation 4
19301,Xbox
19301,Linux
19301,macOS
19301,PC
3603,PlayStation 4
3603,Xbox One
3603,Nintendo Switch
3603,PC
3603,macOS
3603,Linux
13535,PC
13535,Xbox 360
13535,macOS
11142,PlayStation 4
11142,macOS
11142,PC
11142,Xbox One
11142,Nintendo Switch
3747,Xbox 360
3747,PC
3747,PlayStation 3
3747,PlayStation 4
3747,Xbox One
108,PC
108,Xbox One
108,PlayStation 4
3636,PlayStation 4
274755,PlayStation 5
274755,Xbox Series S/X
274755,PlayStation 4
274755,Nintendo Switch
274755,PC
274755,Xbox One
10141,PlayStation 4
10141,Nintendo Switch
10141,PC
10141,Xbox One
11147,Android
11147,Linux
11147,macOS
11147,PC
11147,iOS
4513,Xbox 360
4513,PlayStation 3
4513,Xbox One
4513,PC
4166,Xbox One
4166,Xbox 360
4166,PlayStation 3
4166,PC
326292,Xbox One
326292,PlayStation 4
326292,PC
326292,Nintendo Switch
326292,Xbox Series S/X
46889,PlayStation 4
46889,Xbox One
46889,PC
3191,PC
3191,Xbox One
3191,PlayStation 4
3191,Xbox 360
3191,Linux
3191,macOS
613,PlayStation 4
613,PS Vita
613,Xbox One
613,PC
613,iOS
613,Linux
613,Nintendo Switch
613,Xbox 360
613,macOS
22509,Android
22509,PS Vita
22509,PlayStation 4
22509,PlayStation 3
22509,Xbox 360
22509,Nintendo 3DS
22509,Nintendo Switch
22509,macOS
22509,PC
22509,iOS
22509,Wii U
22509,Xbox One
22509,Linux
10989,macOS
10989,PC
10989,PlayStation 4
10989,Xbox One
10989,Nintendo Switch
25,PC
25,Xbox One
25,PlayStation 4
25,Android
17576,PlayStation 4
17576,Xbox 360
17576,Xbox One
17576,PlayStation 3
17576,macOS
17576,PC
9810,Nintendo Switch
9810,Xbox One
9810,PlayStation 4
9810,Linux
9810,macOS
9810,PC
9810,iOS
480,macOS
480,PlayStation 4
480,PC
480,Xbox One
480,Nintendo Switch
923,Xbox One
923,PlayStation 4
923,PC
10065,Xbox One
10065,PC
10065,macOS
10065,Linux
10065,Nintendo Switch
10065,PlayStation 4
3387,PlayStation 4
3254,PC
3254,iOS
3254,PlayStation 4
3254,PlayStation 3
17572,PlayStation 3
17572,PC
17572,PlayStation 4
17572,Xbox 360
9743,PlayStation 4
9743,Linux
9743,macOS
9743,PC
9743,Nintendo Switch
9743,Xbox One
45969,Xbox One
45969,PC
45969,PlayStation 4
13910,PC
13910,Android
13910,iOS
13910,Xbox 360
13910,PlayStation 3
13910,macOS
13627,Xbox Series S/X
13627,Nintendo Switch
13627,Xbox One
13627,PC
13627,macOS
13627,Linux
13627,PlayStation 4
13627,PS Vita
13554,Classic Macintosh
13554,PC
13554,Linux
13554,macOS
28179,PlayStation 4
28179,macOS
28179,Linux
28179,Xbox One
28179,Nintendo Switch
28179,PC
5525,Xbox 360
5525,PlayStation 3
5525,Xbox One
5525,iOS
5525,PC
5525,Linux
5525,macOS
18240,PlayStation 3
18240,Xbox One
18240,iOS
18240,Nintendo Switch
18240,Xbox 360
18240,PlayStation 4
18240,Android
18240,PC
1416,PlayStation 3
1416,Xbox 360
1416,PC
1416,Xbox One
23585,PlayStation 4
23585,PC
23585,Xbox One
3687,Xbox One
3687,Wii U
3687,Xbox 360
3687,PlayStation 3
3687,PlayStation 4
3687,PC
51329,Xbox One
51329,PC
51329,PlayStation 4
51329,macOS
51329,Linux
2361,PlayStation 3
2361,Xbox One
2361,iOS
2361,PC
2361,macOS
2361,Linux
2361,Xbox 360
2361,PlayStation 2
2361,PlayStation 4
2361,Xbox
28201,PC
28201,PlayStation 5
28201,Xbox One
28201,PlayStation 4
2743,PC
2743,PlayStation 4
2743,PlayStation 3
1450,Nintendo Switch
1450,PC
1450,iOS
1450,macOS
1450,Xbox One
1450,PlayStation 4
9830,Xbox One
9830,Android
9830,iOS
9830,PC
9830,macOS
9830,Nintendo Switch
9830,PlayStation 4
50734,Xbox One
50734,PC
50734,PlayStation 4
4280,PlayStation 3
4280,PC
4280,Xbox 360
4280,macOS
3931,PlayStation 3
3931,PC
3931,Xbox One
3931,PlayStation 4
3931,Xbox 360
3931,Linux
8488,Xbox One
8488,PC
8488,PlayStation 4
8488,Xbox Series S/X
8488,PlayStation 5
2819,macOS
2819,Linux
2819,Nintendo Switch
2819,PlayStation 4
2819,Xbox One
2819,PC
2093,Nintendo Switch
2093,Xbox One
2093,PC
2093,PlayStation 4
2093,PlayStation 5
58616,PlayStation 4
58616,PC
58616,Xbox One
58616,Nintendo Switch
3556,PC
3556,Xbox One
3556,Nintendo Switch
3556,Android
3556,iOS
3556,PlayStation 4
4223,PlayStation 3
4223,macOS
4223,PC
4223,Xbox 360
4223,Xbox One
58654,Xbox One
58654,PC
58654,PlayStation 4
3678,Xbox One
3678,PC
3678,macOS
3678,Linux
3678,PlayStation 4
4502,PlayStation 3
4502,Xbox One
4502,Xbox 360
4502,Nintendo Switch
4502,PC
28568,Xbox 360
28568,PlayStation 3
28568,Xbox One
28568,PC
28568,macOS
28568,PlayStation 4
28154,PlayStation 4
28154,Nintendo Switch
28154,Xbox One
28154,macOS
28154,PC
11052,PC
2235,PlayStation 3
2235,PC
2235,Android
2235,Xbox 360
262382,PC
262382,macOS
262382,Xbox One
262382,Nintendo Switch
262382,PlayStation 4
262382,Xbox Series S/X
262382,PlayStation 5
326243,PC
326243,Xbox One
326243,PlayStation 4
326243,Xbox Series S/X
326243,PlayStation 5
58777,PC
58777,PlayStation 4
58777,Xbox One
58777,Nintendo Switch
58777,PlayStation 5
28153,Xbox One
28153,PC
28153,PlayStation 4
356714,Android
356714,Nintendo Switch
356714,PC
356714,iOS
356714,PlayStation 4
356714,PlayStation 5
356714,Xbox One
10340,PC
10340,macOS
10340,Linux
58751,Xbox One
58751,PC
58751,Xbox Series S/X
1010,Nintendo Switch
1010,PlayStation 4
1010,PC
1010,iOS
1010,macOS
1010,Linux
2792,PlayStation 4
2792,Linux
2792,macOS
2792,PC
2792,iOS
2792,Xbox One
3876,Wii U
3876,PC
3876,macOS
3876,Xbox 360
3876,PlayStation 3
1682,PS Vita
1682,PlayStation 4
1682,Xbox One
1682,iOS
1682,PC
1682,Android
1682,Xbox 360
1682,macOS
4003,PlayStation 3
4003,Xbox 360
4003,macOS
4003,PC
998,Xbox One
998,PC
998,PlayStation 4
18613,PC
18613,macOS
18613,Linux
3497,PlayStation 4
3497,PlayStation 3
3497,PC
3497,Xbox One
3497,Xbox 360
13461,PlayStation 4
13461,Nintendo Switch
13461,Xbox 360
13461,PC
13461,Xbox One
13461,PlayStation 3
1256,Nintendo Switch
1256,macOS
1256,PC
1256,PlayStation 4
1256,Linux
17959,Xbox One
17959,PC
17959,Nintendo Switch
17959,Xbox 360
15002,PC
15002,macOS
15002,Linux
12024,macOS
12024,PC
12024,Linux
22571,Xbox One
22571,PC
22571,PlayStation 4
4527,PC
4527,Xbox One
4527,PlayStation 3
4527,macOS
4527,Xbox 360
4599,PlayStation 3
4599,Xbox 360
4599,PC
4599,Linux
4599,Xbox One
13268,Linux
13268,macOS
13268,PC
10560,macOS
10560,PC
10560,Linux
11435,macOS
11435,PC
3853,PlayStation 4
3853,Nintendo Switch
3853,PC
3853,Linux
3853,macOS
19590,Xbox 360
19590,Xbox One
19590,PC
10297,iOS
10297,PC
10297,macOS
10297,PlayStation 4
10297,Xbox One
10297,Nintendo Switch
10297,Linux
3168,PlayStation 4
3168,Xbox One
3168,PC
3168,macOS
3168,Linux
13305,Wii U
13305,Xbox 360
13305,PlayStation 3
13305,Xbox One
13305,PlayStation 4
13305,PC
28172,PlayStation 4
28172,Xbox One
28172,PC
1090,Android
1090,PS Vita
1090,Nintendo Switch
1090,Linux
1090,macOS
1090,PC
1090,iOS
4013,PlayStation 3
4013,PC
4013,Nintendo Switch
4013,Xbox 360
4013,Xbox One
3766,PlayStation 4
3766,PlayStation 3
3766,Xbox 360
3766,Xbox One
3766,macOS
3766,PC
10061,Xbox One
10061,PlayStation 4
10061,PC
4544,PC
4544,Nintendo Switch
4544,PlayStation 4
4544,Xbox One
4544,Xbox 360
4544,PlayStation 3
17352,PC
17352,Linux
17352,macOS
952,PC
952,macOS
952,Android
952,Linux
952,iOS
432,macOS
432,PC
432,iOS
432,Android
432,PlayStation 4
432,PlayStation 2
432,Xbox
51325,PlayStation 4
51325,PlayStation 5
28202,PlayStation 4
28202,PC
28202,Nintendo Switch
28202,Xbox One
906,Xbox 360
906,Xbox One
906,PlayStation 3
906,PC
906,PlayStation 4
11726,Xbox One
11726,Nintendo Switch
11726,PlayStation 4
11726,macOS
11726,Linux
11726,iOS
11726,PC
1358,Linux
1358,macOS
1358,PC
1358,iOS
1358,Android
1358,PS Vita
43877,PC
3474,Xbox One
3474,PlayStation 4
3474,PC
18272,Android
18272,PC
10548,Xbox One
10548,PC
10548,Nintendo Switch
10548,Wii U
10548,PlayStation 4
10073,PlayStation 4
10073,Nintendo Switch
10073,PC
10073,Xbox One
28492,PC
28492,Xbox 360
28492,PlayStation 3
3990,PlayStation 3
3990,PlayStation 4
559,PlayStation 4
559,Xbox One
559,PC
559,Nintendo Switch
559,Android
559,iOS
10419,PlayStation 4
10419,Xbox Series S/X
10419,PC
10419,macOS
10419,Nintendo Switch
10419,Xbox One
10419,PlayStation 5
3757,Xbox One
3757,PlayStation 4
3757,PlayStation 3
3757,PC
3757,Nintendo Switch
3757,Xbox 360
3740,Nintendo Switch
3740,PlayStation 3
3740,Xbox 360
3740,PlayStation 4
3740,PS Vita
3740,iOS
3740,PC
3740,macOS
3740,Linux
19542,Linux
19542,macOS
19542,PC
19542,Dreamcast
59359,PC
59359,Xbox Series S/X
59359,PlayStation 4
59359,PlayStation 5
59359,Xbox One
59359,Nintendo Switch
2572,PlayStation 4
2572,PC
2572,macOS
2572,Xbox One
2572,Linux
21265,Linux
21265,macOS
21265,PC
4954,PlayStation 3
4954,Xbox 360
4954,Nintendo Switch
4954,PC
4954,macOS
1244,PC
1244,macOS
1244,Nintendo Switch
1244,Linux
1244,PS Vita
1244,Xbox One
1244,PlayStation 4
14348,macOS
14348,Xbox One
14348,PlayStation 4
14348,PC
14348,Linux
15859,Xbox 360
15859,Xbox
15859,Nintendo Switch
15859,Xbox One
15859,Android
15859,iOS
15859,PC
15859,macOS
56184,GameCube
56184,Android
56184,PC
56184,iOS
56184,PlayStation 4
56184,PlayStation 2
56184,Wii
8146,PlayStation 4
8146,PC
8146,Xbox One
857,PC
857,Xbox One
9475,PlayStation 3
9475,PS Vita
9475,Linux
9475,Wii U
9475,Xbox One
9475,PC
9475,macOS
9475,PlayStation 4
865,iOS
865,Nintendo DS
865,PlayStation 3
865,macOS
865,PC
865,Xbox One
865,Wii
865,Xbox 360
3015,PC
3015,Xbox One
3015,Xbox 360
3015,PlayStation 3
3015,PlayStation 4
3015,macOS
3015,Linux
19384,macOS
19384,PC
4639,Xbox 360
4639,Xbox One
4639,macOS
4639,PlayStation 3
4639,PC
3486,Nintendo DS
3486,Nintendo Switch
3486,macOS
3486,PC
3486,iOS
3486,PlayStation 3
3486,Xbox 360
3486,Android
18241,PlayStation 3
18241,PC
18241,Xbox One
18241,PlayStation 4
18241,Xbox 360
6617,PC
6617,Xbox One
4550,Xbox 360
4550,PC
4550,Xbox One
4550,PlayStation 3
3932,Xbox 360
3932,PC
3932,PlayStation 3
3932,macOS
16112,Xbox One
16112,PC
16112,macOS
16112,PlayStation 4
3771,Xbox One
3771,Xbox 360
3771,PlayStation 3
3771,PC
3771,Nintendo Switch
3771,Wii U
3771,PlayStation 4
3771,PS Vita
58755,PlayStation 5
58755,Xbox One
58755,PC
58755,PlayStation 4
28623,PlayStation 3
28623,Nintendo Switch
28623,macOS
28623,PlayStation 4
28623,Xbox One
28623,PC
28623,Xbox 360
492,PC
492,PlayStation 4
492,PlayStation 3
492,Xbox One
5562,Xbox 360
5562,PC
5562,Xbox One
5562,PlayStation 3
17875,PlayStation 4
17875,Xbox 360
17875,Wii U
17875,Nintendo Switch
17875,PC
17875,Xbox One
3028,PC
3028,PlayStation 3
3028,PlayStation 4
817974,Android
817974,PC
29338,PC
29338,PlayStation 4
17126,PC
17126,PlayStation 4
17126,Nintendo Switch
17126,Xbox One
17126,macOS
17126,Linux
1169,macOS
1169,PC
1169,Xbox One
1169,PlayStation 4
7819,PlayStation 4
7819,Nintendo Switch
7819,macOS
7819,Xbox One
7819,Linux
7819,Web
7819,PC
42187,PlayStation 4
42187,macOS
42187,PC
42187,Xbox One
42187,Xbox Series S/X
1959,Xbox One
1959,Xbox 360
1959,PlayStation 3
1959,PlayStation 4
1959,Android
1959,iOS
1959,macOS
1959,Linux
1959,PC
3842,PC
3842,Xbox One
3842,PlayStation 4
3842,Xbox 360
3842,PlayStation 3
42,Xbox One
42,iOS
42,PC
42,Nintendo Switch
42,PlayStation 4
5703,PlayStation 4
5703,PlayStation 3
19365,PlayStation 3
19365,PC
19365,Xbox 360
3892,PC
3892,Wii U
3892,Xbox 360
3892,PlayStation 3
21924,PlayStation 4
21924,Xbox One
21924,PC
3408,Android
3408,PS Vita
3408,PlayStation 4
3408,PlayStation 3
3408,Linux
3408,macOS
3408,PC
3408,Nintendo Switch
3408,iOS
1774,PC
1774,PlayStation 4
1774,PS Vita
1774,Xbox One
1774,Nintendo Switch
1774,iOS
1774,Linux
1774,macOS
1774,Android
5159,Dreamcast
5159,GameCube
5159,Nintendo 64
5159,PC
5159,PlayStation
624,PC
624,Linux
624,iOS
624,macOS
28199,Xbox One
28199,PC
28199,Nintendo Switch
28199,Xbox Series S/X
2623,Web
2623,Nintendo Switch
2623,PC
2623,Xbox One
2623,PlayStation 4
2623,Xbox 360
2623,PlayStation 3
2873,Android
2873,macOS
2873,PC
2873,iOS
2873,Xbox One
2873,PlayStation 4
2733,Nintendo Switch
2733,PlayStation 4
2733,Linux
2733,macOS
2733,PC
9609,Linux
9609,macOS
9609,PC
28559,Xbox 360
28559,PlayStation 3
28559,PlayStation 4
28559,Xbox One
28559,PC
16209,Linux
16209,macOS
16209,PC
9600,PC
9600,PlayStation 4
274762,PlayStation 4
274762,PC
274762,Nintendo Switch
274762,Xbox One
11276,PC
11276,macOS
11276,Wii
11276,Xbox 360
11276,PlayStation 3
11276,iOS
11276,Xbox One
11686,macOS
11686,PC
11686,Linux
23322,PlayStation 4
23322,Xbox One
23322,PC
23322,macOS
23322,Linux
58753,PC
58753,Xbox One
58753,Xbox Series S/X
15834,macOS
15834,PC
15834,iOS
15834,Android
15834,PS Vita
15834,PlayStation 3
15834,Xbox 360
15834,Nintendo Switch
15834,PlayStation 4
15834,Xbox One
22511,Nintendo Switch
22511,Wii U
22781,iOS
22781,Xbox
22781,Android
22781,PlayStation 3
22781,PlayStation 2
22781,Xbox 360
22781,Nintendo Switch
22781,macOS
22781,PC
16343,PC
16343,macOS
16343,Linux
58617,Nintendo Switch
58617,PC
58617,Xbox One
58617,PlayStation 4
58617,PlayStation 5
58617,Xbox Series S/X
3371,PlayStation 4
3371,Xbox One
3371,PC
752,PlayStation 4
752,Nintendo Switch
752,Xbox One
752,macOS
752,PC
4440,PlayStation 3
4440,Xbox One
4440,PC
4440,macOS
4440,Xbox 360
16113,PC
16113,Xbox 360
16113,PlayStation 3
13194,PC
13194,Nintendo Switch
13194,Android
13194,Linux
13194,iOS
13194,macOS
20406,Linux
20406,macOS
20406,PC
18336,Xbox 360
18336,PC
18336,Xbox One
4101,PlayStation 4
4101,PlayStation 3
4101,Xbox 360
4101,Wii U
4101,PC
4101,Xbox One
4101,Nintendo Switch
306124,PC
306124,Nintendo Switch
306124,PlayStation 4
306124,Xbox One
2728,PC
2728,Xbox One
2728,PlayStation 4
12756,PC
12756,PlayStation 3
12756,Xbox 360
45821,Xbox One
45821,Nintendo Switch
45821,PlayStation 4
45821,PC
14446,Wii U
14446,Xbox One
14446,Xbox 360
14446,PlayStation 3
14446,PC
22121,Xbox One
22121,PC
22121,macOS
22121,Nintendo Switch
22121,PlayStation 4
22121,Linux
4573,PC
4573,PlayStation 3
4094,PlayStation 3
4094,Xbox 360
4094,PC
4094,Android
4094,Xbox One
2553,PlayStation 4
15426,PC
15426,Linux
14512,PC
14512,macOS
14512,Linux
3631,PlayStation 4
9966,Nintendo Switch
9966,PC
9966,PlayStation 4
9966,Xbox One
9966,PlayStation 5
18614,Linux
18614,PC
18614,macOS
2597,PC
2597,iOS
2597,Nintendo DS
2597,PlayStation 3
2597,Nintendo 3DS
2597,Xbox 360
2597,Wii
2597,PS Vita
2597,Android
4123,Nintendo Switch
4123,macOS
4123,PC
4123,PlayStation 4
4123,PlayStation 3
4123,Xbox 360
4123,Xbox One
30899,PlayStation 2
30899,PC
30899,Xbox
42895,PC
42895,Xbox One
42895,PlayStation 4
2115,PlayStation 4
2115,Nintendo Switch
2115,Xbox One
2115,PC
9671,PlayStation 4
9671,Xbox One
9671,PC
9671,macOS
9671,Linux
58550,PlayStation 4
58550,PC
58550,PlayStation 5
28152,PlayStation 4
28152,PC
28152,Xbox One
13247,Android
13247,Linux
13247,macOS
13247,PC
13247,iOS
13247,PlayStation 4
13247,Xbox One
13247,Nintendo Switch
13913,macOS
13913,PlayStation 2
13913,PlayStation 3
13913,PC
17857,Xbox Series S/X
17857,PC
17857,Xbox One
17857,Nintendo Switch
17857,PlayStation 4
46956,Linux
46956,PC
46956,macOS
50778,PC
50778,Xbox One
50778,PlayStation 4
3209,PlayStation 4
3209,PlayStation 3
14962,Xbox 360
14962,PlayStation 3
14962,PC
18183,PC
18183,iOS
19569,Xbox 360
19569,PlayStation 4
19569,PC
19569,PlayStation 2
19569,PlayStation 3
19569,Xbox
750,PlayStation 4
750,PC
750,Xbox One
11312,PlayStation 4
11312,Xbox One
11312,Nintendo Switch
11312,PC
11312,macOS
11312,Linux
5193,PlayStation 5
5193,PlayStation 4
5193,PC
5193,PlayStation
14016,PC
14016,Xbox 360
14016,Xbox One
14016,macOS
670682,PC
670682,macOS
670682,Linux
2518,PC
2518,PlayStation 3
2518,Xbox
2518,Classic Macintosh
2518,PlayStation 2
2518,Xbox 360
2518,PlayStation 4
3368,PlayStation 4
3368,PS Vita
3368,PC
3368,macOS
250,Xbox One
250,macOS
250,Linux
250,Nintendo Switch
250,Nintendo 3DS
250,Wii U
250,PlayStation 4
250,PS Vita
250,iOS
250,PC
16359,PC
16359,Linux
16359,macOS
16359,PlayStation 4
16359,Xbox One
274480,Nintendo Switch
274480,Xbox One
274480,PC
274480,PlayStation 4
274480,Xbox Series S/X
274480,PlayStation 5
3346,Xbox One
3346,PlayStation 4
3346,PC
17803,Xbox One
17803,PC
9653,PC
9653,macOS
9653,Linux
10449,PlayStation 4
10449,Xbox One
10449,Nintendo Switch
10449,PC
9793,Linux
9793,PC
9793,macOS
15858,Xbox
15858,Xbox 360
15858,Linux
15858,macOS
15858,PC
15858,Nintendo Switch
15858,Android
13628,PlayStation 4
13628,Xbox One
13628,PC
13628,macOS
12320,Xbox One
12320,PC
12320,macOS
12320,Linux
12320,Nintendo Switch
12320,PlayStation 4
51610,Nintendo Switch
51610,PC
51610,PlayStation 4
51610,Xbox One
3554,PlayStation 3
3554,PlayStation 4
3554,Xbox 360
3554,PC
3554,Xbox One
10092,Xbox One
10092,PC
50781,PC
50781,PlayStation 5
50781,Xbox Series S/X
50781,Xbox One
19299,macOS
19299,PC
10090,Nintendo Switch
10090,iOS
10090,Xbox One
10090,PC
10090,macOS
10090,Linux
10090,PlayStation 4
10090,Android
17380,PC
452638,macOS
452638,Xbox One
452638,Nintendo Switch
452638,PC
452638,Xbox Series S/X
452638,PlayStation 5
452638,PlayStation 4
19451,Xbox 360
19451,PlayStation 3
19451,PC
15274,PlayStation 4
15274,Nintendo Switch
15274,PC
15274,Xbox One
15274,Linux
15274,macOS
3427,Xbox One
3427,PC
3427,PlayStation 4
3427,PlayStation 3
3427,Xbox 360
12569,Linux
12569,PC
12569,macOS
3729,PC
3729,PlayStation 3
3729,Nintendo 3DS
3729,Xbox 360
3729,Xbox One
3729,Wii U
3729,PlayStation 4
3729,PS Vita
3729,macOS
3912,macOS
3912,Linux
3912,PlayStation 3
3912,Xbox 360
3912,PC
5161,PlayStation 3
5161,Xbox One
5161,iOS
5161,PC
5161,macOS
5161,Linux
5161,Xbox 360
10001,PC
10001,macOS
10001,Linux
829,PlayStation 4
829,Xbox One
829,PC
14062,PC
3449,SEGA Saturn
3449,PC
3449,PlayStation
4729,PlayStation 3
4729,Xbox 360
4729,Xbox One
4729,PC
5578,Xbox 360
5578,Nintendo DS
5578,PC
5578,PlayStation 3
5578,Xbox One
678,PlayStation 4
678,Xbox One
678,PC
19452,PC
19452,PlayStation 3
19452,Xbox 360
14690,Nintendo Switch
14690,PlayStation 4
14690,macOS
14690,PC
14690,Linux
455597,PlayStation 5
455597,Xbox Series S/X
455597,PlayStation 4
455597,PC
455597,Nintendo Switch
455597,Xbox One
2574,PlayStation 4
2574,Nintendo Switch
2574,Linux
2574,macOS
2574,PC
2574,Xbox One
58813,Nintendo Switch
58813,PlayStation 5
58813,PlayStation 4
58813,PC
58813,macOS
58813,Xbox One
17174,PC
17174,Nintendo Switch
17174,Xbox One
17174,Xbox 360
17174,PlayStation 3
17174,PlayStation 4
17174,PS Vita
3300,macOS
3300,PC
3300,Xbox One
3300,PlayStation 4
14317,PC
14317,macOS
19375,PlayStation 3
19375,PC
19375,PlayStation 4
19375,Xbox 360
19375,Xbox One
10064,macOS
10064,PC
10064,PlayStation 3
10064,Xbox 360
10064,Xbox One
10064,PlayStation 4
2047,Android
2047,PlayStation 4
2047,PC
2047,iOS
2047,Xbox One
3697,PlayStation 3
3697,Xbox 360
3697,Linux
3697,macOS
3697,PC
4179,PC
4179,Wii U
4179,PlayStation 3
4179,Nintendo Switch
4179,Xbox 360
47137,PlayStation 4
47137,Xbox One
47137,iOS
47137,PC
47137,Android
47137,Xbox Series S/X
47137,PlayStation 5
47137,Nintendo Switch
53341,iOS
53341,Xbox 360
53341,Android
53341,Game Boy Advance
53341,Dreamcast
53341,PlayStation 3
53341,PS Vita
53341,PC
11974,Nintendo Switch
11974,PC
11974,Linux
11974,macOS
11974,Xbox 360
12019,Xbox 360
12019,Xbox One
12019,macOS
12019,PC
12019,Linux
2300,Xbox One
2300,Nintendo Switch
2300,macOS
2300,PlayStation 4
2300,PC
2166,Xbox 360
2166,PlayStation 3
2166,Xbox One
2166,PlayStation 4
2166,Android
2166,PC
2166,macOS
2166,iOS
295021,Android
295021,iOS
295021,PC
295021,macOS
295021,Linux
397477,Nintendo Switch
397477,PC
397477,Xbox Series S/X
397477,PlayStation 5
397477,PlayStation 4
397477,Xbox One
442855,Xbox One
442855,PlayStation 4
442855,PC
442854,PC
442854,Xbox One
442854,PlayStation 4
28121,Xbox One
28121,iOS
28121,PC
28121,macOS
28121,Linux
28121,Nintendo Switch
28121,PlayStation 4
28121,Android
259801,PC
259801,PlayStation 5
259801,PlayStation 4
9551,PC
9551,PlayStation 4
9551,PlayStation 5
4032,Xbox One
4032,PC
4032,Nintendo Switch
4032,Xbox 360
4032,PlayStation 3
4032,PlayStation 4
4000,PlayStation 3
4000,Xbox 360
4000,PC
10040,PC
10040,macOS
10040,Linux
295,Nintendo Switch
295,Xbox One
295,PlayStation 4
295,iOS
295,PC
295,Linux
295,Android
295,macOS
19600,Xbox 360
19600,PC
19600,PlayStation 3
19600,Xbox One
5687,PlayStation 4
3350,Android
3350,PS Vita
3350,Nintendo Switch
3350,Linux
3350,macOS
3350,PC
3350,iOS
3350,PlayStation 4
3350,Xbox One
7381,PlayStation 4
7381,Nintendo Switch
7381,Xbox One
7381,PC
9575,PC
2100,PlayStation 3
2100,macOS
2100,PC
2100,iOS
2100,Nintendo Switch
2100,Android
2100,PlayStation 4
2100,Xbox 360
2100,Xbox One
3647,PlayStation 3
3647,PlayStation 4
3647,PS Vita
3647,Wii U
3647,Xbox 360
3647,Xbox One
3647,PC
3647,Nintendo Switch
3290,PlayStation 4
3290,PC
5565,PC
5565,PlayStation 3
5565,Xbox 360
685577,Nintendo Switch
685577,Android
685577,PC
685577,iOS
685577,Xbox One
685577,Web
5564,PC
5564,PlayStation 3
5564,Xbox 360
894,PlayStation 3
894,PlayStation 4
894,Xbox 360
894,Xbox One
23557,Xbox One
23557,iOS
23557,PC
23557,PlayStation 4
23557,Android
23587,PlayStation 4
23587,Xbox One
23587,PC
23587,Nintendo Switch
17037,PC
17037,Xbox 360
17037,macOS
17037,Linux
4882,PC
4882,PlayStation 3
4882,Xbox 360
4882,Android
4882,iOS
6879,macOS
6879,Xbox One
6879,Nintendo Switch
6879,PC
6879,PlayStation 4
13820,Xbox 360
13820,Xbox
13820,PC
12929,Xbox One
12929,PlayStation 4
12929,iOS
12929,PC
12929,macOS
12929,Linux
12929,Nintendo Switch
12929,Android
3052,Xbox One
3052,PC
3052,PlayStation 4
42215,Xbox One
42215,PlayStation 4
42215,Nintendo Switch
42215,PC
452649,Xbox Series S/X
452649,PC
452649,iOS
452649,PlayStation 5
452649,Nintendo Switch
452649,Xbox One
452649,PlayStation 4
3561,PlayStation 3
3561,Xbox 360
3561,PC
3561,PlayStation 4
3561,PS Vita
41490,PlayStation 4
41490,macOS
41490,PC
41490,Xbox One
59313,Android
59313,macOS
59313,PC
59313,iOS
59313,Xbox One
59313,PlayStation 5
59313,Xbox Series S/X
59313,PlayStation 4
59313,Nintendo Switch
4869,Xbox 360
4869,Wii
4869,macOS
4869,PC
4869,Nintendo DS
4869,PlayStation 3
10428,PC
28110,PlayStation 4
28110,PC
28110,Xbox One
28110,Nintendo Switch
4397,PlayStation 3
4397,Xbox One
4397,PC
4397,Xbox 360
248521,PC
248521,Linux
58494,PC
58494,Xbox One
58494,PlayStation 4
16199,PC
3635,PlayStation 4
3635,Xbox 360
3635,PC
3635,iOS
3635,PlayStation 3
3635,PS Vita
3635,Nintendo Switch
17885,PC
17885,macOS
17885,Linux
17885,Xbox 360
719,Nintendo Switch
719,iOS
719,PC
719,macOS
719,PlayStation 4
719,Xbox One
719,Linux
704634,PC
704634,PlayStation 5
19647,PC
398423,PC
13886,Xbox
13886,PSP
13886,PlayStation 2
13886,PC
10293,Linux
10293,macOS
10293,PC
58764,PlayStation 4
58764,Nintendo Switch
58764,Xbox One
58764,PC
19491,PC
892,Xbox 360
892,iOS
892,PC
892,macOS
892,Linux
892,Nintendo Switch
892,PlayStation 4
4358,PlayStation 3
4358,PC
4358,Xbox 360
4358,PlayStation 4
4358,Xbox One
34,PC
34,Nintendo Switch
34,PlayStation 4
34,Xbox One
4347,Xbox 360
4347,PC
4347,PlayStation 3
29153,PC
29153,Xbox
29153,PlayStation 2
11279,Linux
11279,macOS
11279,PC
382,PlayStation 5
382,Xbox Series S/X
382,PC
382,PlayStation 4
382,Nintendo Switch
382,Xbox One
49,PlayStation 3
49,PlayStation 4
5342,PC
5342,PlayStation 3
5342,Xbox 360
58952,PlayStation 4
58952,Linux
58952,macOS
58952,PC
58952,Nintendo Switch
58952,Xbox One
45970,PC
45970,PlayStation 4
45970,Nintendo Switch
45970,Xbox One
1758,PlayStation 3
1758,Xbox 360
1758,Nintendo Switch
1758,PC
1758,iOS
1758,Android
1758,Xbox One
1758,PlayStation 4
1259,PlayStation 3
1259,PlayStation 4
1259,PS Vita
1259,Xbox One
1259,iOS
1259,PC
1259,Android
1259,Linux
1259,Nintendo Switch
1259,macOS
15566,Xbox 360
15566,PC
15566,PlayStation 3
15829,PlayStation 4
15829,Xbox One
15829,macOS
15829,PC
15829,Linux
44525,PlayStation 4
44525,PC
44525,Nintendo Switch
44525,Xbox One
44525,PlayStation 3
4581,PlayStation 3
4581,Xbox 360
4581,PC
19056,Xbox Series S/X
19056,PlayStation 4
19056,PC
19056,Xbox One
19056,Nintendo Switch
1789,Wii U
1789,Xbox One
1789,macOS
1789,PS Vita
1789,PC
1789,Linux
1789,PlayStation 3
1789,PlayStation 4
3965,PC
3965,PlayStation 3
3965,Xbox 360
15642,PC
15642,Xbox 360
15642,PlayStation 3
622492,Xbox Series S/X
622492,PC
622492,iOS
622492,Xbox One
10767,Xbox One
10767,PlayStation 4
10767,macOS
10767,PC
10767,Linux
19057,PC
19057,PlayStation 4
19057,Xbox One
19057,Nintendo Switch
19057,Xbox Series S/X
19592,PC
19592,PlayStation 2
19592,PlayStation 3
19592,Xbox 360
19592,Xbox
19592,GameCube
9631,PC
58752,PlayStation 4
58752,Xbox One
58752,PC
616765,Xbox One
616765,Nintendo Switch
616765,PC
616765,PlayStation 4
616765,Xbox Series S/X
616765,PlayStation 5
5636,PlayStation 3
5636,PC
5636,Xbox 360
5636,Xbox One
4439,PlayStation 3
4439,Xbox One
4439,PC
4439,Wii U
4439,Xbox 360
38,Android
38,PlayStation 4
38,PC
38,Xbox One
38,iOS
884,Xbox One
884,PlayStation 4
884,PC
19410,macOS
19410,PC
19410,Linux
1140,Android
1140,iOS
1140,PC
1140,macOS
1140,Linux
1140,Nintendo Switch
1140,Wii
4491,PlayStation 3
5528,Xbox 360
5528,PC
5528,PlayStation 3
5528,Nintendo DS
5528,Xbox One
5528,Wii
3315,Linux
3315,macOS
3315,PC
3315,PlayStation 4
15317,PC
15317,macOS
15317,Linux
391399,Xbox One
391399,PC
14606,macOS
14606,Linux
14606,PC
10310,macOS
10310,PC
10310,Linux
326252,Xbox Series S/X
326252,PC
326252,Xbox One
15714,Linux
15714,PC
15714,macOS
15714,iOS
9835,Xbox One
9835,PlayStation 4
9835,PC
9835,Nintendo Switch
5298,Xbox
5298,PSP
5298,PlayStation 3
5298,PC
5298,GameCube
5298,PlayStation 2
5298,Xbox 360
2805,PlayStation 4
2805,PC
16787,PC
16787,Wii
16787,Xbox 360
20405,macOS
20405,Linux
20405,PC
197,PlayStation 4
197,Xbox One
197,PC
197,macOS
326251,PlayStation 5
326251,PC
326251,Xbox Series S/X
14334,Linux
14334,macOS
14334,PC
4523,PlayStation 3
4523,Xbox 360
4523,PC
4012,Xbox One
4012,Xbox 360
4012,Nintendo 3DS
4012,Wii U
4012,PlayStation 3
4012,Nintendo Switch
4012,PlayStation 4
4012,PC
58827,Xbox One
58827,PlayStation 4
58827,Nintendo Switch
58827,Linux
58827,PC
58827,macOS
29171,PlayStation 4
29171,PC
29171,Xbox One
6773,PC
6773,Xbox One
29215,PlayStation 4
29215,Xbox One
29215,iOS
29215,macOS
29215,Linux
29215,Android
29215,PC
17127,Xbox 360
17127,Xbox One
17127,Linux
17127,PC
17127,macOS
4535,Nintendo DS
4535,PC
4535,Xbox One
4535,macOS
4535,Wii
4535,Xbox 360
4535,PlayStation 3
4535,PlayStation 4
11970,Xbox 360
11970,Xbox One
11970,PC
11970,macOS
11970,Nintendo Switch
11970,PlayStation 4
11970,Xbox
437059,PC
437059,Xbox One
437059,PlayStation 5
437059,PlayStation 4
437059,Xbox Series S/X
5297,macOS
5297,PC
5297,PSP
5297,PlayStation 2
5297,Xbox 360
5297,Wii
5297,iOS
18003,Nintendo Switch
18003,iOS
18003,PlayStation 4
18003,PC
18003,macOS
18003,Linux
4387,PlayStation 3
4387,Xbox 360
4387,macOS
4387,PC
4387,Linux
366850,PlayStation 5
366850,Xbox Series S/X
366850,PlayStation 4
366850,Nintendo Switch
366850,PC
366850,Xbox One
324997,macOS
324997,PC
324997,Xbox Series S/X
324997,PlayStation 5
10615,PC
10615,macOS
10615,Linux
19196,PC
17356,PC
1670,Nintendo Switch
1670,iOS
1670,PC
1670,macOS
1670,Linux
1670,Android
52939,PC
52939,iOS
52939,Android
52939,Nintendo Switch
52939,PlayStation
52939,PlayStation 4
52939,Xbox One
19429,PC
4331,PC
4331,Nintendo 3DS
4331,Xbox 360
4331,PlayStation 3
4331,PlayStation 4
4331,Xbox One
28395,PC
28395,PlayStation 3
28395,Xbox 360
13856,Xbox One
13856,Nintendo Switch
13856,macOS
13856,PC
10031,PC
58133,Xbox One
58133,PlayStation 4
58133,PC
58133,Nintendo Switch
2213,Linux
2213,macOS
2213,PC
2213,Xbox One
2213,PlayStation 4
42776,PlayStation 4
42776,PlayStation 3
42776,Wii U
42776,Linux
42776,macOS
42776,Nintendo Switch
42776,PC
42776,Xbox One
2255,Xbox One
2255,PlayStation 4
2255,PC
2255,macOS
2255,Linux
452634,PlayStation 5
452634,PC
452634,PlayStation 4
327999,iOS
327999,PC
327999,macOS
327999,Linux
327999,Android
13079,Android
13079,iOS
13079,PC
13079,macOS
13079,Linux
58651,PC
4388,Xbox 360
4388,PlayStation 3
4388,PC
4388,Xbox One
22859,PC
22859,Xbox
204,Xbox One
204,PlayStation 4
204,Android
204,PC
204,iOS
204,macOS
17252,PC
17252,Xbox 360
263590,Nintendo Switch
263590,Xbox One
263590,PlayStation 4
263590,PC
2722,Xbox One
2722,Nintendo Switch
2722,PlayStation 4
2722,PC
36,PlayStation 4
36,PC
36,Xbox One
3265,PlayStation 4
16355,PC
258322,Xbox One
258322,Nintendo Switch
258322,PlayStation 4
258322,PC
258322,Linux
258322,macOS
4249,PlayStation 3
4249,Xbox 360
4249,PC
4676,PlayStation 3
4676,Xbox 360
4676,macOS
4676,PC
4676,Linux
9545,Xbox One
9545,PlayStation 4
9545,PC
19685,Xbox 360
19685,PlayStation 2
19685,Xbox
19685,PC
16191,PC
3562,Xbox One
3562,PlayStation 4
3562,PC
1299,PlayStation 4
1299,Linux
1299,macOS
1299,Android
1299,PC
1299,Xbox One
21926,PlayStation 4
21926,PlayStation 5
2434,PS Vita
2434,PlayStation 4
2434,Nintendo Switch
2434,Nintendo 3DS
2434,macOS
2434,Linux
2434,iOS
2434,Android
2434,PC
9853,PC
2778,PlayStation 4
2778,iOS
2778,PC
2778,macOS
2778,Linux
2778,Nintendo Switch
2778,Android
4612,PlayStation 3
4612,Xbox 360
4612,PC
17599,PlayStation 3
17599,Xbox 360
17599,PC
1225,PlayStation 4
1225,PC
1225,Xbox One
3450,Linux
3450,PC
3450,Xbox One
3450,PlayStation 3
3450,PlayStation 4
3450,Xbox 360
2559,PlayStation 4
2559,PC
2559,Xbox One
3850,PlayStation 3
3850,Nintendo 3DS
3850,Nintendo DS
3850,Xbox One
3850,iOS
3850,PC
3850,macOS
3850,Wii U
3850,Xbox 360
3850,PlayStation 4
3850,PS Vita
3850,Android
3651,PlayStation 3
3651,PlayStation 4
3651,Xbox 360
3651,Nintendo Switch
3651,Xbox One
3651,PC
715,Xbox One
715,PlayStation 4
715,PC
60179,PC
17295,Linux
17295,macOS
17295,PC
22513,PlayStation 4
22513,PlayStation 3
516111,PlayStation 5
516111,Xbox Series S/X
516111,PlayStation 4
516111,PC
516111,Xbox One
58585,PlayStation 4
58585,Xbox One
58585,PC
20760,Xbox One
20760,Xbox 360
20760,PlayStation 3
20760,PC
22789,PC
17925,Xbox 360
17925,PC
137,Xbox One
137,PC
137,PlayStation 4
3251,Xbox One
3251,PlayStation 4
3251,PC
3251,Linux
2239,PC
2239,PlayStation 4
2239,Xbox One
2239,Nintendo Switch
4744,PC
4744,macOS
4744,PlayStation 3
4744,Xbox 360
401805,PlayStation 5
401805,Android
401805,PlayStation 4
401805,Nintendo Switch
401805,PC
401805,iOS
2354,PlayStation 4
2354,PC
2354,Xbox One
4923,PC
4923,PlayStation 3
4923,PlayStation 4
4923,Xbox One
4923,Xbox 360
123,PC
123,Xbox One
123,Nintendo Switch
123,PlayStation 4
123,Android
123,iOS
13469,PC
10049,PC
28261,PC
28261,Xbox 360
3748,Nintendo Switch
3748,Nintendo 3DS
3748,Xbox One
3748,PC
3748,macOS
3748,Linux
3748,Wii U
3748,PlayStation 4
3748,PS Vita
3772,PC
3772,Xbox One
3772,PlayStation 3
3772,PlayStation 4
3772,Xbox 360
19458,PC
19458,PlayStation 4
19458,Xbox One
19458,Linux
19458,macOS
19458,Nintendo Switch
19458,Xbox
19309,Nintendo DS
19309,Nintendo DSi
19309,Xbox 360
19309,PlayStation 3
19309,PlayStation 4
19309,PS Vita
19309,Android
19309,iOS
19309,PC
19309,macOS
9465,Xbox Series S/X
9465,PC
9465,Xbox One
14990,PlayStation 3
14990,Xbox 360
14990,PC
323065,PC
323065,Xbox One
323065,PlayStation 4
29173,PlayStation 4
29173,Xbox One
29173,PC
2913,PC
2913,Xbox One
2913,macOS
2913,Linux
2913,Nintendo Switch
2913,PlayStation 4
2913,Android
2913,iOS
2845,Xbox One
2845,iOS
2845,PC
2845,macOS
2845,Linux
2845,Nintendo Switch
2845,PlayStation 4
2845,PS Vita
722,PlayStation 4
722,PC
722,Xbox 360
722,Xbox One
19284,PC
50677,Linux
50677,macOS
50677,PC
50677,Xbox One
50677,PlayStation 4
7485,Xbox One
7485,PC
7485,macOS
7485,PlayStation 4
22597,PlayStation 4
22597,PC
22597,Nintendo Switch
22597,Xbox One
3268,Xbox One
3268,PC
3268,Nintendo Switch
3268,PlayStation 4
364806,PlayStation 4
364806,PC
364806,Xbox One
18886,Xbox One
18886,Xbox 360
18886,PC
18886,macOS
18886,Linux
18886,PlayStation 3
18081,PC
18081,macOS
18081,Linux
1322,Xbox One
1322,PC
1322,Xbox 360
1322,PlayStation 3
1322,PlayStation 4
4340,PlayStation 3
4340,PlayStation 4
2830,PlayStation 4
2830,Xbox 360
2830,Nintendo Switch
2830,PC
2830,Xbox One
2390,Nintendo Switch
2390,Linux
2390,macOS
2390,PC
2390,PlayStation 4
2390,Xbox One
3494,Android
3494,PS Vita
3494,PlayStation 4
3494,PlayStation 3
3494,Wii U
3494,macOS
3494,PC
3494,iOS
3494,Xbox One
3494,Linux
3494,Nintendo Switch
9904,PC
22069,PC
10900,Linux
10900,PC
10900,macOS
20980,macOS
20980,PC
13498,PC
13498,Linux
13498,macOS
28026,Nintendo Switch
12018,Nintendo Switch
12018,PC
12018,macOS
12018,PlayStation 4
12018,Classic Macintosh
12018,Xbox
12018,GameCube
4414,PlayStation 3
4414,Xbox 360
4414,PC
3358,PlayStation 4
3358,PC
3358,macOS
3358,Linux
3358,Xbox 360
10125,PC
10125,Xbox One
10125,PlayStation 4
11228,PlayStation 4
11228,PC
11228,macOS
11228,Linux
11228,Nintendo Switch
11228,Xbox One
9741,PC
9741,PlayStation 4
9741,Xbox One
23702,PC
23702,PlayStation 4
23702,Xbox One
2412,PlayStation 4
2412,iOS
2412,PC
2412,macOS
2412,Linux
3459,PlayStation 4
14989,PC
14989,PlayStation 3
14989,Xbox 360
3090,PlayStation 4
3090,PC
3090,Xbox One
2767,Xbox One
2767,PC
2767,PlayStation 4
10296,Xbox One
10296,PC
10296,PlayStation 4
9494,PC
7317,PC
7317,Wii U
7317,Nintendo 3DS
7317,Android
7317,iOS
19380,PC
19380,Xbox 360
13273,PC
13273,macOS
18184,PC
2556,PlayStation 4
2556,PS Vita
2556,Linux
2556,macOS
2556,Nintendo Switch
2556,Xbox One
2556,PC
9744,Xbox One
9744,Nintendo Switch
9744,PlayStation 4
9744,PC
22162,PlayStation 4
22162,Nintendo Switch
22162,Linux
22162,macOS
22162,PC
22162,iOS
22162,Xbox One
22162,Android
18726,PC
18726,Nintendo Switch
236694,PC
236694,Nintendo Switch
236694,Xbox One
236694,PlayStation 4
19633,Android
19633,PlayStation 3
19633,Xbox 360
19633,PC
19633,iOS
19633,Nintendo Switch
19633,Wii
10050,PC
19439,Xbox 360
19439,PC
21736,PC
20569,PlayStation
20569,Commodore / Amiga
20569,PC
401,PC
401,PlayStation 4
3468,PlayStation 4
3468,PC
122,Android
122,Linux
122,macOS
122,PC
122,iOS
122,Xbox One
122,PlayStation 4
122,Nintendo Switch
9782,PC
10327,Android
10327,macOS
10327,PC
10327,Linux
29,PlayStation 4
29,Xbox One
29,PC
29,Nintendo Switch
46597,PC
27938,Nintendo Switch
27938,PlayStation 4
27938,Xbox One
27938,PC
27938,macOS
27938,Linux
27938,Nintendo 3DS
27938,PS Vita
11567,PC
3501,PlayStation 3
3501,PlayStation 4
22938,PC
22938,iOS
22938,Xbox One
22938,PlayStation 4
22938,Linux
22938,macOS
1830,Nintendo Switch
1830,Xbox One
1830,iOS
1830,PC
1830,macOS
1830,PlayStation 4
9824,Xbox 360
9824,PC
9824,PlayStation 3
11663,PlayStation 4
11663,Xbox One
11663,iOS
11663,PC
11663,Nintendo Switch
427930,PC
14072,Xbox 360
14072,PC
2139,Nintendo Switch
2139,Xbox One
2139,PC
2139,PlayStation 4
2139,iOS
2139,macOS
2139,Linux
19560,PlayStation 3
19560,PlayStation 2
19560,Wii
19560,PC
19560,Xbox
19560,Xbox 360
12980,PC
12980,macOS
11425,PC
58698,PC
58698,PlayStation 4
58698,Xbox One
2055,Linux
2055,PlayStation 4
2055,Android
2055,iOS
2055,PC
2055,macOS
10436,PC
10436,Nintendo Switch
10436,Xbox One
10436,macOS
10436,PlayStation 4
10436,Linux
10926,Linux
10926,macOS
10926,PC
10926,Nintendo Switch
10537,Nintendo Switch
10537,Linux
10537,macOS
10537,PC
10537,Xbox One
10537,PlayStation 4
15860,PlayStation 3
15860,Xbox One
15860,Nintendo DS
15860,Xbox 360
15860,PC
15860,Wii
10281,PC
10281,macOS
10281,Linux
19369,PlayStation 3
19369,Xbox 360
19369,macOS
19369,PC
23191,PlayStation 4
23191,Nintendo Switch
23191,macOS
23191,PC
99,Nintendo Switch
99,Xbox One
99,PC
99,PlayStation 4
4602,PlayStation 3
4602,Xbox 360
4602,Xbox One
4602,PC
4361,Nintendo 3DS
4361,Wii
4361,PC
4361,macOS
4361,PlayStation 3
4361,PS Vita
4361,Xbox One
4361,iOS
4361,Xbox 360
10393,PC
19397,PC
9515,PlayStation 4
9515,Linux
9515,macOS
9515,PC
9515,Xbox One
4477,PC
4477,Xbox 360
4477,PlayStation 3
13570,Android
13570,macOS
13570,PC
13570,Linux
13570,iOS
2131,Xbox One
2131,Wii U
2131,PlayStation 3
2131,PlayStation 4
2131,PS Vita
2131,PC
2131,Web
2131,macOS
2131,Linux
2131,iOS
244716,Xbox One
244716,PlayStation 4
244716,PC
372576,PC
22508,Nintendo Switch
22508,PC
22508,Xbox One
22508,PlayStation 4
2889,Xbox One
2889,Wii U
2889,PS Vita
2889,PlayStation 3
2889,PlayStation 4
2889,Nintendo Switch
2889,PC
2889,macOS
2889,Linux
2889,Android
2889,iOS
13387,Xbox 360
13387,PC
842,PlayStation 4
842,Xbox One
842,PC
842,PlayStation 3
842,Xbox 360
17357,Xbox 360
17357,PC
19584,PC
19584,PlayStation 3
19584,Xbox 360
906547,PC
906547,PlayStation 5
906547,Xbox Series S/X
906547,PlayStation 4
906547,Nintendo Switch
906547,Xbox One
4206,PC
4206,PlayStation 3
4206,Xbox One
4206,Xbox 360
59023,PC
59023,Nintendo Switch
59023,PlayStation 4
59023,Xbox One
339961,PC
339961,Nintendo Switch
339961,PlayStation 4
339961,Xbox One
13909,PlayStation 2
13909,PlayStation 3
13909,Xbox
13909,GameCube
13909,PC
18287,Xbox 360
18287,PC
18287,Android
18287,PlayStation 3
18287,Linux
18287,iOS
18287,macOS
791638,PC
791638,Xbox Series S/X
791638,Xbox One
791638,PlayStation 4
791638,PlayStation 5
19568,PlayStation 3
19568,Xbox One
19568,Android
19568,PC
19568,macOS
19568,Xbox 360
35561,Xbox 360
35561,Xbox One
35561,Xbox
35561,Nintendo Switch
35561,PlayStation 4
35561,PlayStation 5
35561,PC
12884,PC
12884,PlayStation 4
12884,PlayStation 3
12662,Android
12662,Xbox 360
12662,Nintendo DS
12662,PC
12662,iOS
12662,Wii
12662,macOS
12662,PlayStation 3
12662,Xbox One
4111,PC
4111,PlayStation 3
4111,Xbox 360
61961,Nintendo Switch
61961,PlayStation 4
61961,PC
9736,PlayStation 4
9736,Linux
9736,macOS
9736,PC
9736,Nintendo Switch
9736,Xbox One
18185,PC
17158,Xbox One
17158,Nintendo Switch
17158,PlayStation 4
17158,PC
12757,PC
12757,macOS
12757,Linux
58640,Nintendo Switch
58640,PlayStation 4
58640,Xbox One
58640,PC
61176,Xbox One
61176,Android
61176,iOS
61176,PC
61176,Nintendo Switch
61176,PlayStation 4
2287,Android
2287,macOS
2287,PC
2287,iOS
9495,PC
31771,PC
4520,PC
4520,PlayStation 3
4520,Xbox 360
4520,Xbox One
20992,PC
5711,Xbox One
5711,PC
5711,macOS
313843,PC
445442,PC
445442,macOS
445442,Linux
4186,Nintendo Switch
4186,Xbox Series S/X
4186,PS Vita
4186,PC
4186,Xbox One
4186,PlayStation 4
17975,Xbox One
17975,iOS
17975,PC
17975,PlayStation 4
17975,Game Boy Advance
17975,Classic Macintosh
17975,Android
17975,macOS
17975,Nintendo Switch
17975,Xbox 360
4483,Xbox 360
4483,PlayStation 3
4483,Xbox One
4483,PC
4483,macOS
16856,PC
7439,Wii U
7439,Xbox One
7439,PC
7439,Xbox 360
7439,PlayStation 3
7439,PlayStation 4
16649,Xbox
16649,PC
3838,PlayStation 4
3838,PlayStation 3
3838,Xbox 360
3838,PC
3838,Xbox One
5706,PlayStation 3
5706,Nintendo Switch
5706,PC
15861,macOS
15861,PC
15861,Xbox 360
15861,PlayStation 3
13512,macOS
13512,PC
28631,PC
28631,Xbox 360
28631,Xbox One
28615,Xbox 360
28615,Xbox One
28615,PC
5538,Xbox 360
5538,PC
5538,PlayStation 3
13525,macOS
13525,PC
13566,Nintendo Switch
13566,macOS
13566,PC
13566,Android
3601,PlayStation 4
54491,Xbox One
54491,macOS
54491,Linux
54491,Classic Macintosh
54491,Xbox
54491,Nintendo Switch
54491,PlayStation 4
54491,Nintendo 64
54491,SEGA Saturn
54491,Commodore / Amiga
54491,PC
54491,Xbox Series S/X
54491,PlayStation 5
58735,Nintendo Switch
58735,Xbox One
58735,PlayStation 4
58735,PC
17676,PlayStation 3
17676,PlayStation 4
17676,Xbox 360
17676,PC
17676,Android
14211,Nintendo Switch
14211,Linux
14211,PC
14211,Xbox One
14211,macOS
14211,PlayStation 4
887,Xbox One
887,PC
887,PlayStation 4
5678,PC
5678,Xbox 360
5678,PlayStation 3
5678,Xbox One
57908,Classic Macintosh
57908,macOS
57908,PC
57908,iOS
57908,PlayStation
57908,Android
2296,PC
2296,PlayStation 4
2296,Linux
2296,macOS
2296,iOS
58754,PC
58754,PlayStation 4
58754,Web
58754,Xbox One
10389,PC
9871,PC
9871,macOS
9871,Linux
50418,macOS
50418,PC
50418,iOS
50418,PlayStation 4
50418,Android
17998,macOS
17998,Linux
17998,PC
2639,PS Vita
2639,PlayStation 4
2639,Xbox One
2639,iOS
2639,PC
2639,Linux
2639,macOS
18449,PC
18449,Xbox 360
3726,PlayStation 4
3726,Xbox 360
3726,PC
3726,Xbox One
11214,Nintendo Switch
11214,macOS
11214,Linux
11214,Xbox One
11214,PlayStation 4
11214,PC
11214,iOS
9831,PlayStation 4
9831,Xbox One
9831,PC
16543,Nintendo DS
16543,macOS
16543,PC
16543,PSP
16543,PlayStation 3
16543,Xbox 360
16543,Wii
16543,PlayStation 2
16543,Xbox One
4571,PC
4571,iOS
4571,Android
4571,PlayStation 3
4571,macOS
4571,Linux
4571,Xbox 360
295019,PlayStation 4
295019,PC
295019,Xbox One
3400,PC
3400,Xbox 360
3400,PlayStation 4
3400,Xbox One
3400,PlayStation 3
17179,PlayStation 4
17179,PlayStation 3
17179,Xbox 360
17179,Nintendo Switch
17179,PC
17179,Xbox One
59197,PC
59197,PlayStation 4
59197,Xbox One
22790,PC
693,PlayStation 4
3863,PlayStation 3
3863,Xbox 360
3863,Wii U
3863,PC
3863,Xbox One
3863,PlayStation 4
4154,Xbox One
4154,PC
4154,Xbox 360
4154,PlayStation 3
966,Xbox One
966,iOS
966,PC
966,Nintendo 3DS
966,Wii U
966,Xbox 360
966,PlayStation 3
966,PS Vita
966,Android
13199,Android
13199,PlayStation 4
13199,Linux
13199,macOS
13199,PC
13199,iOS
13199,Xbox One
13199,Nintendo Switch
965,Nintendo Switch
965,PC
965,PlayStation 4
965,Xbox One
11887,macOS
11887,Linux
11887,PC
58758,PC
58758,Xbox One
58758,Xbox Series S/X
58758,PlayStation 4
58758,Nintendo Switch
58758,PlayStation 5
22961,macOS
22961,Xbox
22961,PlayStation 3
22961,PlayStation 2
22961,Xbox 360
22961,PC
10602,PC
58890,GameCube
58890,Xbox
58890,PlayStation 3
58890,PlayStation 2
58890,PC
58890,Xbox 360
58890,PSP
20466,Nintendo 64
20466,Game Boy Color
20466,PlayStation
20466,PC
20466,Dreamcast
9811,PC
9811,PlayStation 4
9811,Xbox One
13925,GameCube
13925,Xbox
13925,PC
13925,iOS
13925,PlayStation 2
13925,PlayStation 3
392019,PC
10724,Xbox One
10724,PC
10724,PlayStation 4
46399,Nintendo Switch
46399,Xbox One
46399,PC
46399,macOS
46399,Linux
46399,PlayStation 4
47326,PlayStation 4
47326,PlayStation 3
47326,PC
47326,Xbox One
47326,Nintendo Switch
1612,PC
1612,Linux
1612,iOS
1612,macOS
1612,Android
10056,PC
10056,Xbox 360
10056,PlayStation 3
17545,Xbox 360
17545,PlayStation 3
17545,Nintendo Switch
17545,Xbox One
17545,PlayStation 4
17545,PC
10342,PC
14422,PC
14422,Xbox 360
10545,PC
10980,PlayStation 4
10980,Xbox One
10980,Nintendo Switch
10980,iOS
10980,macOS
10980,PC
10980,Linux
4466,PlayStation 3
4466,Xbox 360
4466,Xbox One
4466,PC
9997,PC
479694,PlayStation 5
479694,Linux
479694,PC
479694,Nintendo Switch
479694,PlayStation 4
479694,macOS
3374,PlayStation 3
3374,PlayStation 4
3374,Xbox One
3374,PC
3374,Wii U
3374,PS Vita
3374,Android
29658,PC
15851,Classic Macintosh
15851,PlayStation
15851,PC
9911,PlayStation 4
9911,Xbox One
9911,PC
464,iOS
464,Xbox One
464,Nintendo Switch
464,PlayStation 4
464,Android
464,Linux
464,PC
464,macOS
4031,PC
4031,Xbox 360
4031,PlayStation 3
28589,PC
28589,Xbox 360
28589,Xbox One
441,iOS
441,Android
441,PC
339958,Xbox Series S/X
339958,PC
339958,PlayStation 5
339958,Nintendo Switch
339958,Xbox One
339958,PlayStation 4
50214,PC
271,Android
271,PlayStation 4
271,Nintendo Switch
271,Linux
271,macOS
271,PC
271,iOS
271,Xbox One
9659,PlayStation 4
9659,Xbox One
9659,Nintendo Switch
9659,PC
19908,PS Vita
19908,Xbox 360
19908,Wii
19908,macOS
19908,PC
19908,iOS
19908,Xbox One
19908,Nintendo 3DS
19908,PlayStation 3
19908,Android
19908,Nintendo DS
19908,Wii U
22397,PC
19655,PC
19655,macOS
19655,Linux
16813,PC
58835,PC
58835,PlayStation 4
58835,Xbox One
17854,macOS
17854,PC
17854,Linux
16161,PC
709,Xbox One
709,PlayStation 4
709,PC
51687,PlayStation 4
51687,Nintendo Switch
51687,PC
51687,iOS
51687,Xbox One
51687,macOS
10665,PC
10665,Linux
10665,macOS
10309,PC
10309,macOS
28613,Xbox 360
28613,Xbox One
28613,PC
46560,macOS
46560,Android
46560,iOS
46560,PC
11164,Xbox One
11164,PlayStation 4
11164,PlayStation 3
11164,Nintendo Switch
11164,PC
11164,macOS
22846,Xbox
22846,PC
23479,PC
23479,Nintendo Switch
23479,Linux
23479,macOS
23479,PlayStation 4
23479,Xbox One
637477,Xbox One
637477,PC
637477,PlayStation 4
637477,Xbox Series S/X
637477,PlayStation 5
46508,Nintendo Switch
46508,PlayStation 4
46508,Xbox One
46508,PC
46508,macOS
43,PlayStation 4
43,Xbox One
43,PS Vita
43,PC
43,iOS
43,macOS
43,Linux
10023,PC
10023,Linux
1073,Xbox One
1073,PC
1073,macOS
1073,Nintendo Switch
1073,PlayStation 4
1073,Android
17844,PC
17844,macOS
2659,PlayStation 4
2659,PC
2659,Xbox One
28418,PC
28418,Xbox 360
28418,Xbox One
28418,macOS
28418,PlayStation 3
28418,PlayStation 4
28580,PlayStation 3
28580,Xbox One
28580,PC
28580,macOS
28580,Xbox 360
58859,PlayStation 5
58859,PlayStation 4
58859,PC
58859,Xbox One
58859,Xbox Series S/X
11460,Nintendo Switch
11460,PC
11460,PlayStation 4
11460,Xbox One
28619,Xbox 360
28619,Xbox One
38965,PC
14156,PlayStation 3
14156,Xbox 360
14156,PC
58637,Xbox One
58637,PC
58637,PlayStation 4
442857,PlayStation 4
442857,Xbox One
442857,macOS
442857,Xbox 360
442857,PlayStation 3
442857,PC
13780,PC
13780,macOS
2894,iOS
2894,Nintendo Switch
2894,PlayStation 4
2894,Linux
2894,macOS
2894,PC
14364,macOS
14364,PC
14364,Linux
10206,PC
1726,Xbox One
1726,PlayStation 4
1726,PS Vita
1726,PC
441738,PlayStation 5
441738,Xbox Series S/X
441738,PlayStation 4
441738,PC
441738,Xbox One
876,PC
876,Linux
876,iOS
876,macOS
19635,Xbox
19635,PC
19635,macOS
10355,PC
12130,macOS
12130,PC
12130,Linux
897,Nintendo Switch
897,Android
897,iOS
897,PC
897,Linux
897,macOS
3751,PlayStation 4
3751,Xbox One
3751,PC
3751,Xbox 360
3751,PlayStation 3
17736,Linux
17736,macOS
17736,PC
3189,PlayStation 4
3189,Linux
3189,PC
58385,PlayStation 4
58385,Xbox One
58385,PC
12108,PC
5524,PC
5524,PlayStation 3
5524,Xbox 360
17818,Xbox 360
17818,PlayStation 3
17818,PC
17818,macOS
17818,Linux
27,PlayStation 4
27,macOS
27,Linux
27,PC
46301,PC
366885,PC
366885,Xbox 360
366885,PlayStation 3
28131,Xbox One
28131,PC
28131,PlayStation 4
28131,Nintendo Switch
28131,iOS
10028,Xbox One
10028,PC
10039,PC
10039,Linux
10039,macOS
486,PlayStation 4
486,PC
486,PlayStation 3
17473,Web
17473,PC
5995,Wii U
5995,Nintendo Switch
5995,Linux
5995,macOS
5995,Android
5995,iOS
5995,PC
19628,PC
19628,Xbox
19628,Linux
19628,PlayStation 2
28126,PlayStation 4
28126,PC
28126,Xbox 360
28126,Xbox One
28126,Nintendo Switch
11975,PC
12850,Nintendo Switch
12850,Nintendo 3DS
12850,Nintendo DS
12850,Wii
12850,macOS
12850,PC
12850,Linux
3513,PlayStation 4
3513,PlayStation 3
3513,Wii U
3513,Nintendo 3DS
3513,macOS
3513,PC
3513,iOS
3513,Xbox One
3513,Android
3513,PS Vita
45763,Xbox One
45763,Nintendo Switch
45763,PlayStation 4
45763,macOS
45763,Linux
45763,PC
13926,Wii
13926,PlayStation 3
13926,PC
13926,PlayStation 2
13926,PSP
13926,Classic Macintosh
13926,Xbox
13926,GameCube
257192,PlayStation 4
257192,Xbox One
257192,Xbox Series S/X
257192,macOS
257192,PC
257192,Linux
3277,Xbox One
3277,PlayStation 4
3277,PlayStation 3
3277,macOS
3277,PC
58806,PC
10037,Linux
10037,macOS
10037,PC
3848,PlayStation 4
397473,Xbox Series S/X
397473,Xbox One
397473,PlayStation 4
397473,PlayStation 5
397473,PC
2119,Xbox One
2119,Android
2119,iOS
2119,PC
2119,macOS
2119,Linux
2119,PlayStation 4
2119,Nintendo Switch
12045,Xbox 360
12045,macOS
12045,PC
11729,PlayStation 4
11729,Xbox One
11729,PC
11729,Linux
11729,macOS
558986,PlayStation 4
558986,Nintendo Switch
558986,PC
558986,Xbox One
3933,PC
3933,Wii U
3933,Xbox 360
3933,PlayStation 3
3933,Xbox One
4480,Wii
4480,PC
4480,PlayStation 3
4480,Nintendo DS
4480,macOS
4480,Xbox 360
3134,Nintendo Switch
3134,PlayStation 4
3134,Linux
3134,PC
3134,macOS
3134,Xbox One
5488,PlayStation
54,Xbox One
54,Linux
54,Android
54,iOS
54,PC
54,macOS
54,Nintendo Switch
54,Nintendo 3DS
54,PlayStation 4
12022,PC
12022,macOS
5544,PlayStation 3
5544,Xbox 360
5544,PC
58389,PC
58389,Xbox One
58389,PlayStation 4
4473,PlayStation 3
4473,Xbox 360
4473,Linux
4473,PC
4473,macOS
18852,PC
18852,macOS
58394,PlayStation 4
58394,Nintendo Switch
58394,PC
58394,macOS
58394,Linux
58394,Xbox One
12761,PC
12761,macOS
12761,Linux
758,PS Vita
758,PlayStation 4
758,Nintendo Switch
758,Xbox One
758,macOS
758,PC
758,Linux
758,iOS
13466,Xbox One
13466,PlayStation 4
13466,PC
9644,Xbox One
9644,PlayStation 4
9644,Xbox Series S/X
9644,PlayStation 5
9644,PC
384567,macOS
384567,PlayStation 5
384567,Xbox Series S/X
384567,PC
384567,Linux
748414,PC
748414,Linux
59611,Linux
59611,macOS
59611,PC
59611,PlayStation 4
59611,Xbox One
4962,PlayStation 3
4962,Xbox 360
4962,PC
4962,Linux
4962,macOS
59637,Nintendo Switch
59637,Xbox One
59637,PlayStation 4
59637,PC
59637,macOS
14331,Xbox 360
14331,macOS
14331,PC
14331,iOS
14331,Xbox One
41498,Android
41498,PS Vita
41498,Wii U
41498,PC
41498,iOS
41498,Xbox 360
41498,PlayStation 3
16723,macOS
16723,PC
16723,Linux
54492,Xbox 360
54492,Linux
54492,Commodore / Amiga
54492,PC
54492,PlayStation
54492,Classic Macintosh
54492,Nintendo 64
10379,iOS
10379,PlayStation 4
10379,Linux
10379,macOS
10379,PC
327219,PlayStation 4
327219,macOS
327219,PC
327219,Linux
327219,Nintendo Switch
327219,Xbox One
11223,PC
11223,Xbox One
11223,PlayStation 4
54629,PlayStation 3
54629,PlayStation 2
54629,Xbox 360
54629,PC
54629,iOS
54629,Android
54629,GameCube
54629,Dreamcast
1249,PlayStation 3
1249,Xbox 360
1249,PC
1249,Xbox One
1249,PlayStation 4
19640,PC
343597,Xbox 360
343597,Xbox One
343597,PC
343597,PlayStation 3
343597,GameCube
343597,Dreamcast
9828,Linux
9828,PC
10270,PC
490,Nintendo Switch
490,PC
490,PlayStation 4
490,Xbox One
12344,PC
9880,PC
9880,macOS
9880,Linux
28300,PlayStation 3
28300,Xbox 360
28300,SEGA Saturn
28300,PC
49225,PC
49225,Xbox One
49225,Nintendo Switch
49225,PlayStation 4
43734,PC
43734,Xbox One
18712,iOS
18712,PC
18712,macOS
1854,PlayStation 3
1854,Xbox 360
1854,Xbox One
1854,Linux
1854,macOS
1854,PC
1854,iOS
5403,PlayStation 4
5403,PlayStation 3
5403,iOS
5403,PC
5403,PS Vita
369157,PC
369157,PlayStation 4
369157,Xbox One
369157,Xbox Series S/X
369157,PlayStation 5
326236,Xbox One
326236,PC
326236,macOS
326236,Linux
326236,Nintendo Switch
326236,PlayStation 4
16003,Xbox One
16003,PlayStation 4
16003,Nintendo Switch
16003,macOS
16003,Linux
16003,iOS
16003,PC
447,Wii
447,Nintendo DS
447,PSP
447,PlayStation 3
447,PS Vita
447,PC
447,Xbox 360
447,macOS
447,Android
548036,Linux
548036,macOS
548036,PC
548036,Android
548036,Nintendo Switch
548036,Xbox Series S/X
12073,Xbox 360
12073,macOS
12073,PC
3226,Xbox One
3226,PC
3226,Xbox 360
3226,PlayStation 3
3226,PlayStation 4
10108,PlayStation 4
10108,Xbox One
10108,iOS
10108,PC
10108,Nintendo Switch
10108,Android
11839,PC
11839,Xbox One
11839,PlayStation 4
10390,PC
10180,Xbox One
10180,PC
10180,macOS
10180,Linux
10180,Nintendo Switch
10180,PlayStation 4
39277,Xbox 360
39277,Xbox One
39277,PC
39277,PlayStation 3
1488,Android
1488,PlayStation 4
1488,PlayStation 3
1488,Neo Geo
1488,Wii
1488,PC
1488,iOS
1488,Xbox 360
1488,Xbox One
10715,macOS
10715,PC
10715,Linux
58085,Xbox One
58085,PlayStation 4
58085,Nintendo Switch
58085,PC
17169,PC
35613,Xbox 360
35613,PC
35613,PlayStation 3
35613,GameCube
4108,PlayStation 3
43078,macOS
43078,PC
43078,Linux
39707,PlayStation 2
39707,PS Vita
39707,PlayStation 3
17945,PC
17945,Linux
17945,macOS
22734,Commodore / Amiga
22734,iOS
22734,Classic Macintosh
22734,PC
22734,Linux
22734,macOS
63904,Xbox One
63904,PC
63904,PlayStation 4
29180,PlayStation 4
29180,Nintendo Switch
29180,PC
29180,Xbox One
29180,Xbox Series S/X
18708,PC
10241,PC
440079,PC
440079,PlayStation 5
440079,PlayStation 4
440079,Xbox One
440079,Xbox Series S/X
4192,Xbox 360
4192,PlayStation 3
4192,macOS
4192,PC
22865,PC
22865,macOS
22865,PlayStation 2
19151,PC
4185,PC
4185,PlayStation 3
4185,Xbox 360
452642,PC
452642,PlayStation 4
452642,PlayStation 5
58921,Xbox One
58921,PlayStation 4
58921,Nintendo Switch
58921,PC
15857,PC
44029,Xbox One
44029,iOS
44029,PC
44029,Nintendo Switch
44029,PlayStation 4
10416,Xbox One
10416,Nintendo Switch
10416,PlayStation 4
10416,PC
10416,macOS
10416,Linux
42060,PC
42060,PlayStation 4
42060,iOS
42060,Xbox One
42060,Android
42060,Xbox Series S/X
42060,PlayStation 5
42060,Nintendo Switch
51324,Xbox One
51324,PlayStation 4
51324,PC
9768,PC
4057,PlayStation 3
4057,PC
4057,Xbox 360
570074,PlayStation 5
570074,Android
570074,Linux
570074,PC
570074,PlayStation 4
570074,Nintendo Switch
570074,iOS
570074,Xbox One
570074,Xbox Series S/X
295020,Xbox One
295020,macOS
295020,PC
295020,Linux
295020,PlayStation 4
12048,PC
19962,macOS
19962,PC
19962,Linux
14625,PC
14625,Linux
14625,macOS
50678,PC
10302,Xbox One
10302,PC
10302,Linux
10302,PlayStation 4
2828,PC
2828,Xbox One
2828,PlayStation 4
16014,Linux
16014,macOS
16014,PC
16351,macOS
16351,Web
16351,PC
3987,PlayStation 3
3987,Xbox 360
3987,Wii U
3987,PC
5689,PlayStation 3
5689,PC
5689,iOS
5689,Nintendo DS
5689,Nintendo 3DS
5689,Xbox 360
9459,macOS
9459,Nintendo Switch
9459,PlayStation 4
9459,Xbox One
9459,iOS
9459,PC
463723,PC
463723,Xbox One
463723,PlayStation 4
463723,Xbox Series S/X
463723,PlayStation 5
16779,Wii
16779,macOS
16779,PC
16779,Linux
1545,Xbox One
1545,PlayStation 4
1545,PC
1545,Linux
1545,macOS
284664,iOS
284664,PlayStation 4
284664,Nintendo Switch
284664,PC
284664,Xbox One
320,Linux
320,macOS
320,PC
320,iOS
320,Nintendo Switch
320,Xbox One
320,PlayStation 4
5390,PlayStation 3
5390,Xbox 360
1391,Xbox One
1391,PlayStation 4
1391,PC
14230,PC
17013,PC
23302,PC
12279,Dreamcast
12279,Classic Macintosh
12279,PlayStation
12279,PC
274767,PlayStation 4
274767,PC
274767,Xbox One
4240,PC
4240,PlayStation 3
4240,Xbox 360
40265,PC
40265,PlayStation 3
40265,Xbox 360
28632,Xbox 360
28632,Xbox One
8278,Xbox One
8278,PC
8278,Xbox Series S/X
2944,Nintendo Switch
2944,PlayStation 4
2944,macOS
2944,PC
2944,Linux
798,PS Vita
798,PlayStation 4
798,Nintendo Switch
798,iOS
798,Android
798,PC
15422,PC
366881,PlayStation 5
366881,Xbox Series S/X
366881,PlayStation 4
366881,Nintendo Switch
366881,PC
366881,Xbox One
2784,PC
2784,Nintendo Switch
2784,Xbox One
2784,Xbox 360
2784,PS Vita
2784,PlayStation 4
2784,PlayStation 3
2784,Wii U
2784,macOS
2784,Linux
455532,Xbox One
455532,PlayStation 4
455532,PC
194,Xbox One
194,PlayStation 4
194,PC
59695,PlayStation 4
59695,Xbox One
59695,PC
28156,PlayStation 4
28156,Xbox One
28156,macOS
28156,PC
28156,Linux
311,Linux
311,iOS
311,PC
311,macOS
4125,Xbox One
4125,Xbox 360
4125,PC
4125,PlayStation 3
52330,Xbox One
52330,PlayStation 4
52330,PC
2592,PlayStation 3
2592,Xbox 360
2592,Wii U
2592,iOS
2592,Android
2592,Xbox One
2592,PC
1165,Nintendo 3DS
1165,PS Vita
1165,Nintendo Switch
1165,Wii U
1165,PlayStation 4
1165,iOS
1165,PC
1165,macOS
1165,Linux
324992,PC
324992,Xbox One
324992,Xbox Series S/X
324992,PlayStation 4
324992,PlayStation 5
19166,PC
44510,PlayStation 4
44510,Xbox One
44510,Nintendo Switch
44510,Linux
44510,macOS
44510,PC
2666,Nintendo Switch
2666,iOS
2666,PC
2666,macOS
2666,Linux
2666,PlayStation 4
2666,Android
12760,PC
12760,macOS
12760,Linux
29236,PlayStation 5
29236,PlayStation 4
29236,macOS
29236,PC
29236,Nintendo Switch
29236,Xbox One
29236,Xbox Series S/X
3336,PlayStation 4
3336,Xbox One
3336,PC
10346,Linux
10346,macOS
10346,PC
3489,PlayStation 4
3489,Xbox One
3489,PC
3489,Xbox 360
10758,Linux
10758,macOS
10758,PC
15713,PlayStation 4
15713,Nintendo Switch
15713,Linux
15713,macOS
15713,PC
15713,iOS
15713,Xbox One
16344,PC
16344,macOS
10606,PC
12323,Linux
12323,macOS
12323,PC
19409,Xbox One
19409,PC
19409,PlayStation 3
19409,Xbox 360
19615,PC
35086,PC
35086,Xbox
35086,GameCube
35086,PlayStation 2
58831,Nintendo Switch
58831,PC
58831,Xbox One
58831,PlayStation 4
481910,PC
481910,Xbox One
481910,PlayStation 4
481910,Xbox Series S/X
481910,PlayStation 5
17010,iOS
17010,Nintendo Switch
17010,PlayStation 4
17010,PC
17010,macOS
17010,Linux
12322,Linux
12322,PC
12322,macOS
2925,macOS
2925,PC
2925,Xbox One
2925,PlayStation 4
58325,PC
58325,PlayStation 5
58325,PlayStation 4
5426,PlayStation
20511,PC
17087,Nintendo Switch
17087,iOS
17087,Android
17087,macOS
17087,Linux
17087,PC
45109,PlayStation 5
45109,PlayStation 4
45109,PC
45109,Xbox One
45109,Nintendo Switch
45109,Xbox Series S/X
445430,PlayStation 4
445430,PC
445430,Xbox One
5877,PlayStation 3
5877,macOS
5877,PC
5877,iOS
5877,Wii
5877,Xbox 360
5877,PlayStation 4
22412,Xbox One
22412,iOS
22412,PC
22412,macOS
22412,Nintendo Switch
22412,Xbox 360
22412,PlayStation 4
22412,Classic Macintosh
4489,Xbox 360
4489,PlayStation 3
4489,PC
452646,PlayStation 5
3580,PS Vita
3580,PlayStation 4
3580,Nintendo 3DS
3580,Xbox One
3580,Xbox 360
3580,PlayStation 3
3580,PC
427,Android
427,PlayStation 3
427,Xbox One
427,Nintendo DS
427,PC
427,iOS
427,PS Vita
427,Xbox 360
1820,Xbox One
1820,PC
1820,macOS
1820,Linux
1820,Nintendo Switch
1820,PlayStation 4
3307,Xbox 360
3307,PlayStation 4
3307,Nintendo Switch
3307,Xbox One
3307,Linux
3307,Android
3307,macOS
3307,PC
3307,iOS
4724,PlayStation 3
4724,iOS
4724,macOS
4724,PC
12648,PC
19503,PlayStation 3
19503,Xbox 360
19503,PC
17092,Linux
17092,macOS
17092,PC
47,Xbox One
47,PlayStation 4
47,Nintendo Switch
47,Linux
47,macOS
47,PC
17741,PC
17741,macOS
17741,Linux
579507,PlayStation 5
579507,PlayStation 4
579507,Nintendo Switch
579507,PC
579507,Xbox Series S/X
579507,Xbox One
12649,PC
2822,Xbox One
2822,Nintendo Switch
2822,PlayStation 4
2822,PC
2822,macOS
2822,Linux
9906,Nintendo Switch
9906,iOS
9906,Linux
9906,PC
9906,macOS
9906,PlayStation 4
3332,PS Vita
3332,PlayStation 4
3332,Nintendo Switch
3332,PC
3332,PlayStation 3
3332,Xbox One
3325,Xbox One
3325,Wii U
3325,PS Vita
3325,PlayStation 4
3325,Nintendo Switch
3325,Android
3325,macOS
3325,PC
3325,Linux
3325,iOS
616697,Xbox Series S/X
616697,PlayStation 4
616697,Nintendo Switch
616697,PC
616697,PlayStation 5
616697,Xbox One
12319,PC
12319,macOS
12319,Linux
19436,PC
19436,macOS
1116,Xbox One
1116,Linux
1116,macOS
1116,PlayStation 4
1116,PC
11407,PC
52827,PlayStation
1108,Linux
1108,PlayStation 4
1108,Nintendo Switch
1108,Xbox One
1108,macOS
1108,PC
2234,iOS
2234,Nintendo Switch
2234,Xbox One
2234,PlayStation 4
2234,PC
2234,macOS
2234,Android
47428,Xbox One
47428,PC
47428,PlayStation 4
452635,PC
452635,Xbox Series S/X
452635,PlayStation 4
452635,PlayStation 5
55984,GameCube
55984,Xbox
55984,PlayStation 2
55984,PC
28608,Xbox 360
28608,Xbox One
10088,Xbox One
10088,Linux
10088,Nintendo Switch
10088,PlayStation 4
10088,PC
12280,PC
12280,Dreamcast
12280,Classic Macintosh
12280,PlayStation
52215,Nintendo Switch
52215,PC
52215,Xbox One
52215,PlayStation 4
9697,PC
1720,Xbox One
1720,Wii U
1720,PlayStation 3
1720,PlayStation 4
1720,Linux
1720,macOS
1720,Android
1720,PC
324994,PlayStation 4
324994,Nintendo Switch
324994,Xbox One
324994,PC
9598,PlayStation 4
9598,Xbox One
9598,PC
50273,PC
50273,Linux
3843,PlayStation 4
3843,PC
19237,PC
373504,Xbox One
373504,PC
373504,PlayStation 4
3877,PlayStation 3
3877,Xbox 360
3877,PC
6530,Linux
6530,PC
6530,macOS
6530,iOS
10579,Xbox One
10579,Nintendo Switch
10579,PC
10579,PlayStation 4
10579,Android
10579,iOS
10579,macOS
10579,Linux
16183,PC
304953,Xbox One
304953,PC
304953,Nintendo Switch
304953,PlayStation 4
3767,Xbox One
3767,PC
3767,Nintendo Switch
3767,PlayStation 3
3767,PlayStation 4
3767,Xbox 360
452645,Xbox One
452645,PlayStation 4
452645,Xbox Series S/X
452645,PlayStation 5
452645,Nintendo Switch
452645,PC
13583,macOS
13583,PC
54718,Classic Macintosh
54718,PlayStation
54718,Dreamcast
54718,PC
54718,Linux
54718,PlayStation 2
12741,PC
12741,Linux
12741,macOS
24619,Android
24619,Wii
24619,macOS
24619,iOS
24619,Nintendo DS
24619,PC
24619,Linux
52384,Xbox One
52384,PC
52384,Nintendo Switch
52384,PlayStation 4
17600,Xbox 360
17600,PlayStation 3
17600,PC
327227,Xbox One
327227,PlayStation 4
327227,Xbox Series S/X
327227,PlayStation 5
327227,PC
51,Xbox One
51,PlayStation 4
51,PC
50839,Android
50839,Nintendo Switch
50839,Linux
50839,macOS
50839,PC
50839,iOS
8444,Xbox One
13777,PC
13777,iOS
13777,macOS
20826,PC
13999,PC
13999,macOS
13999,Linux
3223,PC
3223,PlayStation 4
244722,PlayStation 4
244722,Nintendo Switch
244722,PC
244722,Xbox One
244722,iOS
4796,PC
4796,PlayStation 3
4796,Xbox 360
4796,Linux
4796,macOS
14929,iOS
14929,PC
58732,PlayStation 4
58732,PlayStation 3
58732,Xbox 360
58732,Nintendo Switch
58732,Xbox One
58732,PC
58782,Xbox One
58782,PC
58782,PlayStation 4
58782,Nintendo Switch
15604,PC
15604,Android
15604,macOS
15604,iOS
700,Android
700,Linux
700,macOS
700,PC
700,iOS
700,PlayStation 4
700,PS Vita
1320,PlayStation 4
1320,Xbox One
1320,PC
1320,Xbox 360
44641,PlayStation 4
44641,Nintendo Switch
44641,PC
44641,Xbox One
257252,Xbox One
257252,PlayStation 4
257252,Nintendo Switch
257252,PC
13778,PC
13778,macOS
3437,PlayStation 4
3437,macOS
3437,PC
3437,Linux
28195,PlayStation 4
28195,Xbox One
28195,Nintendo Switch
28195,PC
9845,PC
9845,macOS
9845,Linux
16922,PC
3044,Xbox 360
3044,PC
3044,PlayStation 3
3044,PlayStation 4
3044,Xbox One
703,PlayStation 4
703,PC
3179,PlayStation 3
2184,PlayStation 4
2184,Nintendo Switch
2184,Xbox One
2184,PC
2184,Linux
2184,macOS
14397,PC
13779,macOS
13779,PC
15221,PC
19482,Xbox
19482,PlayStation 2
19482,Linux
19482,PC
12641,PC
16179,PC
16179,macOS
23600,Xbox Series S/X
23600,Xbox One
23600,PC
23600,macOS
23600,Nintendo Switch
23600,Xbox 360
23600,PlayStation 3
23600,PlayStation 4
23600,PlayStation 5
87,Nintendo Switch
87,PlayStation 4
87,PS Vita
87,Xbox One
87,macOS
87,PC
87,Linux
6885,Xbox
6885,Xbox 360
6885,macOS
6885,PC
6885,Xbox One
6885,PSP
6885,Wii
674,PC
674,iOS
674,macOS
674,Linux
17604,Linux
17604,macOS
17604,PC
17604,PlayStation 2
58295,iOS
58295,PC
15712,PlayStation 4
15712,Nintendo Switch
15712,macOS
15712,PC
15712,Xbox One
17536,PlayStation 3
17536,iOS
17536,PC
17536,Xbox 360
17536,Android
650605,macOS
650605,PC
650605,PlayStation 5
650605,Xbox Series S/X
650605,PlayStation 4
650605,Nintendo Switch
650605,Xbox One
13868,macOS
13868,PC
1559,PC
1559,iOS
1559,PlayStation 3
1559,SEGA CD
1559,Xbox One
1559,Xbox 360
1559,Android
388308,Xbox Series S/X
388308,PC
388308,Xbox One
388308,PlayStation 5
388308,PlayStation 4
388308,Nintendo Switch
4518,PC
4518,PlayStation 3
4518,Xbox 360
9066,PC
9066,iOS
9066,Nintendo Switch
9066,Xbox One
9066,macOS
9066,PlayStation 4
9066,Android
263608,PlayStation 4
263608,Nintendo Switch
263608,Xbox One
263608,macOS
263608,PC
11471,PC
11471,PlayStation 4
11471,Xbox One
24,PlayStation 4
52943,iOS
52943,PlayStation 4
52943,PlayStation
52943,Android
52943,Nintendo Switch
52943,PC
52943,Xbox One
19536,Xbox 360
19536,PC
16118,PC
16118,Xbox 360
16118,Xbox One
303576,PC
303576,PlayStation 5
303576,Xbox Series S/X
303576,Xbox One
303576,PlayStation 4
14689,Linux
14689,PC
14689,macOS
9891,PC
9891,Xbox One
9891,PlayStation 4
9891,Nintendo Switch
20709,Nintendo DS
20709,PC
20709,PlayStation 3
20709,Xbox 360
20709,Nintendo 3DS
20709,PlayStation 2
20709,Xbox
20709,GameCube
20709,Xbox One
2074,Wii
2074,Xbox One
2074,Nintendo Switch
2074,Nintendo DS
2074,PlayStation 3
2074,PlayStation 4
2074,PC
50736,PC
50736,PlayStation 4
50736,Xbox One
20156,macOS
20156,Linux
20156,PC
487910,PC
487910,PlayStation 5
487910,Xbox One
487910,Nintendo Switch
487910,PlayStation 4
487910,Xbox Series S/X
41052,PC
15932,Android
15932,PC
15932,macOS
287337,PC
287337,Linux
287337,Nintendo Switch
287337,macOS
2992,PS Vita
2992,Linux
2992,macOS
2992,PC
2992,PlayStation 4
2992,Nintendo Switch
2992,Xbox One
7441,iOS
7441,PC
7441,macOS
7441,Android
14336,PC
16123,PC
16123,Xbox 360
660,Xbox One
660,PC
61741,Xbox One
61741,PC
61741,Linux
61741,Nintendo Switch
61741,PlayStation 4
30445,PC
30445,macOS
13404,Nintendo Switch
13404,PC
13404,macOS
13404,Linux
13404,PlayStation 4
13404,PS Vita
12092,PC
57896,Xbox One
57896,Nintendo Switch
57896,PlayStation 4
57896,PC
28627,PC
28627,Xbox 360
28627,Xbox One
19535,PC
19535,Xbox One
19535,Xbox 360
19535,PlayStation 3
19535,PlayStation 4
3154,Xbox 360
3154,PlayStation 3
3154,PlayStation 4
3154,Xbox One
3154,PC
30119,Commodore / Amiga
30119,Apple II
30119,Classic Macintosh
30119,macOS
30119,PC
30119,iOS
30119,Linux
22798,PC
22798,macOS
9989,Android
9989,iOS
9989,macOS
9989,Linux
9989,PC
3834,PC
3834,Xbox One
3834,PlayStation 3
3834,Xbox 360
3834,Android
3834,PlayStation 4
2548,Nintendo Switch
2548,Xbox One
2548,Nintendo 3DS
2548,Wii U
2548,PlayStation 4
2548,PC
1575,Android
1575,Nintendo Switch
1575,macOS
1575,iOS
1575,PC
5158,Dreamcast
5158,PlayStation
5158,PC
42592,PC
42592,Linux
42592,macOS
42592,iOS
3416,Xbox One
3416,Nintendo Switch
3416,PC
3416,PlayStation 4
332,Nintendo Switch
332,iOS
332,PC
332,macOS
332,Android
15365,PC
1077,Xbox One
1077,Wii U
1077,Android
1077,PS Vita
1077,PlayStation 4
1077,PlayStation 3
1077,Nintendo Switch
1077,macOS
1077,PC
1077,Linux
1077,iOS
16948,Xbox One
16948,PlayStation 4
16948,PC
16948,Linux
16948,macOS
17085,iOS
17085,PC
17085,macOS
17085,Linux
54122,iOS
54122,Atari ST
54122,SEGA Master System
54122,Classic Macintosh
54122,Apple II
54122,Atari 8-bit
54122,Commodore / Amiga
54122,NES
54122,PC
54122,macOS
15764,Linux
15764,macOS
15764,PC
16817,PC
326253,PC
326253,Xbox Series S/X
3164,PlayStation 3
3164,PlayStation 4
3164,PC
3164,Xbox One
3164,Xbox 360
21966,Xbox One
21966,PC
21966,macOS
21966,Linux
21966,PlayStation 4
21966,iOS
364942,Xbox One
364942,Xbox Series S/X
364942,Nintendo Switch
364942,Linux
364942,macOS
364942,PC
364942,PlayStation 4
364942,PlayStation 5
9840,Xbox One
9840,PC
9840,PlayStation 4
10547,Nintendo Switch
10547,Xbox One
10547,PC
10547,PlayStation 4
19646,PC
19646,PlayStation 3
19646,Xbox 360
19646,Xbox
19646,Game Boy Advance
19646,Classic Macintosh
19646,GameCube
19646,PlayStation 2
19646,Xbox One
5783,Android
5783,PS Vita
5783,PlayStation 4
5783,PSP
5783,PlayStation 3
5783,PlayStation 2
5783,Xbox 360
5783,Wii
5783,Nintendo 3DS
5783,Nintendo Switch
5783,PC
5783,iOS
5783,Xbox One
18301,macOS
18301,Wii
18301,PC
53446,GameCube
53446,Xbox
53446,Nintendo DS
53446,PC
53446,PlayStation 2
53446,Game Boy Advance
57607,PC
57607,Game Boy Color
57607,PlayStation
57607,PlayStation 3
3413,PlayStation 4
3413,PS Vita
3413,PC
3413,Linux
3413,macOS
12606,PlayStation 4
12606,PC
12606,Xbox One
2960,Nintendo Switch
2960,Xbox One
2960,PS Vita
2960,PlayStation 4
2960,Linux
2960,PC
2960,macOS
494384,PC
494384,PlayStation 4
494384,PlayStation 5
19627,PC
19627,Xbox
19627,PlayStation 2
23037,Nintendo Switch
23037,PlayStation 4
23037,Xbox One
23037,macOS
23037,PC
23037,Linux
295001,Xbox 360
295001,PlayStation 3
295001,PC
295001,macOS
295001,Xbox One
295001,iOS
295001,Nintendo Switch
295001,PlayStation 4
295001,Android
8923,iOS
8923,Nintendo Switch
8923,PC
8923,macOS
8923,Linux
8923,Xbox One
8923,PlayStation 4
19345,Xbox 360
19345,Xbox One
19345,PC
19345,PlayStation 3
4023,PlayStation 3
4023,PC
16552,macOS
16552,PC
369158,PlayStation 4
369158,PC
369158,Nintendo Switch
369158,Xbox One
3734,Xbox One
3734,PlayStation 4
3734,Nintendo Switch
3734,PC
3734,macOS
3734,Linux
28150,Xbox One
28150,PC
28150,PlayStation 4
268446,Linux
268446,macOS
268446,PC
40104,PlayStation 3
40104,PC
2503,Xbox One
2503,PlayStation 4
2503,Nintendo Switch
2503,PC
2503,macOS
2503,Linux
2503,Android
10364,Xbox One
10364,iOS
10364,PC
10364,macOS
10364,Linux
10364,Nintendo Switch
10364,Android
2359,iOS
2359,macOS
2359,PC
22123,PlayStation 5
22123,Xbox Series S/X
22123,PlayStation 4
22123,Linux
22123,macOS
22123,PC
22123,Xbox One
22123,Nintendo Switch
49236,Nintendo Switch
49236,Android
49236,PC
49236,iOS
58829,Nintendo Switch
15852,PC
3923,PlayStation 3
3923,Xbox One
3923,PC
3923,Xbox 360
3574,Xbox One
3574,Nintendo Switch
3574,PC
3574,Xbox 360
3574,PlayStation 3
3574,PlayStation 4
10638,PlayStation 4
10638,Xbox One
10638,Nintendo Switch
10638,PC
39039,PlayStation 3
58766,PlayStation 4
58766,Nintendo Switch
58766,macOS
58766,PC
58766,iOS
58766,Xbox One
58766,Android
326229,Nintendo Switch
326229,Xbox One
326229,PC
326229,PlayStation 4
3679,PlayStation 4
3679,Xbox One
288796,PC
7353,Android
7353,PlayStation 4
7353,PlayStation 3
7353,Wii U
7353,Nintendo Switch
7353,Linux
7353,macOS
7353,PC
7353,iOS
680,macOS
680,PC
680,PlayStation 4
680,PlayStation 2
14612,PC
14612,Xbox One
9877,PlayStation 4
9877,Xbox One
9877,Nintendo Switch
9877,Android
9877,iOS
9877,PC
3214,Xbox One
3214,macOS
3214,Wii U
3214,PlayStation 4
3214,Nintendo Switch
3214,PC
3214,Linux
18853,PC
18853,macOS
18853,iOS
275641,PlayStation 4
275641,Nintendo Switch
275641,macOS
275641,PC
275641,Xbox One
18347,Xbox 360
18347,Linux
18347,macOS
18347,PC
9538,Xbox One
9538,PlayStation 4
9538,PC
40936,macOS
40936,PC
40936,PlayStation 4
17698,PC
17698,macOS
16255,macOS
16255,iOS
16255,PC
16255,Linux
16255,Nintendo Switch
16255,Xbox One
16255,PlayStation 4
4143,PlayStation 3
4143,Linux
4143,macOS
4143,PC
4143,PlayStation 4
4143,PS Vita
16515,Linux
16515,macOS
16515,PC
10261,macOS
10261,PC
10261,iOS
10520,Android
10520,PC
10520,Linux
10520,macOS
4148,PlayStation 3
4148,Xbox 360
4148,PC
60817,Xbox One
60817,PlayStation 4
60817,iOS
60817,Nintendo Switch
60817,PC
16683,Xbox 360
16683,PC
327260,iOS
327260,PlayStation 5
327260,PlayStation 4
327260,PC
327260,Xbox One
327260,Xbox Series S/X
17713,macOS
17713,PC
16466,Nintendo Switch
16466,macOS
16466,PC
223331,Android
223331,macOS
223331,PC
223331,iOS
223331,Xbox 360
223331,Xbox One
223331,PlayStation 3
223331,PlayStation 4
22844,PC
614954,PlayStation 5
614954,PC
614954,Xbox One
614954,PlayStation 4
614954,Xbox Series S/X
4465,PlayStation 3
4465,Xbox 360
4465,PC
16700,PC
16700,macOS
17564,PC
17564,macOS
1430,Xbox One
1430,PlayStation 4
1430,Nintendo Switch
1430,PC
1430,Linux
1430,macOS
2760,PS Vita
2760,PlayStation 3
2760,Xbox 360
2760,Wii U
2760,Linux
2760,macOS
2760,PC
2760,PlayStation 4
3469,PlayStation 3
18701,Xbox 360
18701,PC
1808,iOS
1808,PC
1808,macOS
1808,Linux
1808,Android
473489,PC
60545,PC
14447,Nintendo Switch
14447,Linux
14447,PC
14447,iOS
14447,Android
14447,macOS
22853,PC
22853,macOS
16263,PC
12250,macOS
12250,PC
29238,PlayStation 4
29238,Xbox One
29238,PC
2422,Xbox One
2422,PC
2422,PlayStation 4
16144,PC
16144,macOS
35519,PC
18700,PC
249954,PlayStation 4
249954,Xbox One
249954,PC
249954,macOS
249954,Linux
249954,Nintendo Switch
4241,Android
4241,macOS
4241,PC
4241,Wii
4241,Xbox 360
4241,PlayStation 3
4241,Nintendo 3DS
4241,PSP
4241,PS Vita
4241,Nintendo DS
17703,PC
11676,macOS
11676,PC
11676,Xbox One
11676,PlayStation 4
11676,Nintendo Switch
12877,Linux
12877,macOS
12877,PC
12877,Xbox 360
12877,PlayStation 3
9969,macOS
9969,Linux
9969,PC
14793,Xbox One
14793,PlayStation 4
14793,Nintendo Switch
14793,macOS
14793,PC
14793,Linux
3558,PlayStation 4
45745,PC
12321,PC
12321,Linux
12321,macOS
34668,Classic Macintosh
34668,PlayStation 4
34668,PlayStation 2
34668,Xbox One
34668,GameCube
34668,Xbox
34668,PC
52178,Xbox One
52178,PC
52178,PlayStation 4
10119,PC
10119,PlayStation 2
5383,Xbox 360
5383,Game Boy
5383,PlayStation
5383,Classic Macintosh
5383,iOS
5383,PC
5383,SNES
5383,SEGA Saturn
5383,Jaguar
5383,Commodore / Amiga
5383,Genesis
3187,Xbox One
3187,iOS
3187,Nintendo Switch
3187,PlayStation 4
3187,PC
3187,Linux
3187,macOS
16294,Xbox 360
16294,PlayStation 3
16294,PC
16294,Xbox One
801032,PlayStation 5
801032,PC
801032,PlayStation 4
801032,Xbox Series S/X
4671,PlayStation 3
13764,macOS
13764,PC
14290,PC
14290,macOS
326239,PC
326239,PlayStation 4
326239,Xbox Series S/X
326239,PlayStation 5
326239,Xbox One
326239,Nintendo Switch
28564,Xbox 360
28564,Xbox One
58834,PlayStation 4
58834,Nintendo Switch
58834,Xbox One
58834,PC
2306,PlayStation 3
2306,Xbox 360
2306,macOS
2306,PC
2306,iOS
5001,PlayStation 3
5001,macOS
5001,PC
21558,PC
21558,macOS
21558,Linux
2298,Xbox One
2298,PlayStation 4
2298,PC
11591,macOS
11591,PC
11591,Linux
18785,PC
18785,macOS
18785,PlayStation 3
61694,PC
427519,PlayStation 4
427519,PC
427519,macOS
427519,Linux
27943,Xbox One
27943,iOS
27943,PC
27943,Nintendo Switch
27943,PlayStation 4
27943,Android
4901,PlayStation 3
4901,PC
4901,macOS
42920,PlayStation 4
42920,PC
42920,Nintendo Switch
42920,Xbox One
42920,Xbox 360
42920,PlayStation 3
50576,PlayStation 5
50576,Xbox Series S/X
50576,PC
50576,PlayStation 4
50576,Xbox One
16760,PC
19502,PC
431,Xbox One
431,Xbox 360
431,PlayStation 4
431,PlayStation 3
431,PC
58386,PC
58386,Xbox Series S/X
40368,PC
40368,PlayStation 3
40368,macOS
3363,Wii U
3363,PlayStation 3
3363,PlayStation 4
3363,PS Vita
3363,Linux
3363,Xbox One
3363,Nintendo Switch
3363,Nintendo 3DS
3363,PC
3363,macOS
42064,PC
17728,PlayStation 4
17728,PlayStation 3
17728,Xbox 360
17728,PC
49104,Xbox One
49104,PlayStation 4
49104,Nintendo Switch
49104,PC
49104,Classic Macintosh
22344,Nintendo Switch
22344,macOS
22344,PC
22344,iOS
22344,PlayStation 4
22344,Xbox One
22344,Android
16792,macOS
16792,PC
16792,Linux
3548,PS Vita
3548,PlayStation 4
3548,PC
3548,macOS
3194,PlayStation 4
3194,PS Vita
3194,PC
3194,Linux
3194,macOS
326248,PC
326248,Xbox Series S/X
326248,PlayStation 5
42230,Xbox One
42230,PC
42230,Xbox 360
3316,PlayStation 3
3316,PC
3316,Xbox 360
3316,PlayStation 4
59346,Xbox One
59346,PlayStation 4
59346,macOS
59346,PC
2570,macOS
2570,PC
2570,Wii U
2570,iOS
2570,PlayStation 3
2570,Xbox 360
2570,Linux
2570,Android
545015,PlayStation 5
545015,Xbox Series S/X
545015,PlayStation 4
545015,macOS
545015,PC
545015,iOS
545015,Nintendo Switch
545015,Xbox One
3993,PlayStation 3
3993,Xbox 360
3993,Android
3993,PC
58914,PC
58914,iOS
58914,Web
58914,Android
533,Xbox One
533,iOS
533,PC
13833,macOS
13833,PC
7241,iOS
7241,Linux
7241,PC
7241,Android
7241,macOS
5615,PSP
5615,PlayStation 3
5615,PlayStation 2
5615,Xbox 360
5615,Wii
5615,Nintendo DS
5615,PC
428555,PC
15457,macOS
15457,PC
15457,Linux
14346,iOS
14346,PC
14346,macOS
16253,iOS
16253,PC
16253,macOS
16253,Linux
6641,macOS
6641,iOS
6641,PC
6641,Linux
6641,Android
662357,PlayStation 5
662357,PC
1984,Wii U
1984,Xbox One
1984,PlayStation 4
1984,PS Vita
1984,Nintendo Switch
1984,PC
1984,macOS
1984,Linux
16262,PC
3727,PlayStation 3
3727,PC
3727,PlayStation 5
3727,macOS
3727,PlayStation 4
49874,Xbox One
49874,Nintendo Switch
49874,macOS
49874,Linux
49874,PlayStation 4
49874,PC
3219,PC
3219,Xbox One
3219,PlayStation 4
15687,PC
15687,macOS
14827,PC
15017,PlayStation 4
15017,Nintendo Switch
15017,PC
10118,PlayStation 2
10118,Xbox
10118,PC
28859,PlayStation 4
28859,Xbox 360
28859,Nintendo Switch
28859,PC
28859,Xbox One
11350,iOS
11350,PC
11350,macOS
11350,Linux
21119,Android
21119,iOS
21119,PC
46000,Xbox One
46000,macOS
46000,iOS
46000,PC
46000,PlayStation 4
46000,Nintendo Switch
17795,Nintendo 3DS
17795,Xbox One
17795,PlayStation 4
17795,Nintendo Switch
17795,PC
29218,Xbox One
29218,iOS
29218,PC
29218,macOS
29218,Linux
29218,Nintendo Switch
29218,PlayStation 4
602224,PC
1378,Xbox One
1378,PlayStation 3
1378,PlayStation 4
1378,macOS
1378,PC
1378,Linux
3775,PC
3775,macOS
3775,Linux
3775,PSP
3775,PS Vita
3775,Xbox One
3775,PlayStation 4
3775,Android
507152,PC
2647,PC
2647,Xbox
2647,PlayStation 4
2647,PlayStation 3
2647,PlayStation 2
14237,PC
14237,Wii
14237,PlayStation 2
440081,Xbox Series S/X
440081,Xbox One
440081,PC
440081,PlayStation 5
4234,PC
4234,Xbox One
4234,Xbox 360
4234,PlayStation 4
4234,PlayStation 3
22512,PC
22512,macOS
58820,PC
58820,Xbox One
58820,PlayStation 4
795632,PlayStation 4
795632,PC
795632,iOS
795632,PlayStation 5
795632,Xbox Series S/X
10400,PC
9964,Nintendo Switch
9964,PlayStation 4
9964,Android
9964,Xbox One
9964,macOS
9964,Linux
9964,iOS
9964,PC
4521,Xbox 360
4521,PC
4521,PlayStation 3
4521,Xbox One
12074,Xbox 360
12074,PlayStation 3
12074,PC
47204,iOS
47204,Android
47204,PC
47204,macOS
16168,PC
66817,PlayStation 4
66817,Android
66817,iOS
43982,Xbox One
43982,Nintendo Switch
43982,PlayStation 4
43982,PC
43982,macOS
881,PC
881,Xbox One
287342,Xbox One
287342,Nintendo Switch
287342,PC
287342,macOS
287342,PlayStation 4
287342,Xbox Series S/X
287342,PlayStation 5
325094,iOS
325094,Xbox One
325094,PC
325094,Nintendo Switch
325094,PlayStation 4
325094,Android
13350,PlayStation 4
13350,Linux
13350,macOS
13350,Xbox One
13350,PC
13350,iOS
13350,Nintendo Switch
274756,Nintendo Switch
274756,PC
274756,Xbox One
274756,PlayStation 4
3849,PlayStation 4
1451,Android
1451,iOS
1451,PC
1451,macOS
1451,Linux
18290,PC
13843,Linux
13843,macOS
13843,PC
13843,Xbox One
13843,PlayStation 4
727315,PC
727315,PlayStation 5
366083,PlayStation 5
366083,Xbox Series S/X
366083,PlayStation 4
366083,Nintendo Switch
366083,macOS
366083,PC
366083,Xbox One
401808,PC
337960,macOS
337960,PC
1241,Linux
1241,macOS
1241,PC
1241,Xbox One
1241,PlayStation 4
1241,Nintendo Switch
16254,PC
16254,macOS
16254,iOS
52997,PC
52997,PlayStation
52997,Game Boy Color
52997,PlayStation 3
52997,Dreamcast
338386,Android
338386,PlayStation 4
338386,PC
338386,iOS
338386,Xbox One
338386,Nintendo Switch
19281,macOS
19281,PC
19281,Linux
17650,Linux
17650,macOS
17650,PC
17650,Xbox 360
17650,PlayStation 3
4493,PlayStation 3
4493,PlayStation 2
4493,Xbox
4493,Xbox 360
4493,Wii
4493,GameCube
4493,PC
4493,Xbox One
3121,PlayStation 3
3121,PlayStation 4
3121,PC
17768,PC
3238,Xbox One
3238,PC
326238,Xbox One
326238,Xbox Series S/X
326238,PC
9976,macOS
9976,PC
9976,Linux
4813,PC
4813,PlayStation 3
4813,Xbox 360
19377,PC
19377,Xbox 360
89,iOS
89,PC
89,macOS
89,Android
21,PC
21,Xbox One
21,PlayStation 4
391397,Xbox Series S/X
391397,PC
391397,PlayStation 5
391397,Xbox One
5718,Xbox One
5718,PC
12318,macOS
12318,PC
12318,Linux
2453,iOS
2453,Xbox 360
2453,Xbox One
2453,PC
274758,Xbox Series S/X
274758,PlayStation 4
274758,Nintendo Switch
274758,Linux
274758,macOS
274758,PC
274758,PlayStation 5
274758,Xbox One
5940,Linux
5940,Nintendo 3DS
5940,macOS
5940,iOS
5940,PC
2857,Linux
2857,Nintendo Switch
2857,PlayStation 4
2857,PC
2857,macOS
2857,Android
7536,Xbox One
7536,PC
582,PlayStation 4
582,PS Vita
582,Xbox One
582,PC
582,macOS
582,Linux
582,Nintendo Switch
3759,Xbox 360
3759,PC
3759,PlayStation 3
3759,Xbox One
12729,Xbox One
12729,macOS
12729,Nintendo DS
12729,PC
12729,Nintendo 3DS
12729,Wii
12729,Xbox 360
12729,PlayStation 3
12729,PSP
3533,PlayStation 4
3533,PS Vita
3533,PlayStation 3
3533,PC
3533,iOS
422859,PC
422859,Xbox One
422859,PlayStation 4
21717,Linux
21717,macOS
21717,PC
471027,Xbox Series S/X
471027,PlayStation 4
471027,Nintendo Switch
471027,PC
471027,Xbox One
854354,PC
58861,PlayStation 4
58861,Xbox One
58861,PC
12166,PC
12166,macOS
44931,Linux
44931,Android
44931,PlayStation 4
44931,Nintendo Switch
44931,Xbox One
44931,PC
44931,macOS
44931,iOS
11189,Xbox One
11189,PlayStation 4
11189,Nintendo Switch
11189,macOS
11189,PC
11189,Linux
59352,Xbox One
59352,PlayStation 4
59352,PC
5432,PC
5432,PlayStation 3
5432,Xbox 360
10165,PlayStation 4
10165,PC
13694,PC
13694,macOS
13694,Linux
9712,macOS
9712,PC
9712,Linux
13514,Linux
13514,Wii
13514,iOS
13514,PC
13514,macOS
20568,PC
20568,PlayStation
5115,PlayStation 4
5115,PC
5115,PlayStation
4046,PlayStation 3
4046,Xbox 360
4046,PC
58776,Xbox One
58776,PC
58776,PlayStation 4
1890,Linux
1890,iOS
1890,macOS
1890,PC
1890,Android
16961,PC
21759,PC
21759,Linux
21759,Classic Macintosh
10370,PlayStation 4
10370,PC
10370,Xbox One
10370,Nintendo Switch
10370,macOS
17094,Linux
17094,macOS
17094,PC
16264,PC
23458,PlayStation 4
23458,PC
19572,PC
19572,Xbox 360
17543,PC
17543,PS Vita
17543,PlayStation 4
17543,Xbox 360
17543,Wii U
17543,Nintendo 3DS
17543,macOS
17543,iOS
17543,Xbox One
17543,PlayStation 3
12043,macOS
12043,Linux
12043,PC
3186,PlayStation 4
15853,PC
15853,PlayStation 3
15853,Xbox 360
15853,Xbox One
13344,PC
2020,Android
2020,PC
2020,iOS
2020,Nintendo Switch
10093,PC
52998,Game Boy Color
52998,PlayStation
52998,Game Boy
52998,PC
10394,PC
1184,Xbox One
1184,PC
1184,macOS
1184,Linux
1184,Nintendo Switch
1184,PlayStation 4
58129,PC
4005,Jaguar
4005,3DO
4005,SNES
4005,Classic Macintosh
4005,Game Boy Advance
4005,PlayStation 3
4005,PC
4005,Xbox 360
4005,Xbox One
4005,iOS
4005,macOS
4519,PC
4519,Xbox 360
4519,PlayStation 3
10878,Xbox One
10878,Nintendo Switch
10878,PlayStation 4
10878,PS Vita
10878,PC
2018,iOS
2018,PC
51617,PC
4875,PC
4875,PlayStation 3
9677,macOS
9677,PC
59199,PlayStation 4
59199,Nintendo Switch
59199,macOS
59199,PC
59199,iOS
59199,Xbox One
7442,iOS
7442,macOS
7442,PC
7442,Linux
16704,macOS
16704,Linux
16704,PC
1562,PlayStation 4
1562,Linux
1562,PC
1562,iOS
1562,Android
1562,macOS
312668,PC
16434,PC
16434,macOS
272448,Xbox One
272448,Nintendo Switch
272448,PC
272448,macOS
272448,Linux
10161,macOS
10161,PC
17573,Xbox 360
17573,macOS
17573,PC
17573,Linux
10069,Xbox One
10069,PlayStation 5
10069,Xbox Series S/X
10069,PlayStation 4
10069,PC
10263,Wii
10263,macOS
10263,Linux
10263,PC
9612,PlayStation 4
9612,Nintendo Switch
9612,PC
9612,Xbox One
4033,PS Vita
4033,iOS
4033,Linux
4033,macOS
4033,PC
17993,PC
17993,macOS
17993,Linux
29179,PS Vita
29179,PlayStation 2
29179,PlayStation 3
44030,Xbox One
44030,PlayStation 4
44030,Nintendo Switch
44030,PC
10786,Xbox 360
10786,PlayStation 3
10786,PlayStation 4
10786,PC
17563,macOS
17563,PC
62897,PC
20567,PC
3871,PC
3871,PlayStation 3
3871,PS Vita
3871,Linux
3871,macOS
1195,PC
1195,PS Vita
1195,PlayStation 4
339959,PC
339959,macOS
339959,Linux
1935,Xbox One
1935,Nintendo 3DS
1935,Wii U
1935,PlayStation 3
1935,PlayStation 4
1935,PC
1935,macOS
1935,PS Vita
1935,Xbox 360
1935,Android
1935,iOS
47234,PC
47234,PlayStation 4
58779,PC
58779,Xbox Series S/X
58549,PlayStation 4
58549,Xbox One
9603,Nintendo Switch
9603,Xbox One
9603,PlayStation 4
9603,PC
440083,PlayStation 4
440083,PlayStation 5
440083,PC
440083,Xbox One
440083,Xbox Series S/X
52179,iOS
52179,PC
52179,macOS
52179,Linux
52179,Xbox One
52179,PlayStation 4
52179,Nintendo Switch
614964,PC
614964,macOS
614964,iOS
614964,PlayStation 5
13249,macOS
13249,PC
13249,Linux
45156,Linux
45156,macOS
45156,Xbox One
45156,PlayStation 4
45156,PC
754888,PC
754888,PlayStation 5
754888,Xbox Series S/X
754888,PlayStation 4
754888,Xbox One
58783,PC
58783,Xbox One
58783,Nintendo Switch
58783,PlayStation 4
23576,PS Vita
23576,PC
23576,PlayStation 4
1999,Nintendo Switch
1999,PSP
1999,PlayStation 4
1999,PlayStation 3
1999,PS Vita
1999,Nintendo 3DS
1999,Xbox 360
1999,macOS
1999,iOS
1999,Linux
1999,PC
1999,Android
10986,Nintendo Switch
10986,macOS
10986,PC
10986,Xbox One
10986,PlayStation 4
52175,Xbox One
52175,Game Boy
52175,NES
52175,Game Gear
52175,Commodore / Amiga
52175,Genesis
52175,PC
4700,Xbox 360
4700,Xbox One
4700,PlayStation 3
22448,PlayStation
22448,PC
22448,Classic Macintosh
16188,PC
16188,macOS
16188,Linux
304247,PC
304247,macOS
304247,Linux
304247,Nintendo Switch
5520,PC
5520,PlayStation 3
5520,Xbox 360
12245,PC
12245,PlayStation 4
12245,Nintendo Switch
12245,Xbox One
12245,macOS
423947,PlayStation 4
423947,PC
423947,Nintendo Switch
423947,Xbox One
11090,iOS
11090,PC
11090,macOS
11090,Linux
11090,Android
5737,iOS
5737,macOS
5737,PC
5737,Android
9606,PC
43242,PC
43242,Xbox One
4356,PlayStation 3
19212,PC
17831,Xbox 360
17831,macOS
17831,Linux
17831,PC
10130,PlayStation 4
10130,macOS
10130,Xbox One
10130,PC
17515,macOS
17515,PC
17515,Linux
20654,PlayStation 3
20654,Xbox 360
20654,PC
20654,Xbox One
19415,PC
739,Android
739,PlayStation 2
739,Linux
739,macOS
739,PC
739,iOS
578,Xbox One
578,PlayStation 4
578,PC
9540,PlayStation 4
9540,Nintendo Switch
9540,Linux
9540,macOS
9540,PC
9540,Wii U
9540,Xbox One
4418,PC
4418,PlayStation 3
4418,Xbox One
4418,Xbox 360
11737,PC
11737,Linux
11737,macOS
22749,Classic Macintosh
22749,Commodore / Amiga
22749,PC
22749,macOS
3463,PS Vita
3463,PlayStation 3
3463,PlayStation 4
3545,Wii U
3545,PlayStation 4
3545,PlayStation 3
3545,PS Vita
3545,PC
3545,macOS
12032,PC
1757,Android
1757,Linux
1757,macOS
1757,PC
1757,iOS
8845,iOS
8845,PC
8845,Android
440086,PlayStation 5
440086,Xbox Series S/X
440086,PC
440086,Xbox One
440086,PlayStation 4
1581,Android
1581,macOS
1581,PC
1581,iOS
1581,PS Vita
564757,PC
564757,Nintendo Switch
564757,Xbox Series S/X
564757,Xbox One
564757,PlayStation 5
564757,PlayStation 4
10163,Wii
10163,PC
10163,iOS
10163,Xbox One
10163,PlayStation 4
29642,PC
29642,Xbox
29642,PlayStation 2
60783,PC
60783,Xbox Series S/X
60783,Nintendo Switch
60783,PlayStation 5
60783,Xbox One
60783,PlayStation 4
19459,PC
964,PC
964,Xbox One
964,Xbox 360
964,PlayStation 4
964,Android
964,macOS
964,iOS
23165,Nintendo Switch
10301,Xbox One
10301,PC
10301,Linux
10301,PlayStation 4
45775,PlayStation 5
45775,Xbox Series S/X
45775,PC
45775,Nintendo Switch
45775,Xbox One
45775,PlayStation 4
4380,PC
4380,PlayStation 3
4380,Xbox 360
22088,PC
20194,PC
9557,PC
13035,Nintendo Switch
13035,macOS
13035,PC
13035,Linux
1794,Xbox One
1794,PlayStation 4
1794,PC
286474,macOS
286474,PC
286474,Nintendo Switch
286474,Xbox One
286474,Linux
286474,PlayStation 4
16252,Xbox One
16252,PlayStation 5
16252,Xbox Series S/X
16252,Nintendo Switch
16252,PC
16252,PlayStation 4
16252,macOS
421698,Nintendo Switch
25097,Nintendo Switch
25097,Nintendo 64
2866,Nintendo 3DS
2866,Xbox One
2866,PlayStation 3
2866,PlayStation 4
2866,PS Vita
2866,Xbox 360
2866,PC
2866,macOS
2866,Wii U
2866,iOS
3388,PlayStation 4
3388,PC
3388,Nintendo Switch
3388,Xbox One
16677,Xbox
16677,PC
16677,Linux
16677,macOS
573123,Xbox Series S/X
573123,PlayStation 5
573123,Xbox One
573123,PlayStation 4
573123,PC
573123,Nintendo Switch
10171,Xbox One
10171,PlayStation 4
10171,macOS
10171,PC
10171,Linux
10171,iOS
23659,Nintendo Switch
23659,PlayStation 4
23659,PC
17286,PC
17286,Linux
17286,macOS
17286,iOS
11434,PC
236751,PC
236751,macOS
236751,Xbox One
236751,Linux
236751,PlayStation 4
29233,PlayStation 4
29233,Nintendo Switch
29233,Linux
29233,macOS
29233,PC
29233,Xbox One
161,Xbox One
161,PlayStation 4
161,Nintendo Switch
161,PC
12726,Nintendo 3DS
12726,Wii U
12726,Wii
12726,macOS
12726,Nintendo Switch
12726,PC
12726,Linux
442847,PC
442847,Xbox One
442847,Nintendo Switch
442847,PlayStation 4
442847,Xbox Series S/X
442847,PlayStation 5
19400,Android
19400,PSP
19400,PlayStation 3
19400,PC
19400,Xbox 360
5653,PC
5653,PlayStation 3
5653,Xbox 360
20570,PC
13038,PlayStation 2
13038,Xbox One
13038,Xbox 360
13038,PC
13038,PlayStation 3
13038,PlayStation 4
13038,Xbox
13038,GameCube
657,Xbox One
657,PC
657,Xbox 360
3746,PS Vita
3746,PlayStation 3
3746,iOS
3746,PC
3746,Linux
3746,Android
3746,macOS
4475,PS Vita
22842,PC
15772,PC
50566,PC
50566,Xbox 360
50566,Xbox One
22854,macOS
22854,PC
22733,Commodore / Amiga
22733,Atari ST
22733,Classic Macintosh
22733,PC
22733,Linux
22733,macOS
764,Xbox One
764,PlayStation 3
764,PlayStation 4
764,Nintendo Switch
764,PC
379486,Nintendo Switch
379486,Xbox One
379486,PlayStation 4
379486,PC
23323,PC
23323,Linux
23323,macOS
460524,PlayStation 5
460524,PC
460524,PlayStation 4
460524,Xbox One
20457,macOS
20457,PC
45730,Xbox One
45730,Nintendo Switch
45730,PlayStation 4
45730,PC
452639,PC
452639,PlayStation 5
17742,Web
17742,PC
17742,macOS
428208,PC
428208,iOS
428208,Xbox One
428208,Nintendo Switch
15234,Android
15234,PlayStation 4
15234,PC
15234,Xbox One
15234,iOS
15234,Nintendo Switch
17636,Classic Macintosh
17636,PC
17636,macOS
17636,Linux
2446,PlayStation 4
2446,Xbox One
2446,PC
2446,macOS
54285,Commodore / Amiga
54285,SEGA CD
54285,SNES
54285,Game Gear
54285,SEGA Master System
54285,Game Boy
54285,PC
54285,Genesis
19347,Xbox 360
19347,PC
251484,iOS
251484,PC
251484,PlayStation 3
2568,PS Vita
2568,PlayStation 3
2568,PC
2568,Linux
2568,macOS
2409,Android
2409,PC
2409,iOS
34744,PC
34744,macOS
227,Nintendo Switch
227,PlayStation 4
227,Xbox One
227,PC
3304,PlayStation 4
3304,Xbox 360
3304,Android
3304,PC
3304,Linux
3304,macOS
17507,Xbox 360
17507,PC
17507,PlayStation 3
3133,Nintendo Switch
3133,Xbox One
3133,PlayStation 4
3133,PlayStation 3
3133,PC
3133,macOS
26,PlayStation 4
26,PC
4298,PlayStation 3
4298,macOS
4298,PC
4298,Linux
505918,PC
773,Xbox
773,Android
773,macOS
773,PC
773,iOS
3203,Xbox One
3203,Android
3203,PC
3203,macOS
3203,PlayStation 4
3203,iOS
16974,PC
16974,Linux
16974,macOS
28089,PlayStation 4
28089,PC
28089,Xbox One
6334,PC
6334,macOS
6334,Android
6334,iOS
6334,Linux
2483,Nintendo Switch
2483,Xbox One
2483,iOS
2483,PlayStation 4
2483,PC
385614,iOS
7769,Android
7769,Linux
7769,macOS
7769,PC
7769,iOS
17652,macOS
17652,PC
61044,PC
61044,Xbox One
61044,PlayStation 4
9786,PC
9786,macOS
4490,PlayStation 3
4490,PlayStation 2
12614,Linux
12614,PC
12614,PlayStation 4
12614,Nintendo Switch
12614,macOS
15176,PlayStation 4
15176,PC
45894,PlayStation 4
45894,Xbox One
45894,PC
15042,PC
2468,Xbox One
2468,PlayStation 4
2468,PC
21705,PC
21705,Linux
21705,macOS
21233,PC
318414,PC
11428,PC
52790,SEGA Saturn
52790,PlayStation
52790,Android
52790,Xbox 360
52790,iOS
14001,macOS
14001,Linux
14001,PC
10091,PC
10091,Linux
10091,macOS
638654,PC
638654,Xbox Series S/X
638654,PlayStation 5
50165,PlayStation 4
50165,Xbox One
50165,Nintendo Switch
50165,Android
50165,PC
50165,macOS
50165,Linux
16181,PC
5265,GameCube
5265,Xbox
5265,Classic Macintosh
5265,Game Boy Advance
5265,PS Vita
5265,PlayStation 2
5265,Xbox 360
5265,PC
5265,Wii
5265,PSP
5265,Nintendo DS
5265,PlayStation 3
4327,PlayStation 3
4327,Xbox 360
4327,PC
19306,PC
44764,PlayStation 4
44764,iOS
44764,Android
9753,PC
18914,macOS
18914,PC
18914,Linux
9734,PC
9734,macOS
9734,Linux
275611,macOS
275611,PC
275611,Web
799265,PC
799265,PlayStation 5
420977,PC
420977,Nintendo Switch
420977,Xbox One
420977,PlayStation 4
5868,Nintendo Switch
5868,Xbox One
5868,Android
5868,iOS
5868,PC
5868,PlayStation 4
723957,Android
723957,PC
723957,iOS
723957,Xbox One
723957,PlayStation 4
371832,Xbox One
371832,Nintendo Switch
371832,PlayStation 4
371832,PC
1036,Nintendo Switch
1036,PlayStation 4
1036,PC
1036,macOS
1036,Xbox One
10879,PlayStation 4
10879,Xbox One
10879,Nintendo Switch
10879,Linux
10879,PC
10879,Android
10879,macOS
4469,PlayStation 4
4469,PS Vita
4469,PlayStation 3
4469,PlayStation 2
59925,PC
59925,PlayStation 4
59925,Xbox One
46410,Xbox One
46410,PlayStation 4
46410,Nintendo Switch
46410,macOS
46410,PC
3656,PlayStation 3
3656,iOS
3656,PC
3656,macOS
3656,Linux
3656,Xbox 360
3656,Android
3656,Nintendo Switch
3882,PlayStation 3
597,Android
597,PSP
597,Linux
597,macOS
597,PC
597,iOS
597,Nintendo 3DS
597,Wii U
597,PlayStation 3
44093,Nintendo Switch
44093,PlayStation 4
44093,Xbox One
449164,Android
449164,iOS
449164,PC
449164,macOS
43855,PC
4420,PlayStation 3
4420,Linux
4420,PC
933,Xbox One
933,PlayStation 4
933,Nintendo Switch
933,PC
457729,PC
457729,Xbox One
457729,Nintendo Switch
457729,PlayStation 4
457729,Xbox Series S/X
457729,PlayStation 5
3594,PS Vita
3594,PSP
3594,iOS
3594,PC
3594,macOS
3594,Linux
3594,PlayStation 4
58084,PC
58084,PlayStation 4
58084,Xbox One
58084,Nintendo Switch
58084,Nintendo 3DS
9499,PC
17022,macOS
17022,PC
17022,Linux
12893,Nintendo Switch
12893,PC
12893,Linux
12893,iOS
12893,macOS
17337,PC
11112,PC
11112,Linux
51081,Nintendo Switch
51081,PC
51081,Android
51081,iOS
51081,Xbox One
51081,PlayStation 4
51081,macOS
51081,Linux
17093,PlayStation 4
17093,Xbox One
17093,Nintendo Switch
17093,macOS
17093,PC
17093,Linux
17093,Android
17093,iOS
17004,Nintendo Switch
17004,Xbox One
17004,PC
17004,macOS
17004,Linux
17949,Xbox One
17949,PC
17949,PlayStation 3
17949,PlayStation 4
17949,Xbox 360
302369,Xbox One
302369,PC
302369,Nintendo Switch
302369,PlayStation 4
13834,PC
13834,macOS
13834,Linux
58551,PC
58551,Xbox One
58551,Nintendo Switch
58551,iOS
58551,PlayStation 4
14000,macOS
14000,Linux
14000,PC
20958,PC
20958,PlayStation 2
20958,Xbox
20958,GameCube
14983,macOS
14983,PC
368952,PlayStation 4
368952,Nintendo Switch
368952,PC
368952,Xbox Series S/X
368952,PlayStation 5
368952,Xbox One
20828,PC
20828,Xbox 360
545033,PlayStation 5
545033,Xbox Series S/X
545033,PC
545033,Xbox One
545033,PlayStation 4
16972,PC
479695,macOS
479695,PlayStation 4
479695,Xbox Series S/X
479695,PlayStation 5
479695,Xbox One
479695,PC
21126,macOS
21126,PC
326228,PC
326228,Xbox One
326228,Nintendo Switch
326228,PlayStation 4
11972,PlayStation 4
11972,macOS
11972,PC
11972,Linux
19530,macOS
19530,PC
4398,Nintendo DS
4398,PlayStation 3
4398,Xbox 360
4398,PC
4398,macOS
61964,PC
61964,macOS
61964,Linux
275681,PlayStation 4
275681,Xbox One
275681,PC
30,PlayStation 4
4747,Xbox 360
4747,PlayStation 3
4747,Xbox One
4747,PC
18164,PC
3294,Nintendo 3DS
3294,Wii U
3294,Xbox 360
3294,PlayStation 4
3294,PS Vita
3294,Xbox One
3294,iOS
3294,PC
3294,macOS
3294,Nintendo Switch
3294,PlayStation 3
3294,Android
7102,Linux
7102,macOS
7102,Nintendo Switch
7102,PC
7102,Android
7102,iOS
19594,PC
19594,macOS
19594,Linux
17066,PC
809,Xbox One
809,PlayStation 3
809,Xbox 360
58762,PC
58762,Xbox One
11553,macOS
11553,PC
11553,iOS
11562,PlayStation 4
11562,Nintendo Switch
11562,Xbox One
11562,PC
7407,PlayStation 4
7407,PC
7407,Nintendo Switch
7407,Xbox One
11971,PC
46220,PC
46220,Xbox Series S/X
3752,PlayStation 3
3752,Xbox 360
3752,PC
50732,PlayStation 4
50732,PC
50732,Xbox One
50732,Nintendo Switch
61882,PC
39128,PlayStation 3
52369,Xbox 360
52369,Nintendo 3DS
52369,PlayStation 2
52369,PlayStation 3
52369,PS Vita
10868,PlayStation 4
10868,Nintendo Switch
10868,Linux
10868,Xbox One
10868,PC
10868,macOS
5260,PC
5260,PlayStation 3
5260,Nintendo DS
5260,Wii
5260,Xbox One
5260,PlayStation 2
5260,Xbox 360
5260,PSP
3598,PS Vita
3598,PlayStation 4
3598,Nintendo Switch
3598,PC
3598,Xbox One
706,PlayStation 4
706,PC
706,macOS
706,Linux
706,Nintendo Switch
274571,PlayStation 4
274571,Xbox One
274571,Nintendo Switch
16013,macOS
16013,PC
16013,Linux
663742,PC
663742,PlayStation 5
2123,PlayStation 4
2123,Xbox One
2123,PC
2123,macOS
2123,Linux
2123,Nintendo Switch
50671,Nintendo Switch
50671,Linux
50671,macOS
50671,PC
50671,iOS
50671,Android
21942,PlayStation 4
21942,Xbox One
21942,Nintendo Switch
21942,PC
14188,PlayStation 4
14188,Xbox One
14188,Nintendo Switch
14188,Android
14188,macOS
14188,PC
14188,iOS
52884,Android
52884,Xbox One
52884,PC
52884,Linux
52884,Nintendo Switch
52884,Xbox 360
52884,PlayStation 3
52884,PlayStation 4
52884,Game Boy Advance
52884,PlayStation
52884,SNES
52884,SEGA Saturn
52884,3DO
52884,Jaguar
52884,SEGA 32X
437049,PlayStation 5
437049,Xbox Series S/X
437049,PlayStation 4
437049,Nintendo Switch
437049,PC
437049,Xbox One
52368,PlayStation 4
51167,PlayStation 4
51167,Xbox One
51167,PC
51167,Nintendo Switch
15308,Xbox One
15308,PlayStation 4
15308,Wii U
15308,macOS
15308,PC
15308,Linux
20959,PC
20959,Linux
20959,macOS
18628,PC
326235,PlayStation 4
326235,Xbox One
326235,PC
326235,Nintendo Switch
147,PlayStation 4
147,Xbox One
147,PC
147,Xbox 360
147,Wii U
147,iOS
147,Android
147,macOS
17586,Android
17586,macOS
17586,Linux
17586,PC
10789,Android
10789,PC
507151,PC
42309,PC
326244,PlayStation 4
326244,Xbox Series S/X
326244,Xbox One
326244,PlayStation 5
326244,PC
2137,Android
2137,Linux
2137,macOS
2137,iOS
2137,PC
391395,Xbox One
391395,PlayStation 4
391395,Nintendo Switch
391395,PC
327239,Nintendo Switch
5550,Xbox 360
5550,Wii
5550,PC
5550,PlayStation 3
495,PlayStation 4
46667,Nintendo Switch
46667,PC
46667,Xbox One
22751,macOS
22751,Linux
22751,PC
5978,Android
5978,Wii U
5978,Linux
5978,macOS
5978,PC
5978,iOS
5978,PS Vita
5978,Nintendo Switch
311652,PC
21709,PC
5295,PC
5295,PlayStation 3
5295,iOS
5295,Linux
5295,macOS
2588,Android
2588,macOS
2588,PC
2588,iOS
2588,Linux
1152,Xbox One
1152,Nintendo Switch
1152,PlayStation 4
1152,Web
1152,PC
58597,PC
58597,PlayStation 4
58597,Xbox One
58597,Nintendo Switch
19119,PC
19119,Linux
19119,macOS
19359,PC
498,Xbox One
498,PlayStation 4
498,Nintendo Switch
498,macOS
498,PC
498,Linux
498,iOS
52340,Xbox One
52340,PlayStation 5
52340,Xbox Series S/X
52340,PC
52340,PlayStation 4
16024,PlayStation 2
16024,Linux
16024,macOS
16024,PC
428033,PlayStation 4
428033,PC
428033,Xbox One
428033,Nintendo Switch
62817,iOS
62817,PC
62817,macOS
10851,PC
2536,Nintendo Switch
2536,Xbox One
2536,Wii U
2536,PlayStation 4
2536,PS Vita
2536,PC
2536,Linux
2536,macOS
12891,macOS
12891,PC
12891,Android
12891,iOS
9728,PlayStation 4
9728,PC
9728,Linux
9728,macOS
4128,Nintendo Switch
4128,PlayStation 3
9894,PC
9988,PC
423944,PlayStation 4
423944,Xbox One
423944,PC
37337,PC
37337,PlayStation 3
37337,Wii
37337,Xbox 360
37337,PlayStation 2
11719,PC
11719,Linux
22934,Commodore / Amiga
22934,Classic Macintosh
22934,PC
22934,iOS
22934,macOS
22934,Android
16702,PC
16702,macOS
16702,Linux
17794,PC
23734,PC
23734,Xbox One
23734,PlayStation 4
23734,Nintendo Switch
23734,Linux
23734,macOS
13513,PS Vita
13513,PSP
13513,PlayStation 3
13513,PC
13513,iOS
13513,Xbox 360
13513,Android
5196,PC
5196,PlayStation 3
10898,PC
10898,Nintendo Switch
10898,PlayStation 4
10898,Xbox One
11852,PC
11852,macOS
11852,Linux
308132,Nintendo Switch
308132,PlayStation 4
308132,Xbox One
308132,PC
3456,PS Vita
3456,PlayStation 3
3456,Xbox 360
3456,PC
3456,Linux
3456,macOS
51331,Xbox One
51331,Nintendo Switch
51331,PlayStation 4
51331,PC
17607,macOS
17607,PC
14501,PC
14501,Linux
14501,macOS
14968,PC
14968,Linux
14968,macOS
20180,PlayStation 4
20180,Xbox One
20180,PS Vita
20180,PC
2254,Xbox One
2254,PC
2254,PlayStation 4
2254,Android
2254,iOS
2254,macOS
2254,Linux
2254,Nintendo Switch
119,Linux
119,macOS
119,PC
119,Xbox One
119,PlayStation 4
119,Nintendo Switch
5192,PlayStation
5192,PC
16121,macOS
16121,PC
16121,Linux
20315,Android
20315,macOS
20315,PC
20315,iOS
12965,Linux
12965,macOS
12965,PC
22256,Nintendo Switch
22256,Xbox One
22256,iOS
22256,PC
22256,macOS
22256,PlayStation 4
1452,Nintendo 3DS
1452,Nintendo Switch
1452,Xbox One
1452,PlayStation 4
1452,iOS
1452,PC
10313,Nintendo Switch
10313,macOS
10313,PlayStation 4
10313,PC
22900,Nintendo 64
22900,PC
683,PlayStation 3
683,Xbox 360
683,Android
683,iOS
683,PC
683,Nintendo DS
683,Wii
295018,Xbox One
295018,PC
295018,Nintendo Switch
295018,PlayStation 4
47351,PlayStation 4
47351,Nintendo Switch
47351,macOS
47351,PC
47351,iOS
47351,Android
47351,Xbox One
11264,Xbox One
11264,Nintendo Switch
11264,PlayStation 4
11264,PlayStation 3
11264,PC
15167,PC
15167,macOS
15167,Linux
58809,PlayStation 5
58809,Nintendo Switch
58809,PC
58809,Xbox One
58809,PlayStation 4
58809,Xbox Series S/X
9986,PC
12890,PC
11815,Xbox One
11815,PlayStation 4
11815,Nintendo Switch
11815,PC
11815,macOS
11815,Linux
16776,PC
16776,macOS
2798,Linux
2798,macOS
2798,PC
2798,Xbox One
2798,PlayStation 4
19437,Xbox 360
19437,PlayStation 3
19437,PC
58975,Nintendo Switch
58975,Xbox One
58975,iOS
58975,PC
3955,PlayStation 3
3955,Xbox 360
3955,PC
22510,PC
22510,macOS
450236,PC
450236,macOS
18703,PC
4569,PC
4569,PlayStation 3
4569,iOS
4569,macOS
13467,macOS
13467,PC
4856,PC
4856,PlayStation 3
4856,macOS
4856,Linux
1607,Xbox One
1607,PC
1607,Linux
1607,macOS
27024,Wii
17633,macOS
17633,Linux
17633,PC
840788,PC
840788,PlayStation 5
840788,Xbox Series S/X
11514,macOS
11514,PC
638648,PlayStation 5
638648,Xbox Series S/X
638648,Nintendo Switch
638648,PC
638648,Xbox One
486733,PC
486733,Xbox One
284,Xbox One
284,PlayStation 4
284,PC
284,macOS
284,Linux
46239,PC
44996,PlayStation 4
44996,Nintendo Switch
44996,PC
44996,iOS
44996,Xbox One
60028,PC
60028,PlayStation 4
60028,Xbox One
53551,PC
53551,iOS
53551,Game Boy Advance
53551,Android
53551,PlayStation 3
53551,Xbox 360
53551,Wii
53551,Nintendo 3DS
53551,Genesis
53551,Game Gear
16192,PC
18721,PC
18721,Xbox 360
18721,Nintendo DS
18721,Xbox One
11025,Linux
11025,macOS
11025,PC
11025,Nintendo Switch
11025,Xbox One
292842,Nintendo Switch
1257,PlayStation 4
1257,macOS
1257,PC
1257,Xbox One
5529,Xbox 360
5529,PlayStation 3
5529,Xbox One
5529,PC
1314,PlayStation 4
1314,Nintendo Switch
1314,PC
1314,Xbox One
9616,Linux
9616,PC
45635,PlayStation 4
45635,Xbox One
45635,PC
82,PC
82,Nintendo Switch
82,PlayStation 4
14938,PC
14938,PlayStation 3
14938,Xbox 360
14938,Wii
14938,iOS
14938,Xbox One
40746,Android
40746,PC
40746,iOS
18850,macOS
18850,PC
2898,PlayStation 4
2898,PC
367197,PlayStation 4
367197,PC
367197,Xbox One
367197,Xbox Series S/X
548148,PC
548148,Xbox One
548148,PlayStation 4
2936,iOS
2936,Android
2936,PC
2936,Linux
2936,macOS
52201,PC
52201,PlayStation 4
52201,Xbox One
1743,Xbox One
1743,macOS
1743,PC
1743,Linux
18972,macOS
18972,Linux
18972,PC
44265,macOS
44265,PC
44265,iOS
44265,Nintendo Switch
44265,PlayStation 4
44265,Android
374548,PC
251598,PlayStation 4
251598,PC
251598,Xbox One
251598,Nintendo Switch
28532,Nintendo 64
28532,Xbox 360
28532,Xbox One
28532,Nintendo Switch
692541,PlayStation 4
692541,Xbox One
692541,PC
454544,PC
454544,PlayStation 5
454544,Xbox Series S/X
454544,PlayStation 4
454544,Xbox One
2060,iOS
2060,PC
2060,macOS
2060,Linux
247,Xbox One
247,Nintendo Switch
247,PS Vita
247,PlayStation 4
247,PC
247,Linux
247,macOS
247,iOS
247,Android
409575,PlayStation 4
409575,macOS
409575,PC
409575,Xbox One
409575,Nintendo Switch
398414,PC
514,Xbox 360
514,Android
514,PlayStation 3
514,PS Vita
514,PC
514,iOS
17590,PC
17590,Linux
17590,macOS
428559,Xbox One
428559,PC
428559,PlayStation 4
28633,Xbox One
28633,Xbox 360
28422,Xbox One
28422,Xbox 360
1433,macOS
1433,Xbox One
1433,PlayStation 4
1433,Linux
1433,PC
1063,SNES
1063,Android
1063,PC
1063,iOS
1063,Game Boy Advance
4772,PC
4772,Xbox 360
4772,PlayStation 3
914789,PC
914789,PlayStation 5
914789,Xbox Series S/X
3232,PlayStation 4
3232,macOS
3232,Linux
3232,PC
669363,PC
47270,PC
262389,Xbox One
262389,Nintendo Switch
262389,PlayStation 4
262389,PC
50675,PlayStation 4
50675,Xbox One
50675,Nintendo Switch
50675,Linux
50675,PC
50675,macOS
50675,Android
50675,iOS
2490,PlayStation 4
14352,PC
14352,macOS
14352,Linux
18142,PC
18142,macOS
18142,Linux
19625,macOS
19625,Linux
19625,PC
16029,PC
15731,PlayStation 4
15731,PS Vita
15731,PC
15731,Linux
2848,PlayStation 4
9981,macOS
9981,Linux
9981,PC
7955,Android
7955,iOS
7955,PC
59700,Xbox One
59700,PC
59700,Nintendo Switch
59700,PlayStation 4
10581,PC
59098,PlayStation 4
59098,Xbox One
59098,PC
2226,PS Vita
2226,PlayStation 4
2226,iOS
2226,macOS
2226,Linux
2226,Android
2226,Nintendo Switch
2226,PC
14219,macOS
14219,PC
14219,Linux
17620,PC
17620,iOS
270653,PlayStation 5
270653,Xbox One
270653,PC
11069,PC
11069,macOS
11069,Linux
20000,Xbox 360
20000,iOS
20000,PC
20000,PlayStation 3
20000,Android
18849,macOS
18849,PC
29231,Xbox One
29231,Nintendo Switch
29231,PC
29231,macOS
29231,PlayStation 4
29231,Linux
46284,PC
46284,macOS
46284,Linux
581104,PC
581104,Xbox Series S/X
581104,PlayStation 5
581104,Xbox One
17841,PC
17841,PlayStation 4
19412,PC
19412,Linux
19412,iOS
19412,macOS
22991,macOS
22991,Apple II
22991,PC
22991,Linux
22991,iOS
387328,Xbox One
387328,Nintendo Switch
387328,PlayStation 4
387328,PC
17978,Linux
17978,macOS
17978,PC
13768,PC
19355,PC
19355,Xbox
4348,PS Vita
17913,Xbox 360
17913,PC
17913,Wii U
17913,PlayStation 3
24899,SNES
57797,PlayStation
49428,PC
49428,macOS
49428,Linux
49428,Nintendo Switch
17661,PC
16999,Nintendo Switch
16999,PC
17417,PlayStation 4
17417,Nintendo Switch
17417,Xbox One
17417,Linux
17417,PC
17417,macOS
28160,Xbox One
28160,PlayStation 4
28160,PC
3897,PlayStation 3
3897,Xbox 360
3897,PC
53445,GameCube
53445,Xbox
53445,PC
53445,PlayStation 2
37194,PlayStation 4
37194,PlayStation 3
37194,Xbox 360
37194,PC
37194,Nintendo Switch
37194,Xbox One
37194,PlayStation 2
366892,PlayStation 4
366892,Android
366892,iOS
366892,PC
16159,PC
17056,Linux
17056,macOS
17056,PC
529698,PlayStation 5
529698,PC
529698,Xbox Series S/X
529698,Xbox One
529698,PlayStation 4
14251,PC
41461,PC
41461,Xbox 360
41461,PlayStation 3
494393,PC
494393,Xbox Series S/X
494393,Xbox One
494393,PlayStation 4
494393,PlayStation 5
494393,Nintendo Switch
28626,Xbox 360
28626,Xbox One
28626,PC
28626,PlayStation 3
28626,PlayStation 4
9623,PlayStation 4
9623,Xbox One
9623,PC
58913,iOS
58913,Nintendo Switch
58913,macOS
58913,Android
58913,PC
11009,Xbox One
11009,Nintendo Switch
11009,PlayStation 4
11009,macOS
11009,iOS
11009,PC
11009,Linux
65969,PC
65969,macOS
65969,Android
65969,iOS
61415,PC
25080,NES
25080,Game Boy Advance
25080,Game Boy Color
25080,Wii U
25080,Wii
25080,Nintendo Switch
25080,SNES
25080,Nintendo 3DS
216275,PlayStation 4
216275,PC
2860,Xbox One
2860,PlayStation 4
19475,PC
19475,macOS
19475,Xbox 360
1258,PlayStation 3
1258,PS Vita
1258,PlayStation 4
1258,Android
1258,iOS
10075,PC
22794,PC
54528,Nintendo 64
23628,PC
19645,PC
19645,Game Boy Advance
19645,Classic Macintosh
19645,GameCube
19645,PlayStation 2
10994,macOS
10994,PC
10994,Linux
10994,Xbox One
22128,PC
18694,PC
17659,PC
17659,PlayStation 3
17659,Xbox 360
19603,PC
19603,Linux
528768,Nintendo Switch
528768,PC
528768,PlayStation 4
299561,PC
299561,Nintendo Switch
299561,PlayStation 4
299561,Xbox One
327269,iOS
327269,Android
327269,PC
327269,PlayStation 4
46160,Nintendo Switch
46160,macOS
46160,PC
46160,iOS
46160,Xbox One
46160,Android
46160,PlayStation 4
46160,Linux
11670,macOS
11670,PC
28547,Xbox 360
28547,PlayStation 3
28547,Xbox One
17379,iOS
17379,PC
450239,Xbox One
450239,PlayStation 4
450239,Nintendo Switch
450239,PC
404,Xbox One
404,PlayStation 4
404,PS Vita
404,Nintendo Switch
404,PC
852,PlayStation 4
852,PC
852,macOS
852,Linux
852,Nintendo Switch
51487,Nintendo Switch
51487,PlayStation 4
51487,iOS
51487,Xbox One
51487,Android
51487,PC
51487,macOS
11018,PC
11018,macOS
28628,Xbox 360
530269,PlayStation 5
530269,Xbox Series S/X
530269,PlayStation 4
530269,Nintendo Switch
530269,PC
530269,Xbox One
12470,PC
9457,PlayStation 4
9457,PC
10234,PlayStation 4
10234,macOS
10234,PC
10234,Linux
414,Xbox One
414,Xbox 360
414,PC
15916,Nintendo Switch
15916,Xbox One
15916,Wii U
15916,PlayStation 3
15916,PlayStation 4
15916,iOS
15916,Xbox 360
15916,Android
15916,PC
15916,macOS
22748,PC
22748,macOS
22748,Linux
370202,PC
22685,PC
60658,PC
60658,macOS
60658,Linux
23370,Xbox One
23370,PlayStation 4
23370,Nintendo Switch
23370,PC
389054,Web
389054,PC
389054,iOS
19701,PC
19701,Xbox One
19701,Xbox 360
19932,PC
11587,PC
405,Xbox One
405,iOS
405,PlayStation 4
405,Nintendo Switch
405,PC
3419,PlayStation 4
3419,PlayStation 3
3419,Xbox One
3419,PC
3419,Xbox 360
2964,PC
2964,Xbox One
2964,Wii U
2964,PlayStation 4
2964,Nintendo Switch
2964,macOS
2964,Linux
13156,PlayStation 4
13156,Nintendo Switch
13156,macOS
13156,PC
13156,Linux
13156,Android
580972,Xbox Series S/X
580972,PlayStation 5
580972,PC
17090,PC
17090,Xbox 360
17090,macOS
23252,Nintendo Switch
23252,PC
23252,Xbox One
23252,PlayStation 4
514896,PlayStation 5
514896,Xbox One
514896,PlayStation 4
514896,PC
514896,Xbox Series S/X
18642,PlayStation 3
18642,PC
49563,Xbox One
49563,PlayStation 4
52093,PlayStation 4
52093,Xbox One
52093,iOS
52093,PC
52093,macOS
52093,Nintendo Switch
52093,Android
16117,Android
16117,iOS
16117,macOS
16117,PC
11791,Nintendo Switch
11791,PlayStation 4
11791,PC
507154,PC
5688,PC
5688,PlayStation 3
5688,Xbox 360
263548,Linux
263548,Xbox One
263548,iOS
263548,PC
263548,Nintendo Switch
263548,PlayStation 4
2427,iOS
2427,PC
19682,PC
19682,Xbox 360
19682,PlayStation 3
3705,Nintendo 3DS
3705,PS Vita
3705,PlayStation 4
3705,PlayStation 3
3705,PC
3705,Linux
3705,macOS
15659,PC
12697,PC
14101,PC
15824,PC
15824,macOS
15824,Linux
9977,macOS
9977,PC
9977,Linux
311680,PC
311680,Xbox One
311680,PlayStation 4
9800,Nintendo Switch
9800,PlayStation 4
9800,Xbox One
9800,PC
9800,macOS
9800,Linux
58773,macOS
58773,PC
58773,Xbox Series S/X
58773,PlayStation 4
58773,PlayStation 5
58773,Xbox One
274760,PC
274760,Xbox One
274760,PlayStation 4
19609,Xbox 360
19609,PlayStation 3
19609,PC
19609,Xbox One
11001,PC
16733,PC
20979,PC
463727,PC
18361,macOS
18361,Linux
18361,PC
5692,PC
5692,PlayStation 3
5692,Xbox 360
28600,Xbox 360
355,PlayStation 4
355,PS Vita
355,Android
355,Xbox One
355,iOS
355,PC
355,macOS
355,Linux
28637,Xbox 360
17666,PC
17575,Xbox 360
17575,PC
17575,Classic Macintosh
17575,macOS
15507,PC
15507,macOS
15507,Linux
15507,PlayStation 4
15507,Xbox One
15507,Nintendo Switch
10387,Nintendo Switch
10387,PlayStation 4
10387,Xbox One
10387,macOS
10387,PC
10387,Linux
19240,PC
19240,macOS
20947,iOS
20947,PC
20947,Linux
20947,macOS
1713,PlayStation 3
1713,PlayStation 4
1713,PS Vita
1713,iOS
1713,Xbox One
1713,Android
1713,Nintendo 3DS
1713,Wii U
1713,PC
1713,Linux
1713,macOS
28203,Xbox One
28203,PC
7778,PlayStation 4
7778,Linux
7778,PC
7778,macOS
7778,Android
7778,iOS
13858,macOS
13858,PC
13858,Linux
9658,PC
22837,macOS
22837,PC
22837,Classic Macintosh
22911,PC
22911,PlayStation
546464,PlayStation 5
546464,Nintendo Switch
546464,Xbox One
546464,PC
546464,PlayStation 4
546464,Xbox Series S/X
3628,PlayStation 3
3628,Xbox 360
3628,PC
16182,PC
48897,macOS
48897,PC
48897,Linux
14829,Xbox One
14829,Nintendo 64
14829,Game Boy
14829,PC
14829,Nintendo Switch
14829,PlayStation 4
14829,macOS
257255,Xbox One
257255,Xbox Series S/X
257255,PC
257255,Nintendo Switch
257255,PlayStation 4
257255,PlayStation 5
20612,macOS
20612,PC
20612,Linux
251596,PlayStation 4
251596,Xbox One
251596,PC
251525,Xbox One
251525,Xbox Series S/X
251525,PC
1657,PC
1657,Xbox One
1657,Wii U
1657,Nintendo Switch
1657,PlayStation 4
1657,iOS
1657,Linux
1657,macOS
191,PlayStation 4
191,Android
191,PlayStation 3
191,iOS
379556,PC
379556,macOS
379556,Android
379556,iOS
379556,Xbox Series S/X
379556,Xbox One
379556,Nintendo Switch
3327,Xbox One
3327,PlayStation 4
3327,PC
557,Android
557,Linux
557,macOS
557,PC
557,iOS
557,Web
4304,Xbox 360
4304,PlayStation 3
4304,PC
397471,Xbox One
397471,Nintendo Switch
397471,PC
397471,PlayStation 4
18304,PC
327,PlayStation 4
327,Nintendo Switch
327,PC
327,macOS
327,Linux
327,Wii U
2310,PS Vita
2310,PlayStation 4
2310,Wii U
2310,Linux
2310,macOS
2310,PC
2310,PlayStation 3
2310,Xbox 360
2310,Xbox One
2310,Nintendo 3DS
20554,PC
20554,PlayStation
28083,PlayStation 4
28083,Xbox One
28083,Nintendo Switch
28083,PC
28083,macOS
378579,PC
378579,PlayStation 5
3763,PC
3763,PlayStation 3
662,Linux
662,macOS
662,PC
662,Android
662,iOS
1981,Xbox One
1981,Wii U
1981,PlayStation 4
1981,Linux
1981,macOS
1981,PC
19272,macOS
19272,PlayStation 4
19272,PC
19272,Linux
19272,PlayStation 3
19272,iOS
19272,PS Vita
9564,PC
9564,iOS
9564,macOS
19580,PC
19580,Linux
342,Nintendo Switch
342,Xbox 360
342,Xbox One
342,PlayStation 3
342,PlayStation 4
342,macOS
342,PC
45381,Android
45381,macOS
45381,PC
21416,PC
496,macOS
496,PC
60624,macOS
60624,Linux
60624,PC
60624,iOS
15915,PC
12725,PC
12725,Wii U
12725,Android
12725,macOS
12725,Linux
12725,iOS
438599,PlayStation 4
438599,Xbox One
438599,PC
3253,iOS
3253,PlayStation 4
3253,PS Vita
3253,macOS
3253,PC
3253,Linux
3253,Android
61471,PlayStation 4
61471,macOS
61471,PC
61471,Xbox One
11563,PC
3913,PS Vita
3913,PC
3913,iOS
3913,PlayStation 3
3913,Xbox 360
19666,macOS
19666,PC
19666,Linux
643,Xbox One
643,PlayStation 4
643,PlayStation 3
643,PC
388309,PC
388309,Xbox Series S/X
388309,PlayStation 5
388309,Xbox One
388309,PlayStation 4
19430,PlayStation 3
19430,PC
19430,macOS
19430,Xbox 360
12354,Xbox One
12354,PC
586153,PC
586153,macOS
586153,iOS
20498,PC
20960,Linux
20960,macOS
20960,PC
517384,Nintendo Switch
517384,Linux
517384,macOS
517384,PC
517384,Xbox One
3183,Nintendo Switch
3183,Linux
3183,macOS
3183,PC
3183,Xbox One
3183,PlayStation 4
5543,PSP
5543,PlayStation 3
5543,Xbox 360
5543,Nintendo DS
5543,PC
5543,Wii
10239,PC
10239,Xbox 360
10239,macOS
10239,Xbox One
58757,Xbox One
58757,PlayStation 4
58757,Nintendo Switch
58757,PC
17874,PC
17874,Xbox 360
17874,PlayStation 3
12737,PC
12737,macOS
16042,PC
3344,PlayStation 4
3344,PC
364975,PlayStation 4
364975,PC
364975,macOS
364975,Linux
364975,Xbox One
364975,Nintendo Switch
10641,Xbox One
10641,PlayStation 4
10641,Linux
10641,Nintendo Switch
10641,macOS
10641,PC
17906,PC
11751,PC
499264,PC
5916,iOS
5916,PC
5916,Android
29746,PC
29746,macOS
9789,PC
1692,macOS
1692,Linux
1692,Android
1692,iOS
1692,PC
1692,Xbox One
1692,PlayStation 3
1692,PlayStation 4
1692,PS Vita
1692,Nintendo Switch
713,PlayStation 3
713,Xbox One
713,PC
713,Xbox 360
713,PlayStation 4
59306,PC
59306,PlayStation 4
59306,Xbox Series S/X
59306,PlayStation 5
59306,Xbox One
9668,PC
442864,Xbox One
442864,PlayStation 4
442864,Nintendo Switch
442864,PC
297320,PlayStation 4
297320,PC
3181,macOS
3181,PC
3181,PlayStation 4
3181,Linux
1039,Xbox One
1039,PC
1039,PlayStation 4
437042,Nintendo Switch
437042,Xbox One
437042,PC
437042,PlayStation 4
419297,PC
419297,PlayStation 4
12361,PC
12361,macOS
12361,Linux
28581,Linux
28581,macOS
28581,Xbox 360
28581,PC
28581,PlayStation 3
502241,PlayStation 4
502241,PC
502241,iOS
502241,Xbox One
554705,Xbox Series S/X
554705,PC
558980,Nintendo Switch
558980,PC
558980,PlayStation 5
558980,PlayStation 4
563420,PC
563420,PlayStation 4
563420,Xbox One
563420,Nintendo Switch
563420,Xbox Series S/X
563420,PlayStation 5
9850,PC
79236,iOS
79236,PC
13902,PC
60841,PC
29228,PC
29228,Nintendo Switch
29228,Xbox One
29228,PlayStation 4
19565,PlayStation 3
19565,PC
19565,Xbox 360
47043,Android
47043,PC
47043,iOS
47043,macOS
14974,PC
14974,iOS
568931,PC
568931,Nintendo Switch
449160,iOS
449160,PC
128,Linux
128,Nintendo Switch
128,macOS
128,PC
128,iOS
1070,Xbox One
1070,Nintendo Switch
1070,PC
1070,Linux
1070,macOS
18479,PC
18479,macOS
18479,Linux
793647,PC
793647,PlayStation 5
793647,Xbox Series S/X
14575,PC
2552,Genesis
2552,GameCube
2552,Game Gear
2552,Android
2552,PlayStation 3
2552,Xbox 360
2552,Wii
2552,PC
2552,iOS
2552,Nintendo 3DS
2552,Xbox One
14720,Nintendo Switch
14720,PC
9218,Linux
9218,macOS
9218,PC
9218,Android
9218,iOS
4751,PC
4751,PSP
58815,PC
58815,PlayStation 5
58815,PlayStation 4
3145,Xbox One
3145,PC
3145,Xbox 360
3145,PlayStation 3
3145,PlayStation 4
19519,Xbox
19519,PC
17608,PC
43362,PC
43362,PlayStation 4
16167,PC
2749,Xbox One
2749,PlayStation 4
2749,macOS
2749,PC
2749,Linux
2686,PlayStation 4
2686,Xbox One
2686,iOS
2686,PC
2686,macOS
2686,Linux
2686,Nintendo Switch
2686,Android
22193,PC
62499,PlayStation 4
62499,Nintendo Switch
62499,Linux
62499,macOS
62499,PC
62499,iOS
62499,Android
62499,Xbox One
12341,macOS
12341,PC
12341,Linux
3364,Android
3364,macOS
3364,PC
3364,PS Vita
3364,PlayStation 4
3364,Wii U
3364,Nintendo 3DS
3364,Nintendo Switch
3364,Linux
3364,Xbox One
20218,PC
9028,PC
9028,Linux
9028,Android
9028,macOS
9028,iOS
236804,macOS
236804,PC
236804,Nintendo Switch
236804,Xbox Series S/X
236804,PlayStation 4
236804,Xbox One
236804,PlayStation 5
2970,iOS
2970,PC
2970,macOS
2970,Android
2970,Classic Macintosh
2970,Commodore / Amiga
2042,Linux
2042,Android
2042,iOS
2042,macOS
2042,PC
868085,iOS
868085,Android
868085,PC
22960,iOS
22960,macOS
22960,Android
22960,PC
275636,Xbox One
275636,PlayStation 4
275636,PC
290085,PC
290085,Nintendo Switch
290085,macOS
290085,Xbox One
4808,Wii
4808,Android
4808,PSP
4808,PC
4808,iOS
4808,PlayStation 3
9687,Nintendo Switch
9687,Xbox One
9687,PC
9687,macOS
9687,Linux
9687,PlayStation 4
11192,PC
11192,iOS
11192,macOS
44972,PC
44972,Nintendo Switch
44972,PlayStation 4
44972,PS Vita
318347,PC
318347,PlayStation 4
318347,Xbox One
28601,PC
28601,PlayStation 3
28601,Xbox 360
4187,PS Vita
4187,PlayStation 3
33,PlayStation 4
33,Nintendo Switch
33,PC
33,Xbox One
282834,PC
282834,macOS
282834,Nintendo Switch
282834,iOS
46431,Xbox One
15198,PC
15198,macOS
398409,PC
398409,PlayStation 5
398409,Xbox One
398409,Xbox Series S/X
398409,PlayStation 4
17374,PC
3396,Wii U
3396,Nintendo Switch
3396,Xbox One
3396,PC
3396,macOS
3396,Xbox 360
3396,PlayStation 3
3396,PlayStation 4
3396,iOS
9626,PC
9626,Linux
9626,macOS
6937,PC
6937,Android
6937,iOS
6937,macOS
21246,PC
21246,Linux
21246,macOS
5663,PlayStation 3
5663,Xbox 360
5663,Wii
5663,Nintendo DS
5663,Nintendo Switch
5663,iOS
5663,PlayStation 2
5663,PSP
62558,PC
62558,macOS
257206,PlayStation 5
257206,Xbox Series S/X
257206,PC
257206,PlayStation 4
257206,Xbox One
17674,macOS
17674,PC
17674,Linux
13530,PC
13530,iOS
13530,Android
25096,Wii
25096,Game Boy Advance
25096,SNES
25096,Nintendo Switch
25096,Nintendo 3DS
25096,Wii U
47118,Nintendo Switch
47118,PlayStation 4
47118,Xbox One
47118,PC
47118,macOS
45433,PC
131,Nintendo Switch
131,macOS
131,PC
131,PlayStation 4
131,Linux
791636,PC
791636,PlayStation 5
791636,Xbox Series S/X
791636,Xbox One
791636,PlayStation 4
47392,PC
21787,macOS
21787,PC
21787,Linux
367179,Xbox One
367179,PC
367179,Nintendo Switch
367179,PlayStation 4
14895,iOS
14895,PC
272427,PC
14085,PlayStation 4
14085,PC
14085,Xbox One
10337,macOS
10337,Linux
10337,PC
10337,iOS
51595,PC
51595,iOS
428966,PlayStation 5
428966,PlayStation 4
428966,Xbox One
428966,Xbox Series S/X
428966,Nintendo Switch
428966,PC
62627,PC
939,PlayStation 4
939,PC
939,Nintendo Switch
939,Xbox One
58540,macOS
58540,Linux
58540,Xbox One
58540,PlayStation 4
58540,PC
292944,Android
292944,iOS
292944,PC
292944,macOS
5363,PlayStation
11845,PC
15022,PC
1374,macOS
1374,Wii U
1374,Linux
1374,PlayStation 3
1374,PlayStation 4
1374,PS Vita
1374,iOS
1374,PC
1374,Nintendo Switch
1374,Xbox One
1374,Android
16867,PC
5604,PlayStation 3
5604,PC
5604,Xbox 360
371825,Xbox One
371825,PlayStation 4
371825,Nintendo Switch
371825,PC
64526,Xbox Series S/X
64526,Xbox One
64526,PC
64526,PlayStation 4
64526,PlayStation 5
64526,Nintendo Switch
959,PC
959,PlayStation 4
959,Wii U
959,Xbox One
959,Nintendo Switch
10580,Xbox One
10580,Nintendo Switch
10580,PlayStation 4
10580,Linux
10580,PC
14390,PC
10661,PlayStation 4
10661,Nintendo Switch
10661,PC
9430,iOS
9430,PC
8622,PC
8622,macOS
8622,Android
8622,iOS
51321,PlayStation 4
20259,PC
20259,macOS
20259,Linux
270721,PC
270721,Xbox One
270721,Nintendo Switch
270721,PlayStation 4
13969,PC
13969,Linux
58811,PC
58811,PlayStation 5
58811,PlayStation 4
58811,Nintendo Switch
58811,Xbox One
28074,iOS
28074,Xbox One
28074,PC
28074,Nintendo Switch
28074,PlayStation 4
28074,Android
28074,Xbox Series S/X
53478,PlayStation
22879,Linux
22879,macOS
22879,PC
17376,PC
7153,iOS
7153,macOS
7153,PlayStation 4
7153,Xbox One
7153,PC
7153,Nintendo Switch
7153,Linux
17851,macOS
17851,PC
17851,Linux
44683,PC
44683,Linux
2737,PC
2737,macOS
2737,Android
2737,iOS
21175,PC
36367,PlayStation 4
36367,PC
36367,macOS
36367,Xbox One
36367,Nintendo Switch
36367,Xbox
27230,PlayStation 3
27230,Xbox 360
27230,Nintendo 3DS
27230,PC
27230,Xbox One
27944,PlayStation 4
27944,Nintendo Switch
27944,PC
27944,Xbox One
662316,PC
662316,PlayStation 5
350505,PlayStation 4
350505,PlayStation 5
350505,PC
14391,PC
14391,Linux
14391,macOS
16761,PS Vita
16761,PlayStation 4
16761,Xbox One
16761,Wii U
16761,PlayStation 3
16761,Nintendo Switch
16761,Web
16761,macOS
16761,PC
3922,Xbox 360
3922,PC
3922,Xbox One
3922,PlayStation 3
2918,PS Vita
2918,PlayStation 4
2918,macOS
2918,PC
17830,macOS
17830,Linux
17830,Xbox 360
17830,PC
59028,Linux
59028,PC
59028,macOS
835,Xbox One
835,Wii U
835,Nintendo Switch
835,PlayStation 4
835,PS Vita
835,PC
835,Linux
835,macOS
23599,PC
23599,macOS
616679,Xbox One
616679,PlayStation 4
616679,PlayStation 5
616679,PC
616679,Xbox Series S/X
44277,iOS
44277,PC
14784,macOS
14784,PC
14784,Xbox 360
14784,PlayStation 3
14784,Nintendo Switch
62422,PC
62422,macOS
62422,Linux
1020,PlayStation 4
1020,Xbox One
1020,PC
14166,PC
817,Xbox One
817,PC
817,macOS
817,Linux
817,Nintendo Switch
817,PlayStation 4
817,PS Vita
10829,PC
10829,Xbox One
10829,PlayStation 4
14948,PlayStation
14948,Android
14948,PlayStation 4
14948,PlayStation 3
14948,PlayStation 2
14948,Neo Geo
14948,Nintendo Switch
14948,PC
14948,iOS
14948,Xbox One
14948,Wii
15294,PC
52383,Xbox One
52383,PlayStation 4
52383,iOS
52383,Nintendo Switch
52383,Android
52383,PC
52383,macOS
58618,PC
452657,iOS
452657,PlayStation 5
452657,Xbox Series S/X
452657,PlayStation 4
452657,Nintendo Switch
452657,macOS
452657,PC
16223,PC
16223,macOS
16223,Linux
301539,macOS
301539,PC
301539,Nintendo Switch
301539,Linux
301539,Xbox One
366882,PC
366882,macOS
22828,Xbox
22828,Android
22828,PlayStation 4
22828,PlayStation 2
22828,PC
22828,Xbox 360
560733,Xbox One
560733,PC
560733,Nintendo Switch
560733,PlayStation 4
560733,Xbox Series S/X
560733,PlayStation 5
17424,macOS
17424,PC
17424,Linux
22098,PC
22098,macOS
13172,PlayStation 4
13172,macOS
13172,PC
13172,iOS
13172,Xbox One
13172,PlayStation 5
13172,Nintendo Switch
9963,Xbox One
9963,PlayStation 4
9963,Nintendo Switch
9963,PC
17462,PlayStation 4
17462,PC
17777,PC
45704,Linux
45704,macOS
45704,PC
23390,iOS
23390,PC
23390,macOS
23390,Xbox One
23390,Nintendo Switch
23390,PlayStation 4
545028,PC
502117,PC
502117,PlayStation 4
502117,Xbox One
502117,Nintendo Switch
17365,Nintendo Switch
17365,PlayStation 3
17365,PlayStation 4
17365,PS Vita
17365,PC
11026,PC
9733,macOS
9733,Nintendo Switch
9733,PC
9733,Linux
9733,iOS
9733,Android
10082,PlayStation 4
10082,Xbox One
10082,PC
4302,PlayStation 3
4302,PlayStation 4
4302,PS Vita
4587,PC
4587,PlayStation 3
4587,Xbox 360
4587,Wii
14671,PC
23114,PC
15075,PC
3801,Xbox 360
3801,PlayStation 4
3801,Xbox One
3801,PlayStation 3
3801,PC
3801,Nintendo Switch
18601,Nintendo Switch
18601,macOS
18601,Linux
18601,PC
18601,PlayStation 4
18601,Xbox One
16752,PC
16752,macOS
47430,PC
411,PlayStation 4
411,PC
411,Xbox One
20770,PC
20770,Linux
20770,macOS
327258,PlayStation 4
327258,PC
327258,Xbox Series S/X
327258,Nintendo Switch
327258,PlayStation 5
327258,Xbox One
1366,Xbox One
1366,Wii U
1366,PlayStation 4
1366,Nintendo Switch
1366,Linux
1366,PC
1366,macOS
10981,Nintendo Switch
10981,PlayStation 4
10981,PC
4052,PS Vita
4052,PlayStation 3
44707,PC
761405,PC
10029,PC
10029,PlayStation 4
10029,Xbox One
20407,macOS
20407,PC
2774,Xbox One
2774,PlayStation 4
2774,macOS
2774,PC
2774,Linux
2774,Nintendo Switch
2774,PS Vita
2774,Android
2774,iOS
9913,Nintendo Switch
9913,PlayStation 4
9913,Xbox One
9913,macOS
9913,PC
9913,Linux
59613,Nintendo Switch
59613,PC
59613,PlayStation 4
22067,Xbox One
22067,PlayStation 4
22067,PC
17606,PC
4606,PC
4606,PlayStation 3
4606,Xbox 360
12061,macOS
12061,PC
12061,Linux
18728,PC
398401,Xbox Series S/X
398401,PC
19570,PC
42145,PC
313783,Nintendo Switch
313783,PC
28414,Android
28414,PlayStation 3
28414,PC
28414,PSP
28414,PlayStation 2
28414,Xbox 360
28414,iOS
22936,PC
22936,Xbox 360
22936,macOS
22936,Linux
14930,PC
14930,PlayStation 3
14930,Android
14930,Xbox 360
14930,iOS
9883,Linux
9883,macOS
9883,PC
9883,iOS
19483,PC
42912,Xbox One
42912,PC
56183,Nintendo Switch
56183,Xbox One
56183,PlayStation 4
56183,PlayStation 3
56183,Xbox 360
56183,PC
56183,Wii
56183,GameCube
9155,PC
9155,iOS
605674,PlayStation 5
605674,Xbox Series S/X
605674,PlayStation 4
605674,PC
605674,macOS
605674,Xbox One
614962,PC
614962,PlayStation 5
614962,Xbox Series S/X
614962,PlayStation 4
614962,Xbox One
21777,macOS
21777,PC
300682,PC
11747,PC
11747,Linux
11747,macOS
7147,Linux
7147,macOS
7147,PC
7147,Android
7147,iOS
27015,GameCube
27015,Wii U
27015,Wii
10397,Xbox One
10397,PC
20985,PC
11617,PC
484554,Nintendo Switch
484554,PC
1863,Xbox One
1863,PC
10186,PlayStation 4
10186,Xbox One
10186,Nintendo Switch
10186,Linux
10186,PC
10186,macOS
325089,Xbox One
325089,PC
325089,PlayStation 4
12687,PC
12687,macOS
12687,Linux
14123,PC
14123,macOS
14123,Linux
19426,macOS
19426,PC
20970,Commodore / Amiga
20970,Classic Macintosh
20970,PC
20970,macOS
20970,Linux
13965,Xbox One
13965,PlayStation 4
13965,macOS
13965,PC
13965,Linux
20249,macOS
20249,PC
9944,PC
10228,Xbox One
10228,PlayStation 4
10228,Nintendo Switch
10228,PC
4385,PlayStation 3
4385,Xbox 360
4385,Wii
4385,Nintendo 3DS
4385,PC
2709,PC
2709,PlayStation 3
2709,PlayStation 4
2709,PS Vita
2709,Android
59266,PC
59266,Xbox One
59266,Xbox Series S/X
20720,PC
2674,iOS
2674,Xbox One
2674,Android
2674,PlayStation 4
16869,macOS
16869,PC
14636,PC
13949,PC
4560,PC
4560,PlayStation 3
30261,macOS
30261,Classic Macintosh
30261,PC
10454,Nintendo Switch
10454,PC
10454,Linux
10454,macOS
23598,macOS
23598,PC
47490,PlayStation 4
47490,Xbox One
47490,macOS
47490,Android
47490,iOS
47490,PC
432527,PC
432527,Xbox One
432527,Nintendo Switch
432527,PlayStation 4
18340,PC
18340,Linux
18340,macOS
21521,PC
17778,macOS
17778,PC
17778,Linux
11831,Xbox One
11831,PlayStation 4
11831,PC
10227,PC
251594,macOS
251594,PC
13372,macOS
13372,PC
13372,Linux
12264,Web
12264,PC
12264,macOS
14667,PC
17373,PC
17373,macOS
17373,Linux
17373,Android
17373,Xbox One
779,Android
779,macOS
779,PC
779,iOS
779,Xbox One
16698,macOS
16698,PC
13759,macOS
13759,PC
13759,Linux
28478,PC
28478,Xbox 360
28478,Xbox One
11564,PC
254562,PC
254562,macOS
13405,PlayStation 4
13405,Linux
13405,macOS
13405,PC
13405,iOS
13405,Android
13405,Xbox One
13405,Nintendo Switch
17878,Linux
17878,PC
17878,macOS
19620,PC
19620,Linux
19620,macOS
16969,macOS
16969,PC
650608,PlayStation 5
650608,Xbox Series S/X
650608,PC
650608,Nintendo Switch
650608,Xbox One
69,PC
69,PlayStation 4
69,Xbox One
11313,PC
61206,Nintendo Switch
61206,PC
61206,Xbox One
61206,Xbox Series S/X
61206,PlayStation 4
60704,PC
60704,PlayStation 4
60704,Xbox One
18135,PC
244700,Nintendo Switch
244700,macOS
244700,PC
244700,Xbox Series S/X
19372,PlayStation 3
19372,PC
19372,Xbox 360
22055,PC
22055,Android
22055,PlayStation 4
22055,Nintendo Switch
22055,Linux
22055,macOS
22055,iOS
22055,PS Vita
22055,Xbox One
28473,PlayStation 3
28473,PC
28473,Xbox One
28473,Xbox 360
635220,Xbox One
635220,PlayStation 4
635220,Xbox Series S/X
635220,PlayStation 5
635220,Nintendo Switch
635220,PC
707256,PC
707256,Xbox One
707256,PlayStation 4
707256,Xbox Series S/X
707256,PlayStation 5
427733,Xbox One
427733,Nintendo Switch
427733,PC
427733,PlayStation 4
427733,iOS
19509,PC
19601,Linux
19601,PC
19601,macOS
51047,PC
16215,Xbox 360
16215,Xbox One
16215,PC
16215,macOS
16215,Linux
10252,PlayStation 4
10252,iOS
10252,PC
10252,Android
10252,macOS
15949,PC
15949,iOS
15949,macOS
6400,iOS
6400,macOS
6400,PC
6400,Android
12120,PC
12120,macOS
12120,Linux
3485,PlayStation 4
3485,PC
16295,Linux
16295,macOS
16295,PC
61051,PC
61051,macOS
61051,Linux
42233,PC
42233,Xbox One
282825,Nintendo Switch
16096,PlayStation 3
16096,PC
1460,iOS
1460,PC
1460,macOS
1460,Linux
1460,Android
28040,macOS
28040,Linux
28040,PlayStation 4
28040,iOS
28040,Android
28040,Nintendo Switch
28040,PC
15056,Nintendo Switch
15056,Linux
15056,macOS
15056,PC
15056,PlayStation 4
15056,Xbox One
7091,PC
7091,Android
7091,iOS
21670,PC
327203,PC
327203,Xbox One
327203,PlayStation 4
327203,Xbox Series S/X
327203,PlayStation 5
259932,PlayStation 4
259932,Xbox One
259932,PC
259932,Nintendo Switch
2317,Xbox One
2317,PlayStation 4
2317,Linux
2317,macOS
2317,PC
2317,iOS
2317,Android
430464,Xbox Series S/X
430464,PC
430464,Nintendo Switch
430464,PlayStation 5
430464,Xbox One
3550,Xbox 360
3550,Xbox One
3550,PC
3550,PlayStation 4
14698,Xbox
14698,PC
14698,GameCube
14698,PlayStation 2
308157,PC
3699,Xbox One
3699,PC
3699,Linux
3699,Xbox 360
3699,PlayStation 3
3699,PlayStation 4
362928,PlayStation 4
362928,Xbox One
362928,PC
72757,PlayStation 5
72757,Xbox Series S/X
72757,PC
72757,Nintendo Switch
72757,PlayStation 4
72757,Xbox One
272421,PlayStation 4
272421,Nintendo Switch
272421,PC
272421,Xbox One
2288,PS Vita
2288,PC
2288,Xbox One
2288,PlayStation 4
2288,Nintendo 3DS
60542,PC
16186,PC
19096,PC
52800,SNES
52800,Android
52800,Wii
52800,PC
52800,iOS
52800,Nintendo DS
20020,macOS
20020,PC
241146,PlayStation 4
241146,Nintendo Switch
241146,PC
25064,Xbox 360
25064,Xbox
25064,Wii
25064,PlayStation 2
25064,PlayStation 3
2495,macOS
2495,Android
2495,PC
2495,iOS
13252,Linux
13252,macOS
13252,PC
13252,Xbox One
13252,Wii
13252,PlayStation 4
13252,Nintendo Switch
14637,PC
424978,Xbox Series S/X
424978,PlayStation 4
424978,PC
424978,Nintendo Switch
424978,Xbox One
18207,PC
18207,PS Vita
9526,Nintendo Switch
9526,PlayStation 4
9526,Xbox One
9526,PC
9526,Linux
9526,macOS
292844,PC
292844,Linux
292844,macOS
292844,Nintendo Switch
60474,PC
60474,Xbox One
60474,PlayStation 4
59677,Nintendo Switch
59677,PC
59677,Xbox One
59677,PlayStation 4
13345,PC
43534,macOS
43534,Xbox One
43534,PlayStation 4
43534,Nintendo Switch
43534,PC
43534,Linux
5674,PlayStation 3
5674,Xbox 360
5674,PC
12782,PC
45409,macOS
45409,PC
3942,PlayStation 3
3942,Nintendo Switch
3942,macOS
3942,PC
3942,Linux
3937,PC
3937,PlayStation 3
3937,Xbox 360
20851,Android
20851,PC
20851,Linux
20851,iOS
20851,Nintendo Switch
20851,macOS
20851,PlayStation 4
16160,PC
16160,Xbox 360
285712,PC
23498,PC
23498,PlayStation 4
23498,Xbox One
23498,macOS
23498,Linux
41389,macOS
41389,iOS
41389,PC
11941,PC
11044,macOS
11044,PC
11044,iOS
45342,macOS
45342,PC
45342,Linux
10349,PC
16437,macOS
16437,PC
16437,Xbox
16612,PC
14527,PC
24030,NES
24030,Game Boy Color
24030,Wii U
24030,Nintendo 3DS
24030,Wii
24030,SNES
24030,Nintendo Switch
62359,Xbox One
62359,PlayStation 4
62359,Nintendo Switch
62359,PC
1236,PlayStation 4
1236,Xbox One
1236,Nintendo Switch
1236,Android
1236,PC
1236,Linux
1236,macOS
1236,iOS
10373,PC
115,PS Vita
115,PC
115,Xbox One
115,PlayStation 4
11385,Nintendo Switch
11385,PlayStation 4
11385,Xbox One
11385,PC
11385,macOS
11385,Linux
19093,PlayStation 4
19093,PlayStation 3
19093,Linux
19093,macOS
19093,PC
19093,iOS
19093,PS Vita
59248,PlayStation 2
37357,Xbox One
37357,PC
37357,Wii
37357,Xbox 360
37357,PlayStation 2
37357,PlayStation 3
37357,PSP
37357,Game Boy Advance
37357,Xbox
37357,PlayStation 4
16342,PC
2937,PlayStation 4
2937,macOS
2937,PC
2937,Linux
21751,PC
49069,PC
42858,PC
42858,Xbox One
261296,PC
261296,macOS
261296,Linux
261296,PlayStation 4
261296,Nintendo Switch
13434,PC
13434,Linux
325034,Nintendo Switch
325034,Xbox One
325034,PlayStation 4
325034,PC
9920,PC
9920,Linux
9920,macOS
5542,PlayStation 2
5542,Xbox 360
5542,PC
5542,PlayStation 3
21262,PlayStation
21262,Classic Macintosh
21262,PC
21262,macOS
11159,macOS
11159,PC
11159,Linux
12879,PC
13339,macOS
13339,PC
13339,Linux
28412,Xbox 360
28412,Xbox One
28412,PC
16790,PC
29391,PC
29391,SEGA CD
29391,Game Boy Advance
29391,Atari Lynx
29391,SNES
29391,Commodore / Amiga
17509,macOS
17509,PC
17869,macOS
17869,PC
1892,Wii U
1892,PS Vita
1892,Nintendo Switch
1892,macOS
1892,Android
1892,Linux
1892,PC
1892,iOS
62864,PC
20059,PC
558984,PlayStation 5
558984,Xbox Series S/X
558984,PlayStation 4
558984,PC
558984,Xbox One
558984,Nintendo Switch
21350,PC
3675,PlayStation 4
3675,PS Vita
3675,PC
375279,macOS
375279,PC
375279,Xbox One
375279,PlayStation 4
121,PC
121,iOS
121,Xbox One
121,PlayStation 3
121,Xbox 360
709004,PlayStation 5
709004,Xbox Series S/X
709004,PC
709004,PlayStation 4
709004,Nintendo Switch
709004,Xbox One
709004,PS Vita
428564,Xbox One
428564,Nintendo Switch
428564,PlayStation 4
428564,PC
428839,Xbox Series S/X
428839,Xbox One
428839,PC
428839,Nintendo Switch
14105,macOS
14105,PC
14105,Linux
295123,iOS
295123,PC
295123,macOS
295123,Linux
12955,PlayStation 4
12955,Nintendo Switch
12955,macOS
12955,PC
12955,Linux
16825,PC
16825,Linux
16825,macOS
4193,PC
4193,PlayStation 3
4193,Xbox 360
4193,macOS
10969,PC
10969,Nintendo Switch
9980,Linux
9980,macOS
9980,PC
16224,PC
16224,Xbox 360
236697,Nintendo Switch
16311,macOS
16311,Linux
16311,PC
16311,iOS
21320,PC
362860,Xbox One
362860,PlayStation 4
362860,PC
720,Xbox One
720,PlayStation 4
720,PC
720,macOS
720,Linux
10081,Nintendo Switch
10081,iOS
10081,PC
10081,macOS
10081,Linux
10081,PlayStation 4
10081,Android
1105,PC
1105,Xbox One
1105,Nintendo Switch
1105,PlayStation 4
349679,PC
3433,Xbox One
3433,PC
3433,PlayStation 4
3642,PlayStation 3
3642,Xbox 360
3642,PlayStation 4
3642,PC
18002,macOS
18002,PC
16943,Linux
16943,Nintendo Switch
16943,macOS
16943,PC
16711,Xbox One
16711,PlayStation 4
16711,PC
16711,macOS
18276,PC
12732,PC
214,PlayStation 4
214,Nintendo Switch
214,PC
14933,Dreamcast
14933,PlayStation 2
14933,PC
13605,PC
387247,PC
387247,Xbox Series S/X
387247,PlayStation 5
19579,macOS
19579,PC
8798,iOS
8798,macOS
8798,PC
10004,PlayStation 4
10004,Nintendo Switch
10004,Xbox One
10004,PC
2343,iOS
2343,Linux
2343,macOS
2343,PC
19320,PC
10667,Linux
10667,macOS
10667,PC
3458,PlayStation 4
3458,PC
3458,Xbox One
3458,Xbox 360
3458,PlayStation 3
13977,macOS
13977,PC
13977,Linux
274757,iOS
274757,PlayStation 4
274757,Xbox One
274757,Nintendo Switch
274757,macOS
274757,PC
842402,PlayStation 5
842402,Xbox Series S/X
842402,PlayStation 4
842402,Nintendo Switch
842402,PC
842402,Xbox One
45424,Xbox One
45424,PC
45424,macOS
45424,PlayStation 4
45424,Nintendo Switch
647552,PC
647552,Xbox Series S/X
647552,Xbox One
647552,PlayStation 5
647552,PlayStation 4
16467,PC
16467,macOS
16467,Linux
46080,Xbox One
46080,Nintendo Switch
46080,macOS
46080,PlayStation 4
46080,Linux
46080,PC
15967,PC
485010,PC
4588,PC
4588,PlayStation 3
4588,Xbox 360
52370,PlayStation 2
52370,PlayStation 3
52370,PS Vita
52370,Xbox 360
52370,Xbox
62423,iOS
62423,PC
62423,macOS
62423,Linux
62423,Nintendo Switch
62505,macOS
62505,Xbox One
62505,Nintendo Switch
62505,PC
3403,Xbox 360
3403,PC
3403,Xbox One
3403,PlayStation 3
3403,PlayStation 4
10992,macOS
10992,PC
2058,PlayStation 4
19705,PC
4228,PlayStation 3
4228,PC
46404,PC
3666,PC
3666,PlayStation 3
3666,PS Vita
3666,Nintendo Switch
3666,Linux
3666,macOS
10611,Xbox One
10611,Nintendo Switch
10611,PC
51690,PC
51690,macOS
51690,Linux
309190,PC
64491,iOS
64491,PC
12241,macOS
12241,PC
12241,iOS
12241,Android
12241,PS Vita
12241,PlayStation 4
12241,Xbox One
12241,Nintendo Switch
28454,Xbox 360
28454,PC
28454,Xbox One
9962,macOS
9962,PC
5445,PlayStation 3
5445,PC
10446,Xbox One
10446,Nintendo 64
10446,PC
10446,Nintendo Switch
10446,PlayStation 4
15850,PC
12246,PC
3941,PlayStation 3
3941,PS Vita
3197,Nintendo Switch
3197,Nintendo 3DS
3197,Wii U
3197,PlayStation 4
3197,PS Vita
3197,PC
13504,PC
13504,Linux
13504,macOS
309738,PC
6321,macOS
6321,iOS
6321,PC
6321,Android
43050,PlayStation 4
43050,Xbox One
43050,PC
451,Nintendo Switch
451,macOS
451,PC
451,Xbox One
451,Wii U
451,PlayStation 4
19624,PC
14885,macOS
14885,PC
14885,Linux
20270,PC
20270,Linux
20270,macOS
13054,PC
13054,macOS
13054,Linux
1303,Xbox One
1303,Xbox 360
1303,PlayStation 3
1303,PlayStation 4
1303,iOS
1303,PC
55445,Commodore / Amiga
55445,PC
3905,PS Vita
3905,PlayStation 3
3905,Nintendo 3DS
3905,iOS
3905,PC
4853,PlayStation 3
4853,PSP
181,PC
181,Android
181,macOS
181,iOS
5131,PlayStation 3
5131,macOS
5131,PC
5131,Linux
15272,Xbox Series S/X
15272,Linux
15272,PC
15272,PlayStation 4
15272,PlayStation 5
15272,Xbox One
4936,PlayStation 4
4936,PlayStation 3
17753,PC
17753,macOS
9716,PC
9716,iOS
49353,Nintendo Switch
49353,PC
49353,macOS
49353,Linux
19374,PC
283973,Xbox One
283973,PC
283973,Xbox 360
58878,PlayStation 4
58878,iOS
58878,Xbox One
58878,PC
58878,Nintendo Switch
16073,PC
249,Xbox One
249,Nintendo Switch
249,PlayStation 4
249,PC
12039,macOS
12039,Linux
12039,Nintendo Switch
12039,PC
12039,Xbox One
2909,PlayStation 4
2909,Nintendo Switch
2909,iOS
2909,PC
2909,macOS
17177,PlayStation 4
17177,PC
20804,PC
359373,Nintendo Switch
359373,PlayStation 4
359373,Xbox One
359373,macOS
359373,PC
7477,Android
7477,PC
7477,macOS
7477,iOS
611184,Xbox One
611184,PC
611184,Xbox Series S/X
3240,PC
3240,PlayStation 4
3240,PS Vita
3240,Xbox One
3240,PlayStation 3
37430,PC
30789,PC
30789,macOS
53473,Game Boy Advance
21229,PC
10008,PlayStation 4
10008,macOS
10008,PC
10008,Linux
10008,iOS
13533,PlayStation 4
13533,PC
13533,Xbox One
16175,PC
3627,PC
3627,PlayStation 4
3627,Android
3627,macOS
3627,iOS
51551,PC
51551,macOS
51551,Linux
174,PC
174,Android
174,Nintendo Switch
174,macOS
174,Xbox One
174,PlayStation 4
6608,Xbox One
6608,PC
6608,macOS
13482,macOS
13482,PC
19353,macOS
19353,PC
11890,Xbox One
11890,PlayStation 4
11890,Nintendo Switch
11890,PC
11890,macOS
447815,PC
447815,PlayStation 5
447815,Xbox Series S/X
447815,Xbox One
563419,PC
563419,Nintendo Switch
563419,Xbox One
563419,PlayStation 4
21285,PlayStation
21285,Nintendo 64
21285,SEGA Saturn
21285,Classic Macintosh
21285,PC
14385,Linux
14385,macOS
14385,PC
187,Nintendo Switch
187,Xbox One
187,PC
187,PlayStation 4
187,Linux
187,macOS
16777,Wii
16777,macOS
16777,PC
16777,Linux
15615,PC
15615,Linux
15615,Android
15615,macOS
4098,PlayStation 3
4098,PS Vita
412477,Nintendo Switch
412477,PC
412477,macOS
412477,Linux
412477,Xbox One
45455,Nintendo Switch
45455,Xbox One
45455,PC
7619,PC
7619,Nintendo Switch
7619,Linux
7619,macOS
7619,iOS
566454,Xbox One
566454,PlayStation 4
566454,Xbox Series S/X
566454,PlayStation 5
566454,PC
2416,PS Vita
2416,PlayStation 4
2416,Nintendo Switch
2416,Xbox One
2416,Linux
2416,PC
2416,Android
2416,macOS
32126,Classic Macintosh
32126,PlayStation
32126,PC
32126,iOS
61060,PC
61060,Linux
61060,macOS
44741,PlayStation 4
44741,Xbox One
44741,PC
349286,PlayStation 4
349286,Xbox One
349286,macOS
349286,PC
349286,Linux
59636,Nintendo Switch
59636,Linux
59636,PlayStation 4
59636,Xbox One
59636,macOS
59636,PC
61152,Xbox One
61152,PlayStation 4
61152,PC
61152,Nintendo Switch
3557,Xbox One
3557,PlayStation 4
3557,PS Vita
3557,PlayStation 3
3557,PC
63845,PlayStation 4
63845,Linux
63845,macOS
63845,PC
63845,Xbox Series S/X
63845,Nintendo Switch
9754,PC
12143,PS Vita
12143,Nintendo Switch
12143,PlayStation 4
12143,macOS
12143,iOS
12143,PC
22627,Nintendo Switch
22627,PlayStation 4
22627,Xbox One
22627,PC
14589,PC
14589,macOS
14589,Linux
14589,Android
19300,PC
4345,PlayStation 3
4345,PC
4345,Xbox 360
4345,Xbox One
349439,iOS
349439,PC
5717,Xbox One
5717,PlayStation 4
5717,Xbox 360
5717,Nintendo Switch
5717,iOS
5717,PC
59288,PC
59288,Xbox One
19189,macOS
19189,PC
19189,Linux
2350,PlayStation 4
2350,PlayStation 3
2350,PC
10404,PlayStation 4
10404,Xbox One
10404,PC
10404,macOS
10404,Linux
10404,Nintendo Switch
10404,iOS
7039,PC
7039,Xbox One
244784,PC
244784,macOS
244784,Xbox One
244784,PlayStation 4
244784,Nintendo Switch
244784,iOS
51877,PlayStation 4
51877,macOS
51877,PC
22572,PlayStation 4
22572,Xbox One
22572,PC
15314,macOS
15314,PC
15314,Linux
236851,PlayStation 4
236851,PC
236851,Xbox One
57596,PlayStation
15396,PC
15396,Linux
15396,macOS
388,Xbox One
388,PlayStation 4
388,PS Vita
388,Nintendo Switch
388,macOS
388,PC
45239,macOS
45239,Linux
45239,PC
4666,PC
4666,PlayStation 3
4666,Xbox 360
29109,PC
29109,Xbox 360
29109,PlayStation 3
481,Xbox One
481,PlayStation 4
481,PC
16259,macOS
16259,iOS
16259,PC
16259,Linux
5574,PlayStation 3
5574,PSP
25924,Nintendo Switch
25924,Nintendo 64
101,Xbox One
101,PlayStation 4
101,PC
101,Linux
101,macOS
101,iOS
16791,PC
16791,Xbox
16791,PlayStation 3
16791,PlayStation 2
10993,PlayStation 4
10993,Nintendo Switch
10993,PC
10993,Xbox One
3518,Xbox 360
3518,PlayStation 3
3518,PC
17097,PC
17097,macOS
17097,Nintendo Switch
17097,PlayStation 4
17097,Xbox One
17097,Linux
17097,iOS
9805,PC
19548,PC
9731,Web
9731,PC
846303,PlayStation 5
846303,Xbox Series S/X
846303,PC
398412,PC
398412,PlayStation 5
398412,Xbox Series S/X
60755,PC
60755,macOS
60755,Linux
20348,macOS
20348,PC
20348,Linux
20233,PC
21610,PC
21610,macOS
17327,Xbox One
17327,PC
17327,PlayStation 4
17327,Nintendo Switch
17327,macOS
50575,Xbox One
50575,PlayStation 4
50575,PC
839,Nintendo Switch
839,Xbox One
839,PlayStation 4
37791,PC
75030,PC
75030,iOS
3662,Xbox One
3662,Android
3662,iOS
3662,PlayStation 4
134,Wii U
134,PlayStation 4
134,Nintendo Switch
134,PC
134,macOS
134,Linux
37873,PC
16361,PC
16361,Xbox 360
2136,PlayStation 4
2136,Xbox One
2136,PC
2136,macOS
391400,PC
391400,Xbox One
14675,Xbox One
14675,Linux
14675,iOS
14675,PlayStation 4
14675,Nintendo Switch
14675,PC
14675,Android
14675,macOS
3137,PlayStation 4
28850,PC
28850,macOS
28850,Xbox 360
23762,Game Boy
23762,Nintendo 3DS
620,PC
620,iOS
620,Nintendo DS
620,PS Vita
620,PSP
620,Android
1744,PS Vita
1744,Nintendo Switch
1744,Linux
1744,macOS
1744,PC
1744,iOS
1744,Xbox One
1744,Wii U
1744,PlayStation 4
37972,PC
43252,PlayStation 4
43252,PC
43252,Xbox One
58736,Xbox One
58736,PlayStation 4
58736,Nintendo Switch
58736,PC
11163,PC
10511,PC
10511,Xbox One
10511,PlayStation 4
10511,macOS
59601,Xbox One
59601,PlayStation 4
59601,PC
46870,PC
46870,macOS
44890,Nintendo Switch
44890,PlayStation 4
44890,PC
44890,macOS
15030,PC
15030,macOS
16435,PC
13688,macOS
13688,PC
14892,PC
14892,Nintendo Switch
1012,Xbox 360
1012,Wii
1012,Xbox One
1012,PC
1012,PlayStation 2
1012,PlayStation 3
1012,PlayStation 4
1012,Xbox
428198,macOS
428198,PC
43608,PC
43608,Nintendo Switch
43608,PlayStation 4
43608,Xbox Series S/X
43608,Xbox One
43608,PlayStation 5
5076,Xbox 360
5076,PC
5076,PlayStation 3
5076,macOS
11800,PC
59796,Nintendo Switch
59796,macOS
59796,PC
59796,PS Vita
59796,Xbox One
59796,PlayStation 4
302836,Nintendo Switch
302836,PC
302836,Xbox One
302836,PlayStation 4
9896,Xbox One
9896,PC
9896,PlayStation 4
9896,Android
9896,macOS
9896,iOS
46403,macOS
46403,PC
46403,PlayStation 4
46403,Xbox One
46403,Nintendo Switch
21371,PC
18000,macOS
18000,PC
15730,Linux
15730,macOS
15730,PlayStation 5
15730,PlayStation 4
15730,Xbox One
15730,Xbox Series S/X
15730,Nintendo Switch
15730,PC
16668,PC
370290,PC
370290,macOS
370290,Linux
10950,PC
10950,Linux
10950,macOS
60012,Nintendo Switch
60012,PC
60012,macOS
60012,Linux
28958,PC
28958,Xbox 360
28958,PlayStation 3
9672,PC
2764,Xbox One
2764,PlayStation 4
2764,Nintendo DS
2764,PC
2764,macOS
2764,Linux
2764,Android
2764,iOS
13527,Xbox One
13527,PlayStation 4
13527,Nintendo Switch
13527,PC
30406,PC
2012,PC
2012,PS Vita
2012,Linux
2012,iOS
2012,macOS
2012,Android
499258,PC
499258,Xbox Series S/X
499258,PlayStation 4
499258,Nintendo Switch
499258,Xbox One
16905,PC
244741,PC
244741,PlayStation 4
244741,Xbox One
244741,Nintendo Switch
47594,iOS
47594,Xbox One
47594,Nintendo Switch
47594,PlayStation 4
47594,PC
10156,PC
10156,PlayStation 3
10156,Xbox 360
11364,Nintendo Switch
11364,PC
9785,PC
9785,Linux
9785,macOS
2266,Xbox One
2266,PlayStation 4
2266,PC
254542,PC
254542,PlayStation 4
22695,PC
22695,macOS
15689,macOS
15689,Linux
15689,PC
10513,PC
19994,PC
19994,Linux
301549,macOS
301549,Linux
301549,PC
301549,Xbox One
18452,macOS
18452,PC
18452,Linux
12735,Android
12735,macOS
12735,PC
397481,iOS
397481,PC
397481,Nintendo Switch
397481,PlayStation 4
397481,macOS
397481,Xbox One
60634,macOS
60634,PC
60634,Android
60634,iOS
573124,PC
573124,Xbox Series S/X
573124,PlayStation 5
573124,PlayStation 4
573124,Xbox One
604,PlayStation 4
604,Xbox One
604,PC
244806,iOS
244806,PC
244806,Nintendo Switch
244806,Xbox One
244806,PlayStation 4
244806,macOS
10354,PC
5926,PC
5926,macOS
5926,Linux
349367,PC
40302,PlayStation 3
40302,Xbox 360
20966,PC
20966,Xbox
17980,macOS
17980,Linux
17980,PC
2003,PC
2003,macOS
2003,Android
2003,iOS
3111,Xbox One
3111,PC
3111,Xbox 360
3111,PlayStation 3
3111,PlayStation 4
38197,PC
38197,macOS
38491,macOS
38491,PC
38491,iOS
10516,PC
20250,Linux
20250,macOS
20250,PC
18435,macOS
18435,PC
528657,PC
528657,Xbox One
18741,PC
38418,PC
38418,macOS
38418,iOS
4002,PlayStation 3
4002,Xbox 360
4002,PC
4002,macOS
47381,PlayStation 4
47381,Xbox One
47381,iOS
47381,PC
38456,PC
38456,macOS
38456,iOS
326221,Nintendo Switch
326221,macOS
326221,PC
326221,PlayStation 4
326221,Xbox Series S/X
326221,PlayStation 5
17977,Android
17977,PC
17977,Linux
17977,macOS
17977,iOS
10976,macOS
10976,PC
17947,Android
17947,macOS
17947,Linux
17947,iOS
17947,PC
319120,PlayStation 4
319120,Xbox One
319120,PC
319120,macOS
319120,Linux
319120,Nintendo Switch
319120,PlayStation 5
11184,PC
5611,PSP
5611,PlayStation 3
5611,Xbox 360
5611,Nintendo DS
5611,PC
5611,Wii
5611,PlayStation 2
10509,PC
22041,Xbox One
22041,PC
2272,iOS
2272,macOS
2272,PC
2272,Linux
2272,Android
29593,PC
29593,macOS
29593,PlayStation
416034,Nintendo Switch
416034,PC
481908,PC
481908,PlayStation 5
481908,Xbox Series S/X
52372,Game Boy Advance
16710,iOS
16710,PC
16710,macOS
362933,PC
18851,PC
18851,Xbox 360
18851,macOS
18851,iOS
537744,PC
28495,Xbox 360
28495,Nintendo 64
5677,PlayStation 3
5677,Xbox 360
5677,macOS
5677,PC
2858,Linux
2858,macOS
2858,PC
2858,Xbox One
2858,Wii U
2858,PlayStation 4
2858,PlayStation 3
2858,Xbox 360
1509,Xbox One
1509,Wii U
1509,PlayStation 4
1509,macOS
1509,PC
1509,Linux
52176,Nintendo Switch
52176,iOS
52176,PC
52176,macOS
52176,Android
282882,macOS
282882,Xbox One
282882,PlayStation 4
282882,PC
282882,iOS
10357,Linux
10357,macOS
10357,PC
17921,PC
46165,PlayStation 4
46165,Xbox One
46165,Nintendo Switch
46165,PC
61645,PC
61645,Xbox One
61645,iOS
61645,PlayStation 4
9576,PC
3291,Wii U
3291,PlayStation 4
3291,Xbox One
3291,PC
18232,PC
4284,PlayStation 3
4284,Xbox 360
15389,PC
15389,macOS
15389,Linux
428741,Linux
428741,PC
23760,Wii U
23760,Nintendo Switch
4037,PC
4037,PS Vita
4037,Nintendo Switch
19881,PC
18097,macOS
18097,PC
18097,Linux
2480,Xbox One
2480,PlayStation 4
2480,iOS
2480,macOS
2480,PC
8062,iOS
8062,macOS
8062,PC
8062,Linux
362941,PC
362941,Xbox One
362941,PlayStation 4
61900,Nintendo Switch
61900,Xbox One
61900,PC
61900,macOS
3855,Xbox 360
3855,PlayStation 4
3855,Xbox One
3855,PC
3855,PlayStation 3
51292,PC
10557,PlayStation 4
10557,Xbox One
10557,macOS
10557,PC
10557,Linux
61377,macOS
61377,PC
61377,Nintendo Switch
19677,PC
19677,macOS
19677,Linux
19677,iOS
15479,PC
24940,Xbox
24940,Classic Macintosh
24940,Game Boy Advance
24940,PC
24940,PlayStation 2
24940,GameCube
274815,PC
29227,PlayStation 4
29227,Nintendo Switch
29227,PC
29227,Xbox One
29227,Xbox Series S/X
479671,PC
591,Android
591,iOS
591,PC
16990,PC
28604,PSP
28604,PlayStation 3
28604,Xbox 360
323081,PC
2321,Android
2321,Linux
2321,PC
2321,iOS
2321,macOS
19360,Xbox 360
19360,PlayStation 3
19360,PC
18143,Linux
18143,Nintendo Switch
18143,Android
18143,PC
18143,iOS
18143,macOS
18704,PC
58950,Web
58950,Android
58950,PC
2229,PlayStation 4
2229,PC
2229,Xbox One
12136,Xbox One
12136,PlayStation 4
12136,macOS
12136,PC
12136,Linux
17470,Linux
17470,Android
17470,Nintendo Switch
17470,Xbox One
17470,PlayStation 4
17470,PC
17470,iOS
17470,macOS
10053,Xbox
10053,PlayStation 2
10053,PC
21563,PC
56092,GameCube
21448,PC
350684,PlayStation 5
350684,PC
350684,Nintendo Switch
350684,Xbox Series S/X
350684,Xbox One
14685,Linux
14685,PC
14685,macOS
14685,PS Vita
176,PlayStation 4
176,Linux
176,macOS
176,PC
176,iOS
176,Nintendo Switch
176,Android
29131,Xbox 360
482920,macOS
482920,PC
482920,PlayStation 5
482920,Nintendo Switch
17121,PC
62409,macOS
62409,Nintendo Switch
62409,PC
17516,macOS
17516,PC
17516,Linux
10068,Xbox One
10068,PlayStation 4
10068,PC
12678,PC
14064,PC
8757,iOS
8757,macOS
8757,PC
9438,PC
18367,iOS
18367,PC
18367,macOS
18367,Android
968329,PC
430439,PC
29203,PlayStation 4
29203,PC
5699,Wii
5699,Nintendo DS
5699,PlayStation 3
5699,PC
5699,Xbox 360
19467,Linux
19467,PC
19467,macOS
10594,PC
10594,Android
10594,macOS
10594,iOS
59340,Nintendo Switch
59340,PC
277988,PlayStation 5
277988,Xbox Series S/X
277988,PC
277988,Xbox One
277988,PlayStation 4
10670,PC
6800,macOS
6800,PC
6800,Linux
6800,iOS
14511,PC
14511,Android
14511,Linux
14511,iOS
14511,macOS
10198,macOS
10198,PC
58497,PC
58497,PlayStation 4
58497,Xbox One
58497,Nintendo Switch
1058,Xbox One
1058,PS Vita
1058,PlayStation 3
1058,PlayStation 4
1058,Wii U
1058,PC
1058,macOS
11061,Xbox One
11061,PC
11061,Nintendo Switch
11061,PlayStation 4
49185,Linux
49185,macOS
49185,PC
35629,Xbox
35629,PlayStation 2
35629,PC
35629,macOS
5540,Xbox 360
5540,PlayStation 3
5540,Xbox One
5540,Nintendo Switch
5540,PC
5540,PlayStation 2
5540,PlayStation 4
426096,PlayStation 5
426096,Xbox Series S/X
426096,PlayStation 4
426096,PC
426096,Xbox One
14017,PlayStation 3
14017,PC
14017,Linux
14017,macOS
419295,PC
12157,PlayStation 5
12157,Nintendo Switch
12157,PC
12157,PlayStation 4
9527,PC
16172,Linux
16172,PC
16172,macOS
303614,PC
303614,macOS
15077,PC
17754,PC
2384,Xbox One
2384,PlayStation 4
2384,PS Vita
2384,PC
19606,PC
19606,macOS
56,Xbox One
56,PlayStation 4
56,Nintendo Switch
56,Linux
56,Android
56,PC
56,macOS
56,iOS
18324,PC
10575,Nintendo Switch
10575,macOS
10575,PC
372603,PC
471029,PC
471029,Xbox Series S/X
28510,Genesis
28510,SEGA Saturn
28510,PlayStation
28510,Xbox 360
28510,PC
28510,iOS
28510,Android
990,PS Vita
990,PC
990,PlayStation 4
15488,macOS
15488,PC
259827,PC
259827,macOS
259827,Linux
6145,iOS
6145,macOS
6145,PlayStation 4
6145,Xbox One
6145,Nintendo Switch
6145,PC
6145,Linux
10025,Linux
10025,macOS
10025,PC
5304,Xbox 360
5304,Xbox One
5304,PlayStation 3
17618,macOS
17618,PC
2188,iOS
2188,Android
2188,PC
29383,PC
19626,macOS
19626,PC
19626,Linux
19626,iOS
19626,Android
30243,PC
30243,macOS
30243,PlayStation 2
30243,PlayStation 3
23069,PC
3704,PlayStation 4
3704,PlayStation 3
3704,PC
3704,Linux
3704,macOS
16629,PC
16629,macOS
16381,Xbox One
16381,PlayStation 4
16381,PC
16381,macOS
446323,PC
446323,Linux
857690,PC
18693,PC
364,PS Vita
364,iOS
364,PC
364,macOS
364,Linux
364,Android
15406,PlayStation 4
15406,Xbox One
15406,Nintendo Switch
15406,macOS
15406,PC
15406,Linux
379453,PC
379453,PlayStation 5
379453,PlayStation 4
13773,macOS
13773,PC
5603,PC
5603,Xbox One
5603,PlayStation 3
5603,Nintendo Switch
5603,PlayStation 4
5603,Xbox 360
11499,PC
16450,PC
29826,Commodore / Amiga
29826,Classic Macintosh
29826,Linux
29826,macOS
29826,PC
10202,macOS
10202,PC
10202,Linux
602,Android
602,Linux
602,PC
602,iOS
602,macOS
419905,Nintendo Switch
419905,PlayStation 4
419905,Xbox One
419905,PC
304320,iOS
304320,Xbox One
304320,macOS
304320,PC
304320,Nintendo Switch
304320,PlayStation 4
323125,macOS
323125,PC
654591,PlayStation 5
654591,Xbox Series S/X
654591,Xbox One
654591,Nintendo Switch
654591,PC
654591,PlayStation 4
670703,PC
20282,PC
371847,PC
371847,Nintendo Switch
371847,PlayStation 4
371847,Xbox One
871264,PC
871264,macOS
871264,Nintendo Switch
3340,Xbox One
3340,Wii U
3340,PlayStation 3
3340,PS Vita
3340,PlayStation 4
3340,Linux
3340,PC
3340,macOS
995,Nintendo Switch
995,PC
995,Android
995,iOS
995,macOS
13468,PC
13468,Linux
13468,macOS
11799,PC
11799,macOS
11799,Linux
47466,PC
8098,Xbox One
8098,PC
10166,PC
9860,PC
22228,PC
22228,macOS
22228,Linux
58769,PC
58769,Xbox One
58769,PlayStation 4
2284,PlayStation 4
2284,PC
2284,Xbox One
372700,macOS
372700,PC
372700,iOS
372700,Xbox One
372700,Nintendo Switch
372700,PlayStation 4
11778,Nintendo Switch
11778,PlayStation 4
11778,PC
11778,macOS
11778,Linux
11778,Android
11778,iOS
244694,Nintendo Switch
244694,PlayStation 4
244694,PS Vita
8813,macOS
8813,PC
8813,iOS
19608,iOS
19608,macOS
19608,Linux
19608,PC
5606,PlayStation 3
5606,Wii
5606,PC
5606,Xbox 360
5606,Nintendo DS
5606,Xbox One
5606,macOS
19610,PC
4582,PC
4582,PlayStation 3
4582,iOS
275703,PC
861287,PlayStation 5
861287,PC
861287,Xbox Series S/X
27036,Wii
27036,Wii U
59115,Xbox One
59115,PlayStation 4
59115,Nintendo Switch
59115,iOS
59115,PC
59115,Android
12720,PC
12720,macOS
12720,Linux
430275,PlayStation 4
430275,Nintendo Switch
430275,Xbox One
430275,PC
430275,macOS
430275,Linux
61153,Nintendo Switch
61153,macOS
61153,Linux
61153,PC
705002,Linux
705002,macOS
705002,PC
14178,PlayStation 4
14178,Nintendo Switch
14178,PC
16426,PC
15311,PC
4555,GameCube
4555,Xbox
4555,Classic Macintosh
4555,PlayStation 2
4555,PC
4555,Nintendo Switch
4555,PlayStation 3
1142,PlayStation 4
18743,PC
18743,macOS
18743,Linux
455515,PC
455515,Xbox One
455515,PlayStation 4
30198,PC
349557,PC
349557,macOS
47379,Nintendo Switch
47379,macOS
47379,PC
47379,iOS
23011,PC
11193,PC
11193,Linux
11193,macOS
14638,PC
57918,PlayStation
57918,PC
57918,GameCube
57918,Xbox
57918,Classic Macintosh
57918,Game Boy
57918,Game Boy Advance
57918,PlayStation 2
672365,PC
319132,Xbox One
319132,PC
4183,PlayStation 3
4183,Xbox 360
4183,PC
4183,iOS
532168,PC
4561,Xbox 360
4561,PlayStation 3
3454,PC
3454,Linux
3454,PlayStation 4
3454,PlayStation 3
3454,Android
3454,macOS
630676,PC
630676,Xbox Series S/X
630676,PlayStation 5
630676,PlayStation 4
151232,Nintendo Switch
151232,PC
151232,macOS
151232,Linux
21503,PC
10826,PC
362874,macOS
362874,Xbox One
362874,PC
362874,Nintendo Switch
57842,PlayStation
1271,Xbox One
1271,Wii U
1271,PlayStation 4
1271,PlayStation 3
1271,PS Vita
1271,Nintendo Switch
1271,macOS
1271,PC
304216,PlayStation 4
304216,Nintendo Switch
304216,macOS
304216,PC
304216,iOS
304216,Xbox One
17807,PC
58771,Xbox One
58771,Nintendo Switch
58771,PlayStation 4
58771,PC
19370,PC
20848,PC
20848,Linux
20848,macOS
18399,PC
357891,Xbox One
357891,PC
357891,Linux
357891,macOS
16932,Android
16932,PC
16932,iOS
241088,Xbox One
241088,Nintendo Switch
241088,PlayStation 4
241088,PC
59883,PlayStation 5
59883,PlayStation 4
59883,Nintendo Switch
59883,PC
59883,Xbox One
5950,Xbox Series S/X
5950,Xbox One
5950,Xbox
5950,PC
5950,PlayStation
316859,Nintendo Switch
316859,PlayStation 4
316859,Xbox One
316859,PC
316859,macOS
22702,PC
22702,macOS
12899,PC
12899,Linux
12899,macOS
16503,PC
16503,Linux
16503,macOS
10753,PC
10753,Nintendo Switch
10753,macOS
494382,PC
494382,PlayStation 5
19576,Linux
19576,macOS
19576,PC
292843,Nintendo Switch
9690,macOS
9690,Xbox One
9690,PlayStation 4
9690,Nintendo Switch
9690,PC
9690,Linux
9690,iOS
14520,PC
11548,Linux
11548,macOS
11548,PC
58896,Android
58896,PlayStation 3
58896,Xbox 360
58896,PC
58896,iOS
58896,Nintendo DS
19379,PC
11484,PC
14639,PC
297287,PC
297287,Xbox One
297287,PlayStation 4
236801,PC
236801,macOS
37751,PC
45691,Xbox One
45691,PlayStation 4
45691,PC
17423,PC
3822,PlayStation 4
3822,PS Vita
14473,PC
14473,macOS
14473,Linux
58312,PS Vita
58312,PlayStation 4
58312,iOS
58312,Nintendo Switch
58312,Android
58312,PC
18540,macOS
18540,PC
18540,Linux
21097,PC
21097,macOS
21097,Linux
42393,PlayStation 4
42393,PlayStation 3
471031,PC
471031,Xbox Series S/X
367176,Nintendo Switch
367176,iOS
367176,PC
366110,PlayStation 5
366110,PC
59059,PC
59059,Xbox One
59059,PlayStation 4
415171,PC
415171,Xbox Series S/X
415171,PlayStation 5
1480,PlayStation 4
1480,Xbox One
1480,Linux
1480,PC
1480,macOS
704730,PC
3639,PS Vita
3639,PlayStation 4
3639,PlayStation 3
12201,PC
59347,PC
249994,Nintendo Switch
249994,iOS
249994,PC
5398,PlayStation 3
15574,PC
9651,PC
4903,macOS
4903,PC
4903,Xbox 360
4903,PlayStation 3
19382,GameCube
19382,Xbox
19382,PlayStation 2
19382,Xbox 360
19382,PC
15337,PC
15337,macOS
15337,Linux
17450,PC
17450,macOS
17450,Linux
647611,Xbox One
647611,PC
647611,iOS
4618,PlayStation 3
4618,Xbox 360
4618,PC
19236,PC
50616,iOS
50616,PC
50616,macOS
50616,Linux
50616,Nintendo Switch
50616,PlayStation 4
22965,PS Vita
22965,PSP
22965,PC
22965,Xbox 360
16868,PC
16868,macOS
1071,PlayStation 4
1071,PC
308098,PC
308098,macOS
308098,Xbox One
650604,PlayStation 5
650604,Xbox Series S/X
650604,PlayStation 4
650604,PC
650604,Xbox One
670693,Nintendo Switch
670693,PC
670693,Xbox One
670693,PlayStation 4
26316,Nintendo DS
707254,PC
8318,PC
8318,Linux
8318,Android
8318,macOS
8318,iOS
29225,PC
19287,PC
59350,Xbox One
59350,PlayStation 4
59350,PC
28539,Xbox 360
28539,PlayStation 3
28539,PC
11403,PC
42857,PC
42857,Xbox Series S/X
42857,PlayStation 4
42857,PlayStation 5
42857,Xbox One
367183,PC
29069,PlayStation 3
29069,Xbox 360
29069,PC
29069,PSP
29069,Wii
29069,PlayStation 2
9385,macOS
9385,Android
9385,iOS
9385,PC
13483,PC
13483,Linux
259883,Xbox One
259883,PlayStation 4
259883,PlayStation 5
259883,Xbox Series S/X
259883,Nintendo Switch
259883,PC
259883,macOS
3182,PlayStation 4
3182,Xbox One
3182,PC
3182,macOS
3182,Linux
51584,macOS
51584,PC
51584,Linux
10179,macOS
10179,Linux
10179,PC
14936,PC
5640,PlayStation 3
11593,PlayStation 4
11593,Xbox One
11593,Nintendo Switch
11593,macOS
11593,PC
11593,Linux
59348,PlayStation 4
59348,PC
59348,Nintendo Switch
59348,Xbox One
39035,PlayStation 3
12751,PC
12751,macOS
12751,Xbox 360
12751,PlayStation 4
11706,Linux
11706,macOS
11706,PC
11706,iOS
11706,PlayStation 4
16008,PC
561,Xbox 360
561,PlayStation 3
561,PlayStation 4
561,Xbox One
561,PC
58498,PC
58498,Nintendo Switch
58498,PlayStation 4
58498,Xbox One
58498,Nintendo 3DS
367044,Linux
367044,macOS
367044,PC
28505,Xbox 360
28505,PlayStation 3
28505,Xbox One
916,Android
916,PC
916,macOS
916,Linux
916,iOS
2404,iOS
2404,macOS
2404,PC
18110,PC
60546,PC
13008,Nintendo Switch
13008,macOS
13008,PC
3165,Wii U
3165,PlayStation 4
3165,PlayStation 3
3165,PS Vita
3165,Xbox One
3165,PC
322240,Nintendo Switch
322240,Xbox One
322240,PC
322240,PlayStation 4
42889,PlayStation 4
42889,PC
11984,PC
28460,Xbox 360
3467,PlayStation 4
3467,PlayStation 3
3467,PC
16225,macOS
16225,Linux
16225,PC
21631,PC
2634,PlayStation 4
2634,PlayStation 2
2634,PlayStation 3
25965,Nintendo DS
25965,Xbox 360
25965,PlayStation 3
25965,PlayStation 2
25965,PC
25965,Wii
387345,PC
387345,Xbox One
387345,PlayStation 4
481913,PC
481913,Xbox Series S/X
481913,PlayStation 5
16431,PC
16431,macOS
20850,iOS
20850,Android
20850,Linux
20850,macOS
20850,PC
60864,PC
11098,Xbox One
11098,PlayStation 4
11098,PC
11098,macOS
11098,Linux
11098,iOS
11098,Android
15553,Commodore / Amiga
15553,PC
15553,macOS
15553,Linux
23613,Xbox One
23613,PlayStation 4
23613,PC
44469,PC
274761,PC
44735,Linux
44735,macOS
44735,PC
44735,iOS
10174,macOS
10174,PC
10174,Linux
3917,PlayStation 3
3917,PS Vita
3917,PC
10824,Linux
10824,macOS
10824,PC
13289,PC
327210,PC
4199,PlayStation 3
50775,PC
19442,PC
20358,PC
28595,Xbox 360
28595,Xbox One
28595,PC
1237,Android
1237,PC
1237,iOS
389851,Xbox Series S/X
389851,Xbox One
389851,PC
42138,PC
42138,macOS
42138,Linux
42138,PlayStation 3
42138,PS Vita
22426,PC
50919,PC
10304,Xbox 360
10304,iOS
10304,macOS
10304,Android
10304,PC
627521,Android
627521,PC
627521,iOS
327208,PlayStation 4
327208,Nintendo Switch
327208,PC
327208,Xbox One
11383,Linux
11383,macOS
11383,PC
11383,iOS
11383,Xbox One
11383,Nintendo Switch
16378,Xbox One
16378,Classic Macintosh
16378,PlayStation 4
16378,macOS
16378,PC
327232,PlayStation 4
327232,Nintendo Switch
327232,PC
327232,iOS
327232,Xbox One
518596,PlayStation 4
518596,PC
4678,Android
4678,Wii
4678,Nintendo 3DS
4678,PC
4678,Genesis
4678,Game Gear
4678,SEGA Master System
4678,Classic Macintosh
4678,Linux
4678,iOS
4678,Xbox 360
4678,PlayStation 3
17808,PC
17808,macOS
11838,PC
11838,Linux
11728,PC
11728,Nintendo Switch
11728,iOS
11728,Linux
11728,macOS
15079,macOS
15079,Linux
15079,PC
21305,PC
21312,PC
21312,Classic Macintosh
21312,macOS
15854,PC
18699,PC
13796,Android
13796,PC
9656,PlayStation 4
9656,PC
9656,Xbox One
14503,PC
14503,macOS
17186,PC
17186,macOS
17186,Linux
387329,PlayStation 4
387329,Nintendo Switch
387329,Xbox One
387329,PlayStation 5
387329,Xbox Series S/X
387329,PC
4507,PlayStation 3
49382,Linux
49382,macOS
49382,PC
49382,Xbox One
49382,Nintendo Switch
49382,PlayStation 4
49382,PlayStation 5
4679,PlayStation 3
4679,PC
4679,PSP
4679,Xbox One
4679,Xbox 360
10607,macOS
10607,PC
28254,PlayStation 3
28254,Xbox 360
9696,Nintendo Switch
9696,Xbox One
9696,PC
9696,iOS
9696,Android
9696,macOS
374507,PlayStation 5
374507,PlayStation 4
374507,PC
374507,Xbox One
374507,Xbox Series S/X
28448,PC
28448,Xbox
28448,macOS
323051,PC
323051,Nintendo Switch
323051,PlayStation 4
323051,Xbox One
19669,PC
23669,Neo Geo
23669,PlayStation 2
23669,Classic Macintosh
23669,Xbox
23669,Dreamcast
23669,PC
23669,Linux
23669,macOS
13121,macOS
13121,PC
13121,Linux
13121,iOS
3640,PC
3640,PS Vita
3640,PlayStation 3
3640,PlayStation 4
288747,PC
16210,PC
16210,macOS
16210,Linux
17187,PC
14154,Xbox One
14154,PlayStation 4
14154,PC
14154,Linux
14154,macOS
801567,Nintendo Switch
801567,PlayStation 4
801567,PC
801567,PlayStation 5
801567,Xbox One
801567,Xbox Series S/X
21530,PC
16178,PC
268363,PC
268363,Nintendo Switch
268363,Xbox Series S/X
268363,PlayStation 4
268363,Xbox One
268363,PlayStation 5
268363,Linux
268363,macOS
27418,Wii U
27418,Game Boy Advance
27418,Nintendo 3DS
21668,Android
21668,iOS
21668,PC
21668,macOS
1602,PC
1602,iOS
1602,macOS
1602,Android
9504,PC
499,Xbox One
499,PlayStation 4
499,Android
499,PC
499,iOS
423950,Linux
423950,macOS
423950,PC
423950,iOS
17810,PC
12797,PlayStation 4
12797,Linux
12797,macOS
12797,PC
12797,iOS
12797,Nintendo Switch
12797,Xbox One
3206,Wii U
3206,PlayStation 4
3206,PS Vita
3206,macOS
3206,Linux
3206,PC
257194,Nintendo Switch
257194,PlayStation 4
257194,macOS
257194,Xbox One
257194,PC
3861,Wii U
3861,PlayStation 3
3861,PS Vita
3861,Xbox 360
3861,Nintendo Switch
3861,PC
10020,PlayStation 4
10020,PC
9849,PC
52336,PC
2770,PS Vita
2770,PlayStation 4
2770,Xbox 360
2770,Linux
2770,PC
2770,macOS
10928,macOS
10928,PC
261232,PC
261232,Xbox One
261232,Nintendo Switch
261232,macOS
17538,PC
19585,PC
18342,PC
18342,Xbox 360
18342,Xbox One
16373,PC
35358,PC
29185,Nintendo Switch
351436,iOS
351436,PlayStation 4
351436,Xbox One
351436,PC
351436,Nintendo Switch
351436,macOS
29051,Xbox 360
244869,PC
244869,Xbox One
244869,PlayStation 4
6315,PC
6315,Android
6315,iOS
17372,PC
17372,macOS
17372,Linux
27312,Nintendo 3DS
262465,Linux
262465,PC
262465,macOS
11473,PC
62920,Xbox One
62920,PC
62920,Nintendo Switch
62920,macOS
62920,Linux
19476,macOS
19476,PC
993875,Xbox Series S/X
993875,PlayStation 5
993875,PC
9726,macOS
9726,PC
2705,Xbox One
2705,PlayStation 4
2705,Linux
2705,PC
2705,macOS
17082,Xbox One
17082,PlayStation 4
17082,Nintendo Switch
17082,PC
17082,Linux
17082,macOS
2196,PlayStation 4
2196,PC
28483,Xbox One
28483,Nintendo Switch
28483,Xbox 360
49268,PC
966349,PC
966349,PlayStation 5
21113,PC
846499,PC
59094,Nintendo Switch
59094,PC
484842,PC
484842,macOS
484842,Linux
4470,PlayStation 4
4470,PS Vita
4470,PlayStation 2
4470,PlayStation 3
263537,PC
263537,Android
263537,iOS
263537,macOS
586054,Nintendo Switch
586054,Xbox One
586054,PlayStation 4
586054,Xbox Series S/X
586054,PlayStation 5
586054,PC
297322,PC
4511,PC
4511,Xbox 360
4511,PlayStation 3
4511,Xbox One
257377,Nintendo Switch
257377,PC
257377,Xbox One
42047,PC
27936,Nintendo 3DS
27936,Game Boy
27936,Game Boy Color
19455,Xbox
19455,PC
19455,PlayStation 2
16120,macOS
16120,PC
13657,macOS
13657,PC
290894,Xbox Series S/X
290894,PlayStation 4
290894,PC
290894,Nintendo Switch
290894,Xbox One
290894,PlayStation 5
18793,PC
18793,macOS
5981,PlayStation 4
5981,Xbox One
5981,PC
3323,PlayStation 3
3323,PlayStation 4
3323,PC
539,Android
539,macOS
539,PC
539,iOS
364812,Nintendo Switch
364812,PC
364812,PlayStation 4
364812,Xbox One
61442,PC
61442,Linux
2838,Xbox One
2838,Wii U
2838,PlayStation 3
2838,PlayStation 4
2838,PC
2838,Android
41128,PlayStation 2
284763,Xbox One
284763,PC
284763,Nintendo Switch
284763,PlayStation 4
845261,PC
845261,iOS
845261,PlayStation 5
845261,Xbox Series S/X
845261,Xbox One
845261,PlayStation 4
20120,Android
20120,PC
20120,macOS
21098,PC
21098,Linux
21098,macOS
376929,Nintendo Switch
376929,PC
376929,macOS
376929,Linux
17780,PC
1009,PlayStation 4
1009,Xbox One
3035,iOS
3035,macOS
3035,PC
21615,PC
61536,Android
61536,iOS
61536,PC
58818,PlayStation 4
58818,PC
20986,PC
17793,PC
3857,PlayStation 3
3857,PS Vita
3857,PC
12410,PC
9437,PC
20302,PC
499331,PC
499331,PlayStation 5
499331,PlayStation 4
13027,PC
19080,PC
21510,PC
21510,macOS
616688,Linux
616688,PC
258,PlayStation 4
258,Xbox One
681463,Linux
681463,macOS
681463,PC
979524,PC
299545,Xbox One
299545,macOS
299545,Linux
299545,PC
299545,Nintendo Switch
299545,PlayStation 4
366884,Xbox One
366884,PlayStation 4
366884,Nintendo Switch
366884,Linux
366884,PC
416811,PC
45416,macOS
45416,PC
45416,iOS
13114,PC
13114,Linux
13114,macOS
14988,PC
14988,Nintendo 3DS
14988,Wii U
1922,SNES
1922,Android
1922,PC
1922,iOS
1922,Game Boy Advance
375223,PC
375223,Xbox One
375223,macOS
27977,Nintendo 3DS
4471,PSP
4471,Wii
4471,Nintendo DS
4471,macOS
4471,PC
4471,Nintendo 3DS
4471,Xbox 360
4471,PlayStation 3
39080,PlayStation 3
49498,PC
49498,PlayStation 4
484939,Xbox One
484939,PC
484939,macOS
484939,Linux
484939,Nintendo Switch
484939,PlayStation 4
28399,Xbox 360
274849,PC
730,Wii U
730,PC
730,iOS
730,macOS
11508,macOS
11508,PC
11508,Linux
427653,PC
427653,PlayStation 4
427653,Xbox One
638650,PC
638650,PlayStation 4
638650,PlayStation 5
28855,PlayStation 3
28855,Xbox 360
9678,PlayStation 4
9678,PC
7978,iOS
7978,macOS
7978,PC
23214,Android
23214,PC
23214,iOS
23214,Nintendo Switch
23214,Xbox 360
23214,Xbox One
23214,PlayStation 4
16184,PC
6508,Xbox One
6508,iOS
6508,Android
6508,PC
21808,PC
19899,Nintendo Switch
19899,PC
10204,PC
10204,PlayStation 5
263587,Linux
263587,macOS
263587,PC
7784,macOS
7784,PC
7784,Linux
7784,iOS
7784,Android
15034,PC
284674,iOS
284674,Xbox One
284674,PC
284674,Nintendo Switch
284674,PlayStation 4
20109,PC
11665,PC
369,Nintendo Switch
369,PlayStation 4
369,iOS
369,macOS
369,Linux
369,PC
369,Android
40035,Xbox One
40035,PlayStation 4
40035,PlayStation 3
40035,Nintendo Switch
40035,Xbox 360
40035,PC
60685,iOS
60685,PC
35314,PC
35314,PlayStation 2
8001,Nintendo 3DS
8001,macOS
8001,PC
8001,iOS
8001,Android
20723,Nintendo Switch
20723,Android
20723,PC
20723,Linux
20723,iOS
20723,macOS
19703,PC
384504,PC
384504,Nintendo Switch
514902,Nintendo Switch
514902,macOS
514902,PC
514902,iOS
514902,Xbox One
514902,PlayStation 4
59640,Nintendo Switch
59640,Linux
59640,Xbox One
59640,PlayStation 4
59640,PC
10811,PC
14621,PC
14621,macOS
14621,Linux
62419,Xbox One
62419,PlayStation 4
62419,Nintendo Switch
62419,macOS
62419,PC
58765,PlayStation 4
58765,Linux
58765,Nintendo Switch
58765,Xbox One
58765,PC
58765,macOS
21140,PC
50328,PSP
50328,PlayStation 2
50328,PC
16716,iOS
16716,macOS
16716,PC
306147,PlayStation 4
306147,Nintendo Switch
306147,Xbox One
306147,PC
17917,Linux
17917,macOS
17917,PC
21322,Nintendo Switch
21322,PC
19046,PC
21411,PC
20159,Xbox 360
20159,PC
20159,PlayStation 3
301576,Xbox One
301576,Nintendo Switch
301576,PC
18758,PC
44763,PlayStation 4
10121,PC
10121,Xbox 360
22415,PC
23341,Xbox One
23341,PC
23341,Xbox 360
23341,PlayStation 3
23341,PlayStation 4
28757,Xbox 360
28757,PC
28757,PlayStation 3
1801,iOS
1801,PC
57666,SEGA Saturn
57666,PlayStation
57666,PC
57666,iOS
19445,PC
22869,PC
349844,PC
349844,macOS
349844,Linux
14355,PC
369237,macOS
369237,PC
369237,Android
369237,iOS
369237,Nintendo Switch
49950,Android
49950,Linux
49950,macOS
49950,PC
49950,iOS
13776,PC
13776,macOS
13776,Linux
18794,Wii
18794,PC
32247,PC
58209,Linux
58209,PC
58209,macOS
18795,PC
18795,Wii
48894,PC
349109,Xbox One
349109,PlayStation 4
349109,PC
349109,macOS
349109,iOS
59641,Xbox One
59641,Nintendo Switch
59641,PC
38146,PC
19678,Linux
19678,macOS
19678,PC
18797,Wii
18797,PC
47361,PC
275606,PlayStation 5
275606,Nintendo Switch
275606,PC
275606,Xbox Series S/X
275606,PlayStation 4
275606,Xbox One
39759,PlayStation 3
407565,PC
18796,Wii
18796,PC
20041,PC
45737,Android
45737,PC
16043,PC
2713,PlayStation 4
2713,Xbox One
2713,PC
2713,Linux
2713,macOS
3163,PlayStation 4
3163,Xbox One
3163,PC
3163,macOS
14913,PC
5776,Wii U
5776,Nintendo Switch
5776,PC
5776,Linux
5776,macOS
5776,iOS
330427,iOS
330427,Android
330427,Classic Macintosh
330427,PC
330427,macOS
330427,Linux
20995,PC
614965,PlayStation 5
614965,Xbox One
614965,Xbox Series S/X
614965,PlayStation 4
614965,PC
301518,Nintendo Switch
301518,Xbox One
301518,PS Vita
301518,PC
372505,iOS
372505,PC
372505,macOS
452636,PC
452636,PlayStation 5
16131,PC
43004,macOS
43004,Linux
43004,PlayStation 4
43004,Xbox One
43004,PC
58606,Nintendo Switch
10366,PC
28620,Xbox 360
10403,macOS
10403,PC
59602,Nintendo Switch
59602,iOS
59602,PC
59602,Android
59602,PlayStation 4
59602,Xbox One
49355,PC
49355,Linux
49355,macOS
49355,Xbox One
430498,PlayStation 4
430498,Nintendo Switch
430498,PC
430498,PS Vita
430498,Xbox One
4329,Xbox 360
4329,PlayStation 2
4329,PC
4329,Xbox
244721,PC
14115,Nintendo Switch
14115,Xbox One
14115,PlayStation 4
14115,Linux
14115,PC
18541,Linux
18541,macOS
18541,PC
1731,Xbox One
1731,PlayStation 4
1731,PC
3446,Wii U
3446,Nintendo 3DS
3446,PlayStation 4
3446,PS Vita
3446,PC
18001,PC
219972,Android
219972,PC
219972,iOS
16952,PC
16952,macOS
16952,Linux
13051,PC
13051,macOS
13051,Linux
18064,macOS
18064,PC
18064,Linux
10847,PC
62849,PlayStation 4
62849,Nintendo Switch
62849,PC
62849,Xbox One
27969,Nintendo 3DS
366891,PC
366891,PlayStation 4
366891,Nintendo Switch
366891,Xbox One
62069,Nintendo Switch
62069,Xbox One
62069,PC
16954,macOS
16954,PC
16954,Linux
59200,PC
59200,Xbox One
59200,PlayStation 4
27022,Wii U
27022,Nintendo 3DS
27022,Wii
27022,SNES
484852,PC
9543,PlayStation 4
9543,Xbox One
9543,iOS
9543,PC
9543,macOS
9543,Linux
9543,Nintendo Switch
9543,Android
8777,Nintendo Switch
8777,Xbox One
8777,iOS
8777,PC
8777,PlayStation 4
8777,Android
8433,Xbox One
8433,PC
264828,PC
264828,Xbox One
264828,PlayStation 4
264828,Nintendo Switch
9837,PC
9837,macOS
19457,PC
32595,PC
32595,PlayStation 2
327202,Xbox One
327202,PlayStation 5
327202,PlayStation 4
327202,Xbox Series S/X
327202,PC
41054,PC
20836,PC
799323,Android
799323,PC
799323,iOS
799323,Nintendo Switch
10016,PC
10276,Xbox One
10276,PlayStation 4
10276,Nintendo Switch
10276,PC
295090,Nintendo Switch
295090,Xbox One
295090,PC
295090,PlayStation 4
10005,Xbox One
10005,PC
10005,macOS
10005,Linux
10005,PlayStation 4
949868,macOS
949868,PC
5093,PlayStation 4
5093,PlayStation 3
22158,PC
22158,macOS
22158,Linux
18337,PC
2271,Xbox 360
2271,Xbox One
2271,iOS
2271,Wii U
2271,PlayStation 3
2271,PlayStation 4
3424,Xbox One
3424,Wii U
3424,PlayStation 4
3424,PlayStation 3
3424,Linux
3424,PC
3424,macOS
21170,PC
976564,PC
976564,PlayStation 5
12030,PC
21403,PC
15825,PC
579524,PC
579524,macOS
44482,Xbox One
44482,PlayStation 4
44482,Nintendo Switch
44482,macOS
44482,PC
44482,Linux
19619,PC
19619,macOS
11755,PC
11755,iOS
11755,macOS
314402,PC
314402,macOS
314402,Linux
23501,Xbox One
23501,PlayStation 4
23501,Nintendo Switch
23501,PC
50694,Nintendo Switch
50694,Xbox One
50694,PC
50694,PlayStation 4
50694,iOS
50694,Android
384491,PC
384491,Xbox One
13861,PC
877,PlayStation 4
877,PS Vita
877,PC
19567,PC
19567,PlayStation 3
19567,Xbox 360
17609,iOS
17609,PC
17609,macOS
17609,Android
17609,Linux
16532,Android
16532,PlayStation 5
16532,PlayStation 4
16532,Xbox One
16532,PC
16532,macOS
16532,Linux
288586,Xbox One
288586,PC
288586,Nintendo Switch
288586,PlayStation 4
10328,Linux
10328,Nintendo Switch
10328,PlayStation 4
10328,macOS
10328,PC
316865,PC
8946,iOS
8946,macOS
8946,PC
10190,macOS
10190,PC
10190,Linux
47359,PC
47359,iOS
47359,macOS
6961,Wii U
6961,iOS
6961,Nintendo Switch
6961,macOS
6961,PC
6961,Linux
6961,Android
282807,PC
282807,Nintendo Switch
282807,PlayStation 4
15969,PSP
15969,PC
15969,PlayStation 2
15969,Nintendo DS
10558,Xbox One
10558,Linux
10558,PC
2614,Xbox One
2614,PC
2614,PlayStation 4
1189,Nintendo Switch
1189,iOS
1189,PlayStation 4
1189,macOS
1189,PC
1189,Linux
16551,PC
10412,iOS
10412,PC
10412,macOS
2145,Nintendo DS
2145,Wii
2145,Xbox 360
2145,PC
2145,PlayStation 2
2145,PlayStation 3
2145,PlayStation 4
2145,PSP
2145,Xbox One
5424,PC
5424,PSP
5424,PS Vita
5424,PlayStation 3
5424,PlayStation 4
14614,macOS
14614,PC
10231,PlayStation 4
10231,Xbox One
10231,PC
61904,PC
359247,PC
14722,PC
17735,PC
17735,macOS
369160,Nintendo Switch
369160,PC
41462,Wii U
41462,PlayStation 2
41462,PlayStation 3
41462,Xbox 360
41462,PC
41462,iOS
61046,PC
11807,Nintendo Switch
11807,PlayStation 4
11807,PC
12629,PC
55348,Commodore / Amiga
20837,Nintendo Switch
20837,macOS
20837,Linux
20837,Android
20837,PC
20837,iOS
17912,PC
455566,PC
455566,Nintendo Switch
455566,PlayStation 4
455566,Xbox One
47525,Xbox One
47525,PC
298413,PC
19551,iOS
19551,PC
4209,PS Vita
20879,macOS
20879,PC
20084,PC
1679,PC
1679,Android
1679,iOS
905,PlayStation 4
905,PS Vita
905,macOS
905,Linux
905,PC
44431,macOS
44431,PC
44431,iOS
557828,Android
557828,iOS
557828,PC
19004,PC
1222,iOS
1222,PC
1222,Android
51357,Xbox One
51357,PC
51357,Nintendo Switch
51357,iOS
51357,PlayStation 4
4274,Nintendo DS
4274,macOS
4274,iOS
4274,PC
4274,PlayStation 3
4274,Xbox 360
49333,PC
914,Xbox One
914,PlayStation 4
914,Nintendo Switch
914,SEGA Master System
914,iOS
914,PC
914,macOS
914,Linux
40774,PC
53471,iOS
53471,PC
53471,Nintendo 3DS
53471,Nintendo DS
53471,Wii
53471,Android
53471,Game Boy Advance
3120,PlayStation 4
3120,PC
13086,PC
13086,macOS
11157,PC
37130,PC
37130,Xbox
37130,Xbox One
11813,PlayStation 4
11813,Xbox One
11813,PC
14782,PC
427882,Nintendo Switch
427882,PC
20717,PC
54381,Nintendo Switch
54381,Xbox One
54381,PC
54381,PlayStation 4
54381,Nintendo 64
19649,macOS
19649,PC
244787,PC
10398,PC
10398,Xbox One
10398,PlayStation 4
408286,PlayStation 4
408286,Nintendo Switch
408286,PlayStation 5
15862,PC
26824,Wii U
26824,Wii
26824,Nintendo Switch
411611,PC
411611,Xbox One
411611,PlayStation 4
19274,Xbox One
19274,PlayStation 4
19274,PS Vita
19274,PC
25663,Linux
25663,macOS
25663,PC
25663,Game Gear
25663,SEGA Master System
25663,Game Boy
25663,Genesis
25663,Wii
25663,SNES
25663,Game Boy Advance
25663,Nintendo DS
25663,Game Boy Color
25663,SEGA CD
19616,PC
12749,PC
12749,Linux
14258,Linux
14258,macOS
14258,PC
21208,PC
14843,PC
14843,macOS
13120,PC
13120,macOS
13120,Linux
24881,Commodore / Amiga
24881,Game Boy Color
24881,Atari 5200
24881,Game Boy
24881,Atari 8-bit
24881,Game Boy Advance
24881,Atari 2600
24881,Android
24881,PlayStation 4
24881,Xbox 360
24881,Neo Geo
24881,Wii
24881,Wii U
24881,Nintendo 3DS
24881,Nintendo Switch
24881,macOS
24881,iOS
24881,Xbox One
24881,Game Gear
24881,PC
24881,Apple II
24881,NES
14265,iOS
14265,Nintendo Switch
14265,Linux
14265,PC
14265,macOS
418467,Xbox One
418467,PC
418467,PlayStation 4
20203,PC
349250,PC
2443,PlayStation 4
2443,PC
2443,macOS
2443,Linux
62036,Nintendo Switch
62036,PC
17953,macOS
17953,PC
17953,Linux
17848,PC
17848,Linux
17848,macOS
14726,Xbox 360
14726,PC
236714,PC
236714,iOS
37627,PlayStation 3
37627,Xbox 360
37627,PC
19110,PC
19110,macOS
274670,Nintendo Switch
274670,Xbox One
274670,iOS
274670,PC
274670,PlayStation 4
60736,PlayStation 4
60736,Nintendo Switch
60736,PC
16718,PC
16718,Linux
16718,iOS
16718,macOS
16173,PC
18397,macOS
18397,Linux
18397,PC
18397,iOS
10842,iOS
10842,PlayStation 4
10842,Xbox One
10842,PC
10842,Linux
10842,macOS
442839,PC
442839,PlayStation 5
442839,Xbox Series S/X
442839,Xbox One
3590,Xbox 360
3590,PC
3590,PlayStation 3
833441,PC
833441,Android
833441,iOS
3002,macOS
3002,Xbox 360
3002,PC
3002,iOS
52389,Nintendo Switch
52389,PC
19670,PC
50351,Android
50351,iOS
50351,PC
50351,macOS
19348,PC
294128,iOS
294128,PC
294128,macOS
294128,Linux
19235,PC
21055,macOS
21055,PC
21055,Linux
3085,PS Vita
3085,PlayStation 4
3085,PlayStation 3
3085,PC
407547,Nintendo Switch
407547,Xbox One
407547,PlayStation 4
407547,PC
2243,iOS
2243,Linux
2243,Android
2243,PC
2243,macOS
21683,PC
21683,macOS
375231,macOS
375231,PC
375231,iOS
1082,Linux
1082,iOS
1082,PC
1082,macOS
2802,PlayStation 4
2802,iOS
2802,macOS
2802,PC
20202,Linux
20202,macOS
20202,PC
388968,PC
388968,Linux
12233,PC
11194,PC
11194,PSP
11194,Linux
11194,macOS
11194,Wii
11194,PlayStation 3
11194,Xbox 360
11194,Nintendo DS
1818,PlayStation 4
1818,Xbox One
1818,Nintendo Switch
1818,macOS
1818,PC
1818,Linux
17996,PC
17996,macOS
49375,PC
12014,PC
29223,PlayStation 4
29223,macOS
29223,PC
29223,Nintendo Switch
29223,Xbox One
3519,iOS
3519,PlayStation 3
3519,PS Vita
3519,PC
3519,Android
17217,PC
18398,PC
20311,PC
28326,Xbox 360
28326,Xbox One
10251,PlayStation 4
10251,Xbox One
10251,macOS
10251,PC
10251,Linux
10278,Linux
10278,PC
12121,Xbox One
12121,PC
12121,Nintendo Switch
12121,PlayStation 4
12121,macOS
12121,Linux
15268,PC
11260,PC
18698,PC
29908,Apple II
29908,Jaguar
29908,iOS
29908,PC
29908,Nintendo Switch
29908,Android
29908,Atari ST
29908,Classic Macintosh
29908,SNES
29908,3DO
29908,Commodore / Amiga
29908,Genesis
656,Xbox One
656,iOS
656,PC
656,macOS
656,Linux
656,Nintendo Switch
656,PlayStation 4
3480,PlayStation 4
3480,PlayStation 3
428083,PC
9585,Nintendo Switch
9585,Xbox One
9585,PC
9585,PlayStation 4
52337,Linux
52337,macOS
52337,PC
52337,Nintendo Switch
52337,Xbox Series S/X
52337,Xbox One
52337,PlayStation 4
52337,PlayStation 5
3369,Xbox One
3369,PlayStation 3
3369,PlayStation 4
3369,macOS
3369,Linux
3369,PC
455598,PlayStation 5
455598,Xbox Series S/X
455598,Xbox One
455598,PlayStation 4
455598,Nintendo Switch
455598,PC
45972,Xbox One
45972,Nintendo Switch
45972,PC
45972,PlayStation 4
17081,PC
17081,macOS
299557,macOS
299557,PC
9771,PC
13190,macOS
13190,PC
13190,Linux
345,PlayStation 4
345,Xbox One
345,Nintendo Switch
345,macOS
345,PC
345,Linux
345,iOS
345,Android
2289,PC
2289,iOS
2289,PlayStation 4
2289,Nintendo Switch
286579,PC
28534,PlayStation 3
28534,Xbox 360
10549,Xbox One
10549,Nintendo Switch
10549,PlayStation 4
10549,Android
10549,macOS
10549,PC
20915,PC
20915,PlayStation 4
377011,Xbox One
377011,PlayStation 4
377011,PlayStation 5
377011,PC
31080,GameCube
31080,Xbox
31080,Classic Macintosh
31080,Linux
31080,PlayStation 2
31080,PC
31080,PlayStation
21716,PC
4137,PlayStation 3
4137,Wii U
4137,PC
4137,macOS
4137,Linux
4137,PS Vita
59155,PlayStation 4
17474,macOS
17474,PC
17474,Linux
53207,PlayStation 3
53207,iOS
53207,PC
53207,Xbox 360
53207,Android
53207,Game Boy Advance
53207,Genesis
53207,SEGA Master System
53207,Wii
17785,PC
19634,PC
8577,Android
8577,PlayStation 4
8577,Xbox One
8577,Nintendo Switch
8577,PC
8577,iOS
14547,macOS
14547,PC
13377,PC
15349,iOS
15349,Android
15349,PC
15349,Linux
15349,macOS
372595,Xbox One
372595,Nintendo Switch
372595,PC
372595,macOS
372595,Linux
372595,PlayStation 4
485203,Nintendo Switch
485203,PlayStation 4
485203,Xbox One
485203,PC
15068,PC
20305,PC
20305,macOS
20305,PlayStation 4
15941,PC
22903,PC
22903,macOS
1204,Xbox 360
1204,Android
1204,PC
1204,iOS
586936,Web
586936,Linux
586936,PC
586936,iOS
586936,Android
2219,iOS
2219,Xbox One
2219,Xbox 360
2219,PS Vita
2219,PlayStation 4
2219,PlayStation 3
2219,Android
2219,PC
2219,Linux
2219,macOS
279603,PC
279603,macOS
279603,Xbox One
279603,PlayStation 4
21793,Linux
21793,macOS
21793,PC
258385,PC
2780,Xbox One
2780,PC
2780,PlayStation 4
59986,Nintendo Switch
59986,PC
16122,Atari ST
16122,Classic Macintosh
16122,PC
16122,Commodore / Amiga
16122,Linux
16122,macOS
16709,Xbox One
16709,PC
16709,Linux
16709,iOS
16709,macOS
388947,PC
388947,macOS
388947,Linux
11950,PlayStation 4
11950,Nintendo Switch
11950,PC
11950,Android
11950,macOS
11950,iOS
18718,PC
18718,Xbox One
18718,Xbox 360
59314,PC
370222,iOS
370222,Android
370222,PC
16171,PC
2374,PlayStation 4
2374,PC
2374,Xbox One
21816,PC
249966,Dreamcast
249966,Nintendo 64
249966,PC
249966,PlayStation
440084,Xbox Series S/X
440084,Xbox One
440084,PlayStation 4
440084,PlayStation 5
440084,PC
21725,PC
19338,PlayStation 4
19338,Xbox One
19338,PS Vita
19338,PC
21379,PC
21379,Linux
21379,macOS
14896,PC
14896,Linux
14896,macOS
64143,PC
64143,Xbox One
64143,Nintendo Switch
64143,PlayStation 4
10722,PC
10722,Linux
295015,PlayStation 4
295015,PC
295015,Xbox One
295015,PlayStation 5
295015,Xbox Series S/X
295015,Nintendo Switch
19381,Linux
19381,macOS
19381,PC
1159,PlayStation 4
10831,macOS
10831,PC
462677,Xbox Series S/X
462677,PlayStation 4
462677,Xbox One
462677,PC
462677,PlayStation 5
15724,Nintendo Switch
15724,PlayStation 4
15724,PC
14430,macOS
14430,PC
14430,Linux
19416,PC
22395,PC
6319,Nintendo DS
6319,iOS
6319,Nintendo 3DS
6319,PSP
6319,Android
6319,PS Vita
6319,Wii
6319,PC
7849,Android
7849,Nintendo Switch
7849,Linux
7849,macOS
7849,PC
7849,iOS
22104,PC
22104,macOS
22104,Linux
22104,Xbox One
16189,Xbox One
16189,PlayStation 4
16189,Nintendo Switch
16189,PC
316821,PC
9798,PC
9798,macOS
9798,Linux
12144,PC
12144,Linux
12144,macOS
6256,Wii
6256,Neo Geo
6256,Android
6256,PC
6256,Xbox One
6256,Nintendo Switch
6256,PlayStation 4
6256,PlayStation
6256,iOS
20965,PC
581213,PC
10745,PC
10745,Xbox One
10745,Nintendo Switch
10745,PlayStation 4
292840,Nintendo Switch
4431,PlayStation 3
4431,Xbox 360
4431,Android
4431,PC
370243,PC
370243,macOS
233858,Nintendo Switch
233858,PlayStation 4
233858,PC
23748,Nintendo 3DS
17597,Dreamcast
17597,Android
17597,PC
17597,Xbox 360
17597,Nintendo Switch
17597,PlayStation 4
17597,GameCube
17597,Xbox One
362895,PC
3977,PC
3977,Xbox 360
3977,PlayStation 3
3645,PS Vita
3645,PlayStation 4
3645,PlayStation 3
3645,Nintendo Switch
3645,PC
3645,Linux
3645,macOS
31476,GameCube
31476,PC
31476,Xbox
31476,Classic Macintosh
31476,PlayStation 2
28082,PlayStation 4
28082,Nintendo Switch
28082,PC
28082,macOS
14099,Linux
14099,PC
11899,PC
5610,PlayStation 3
5610,Xbox 360
1555,iOS
1555,Android
1555,macOS
1555,PC
1555,Linux
614967,PC
614967,PlayStation 5
614967,Xbox Series S/X
614967,PlayStation 4
614967,macOS
614967,Linux
614967,Nintendo Switch
614967,Xbox One
598872,PC
16898,macOS
16898,PC
16119,PC
427490,PC
427490,Xbox One
427490,Xbox Series S/X
427490,PlayStation 4
427490,PlayStation 5
427490,Nintendo Switch
28264,Xbox 360
718135,Xbox Series S/X
718135,PC
10226,PC
10226,macOS
20309,PS Vita
20309,Xbox 360
20309,PC
555994,Xbox One
555994,PlayStation 4
555994,Xbox Series S/X
555994,PlayStation 5
555994,PC
18739,PC
60860,PlayStation 4
60860,Xbox One
60860,PC
27571,Wii U
27571,Nintendo 3DS
27571,Wii
27571,Game Boy Advance
27571,Game Boy Color
27571,SNES
514890,PC
20241,PC
18407,PC
16174,PC
16174,Linux
16174,macOS
14097,macOS
14097,PC
14097,Linux
25131,Nintendo DS
20830,PC
14264,macOS
14264,Linux
14264,Nintendo Switch
14264,PC
14264,iOS
45869,PlayStation 4
45869,Nintendo Switch
45869,Xbox One
45869,PC
573119,PC
573119,Xbox One
573119,PlayStation 4
12636,Xbox One
12636,PC
12636,iOS
12636,PlayStation 4
12636,macOS
12636,Linux
40468,PC
40468,Nintendo Switch
40468,PlayStation 4
40468,PS Vita
40468,Xbox One
20523,PC
19672,PC
19672,Nintendo DS
19672,Wii U
19672,Wii
19672,Xbox 360
19672,PlayStation 2
19672,Game Boy Advance
23263,PlayStation 4
23263,PC
23263,Xbox One
23263,Nintendo Switch
16293,PC
10720,macOS
10720,PC
10720,Linux
50228,PC
299569,iOS
299569,Nintendo Switch
299569,PC
299569,macOS
299569,Linux
299569,Xbox One
299569,PlayStation 4
622495,Nintendo Switch
18288,PC
60037,PlayStation 4
60037,Nintendo Switch
60037,Xbox One
60037,PC
281880,Xbox One
281880,iOS
281880,PlayStation 4
281880,Nintendo Switch
281880,macOS
281880,Linux
281880,PC
10751,PC
16465,PC
16296,PC
16111,PC
46502,PlayStation 4
46502,PC
46502,Nintendo Switch
20168,macOS
20168,PC
1099,PlayStation 4
1099,PC
315987,PlayStation 4
315987,Nintendo Switch
315987,macOS
315987,PC
315987,iOS
315987,Xbox One
1412,iOS
1412,macOS
1412,PC
14881,PC
14881,macOS
14881,Linux
20803,Nintendo Switch
20803,macOS
20803,Linux
20803,PC
316936,PC
316936,PlayStation 4
316936,Xbox One
316936,macOS
31542,Commodore / Amiga
31542,Atari ST
31542,Classic Macintosh
31542,PC
31542,macOS
31542,Linux
262433,Xbox One
262433,PlayStation 4
262433,PC
40,PlayStation 4
40,PC
40,iOS
40,macOS
4468,PlayStation 3
4468,PlayStation 2
4468,PlayStation 4
4468,PS Vita
53456,Game Boy Advance
53456,macOS
53456,Xbox
53456,PC
16453,PC
19637,PC
19637,PlayStation 2
19637,Xbox
48987,PC
14018,PC
14018,Xbox 360
576497,PC
576497,macOS
370204,Nintendo Switch
370204,iOS
370204,PC
620042,Xbox Series S/X
620042,Nintendo Switch
620042,macOS
620042,PC
620042,Xbox One
28024,Nintendo Switch
17788,PC
44839,PC
44839,macOS
44839,Linux
44839,PlayStation 4
44839,Xbox One
20379,PC
452648,PlayStation 5
11946,Nintendo Switch
11946,macOS
11946,PC
11946,Linux
316910,Xbox One
316910,Nintendo Switch
316910,PC
316910,PlayStation 4
1091,iOS
1091,macOS
1091,PC
1091,Android
1081,PlayStation 4
1081,PC
17790,PC
61725,PC
61725,Xbox One
49631,PC
384557,PC
384557,Nintendo Switch
46480,Xbox One
46480,PlayStation 4
46480,Nintendo Switch
46480,PC
330615,Nintendo DS
9838,PC
7016,macOS
7016,iOS
7016,Android
7016,PC
7016,Linux
4307,Xbox 360
4307,PlayStation 3
4307,PC
10057,PC
51854,Linux
51854,macOS
51854,PC
12908,PC
7190,iOS
7190,PC
213624,Nintendo Switch
213624,PC
15958,Linux
15958,macOS
15958,PC
15958,iOS
15958,PlayStation 4
28207,Xbox 360
28207,PC
28207,PlayStation 3
36777,PC
36777,Xbox One
36777,PlayStation 2
36777,Xbox 360
970321,PC
400298,PlayStation 3
400298,Xbox 360
216364,PC
15164,PC
20964,PC
2222,Xbox One
2222,PlayStation 4
2222,PC
3980,PlayStation 3
3980,PC
16266,GameCube
16266,Xbox
16266,PlayStation 2
16266,PC
50580,Nintendo Switch
50580,macOS
50580,PC
45827,PlayStation 4
45827,Xbox One
45827,Nintendo Switch
45827,iOS
45827,PC
349870,PC
5665,PlayStation 3
5665,Xbox 360
5665,PC
9607,PC
17929,macOS
17929,PC
14356,PC
14803,PC
22413,PC
10435,macOS
10435,PC
22641,Linux
22641,macOS
22641,PC
59184,PlayStation 2
21823,PC
21823,macOS
21823,Linux
2496,PlayStation 4
2496,Xbox One
2496,iOS
2496,macOS
2496,PC
14011,iOS
14011,PC
14011,macOS
14011,Xbox 360
14100,PC
14100,Linux
343595,PlayStation 3
343595,PC
343595,Xbox 360
343595,Xbox One
343595,Dreamcast
17922,PlayStation 4
17922,Linux
17922,macOS
17922,PC
17922,PS Vita
17922,Nintendo Switch
3731,Xbox One
3731,Xbox 360
3731,PlayStation 2
3731,PlayStation 3
3731,Wii
51175,Atari ST
51175,Classic Macintosh
51175,Apple II
51175,Commodore / Amiga
51175,PC
475071,PC
20426,Xbox One
20426,Wii U
20426,PlayStation 4
20426,PS Vita
20426,Nintendo Switch
20426,macOS
20426,PC
20426,Linux
51327,Xbox One
51327,PC
51327,Nintendo Switch
51327,PlayStation 4
327209,macOS
327209,PC
530497,PC
530497,PlayStation 5
530497,Xbox One
530497,PlayStation 4
530497,Xbox Series S/X
11212,macOS
11212,PC
11212,Linux
11212,Xbox One
791,Xbox One
791,PlayStation 4
791,Nintendo Switch
791,PC
19769,PC
11387,PlayStation 3
11387,Xbox 360
11387,PC
11387,Xbox One
3830,PS Vita
22651,PC
53239,Genesis
53239,Commodore / Amiga
53239,Game Gear
53239,NES
53239,Game Boy
53239,macOS
53239,PC
14435,macOS
14435,PC
14435,Linux
24072,Nintendo Switch
24072,Wii U
24072,Wii
24072,Game Boy Advance
24072,Nintendo 3DS
24072,NES
13792,PC
366889,PC
366889,Xbox One
366889,PlayStation 4
37898,PC
37898,PlayStation 2
37898,PlayStation 3
37898,Xbox 360
486727,PlayStation 5
486727,Xbox Series S/X
486727,PC
486727,Nintendo Switch
486727,PlayStation 4
486727,Xbox One
2796,PC
2796,PlayStation 4
2796,Nintendo Switch
2796,Xbox One
16116,PC
16116,macOS
16116,Linux
19278,PC
19278,Linux
22475,PC
840,PC
840,PS Vita
840,iOS
840,Nintendo Switch
840,PlayStation 3
840,PlayStation 4
311644,macOS
311644,PC
311644,Nintendo Switch
532482,PC
532482,Android
532482,iOS
614961,PC
614961,Nintendo Switch
614961,Xbox One
614961,Xbox Series S/X
60594,Nintendo Switch
60594,Xbox One
60594,PlayStation 4
60594,PlayStation 5
60594,PC
635386,PC
635386,macOS
14417,macOS
14417,PC
14417,Linux
9998,PC
9998,macOS
9998,Linux
14354,PC
560792,PC
10613,Nintendo Switch
10613,Linux
10613,macOS
10613,PC
10613,PlayStation 4
19268,PC
61717,PlayStation 4
61717,Xbox One
61717,iOS
61717,PC
20418,macOS
20418,PC
20418,Linux
16917,macOS
16917,PC
16917,Linux
79210,PC
79210,Linux
79210,macOS
79210,iOS
474,Xbox One
474,macOS
474,PlayStation 4
474,Nintendo Switch
474,PC
10376,Linux
10376,Xbox 360
10376,PC
12914,PC
607,PS Vita
607,PlayStation 4
607,Xbox 360
607,PC
607,Wii U
607,Xbox One
607,PlayStation 3
607,Nintendo Switch
14485,Linux
14485,macOS
14485,PC
21958,PlayStation 4
21958,PlayStation 3
28570,Xbox 360
28570,Xbox One
20227,PC
20114,PC
10612,PlayStation 4
10612,macOS
10612,PC
10612,Linux
19104,macOS
19104,PC
7229,Xbox One
7229,PlayStation 4
7229,Nintendo Switch
7229,Linux
7229,Android
7229,macOS
7229,PC
308092,PlayStation 4
308092,Nintendo Switch
308092,PC
308092,Xbox One
21054,PC
319138,PC
319138,Xbox One
319138,Nintendo Switch
319138,PlayStation 4
51328,Xbox One
51328,PlayStation 4
51328,PC
15381,macOS
15381,PlayStation 4
15381,PC
16828,PC
16828,Xbox One
16828,PlayStation 4
9932,Nintendo Switch
9932,PC
17257,Nintendo Switch
17257,PC
17257,macOS
17952,macOS
17952,Android
17952,PC
17952,Linux
17952,iOS
25142,Wii
25142,PlayStation 2
25142,PC
25142,PlayStation 3
25142,Xbox 360
25142,PSP
11502,PC
11502,macOS
11502,Linux
4957,PlayStation
4957,macOS
4957,PC
20332,PC
61889,PC
51573,Xbox One
51573,PlayStation 4
51573,PC
35020,Xbox
35020,PC
35020,PlayStation 2
2096,Xbox One
2096,PlayStation 4
2096,PlayStation 3
2096,Xbox 360
2096,PC
22852,PC
22852,macOS
22852,iOS
22014,PlayStation 4
22014,PC
22014,Xbox One
17946,Xbox 360
17946,PC
18740,PC
46602,macOS
46602,PC
46602,iOS
10107,Linux
10107,macOS
10107,PC
4859,PC
4859,PSP
19708,PC
15491,PC
15491,Linux
15491,macOS
9529,PlayStation 4
9529,macOS
9529,PC
19732,Linux
19732,macOS
19732,PC
12146,Xbox One
12146,PlayStation 4
12146,Nintendo Switch
12146,PC
12146,Linux
12146,macOS
9441,PlayStation 4
9441,PC
2258,Android
2258,PS Vita
2258,PlayStation 4
2258,PlayStation 3
2258,Nintendo DS
2258,Nintendo 3DS
2258,Nintendo Switch
2258,Linux
2258,macOS
2258,PC
2258,Xbox One
2258,iOS
2258,Wii
487916,Nintendo Switch
104,Xbox One
104,PlayStation 4
104,macOS
104,PC
104,Linux
16850,PC
16850,macOS
5644,Xbox 360
5644,PlayStation 2
5644,Wii
5644,PlayStation 3
16308,PC
16308,Nintendo Switch
16308,Xbox One
16308,PlayStation 4
20333,PC
51507,iOS
51507,macOS
51507,Nintendo Switch
51507,Xbox One
51507,PlayStation 4
51507,PC
18418,PC
43753,Nintendo Switch
5512,PlayStation 3
5512,Xbox 360
52371,GameCube
44,PlayStation 4
44,Xbox One
44,PC
42370,PC
42370,PlayStation 3
42370,PlayStation 5
42370,PlayStation 4
42370,Xbox One
42370,Xbox Series S/X
16849,PC
16849,macOS
16849,Linux
10552,macOS
10552,PC
10552,Linux
13852,iOS
13852,Linux
13852,macOS
13852,Android
13852,PC
563395,PC
19522,macOS
19522,PC
22019,Nintendo Switch
22019,iOS
22019,Linux
22019,PC
22019,macOS
22019,Android
16725,PC
16725,Linux
16725,macOS
16726,PC
619806,Xbox One
619806,Nintendo Switch
619806,PlayStation 4
619806,Xbox Series S/X
619806,PlayStation 5
619806,PC
18716,PC
5651,PlayStation 3
5651,Xbox 360
6298,Android
6298,macOS
6298,Linux
6298,PC
6298,iOS
13276,Android
13276,iOS
13276,PC
18608,PC
19006,Android
19006,iOS
19006,Web
19006,Nintendo Switch
19006,macOS
19006,PC
19006,Linux
9673,PlayStation 4
9673,Nintendo Switch
9673,macOS
9673,Linux
9673,PC
802000,macOS
802000,PC
802000,Xbox Series S/X
802000,Android
802000,iOS
367081,PC
45545,PC
45545,Nintendo Switch
45545,PlayStation 4
58086,PlayStation 4
58086,Nintendo Switch
58086,macOS
58086,Xbox One
58086,PC
427787,PC
427787,Android
427787,iOS
14337,macOS
14337,Linux
14337,PC
2881,Xbox One
2881,PC
2881,PlayStation 4
38482,Xbox 360
38482,PC
38482,PlayStation 3
387232,PlayStation 4
387232,Xbox One
387232,Nintendo Switch
387232,PC
16106,macOS
16106,PC
16106,Linux
14796,Xbox One
14796,PlayStation 4
14796,Nintendo Switch
14796,PC
14796,macOS
10668,Nintendo Switch
10668,PlayStation 4
10668,Xbox One
10668,PC
17534,PC
387309,PC
21586,PC
817970,PC
21691,PC
9555,PC
804753,PC
804753,PlayStation 5
804753,Xbox Series S/X
19602,PC
56088,PlayStation 2
56088,GameCube
56088,PC
16613,PC
16613,PlayStation 4
16613,Nintendo Switch
36999,PlayStation 4
36999,PC
22704,GameCube
22704,Xbox
22704,Classic Macintosh
22704,PC
22704,PlayStation 2
5571,Xbox 360
5571,PC
5571,PlayStation 3
18615,PC
10047,macOS
10047,PC
15335,PC
29204,PlayStation 4
9324,Nintendo Switch
9324,Xbox One
9324,PlayStation 4
9324,Linux
9324,iOS
9324,macOS
9324,PC
14701,PC
864991,Android
864991,iOS
864991,PC
56222,GameCube
18654,PC
19520,PC
19520,PlayStation 3
19520,Xbox 360
19520,Xbox One
15404,PC
15404,PS Vita
9931,PC
20017,Linux
20017,macOS
20017,PC
20589,macOS
20589,PC
20589,Linux
613490,PC
484828,Nintendo Switch
484828,macOS
484828,PC
484828,iOS
484828,Android
787607,PC
14019,PC
14019,Xbox 360
10791,Linux
10791,PC
10791,macOS
22394,PC
165,Android
165,Xbox One
165,Nintendo Switch
165,PC
165,iOS
165,macOS
10095,Xbox One
10095,PC
10095,macOS
10095,Linux
10095,Nintendo Switch
10095,PlayStation 4
20906,PC
2476,iOS
2476,PS Vita
2476,PlayStation 4
2476,macOS
2476,PC
2476,Linux
2476,Android
7452,iOS
7452,PC
7452,macOS
7452,Linux
20660,Linux
20660,macOS
20660,PC
20736,Linux
20736,Wii U
20736,macOS
20736,PC
586208,Xbox Series S/X
586208,PlayStation 5
586208,PlayStation 4
586208,PC
586208,Xbox One
61622,PC
61622,macOS
19555,PC
19555,macOS
18045,PC
301573,Web
301573,PlayStation 4
301573,Xbox One
301573,PC
20813,PlayStation 3
20813,Xbox 360
20813,PC
12356,Android
12356,PC
12356,macOS
22918,PlayStation
22918,PC
398402,PC
398402,PlayStation 4
398402,PlayStation 5
398402,Xbox One
398402,Xbox Series S/X
2309,PS Vita
2309,PlayStation 4
22416,PC
64173,Nintendo Switch
64173,macOS
64173,Xbox One
64173,PlayStation 4
64173,Linux
64173,PC
622,PC
622,PlayStation 3
622,Xbox One
622,Xbox 360
622,PS Vita
622,Android
622,iOS
23973,Nintendo 3DS
6588,iOS
6588,PC
6588,Linux
6588,macOS
264758,Xbox One
264758,Nintendo Switch
264758,PlayStation 4
264758,PC
20312,PC
20312,macOS
1425,PlayStation 4
1425,Nintendo Switch
1425,PC
1425,Linux
1425,macOS
3512,PS Vita
3512,Android
3512,PC
3512,macOS
14012,PC
17765,Linux
17765,macOS
17765,PC
19351,PC
20982,PC
20982,macOS
12772,PC
12772,PlayStation 4
12772,Xbox One
12772,Nintendo Switch
19547,macOS
19547,PC
3667,PC
3667,Xbox 360
3667,PlayStation 3
514899,PC
21820,PC
651,PSP
651,PlayStation 3
651,macOS
651,PC
651,Android
651,iOS
377825,Linux
377825,macOS
377825,PC
15954,PC
2138,iOS
2138,macOS
2138,PC
2138,Linux
13520,PC
17535,macOS
17535,PC
17535,Linux
4267,PlayStation 3
4267,Xbox 360
4267,PC
31759,SEGA Saturn
31759,Android
31759,PC
31759,iOS
31759,PlayStation
53432,3DO
53432,iOS
53432,Xbox 360
53432,SNES
53432,SEGA Saturn
53432,Genesis
10345,PC
11248,Xbox One
11248,Nintendo Switch
11248,PlayStation 4
11248,iOS
11248,PC
11248,macOS
11248,Android
1767,Android
1767,iOS
1767,PC
1767,macOS
51230,PC
22161,macOS
22161,Linux
22161,PC
42236,PlayStation 4
42236,PC
42236,Xbox One
353464,PC
9770,Xbox 360
9770,macOS
9770,PC
9770,Xbox One
9770,PlayStation 4
9770,PlayStation 5
9770,Wii
9770,PSP
9770,PlayStation 3
9770,PlayStation 2
9770,Nintendo DS
23313,PC
23313,Xbox One
23313,PlayStation 4
23313,Nintendo Switch
14402,PC
30525,PC
517399,Xbox One
517399,PlayStation 5
517399,PlayStation 4
517399,Xbox Series S/X
517399,Nintendo Switch
517399,PC
58501,PlayStation 4
58501,PC
15576,PC
15576,macOS
15576,Linux
3911,PlayStation 3
15235,PC
15235,macOS
15235,Linux
3579,Linux
3579,macOS
3579,PC
3579,Xbox One
3579,PlayStation 4
3579,Nintendo Switch
10519,Android
10519,iOS
10519,macOS
10519,PC
9502,macOS
9502,PC
20481,PC
9747,macOS
9747,PC
35985,Xbox
35985,PC
35985,PlayStation 2
12381,PC
3560,PC
3560,PlayStation 3
3560,PlayStation 4
3560,Xbox 360
3560,Xbox One
16766,PC
350126,PC
350126,macOS
350126,Xbox Series S/X
14724,PlayStation 4
14724,Xbox One
14724,Nintendo Switch
14724,Linux
14724,macOS
14724,PC
452647,Xbox One
452647,Nintendo Switch
452647,PC
452647,PlayStation 4
452647,Xbox Series S/X
452647,PlayStation 5
9501,PC
52390,Nintendo Switch
52390,PC
52390,macOS
28540,Xbox 360
28540,Xbox One
28540,PlayStation 3
491834,macOS
491834,PC
398405,PC
20154,macOS
20154,PC
20154,Linux
349515,PC
16149,PC
39141,PC
39141,PlayStation 3
13169,PC
332787,PC
332787,PlayStation 4
332787,PlayStation 5
332787,Xbox Series S/X
332787,Xbox One
51179,macOS
51179,PC
2408,PC
2408,Xbox One
2408,PlayStation 4
18846,PC
18846,macOS
17614,PC
17614,macOS
17614,Linux
14432,Linux
14432,macOS
14432,PC
12116,macOS
12116,PC
12116,Android
12116,iOS
18318,Xbox One
18318,PlayStation 4
18318,Nintendo Switch
18318,Linux
18318,macOS
18318,PC
552923,PC
552923,macOS
552923,Linux
18629,PC
32122,PC
32122,PlayStation
13285,PC
12530,Linux
12530,macOS
12530,PC
366865,Xbox Series S/X
366865,PlayStation 4
366865,PC
366865,Xbox One
960912,PC
17539,PC
600924,PC
600924,Xbox Series S/X
600924,Xbox One
600924,PlayStation 5
600924,PlayStation 4
20987,PC
18847,PC
19541,PC
254604,macOS
254604,PC
4409,PlayStation 3
4409,PC
4409,Xbox 360
12109,PC
473484,PlayStation 4
473484,Xbox One
473484,PC
473484,Nintendo Switch
12140,Xbox One
12140,Nintendo Switch
12140,PlayStation 4
12140,PC
12140,macOS
12140,Linux
936663,PC
936663,Android
16404,PC
22092,PlayStation 4
22092,Nintendo Switch
22092,Xbox One
22092,PC
22092,macOS
22092,Linux
38542,PC
38542,macOS
38542,iOS
17012,PC
17012,Linux
51124,iOS
51124,Nintendo Switch
51124,Android
51124,PlayStation 4
51124,PC
51124,Xbox One
28571,PC
28571,Xbox One
28571,Xbox 360
30744,PC
35325,PlayStation 2
35325,PSP
35325,Xbox
35325,GameCube
35325,Nintendo DS
35325,Game Boy Advance
35325,macOS
35325,PC
28075,Xbox One
28075,Nintendo Switch
28075,PC
28075,PlayStation 4
58807,iOS
58807,PC
58807,macOS
58807,Nintendo Switch
2532,Xbox One
2532,PlayStation 4
2532,PC
19454,PC
856178,PC
404481,Xbox One
404481,Xbox Series S/X
404481,PlayStation 5
404481,PlayStation 4
404481,PC
21151,PC
21538,PC
427780,PC
18632,PC
44064,PC
17095,macOS
17095,PC
616686,macOS
616686,PC
616686,PlayStation 5
616686,Nintendo Switch
616686,PlayStation 4
616686,Xbox Series S/X
616686,Xbox One
957,PS Vita
957,Nintendo 3DS
957,Xbox 360
957,Wii U
957,Wii
957,Android
957,PlayStation 3
957,PC
957,iOS
957,Nintendo DS
596,Xbox One
596,Xbox 360
596,PlayStation 4
4294,PlayStation 3
4294,PC
19810,PC
5137,Dreamcast
5137,GameCube
5137,PlayStation
5137,PC
46543,PC
650597,PlayStation 5
650597,Xbox Series S/X
650597,Nintendo Switch
650597,PC
650597,PlayStation 4
650597,Xbox One
41083,PC
16166,Linux
16166,macOS
16166,PC
19639,Xbox 360
19639,PC
16011,PC
514892,Linux
514892,macOS
514892,PC
868086,PC
868086,PlayStation 5
127659,PlayStation 2
261887,Xbox One
261887,PC
261887,Nintendo Switch
261887,PlayStation 4
261887,iOS
321226,Xbox One
321226,PC
321226,PlayStation 4
3087,Linux
3087,macOS
3087,PC
3087,iOS
57179,Wii
57179,Genesis
57179,Xbox 360
57179,PC
57179,GameCube
650598,PlayStation 5
650598,PC
650598,Nintendo Switch
650598,PlayStation 4
650598,Xbox Series S/X
650598,Xbox One
20128,PC
351827,Xbox One
351827,iOS
351827,Nintendo Switch
351827,PlayStation 4
351827,Android
17245,macOS
17245,PC
15725,PC
300737,PC
300737,Xbox One
370143,PC
370143,macOS
370143,Linux
324199,Linux
324199,PC
13288,PC
13288,macOS
13288,Linux
392306,PC
392306,Nintendo Switch
392306,iOS
392306,macOS
2869,Xbox One
2869,PlayStation 4
2869,PS Vita
2869,Nintendo Switch
2869,PC
2869,Linux
2869,macOS
10643,PC
22388,PC
1638,Web
1638,Android
1638,PS Vita
1638,PlayStation 4
1638,PlayStation 3
1638,Linux
1638,macOS
1638,PC
1638,iOS
28435,Xbox 360
28435,Xbox One
19681,PC
19681,Xbox 360
302857,Xbox One
302857,PC
302857,Nintendo Switch
302857,PlayStation 4
11389,macOS
11389,PC
3650,Linux
3650,macOS
3650,PC
3650,PS Vita
3650,PlayStation 3
3650,PlayStation 4
3650,Wii U
3650,Xbox 360
21068,PC
21068,macOS
16270,PC
28315,Xbox 360
249973,PC
49354,PlayStation 4
49354,Xbox One
49354,PC
49354,Nintendo Switch
51177,PC
17324,PC
1601,Xbox One
1601,PS Vita
1601,PlayStation 4
1601,Nintendo Switch
1601,macOS
1601,Linux
1601,PC
28515,PC
28515,Xbox 360
28515,PlayStation 3
430254,macOS
430254,PC
18263,PC
17449,Nintendo Switch
17449,macOS
17449,PC
2112,Xbox One
2112,PlayStation 4
2112,PC
2112,macOS
2112,Linux
2112,Android
3335,PlayStation 4
50372,PC
20984,PC
60670,PC
60670,macOS
60670,Linux
59356,Xbox One
59356,PlayStation 4
59356,PC
1347,PlayStation 4
1347,PC
1347,Xbox One
1347,PlayStation 3
1347,Xbox 360
13711,PC
16071,PC
20300,PC
20725,Xbox 360
20725,PC
59,Xbox One
59,PlayStation 4
59,Linux
59,PC
59,macOS
55775,NES
55775,Nintendo 3DS
55775,Wii U
55775,Wii
55775,Game Boy
21546,PC
19614,Xbox 360
19614,PC
19614,PlayStation 3
13972,PC
13972,macOS
13972,Linux
1253,Xbox One
1253,Linux
1253,PlayStation 4
1253,Nintendo Switch
1253,PC
1253,macOS
1253,iOS
17926,iOS
17926,PC
17926,Linux
17926,macOS
43624,Xbox One
43624,PC
43624,PlayStation 4
17528,PC
2820,Xbox One
2820,PlayStation 4
2820,PC
49788,PC
949,Android
949,Nintendo DS
949,Nintendo 3DS
949,Nintendo DSi
949,iOS
949,PC
9283,Nintendo Switch
9283,PlayStation 4
9283,Xbox One
9283,PC
9283,iOS
9283,Android
9283,macOS
47242,PC
47242,Linux
18742,PC
18742,iOS
484531,PC
795463,PC
667350,macOS
667350,Nintendo Switch
667350,PlayStation 4
667350,PC
14002,GameCube
14002,Xbox
14002,PC
14002,macOS
14002,PlayStation 2
11372,PC
19466,PC
9549,PC
9549,PlayStation
9422,Nintendo Switch
9422,Xbox One
9422,iOS
9422,PC
9422,PlayStation 4
9422,Android
19525,PC
45957,Genesis
45957,Commodore / Amiga
45957,SEGA CD
45957,SNES
45957,Game Gear
45957,SEGA Master System
45957,Classic Macintosh
45957,NES
45957,Nintendo 3DS
45957,iOS
45957,PC
45957,Apple II
45957,macOS
45957,Wii
45957,Game Boy
45957,Atari ST
45957,Game Boy Color
4538,PlayStation 3
5484,PlayStation 3
28447,Xbox 360
566660,PC
427620,PC
14551,PC
18112,Android
18112,PC
514900,PC
428072,PC
3862,PlayStation 3
3862,Xbox 360
3862,PC
18626,PC
17548,Nintendo Switch
17548,PC
17548,Linux
17548,macOS
19924,PC
17005,PlayStation 4
17005,PSP
17005,PlayStation 2
17005,Xbox 360
17005,Wii
17005,macOS
17005,PC
17005,iOS
17005,Nintendo Switch
17005,Nintendo DS
17005,PlayStation 3
13217,PC
283985,Xbox One
283985,PlayStation 4
283985,PC
18302,PlayStation 3
18302,Xbox 360
18302,PC
61767,Android
61767,iOS
61767,macOS
61767,PC
19289,PC
290897,Nintendo Switch
290897,PC
290897,Xbox One
290897,PlayStation 4
28437,Xbox 360
28437,Xbox One
28437,Nintendo 64
586199,PC
586199,PlayStation 5
58816,PlayStation 4
58816,Xbox One
58816,PC
58816,Nintendo Switch
6954,macOS
6954,PC
6954,iOS
6954,SEGA Saturn
6954,PlayStation
6954,Classic Macintosh
6954,Android
61332,PlayStation 4
61332,Nintendo Switch
61332,macOS
61332,PC
5621,PlayStation 3
5621,Xbox 360
17025,Xbox One
17025,Nintendo Switch
17025,PC
17025,Linux
17025,macOS
18798,PC
28021,Xbox One
28021,PlayStation 4
28021,Nintendo Switch
28021,PC
18144,PC
18144,Linux
18144,macOS
41457,PC
41457,macOS
11134,macOS
11134,PC
11134,Linux
59688,Linux
59688,PC
59688,macOS
20759,PC
20759,iOS
472,PC
472,PlayStation 4
472,Xbox One
19929,PC
17039,macOS
17039,PC
20123,PC
1816,PlayStation 4
1816,PC
43358,PlayStation 4
43358,PC
43358,PlayStation 3
43358,Xbox 360
13639,PlayStation 4
13639,Nintendo Switch
13639,macOS
13639,PC
13639,Linux
13639,iOS
292817,Xbox Series S/X
292817,PlayStation 5
292817,PC
292817,PlayStation 4
10367,PC
763608,macOS
763608,PC
20032,Linux
20032,macOS
20032,PC
20032,iOS
3820,PlayStation 3
14468,PC
388943,Android
388943,PlayStation 4
388943,Nintendo Switch
388943,PC
388943,Xbox One
20805,PC
20805,macOS
20805,Linux
13020,macOS
13020,PC
16130,PC
20971,PC
20971,PlayStation 2
20971,Xbox
20969,PC
17120,macOS
17120,Linux
17120,PC
3540,PlayStation 3
3540,PlayStation 4
3540,Xbox One
3540,Xbox 360
3540,PC
20874,PC
16692,PC
402508,PlayStation 5
402508,PlayStation 4
402508,PC
402508,Nintendo Switch
402508,Xbox Series S/X
402508,Xbox One
19481,PC
23060,PlayStation 3
23060,PC
23060,macOS
59261,PC
59261,Xbox One
59261,Nintendo Switch
59261,PlayStation 4
43832,Linux
43832,Nintendo Switch
43832,PC
43832,macOS
17602,PC
17602,Linux
17602,macOS
23292,PC
23292,macOS
23292,Linux
13734,PC
350787,Nintendo Switch
350787,PlayStation 4
350787,Xbox One
350787,PC
350787,macOS
648,PlayStation 4
648,PC
683246,PC
367194,PC
367194,PlayStation 4
367194,Xbox One
367194,Nintendo Switch
29324,Nintendo Switch
29324,iOS
29324,PlayStation 4
29324,PC
29324,macOS
28533,Xbox 360
28533,Xbox One
44328,PC
44328,macOS
19407,macOS
19407,Linux
19407,PC
17248,PC
4476,PS Vita
19294,Wii U
19294,Nintendo Switch
19294,PC
19294,Nintendo 3DS
2942,PS Vita
2942,PlayStation 4
2942,PlayStation 3
2942,PC
3954,PlayStation 3
3954,PS Vita
3954,iOS
61073,Nintendo Switch
61073,Xbox One
61073,PC
7695,Linux
7695,Nintendo Switch
7695,macOS
7695,PC
7695,Android
7695,iOS
17202,PC
4632,PC
4632,PlayStation 3
11814,iOS
11814,Linux
11814,Android
11814,macOS
11814,PC
32575,iOS
32575,Game Boy Advance
32575,PlayStation
32575,Game Boy Color
32575,Classic Macintosh
32575,PC
32575,Nintendo 64
32575,Dreamcast
1352,PlayStation 4
1352,Nintendo Switch
1352,PC
10660,PC
484718,Xbox One
484718,Nintendo Switch
484718,PlayStation 4
484718,PC
801623,PC
801623,PlayStation 4
801623,Nintendo Switch
801623,Xbox Series S/X
801623,Xbox One
462688,PlayStation 5
462688,Xbox Series S/X
462688,PC
17339,macOS
17339,PC
17339,Linux
9936,Nintendo Switch
9936,Xbox One
9936,macOS
9936,PlayStation 4
9936,PC
19716,macOS
19716,PC
15923,PC
19740,PC
834,Xbox One
834,PlayStation 4
834,Nintendo Switch
834,PC
834,Android
834,iOS
834,macOS
17731,PC
380786,iOS
380786,PC
380786,macOS
380786,Linux
16563,Nintendo Switch
16563,iOS
16563,Android
16563,PC
631942,PC
631942,PlayStation 5
631942,Xbox Series S/X
692669,PC
692669,Nintendo Switch
60586,Linux
60586,macOS
60586,PC
15855,Nintendo 64
15855,PC
10168,PC
17640,PC
286485,Nintendo Switch
286485,iOS
286485,PC
286485,macOS
286485,Linux
23300,Linux
23300,macOS
23300,PC
6446,Wii U
6446,Nintendo 3DS
6446,PS Vita
6446,iOS
6446,PC
53762,NES
19754,PC
490752,PC
490752,Xbox One
490752,PlayStation 4
490752,Xbox Series S/X
490752,PlayStation 5
4247,Xbox 360
4247,PlayStation 3
18702,PC
527422,PC
20003,PC
19404,PC
270769,PC
27102,Nintendo 3DS
49284,Linux
49284,PC
58607,Nintendo Switch
58607,Xbox One
58607,Android
58607,Linux
58607,iOS
58607,PC
19490,PC
19490,PlayStation 2
19490,Xbox
7090,macOS
7090,iOS
7090,PC
7090,Linux
301516,Linux
301516,macOS
301516,PC
10363,PC
14267,macOS
14267,PC
14267,Linux
14267,iOS
21308,PC
11682,PC
11682,macOS
11682,Linux
17835,PC
21687,PC
487911,PC
487911,PlayStation 4
487911,Xbox One
41336,PC
538,Wii U
538,PC
538,PlayStation 4
538,PS Vita
538,PlayStation 3
538,iOS
538,macOS
538,Linux
28554,Xbox
28554,PlayStation 2
28554,Xbox 360
28554,Xbox One
678660,PC
678660,Nintendo Switch
11748,PC
11748,iOS
11748,macOS
15362,PC
15362,Nintendo Switch
15362,PlayStation 4
3611,Wii U
3611,PS Vita
3611,Linux
3611,macOS
3611,PC
4188,PSP
4188,PlayStation 3
4188,Xbox 360
4188,PC
4188,Nintendo DS
370260,macOS
370260,PC
573277,macOS
573277,PC
573277,Xbox Series S/X
3200,Android
3200,PC
3200,Nintendo Switch
3200,iOS
3200,PSP
3200,PS Vita
51383,PlayStation 4
51383,Nintendo Switch
51383,Xbox One
51383,PC
4219,Xbox 360
4219,PlayStation 3
4219,PC
471028,PC
471028,Xbox Series S/X
471028,Xbox One
17752,PC
593228,PC
593228,Nintendo Switch
593228,PlayStation 4
593228,Xbox One
45644,iOS
45644,Nintendo Switch
45644,PC
45644,macOS
3118,Xbox One
3118,PC
3118,PlayStation 4
16402,macOS
16402,PC
1520,Xbox One
1520,PlayStation 4
1520,PC
1520,Linux
1520,macOS
5511,PlayStation 3
5511,Xbox 360
242,macOS
242,Android
242,PC
242,iOS
14305,PC
19648,PC
19648,Xbox 360
19648,PlayStation 3
13654,macOS
13654,PC
13654,Linux
306082,macOS
306082,PC
20331,PC
12059,macOS
12059,PC
545029,PC
545029,Xbox One
545029,PlayStation 4
545029,Xbox Series S/X
545029,PlayStation 5
51079,Xbox One
51079,PC
51079,Xbox Series S/X
37907,PC
4888,PC
4888,PlayStation 3
4888,macOS
4888,Xbox 360
17549,PC
17549,Linux
17549,Xbox One
17549,PlayStation 4
17549,Nintendo Switch
17549,macOS
4145,PlayStation 3
7335,Xbox One
7335,PC
16060,macOS
16060,PC
782340,Linux
782340,macOS
782340,PC
19731,macOS
19731,PC
19731,Linux
46801,PC
10158,Xbox
10158,PC
10158,Wii
10158,PlayStation 2
6842,PlayStation 4
6842,Nintendo Switch
6842,PC
6842,Linux
6842,Xbox One
6842,macOS
28520,Xbox One
28520,Xbox 360
17035,PlayStation 4
17035,Xbox One
17035,PC
17035,macOS
12839,PC
10902,PC
32330,PC
32330,Wii
19493,Linux
19493,macOS
19493,PC
3833,PlayStation 3
3833,Xbox One
3833,Xbox 360
3833,PC
10110,PlayStation 4
10110,Xbox One
10110,PC
3464,PlayStation 4
3464,PS Vita
3464,macOS
3464,PC
3464,Linux
38805,PC
38805,Wii
2283,iOS
2283,macOS
2283,Linux
2283,Android
2283,PC
20239,PC
2974,PlayStation 4
2974,Xbox One
2974,Nintendo Switch
2974,PC
2974,macOS
264764,PC
447825,Xbox One
447825,PlayStation 4
447825,Xbox Series S/X
447825,PlayStation 5
447825,PC
10417,macOS
10417,PC
10417,iOS
10417,Android
24761,Wii
56123,Wii
56123,GameCube
38931,PC
38931,Wii
12076,macOS
12076,PC
12076,Linux
39093,PC
39093,Wii
528689,PC
881537,Android
881537,iOS
881537,PC
44057,PlayStation 4
44057,PC
18631,PC
49790,PC
49790,macOS
49790,Linux
14550,PC
16454,PC
14772,Xbox One
14772,PC
14772,macOS
14772,Nintendo Switch
14772,PlayStation 4
20895,PC
58948,PC
12300,Linux
12300,macOS
12300,PC
12300,iOS
800,PS Vita
800,PlayStation 4
800,Wii U
800,PC
21166,Linux
21166,macOS
21166,PC
14922,PC
2356,PlayStation 3
2356,PlayStation 4
2356,PS Vita
19605,PC
16555,PC
16739,PC
52623,Atari 2600
52623,Atari ST
52623,NES
52623,SNES
52623,Commodore / Amiga
52623,Genesis
52623,Game Boy
5561,iOS
5561,PC
5561,Nintendo 3DS
5561,Xbox 360
5561,PlayStation 3
5561,PS Vita
11819,PC
8000,macOS
8000,PC
8000,Android
8000,iOS
20112,macOS
20112,PC
20112,Linux
20661,PC
9820,Nintendo Switch
9820,Xbox One
9820,PlayStation 4
9820,PC
12291,PC
12291,Linux
12291,macOS
51176,PC
51176,Commodore / Amiga
899,PlayStation 3
899,Nintendo Switch
899,PlayStation 4
899,PC
10872,PlayStation 5
10872,PlayStation 4
10872,Xbox One
10872,Xbox Series S/X
10872,Nintendo Switch
10872,PC
19702,PC
4499,PlayStation 3
1660,iOS
1660,macOS
1660,PC
1660,Linux
1660,Android
12748,PC
51174,PC
51174,Commodore / Amiga
29170,PC
29170,PlayStation 4
943,Xbox One
943,iOS
943,PC
943,macOS
943,PlayStation 4
455599,Xbox One
455599,PlayStation 4
455599,PC
505871,PlayStation 4
505871,Xbox One
505871,Nintendo Switch
505871,Android
505871,iOS
505871,PC
505871,macOS
505871,Linux
19188,PC
21876,PC
51431,Android
51431,iOS
51431,PC
11077,PC
14288,PC
14288,macOS
14288,Linux
18858,PC
41012,PC
20357,PC
20357,macOS
20357,Linux
4036,PlayStation 3
4036,PC
4036,Xbox 360
17744,PC
17744,Xbox
40214,PC
40214,PlayStation 2
40214,PlayStation 3
40214,Wii
40214,Xbox 360
20236,PC
17685,PC
17799,PC
22024,Nintendo Switch
22024,Android
22024,iOS
22024,PC
2949,PlayStation 4
2949,PlayStation 3
2949,Nintendo Switch
2949,PC
2949,Linux
2949,macOS
8764,Nintendo 3DS
8764,PC
8764,macOS
8764,Android
8764,iOS
13892,PC
981,PlayStation 4
981,Xbox One
981,Linux
981,PC
3565,PS Vita
3565,PlayStation 4
3565,macOS
3565,PC
3565,Linux
258363,PC
18294,PC
368145,Android
368145,Linux
368145,macOS
368145,PC
47613,Nintendo Switch
47613,Xbox One
47613,PC
47613,PlayStation 4
6929,iOS
6929,PC
6929,Xbox One
6929,Nintendo Switch
6929,PlayStation 4
6929,Linux
6929,macOS
6929,Android
16827,PC
19742,PC
19658,PC
25173,Nintendo 3DS
25173,Wii
25173,Nintendo Switch
25173,NES
25173,SNES
25173,Wii U
4026,PS Vita
428053,Xbox One
428053,Xbox Series S/X
428053,PC
428053,macOS
428053,Linux
10116,PlayStation 2
10116,PC
27975,Wii U
19163,PC
19163,macOS
19163,Dreamcast
19163,PlayStation
19163,Classic Macintosh
19163,Nintendo 64
55526,Commodore / Amiga
55526,Classic Macintosh
55526,PC
15728,PC
8595,iOS
8595,Linux
8595,PC
8595,macOS
25856,Nintendo DS
12240,PC
12240,macOS
25414,Wii
15032,PC
484912,PlayStation 5
484912,Xbox Series S/X
484912,PlayStation 4
484912,Nintendo Switch
484912,PC
484912,Xbox One
21561,PC
58725,Xbox One
58725,PlayStation 4
58725,PC
17198,PC
20321,PC
19218,PC
5675,Wii
5675,Xbox 360
5675,PlayStation 3
17167,PC
530503,macOS
530503,PC
530503,Nintendo Switch
530503,Xbox Series S/X
530503,Xbox One
530503,PlayStation 4
530503,PlayStation 5
530503,iOS
19041,PC
19041,macOS
261316,PlayStation 4
4435,PS Vita
4435,PlayStation 3
11342,PC
461649,PC
461649,PlayStation 4
461649,Xbox One
23754,Xbox One
23754,PC
23754,Nintendo 3DS
23754,Wii U
23754,Xbox 360
23754,PlayStation 3
23754,PlayStation 4
264721,PC
264721,Xbox One
264721,PlayStation 4
736427,PC
677165,PC
677165,PlayStation 5
677165,Xbox Series S/X
12668,PC
12668,PS Vita
12869,PC
14560,PC
14068,macOS
14068,iOS
14068,Android
14068,PC
14068,Linux
13875,PC
15896,macOS
15896,PC
15896,Android
59142,Xbox
59142,PlayStation 4
59142,Nintendo Switch
59142,PC
59142,Xbox One
59142,PlayStation 2
16747,PC
5541,PC
5541,PlayStation 2
5541,Xbox One
5541,Nintendo Switch
5541,Xbox 360
5541,PlayStation 3
5541,PlayStation 4
366852,PlayStation 4
366852,PlayStation 5
366852,Xbox Series S/X
366852,Xbox One
366852,Nintendo Switch
366852,PC
327244,Nintendo Switch
327244,PC
327244,iOS
327244,PlayStation 4
44725,macOS
44725,Nintendo Switch
44725,PC
44725,Linux
11448,PC
11448,macOS
67623,Android
67623,PC
67623,iOS
6240,iOS
6240,Linux
6240,PC
6240,macOS
20492,Linux
20492,macOS
20492,PC
28218,Xbox 360
11829,PC
52037,Linux
52037,macOS
52037,PC
364801,Xbox 360
364801,PlayStation 3
19518,Xbox 360
19518,PC
19518,Xbox One
275,Xbox One
275,PlayStation 4
275,iOS
275,Android
275,macOS
275,PC
275,Linux
17522,PC
18905,iOS
18905,macOS
18905,Nintendo Switch
18905,PC
18905,PlayStation 4
18905,Xbox One
2771,PC
2771,iOS
2771,Linux
2771,macOS
10935,PC
3188,PC
3188,PS Vita
702341,Linux
702341,PC
23768,Nintendo 3DS
16959,PC
16959,macOS
16959,Linux
11547,macOS
11547,PC
11547,Linux
27976,Wii U
16415,Android
21319,PC
14026,macOS
14026,PC
244879,PlayStation 4
762618,iOS
762618,PlayStation 5
762618,Xbox Series S/X
762618,macOS
762618,PC
762618,Android
762618,Linux
762618,Nintendo Switch
1812,Xbox One
1812,PlayStation 4
1812,PC
1812,Linux
1812,macOS
891238,PC
244698,PC
244698,PlayStation 4
244698,iOS
244698,Nintendo Switch
244698,Android
41656,PC
41656,Android
41656,iOS
39465,PlayStation 3
39465,PC
39465,Xbox 360
59624,PlayStation 4
59624,Xbox One
59624,Nintendo Switch
59624,PC
12743,PlayStation 4
12743,Xbox One
12743,PC
12743,iOS
2977,PlayStation 3
2977,PlayStation 4
12384,PC
3505,PlayStation 4
3505,PS Vita
3505,PC
11713,PC
426094,Nintendo Switch
426094,PC
426094,PlayStation 4
426094,Xbox One
44762,PlayStation 4
44762,Android
19526,PC
13271,macOS
13271,PC
20930,PC
2586,Xbox One
2586,PlayStation 4
2586,Nintendo Switch
2586,PC
2586,macOS
52181,PC
52181,PlayStation 5
52181,Xbox Series S/X
52181,PlayStation 4
52181,Nintendo Switch
52181,Xbox One
15761,PC
16847,PC
21357,macOS
21357,PC
22437,PC
9700,PlayStation 4
9700,PC
638655,Xbox One
638655,PlayStation 4
638655,Xbox Series S/X
638655,PC
638655,PlayStation 5
21359,PC
21359,macOS
3985,Wii U
3985,PlayStation 3
3985,Xbox 360
3985,PC
3985,Xbox One
28159,Nintendo Switch
28159,PlayStation 4
28159,Xbox One
28159,Linux
28159,iOS
28159,PC
28159,macOS
28159,Android
21658,PC
21658,Linux
21658,macOS
24673,Wii
24673,PC
24673,Nintendo DS
24673,Xbox 360
24673,PlayStation 2
24673,PlayStation 3
801638,PlayStation 5
801638,Xbox Series S/X
801638,PC
801638,PlayStation 4
801638,Xbox One
21925,PlayStation 4
384521,PC
384521,macOS
24981,Xbox
24981,Game Boy Advance
24981,PSP
24981,PlayStation 2
24981,Xbox 360
24981,Nintendo DS
24981,PC
24981,GameCube
309763,PC
26472,Nintendo DS
26472,PC
26472,PlayStation 3
26472,Wii
26472,Xbox 360
14285,PC
14285,macOS
14285,Linux
54435,Wii U
54435,Wii
54435,Nintendo 64
18286,PC
579,iOS
579,Android
452633,PlayStation 4
452633,PlayStation 5
20298,PC
15019,macOS
15019,PC
15019,Linux
22817,PC
58826,Nintendo Switch
21400,Linux
21400,macOS
21400,PC
21400,Wii
21400,Game Boy Advance
21400,PlayStation
21400,SNES
21400,SEGA Saturn
21400,Genesis
19391,PC
14406,PC
14406,Nintendo Switch
20192,PC
13163,PC
3389,Xbox One
3389,Nintendo Switch
3389,PlayStation 3
3389,PlayStation 4
3389,PS Vita
3389,macOS
3389,PC
3389,Android
3389,iOS
5873,PC
5873,iOS
5873,macOS
5873,Linux
521,Xbox One
521,Nintendo 3DS
521,Wii U
521,Nintendo Switch
521,PlayStation 4
521,macOS
521,PC
521,Linux
521,iOS
1111,PlayStation 4
1111,Xbox One
1111,PC
50198,PC
50198,Nintendo Switch
50198,PlayStation 4
14274,Wii
14274,PC
13496,PC
13496,Xbox One
13496,Nintendo Switch
13496,PlayStation 4
14022,PC
27978,Nintendo Switch
27978,Wii U
290066,PC
371831,Nintendo Switch
9643,PC
4,Xbox One
4,PlayStation 4
4,PC
4,Linux
4,Android
4,macOS
4,iOS
35573,PC
35573,GameCube
35573,Xbox
35573,PlayStation 2
58334,PlayStation 4
58334,Xbox One
58334,Nintendo Switch
58334,PC
17863,PC
27953,Nintendo 3DS
20132,PlayStation 4
20132,Xbox One
20132,Nintendo Switch
20132,macOS
20132,PC
20132,Linux
10444,PC
9558,PC
16138,Xbox One
16138,PlayStation 4
16138,Nintendo Switch
16138,macOS
16138,Linux
16138,PC
12417,PC
15090,PC
15090,Linux
15090,macOS
2527,Xbox One
2527,PlayStation 4
2527,PC
494379,PC
494379,PlayStation 5
494379,Xbox Series S/X
619533,PC
619533,Nintendo Switch
619533,Xbox Series S/X
619533,PlayStation 4
619533,Xbox One
619533,PlayStation 5
18395,Linux
18395,PC
26293,SEGA Saturn
26293,Wii
26293,Genesis
26293,PlayStation 3
26293,PC
26293,PlayStation 2
26293,Xbox
26293,GameCube
26293,Xbox 360
21533,PC
812,PC
812,Android
812,macOS
812,iOS
10103,Linux
10103,macOS
10103,PC
15306,PC
15306,macOS
15306,Linux
61735,PC
61735,Xbox One
17122,PC
2366,Xbox One
2366,PlayStation 4
2366,Wii U
2366,PC
750344,PC
2064,Xbox One
2064,PlayStation 4
2064,PC
17517,PC
17517,Linux
17517,macOS
17658,PC
17658,macOS
17658,Linux
13104,PC
705258,PC
705258,Xbox Series S/X
705258,Nintendo Switch
10094,Xbox One
10094,PC
20756,PC
7594,iOS
7594,PC
7594,Android
7594,macOS
38218,PC
38218,macOS
327238,Xbox One
327238,Nintendo Switch
327238,PlayStation 4
327238,PC
327238,macOS
20,PC
20,PlayStation 3
20,Xbox 360
2157,Linux
2157,macOS
2157,iOS
2157,PC
5682,PC
5682,Xbox 360
5682,PlayStation 3
5593,PlayStation 3
5593,Xbox 360
5593,PC
22445,PC
5415,Nintendo 64
5415,PlayStation
5415,PlayStation 2
5415,Nintendo DS
5415,Nintendo 3DS
5415,PC
5415,Dreamcast
5415,SEGA Saturn
5415,iOS
428012,PC
428012,macOS
14069,PC
349677,PC
17567,PC
17567,Xbox One
17567,PlayStation 4
17567,Linux
17567,macOS
10514,PC
10514,macOS
10514,Linux
892902,PC
892902,Xbox One
892902,Xbox Series S/X
892902,PlayStation 4
892902,PlayStation 5
22740,PC
602328,PC
6058,iOS
6058,PC
6058,Linux
6058,macOS
372678,iOS
372678,Web
372678,PC
304188,Xbox One
304188,PlayStation 4
304188,PC
580974,PC
60847,macOS
60847,Linux
60847,Nintendo Switch
60847,PlayStation 4
60847,PC
52825,PlayStation 3
52825,PSP
52825,PlayStation
14255,macOS
14255,PC
14255,Linux
19468,macOS
19468,PC
2202,iOS
2202,PC
2202,Android
2202,macOS
2473,PlayStation 4
2473,PS Vita
2473,Nintendo Switch
2473,macOS
2473,PC
2473,Linux
38860,PC
1019,PC
1019,PlayStation 4
1019,Xbox One
1019,Nintendo Switch
216357,PC
216357,Xbox One
216357,PlayStation 4
672441,PC
28222,Xbox One
28222,Xbox 360
28222,PlayStation 3
38808,PlayStation 3
38808,PC
38808,Xbox 360
14836,PC
17833,PC
17833,macOS
23409,PC
19623,PC
3515,PlayStation 4
3515,Xbox One
3515,PC
3515,Xbox 360
3515,PlayStation 3
15126,PC
15126,iOS
15350,macOS
15350,PC
15350,Xbox One
576408,PC
576408,iOS
440082,PC
440082,Xbox One
440082,Xbox Series S/X
3621,PS Vita
3621,PC
3621,Android
3621,iOS
8830,macOS
8830,PC
8830,iOS
2098,Android
2098,macOS
2098,PC
2098,iOS
97766,Android
97766,Linux
97766,macOS
97766,PC
97766,iOS
97766,Nintendo Switch
16715,PC
40129,PC
12251,macOS
12251,PC
19562,macOS
19562,PC
19562,Linux
36357,PC
36357,macOS
36357,Linux
43422,Xbox 360
43422,PC
43422,PlayStation 3
2095,PC
2095,macOS
2095,iOS
5645,Wii
5645,Xbox 360
5645,Nintendo DS
5645,PlayStation 3
235,Xbox One
235,PlayStation 4
235,PC
235,Nintendo Switch
12703,PC
705616,Xbox Series S/X
705616,PlayStation 5
705616,PC
3305,PlayStation 4
3305,PlayStation 3
3305,PS Vita
21504,PC
304921,Xbox One
304921,PlayStation 4
304921,Nintendo Switch
304921,PC
34947,PlayStation 2
34947,Xbox 360
34947,Wii
34947,Xbox
34947,PSP
34947,PlayStation 3
34947,PC
20974,PC
19165,PC
19165,macOS
19165,Linux
1630,PS Vita
1630,PlayStation 3
1630,iOS
1630,PC
1630,Android
15124,PlayStation 4
15124,Xbox One
15124,PC
15124,macOS
15124,Linux
18744,PC
5654,PlayStation 3
5654,Xbox 360
4261,PlayStation 3
241056,PC
20911,PC
20911,macOS
19552,PC
16375,PC
490123,PlayStation 5
490123,PC
490123,Xbox One
490123,Xbox Series S/X
490123,PlayStation 4
1547,iOS
1547,Xbox One
1547,PlayStation 3
1547,PlayStation 4
1547,PS Vita
1547,Nintendo Switch
1547,macOS
1547,PC
1547,Linux
1547,Android
1905,Wii U
1905,macOS
1905,PC
1905,Linux
1905,iOS
816326,PC
816326,Nintendo Switch
816326,Xbox Series S/X
816326,PlayStation 4
816326,Xbox One
816326,PlayStation 5
37084,PC
14394,PC
14394,Linux
40344,PC
21488,PC
4058,iOS
4058,Android
4058,PSP
4058,PlayStation 2
4058,PlayStation 3
681398,Xbox One
681398,PlayStation 4
681398,Xbox Series S/X
681398,PlayStation 5
681398,PC
681398,macOS
13218,PC
13218,macOS
13218,Linux
19794,macOS
19794,PC
24493,Wii
13248,PC
15392,Nintendo Switch
15392,PC
15392,macOS
15392,Linux
15392,PlayStation 4
15392,Xbox One
2524,Xbox One
2524,PlayStation 4
2524,PC
21596,PC
17293,Xbox 360
17293,PC
17293,macOS
12232,PC
12232,macOS
12232,Linux
11188,PC
11188,Android
11188,macOS
52005,Nintendo Switch
52005,Linux
52005,macOS
52005,PC
52005,iOS
52005,PS Vita
823690,PC
823690,Xbox One
823690,Nintendo Switch
823690,PlayStation 4
20972,PC
20133,PC
816311,Xbox Series S/X
816311,PlayStation 4
816311,Xbox One
816311,PC
816311,PlayStation 5
3224,Android
3224,macOS
3224,PC
3224,iOS
3224,PS Vita
3224,PlayStation 4
420000,PC
842395,Android
842395,iOS
842395,Xbox One
842395,Xbox Series S/X
842395,PlayStation 5
842395,PC
842395,Nintendo Switch
842395,macOS
842395,PlayStation 4
2744,PC
2744,Linux
2744,macOS
2744,iOS
57967,PC
57967,PlayStation
57967,Classic Macintosh
19617,PC
300689,PC
300689,Xbox One
300689,Nintendo Switch
300689,PlayStation 4
300689,Xbox Series S/X
300689,PlayStation 5
682502,PlayStation 5
682502,Xbox Series S/X
682502,PC
682502,PlayStation 4
682502,Xbox One
22969,PC
22969,PlayStation
22969,SEGA Saturn
22969,iOS
452640,PlayStation 5
257195,Xbox One
257195,Nintendo Switch
257195,PlayStation 4
257195,Xbox Series S/X
257195,PC
51835,PlayStation 4
51835,PC
9608,PC
9608,Linux
921,iOS
921,PC
921,Linux
921,Android
921,macOS
9774,PlayStation 4
9774,PC
23244,Nintendo Switch
23244,PlayStation 4
23244,Xbox One
23244,PC
401818,iOS
401818,Nintendo Switch
401818,macOS
401818,PC
28062,PC
28062,macOS
28062,Linux
3956,PlayStation 3
3956,Xbox 360
3956,macOS
3956,PC
31724,PC
31724,PlayStation 2
31724,Xbox
31724,GameCube
1571,Wii
1571,Android
1571,PSP
1571,Game Boy Advance
1571,PlayStation
1571,PC
1571,iOS
11354,PC
22439,Android
22439,PC
2900,PC
2900,PlayStation 2
2900,GameCube
2900,PlayStation 4
2900,PlayStation 3
17034,PC
15073,PC
11555,PC
46089,Xbox One
46089,PlayStation 4
46089,PC
5598,PlayStation 4
5598,PlayStation 3
5598,Xbox 360
2037,PlayStation 4
2037,Xbox One
2037,PC
15243,PC
14384,PlayStation 4
14384,Nintendo Switch
14384,PC
14384,Linux
14384,macOS
40432,PlayStation 3
10015,PC
4195,PlayStation 3
4195,Xbox One
4195,Wii U
4195,Xbox 360
19373,macOS
19373,PC
19508,PC
19508,macOS
16374,PC
16714,PC
24877,Wii
24877,Nintendo DS
24877,PC
24877,Xbox 360
24877,PlayStation 2
24877,PlayStation 3
24877,PSP
24877,Game Boy Advance
24877,Classic Macintosh
797882,PC
797882,PlayStation 4
797882,PlayStation 5
44295,Nintendo Switch
44295,iOS
44295,Android
44295,Linux
44295,PC
44295,macOS
975393,PC
975393,PlayStation 5
975393,Xbox Series S/X
471,PC
471,iOS
471,macOS
471,Android
18264,PC
18264,Xbox 360
704789,PC
704789,PlayStation 5
704789,Xbox One
704789,Nintendo Switch
704789,Xbox Series S/X
704789,PlayStation 4
1712,Xbox One
1712,PlayStation 4
1712,PC
7344,Android
7344,Web
7344,iOS
7344,PC
637473,PC
637473,Nintendo Switch
637473,Xbox Series S/X
637473,Xbox One
637473,PlayStation 4
637473,PlayStation 5
6819,Nintendo Switch
6819,macOS
6819,Linux
6819,PC
6819,Xbox One
35326,PlayStation 2
35326,PlayStation 3
35326,Game Boy Advance
35326,Xbox
35326,GameCube
35326,Xbox 360
35326,PC
35326,Xbox One
3213,PS Vita
3213,PlayStation 4
3213,PC
3213,macOS
15323,PC
428066,macOS
428066,PC
428066,Nintendo Switch
428066,Android
428066,iOS
1943,PS Vita
1943,PC
1943,Xbox One
1943,PlayStation 4
17052,PC
17052,macOS
14106,Linux
14106,macOS
14106,PC
56097,GameCube
2851,PC
2851,macOS
2851,Linux
2851,Android
2851,iOS
47283,Xbox One
47283,PC
47283,PlayStation 4
9984,macOS
9984,PC
9984,Linux
10157,PlayStation 2
10157,PC
10157,Wii
7757,PC
7757,iOS
7757,macOS
18722,PC
10150,PC
17624,PC
22577,PC
983210,PC
983210,PlayStation 5
983210,Xbox Series S/X
21945,PlayStation 4
22060,PlayStation 4
22060,PC
22060,macOS
22060,Linux
58998,Nintendo Switch
58998,Xbox One
58998,PlayStation 4
58998,PC
19304,macOS
19304,PC
23943,Wii U
23943,Nintendo DS
59064,Xbox One
59064,PlayStation 4
59064,PC
795370,PlayStation 5
795370,Xbox Series S/X
795370,PlayStation 4
795370,PC
795370,Xbox One
510043,Linux
510043,macOS
510043,PC
17414,PC
1637,iOS
1637,PC
1637,macOS
57885,PlayStation 4
57885,Xbox One
10940,Nintendo Switch
10940,Linux
10940,Xbox One
10940,NES
10940,PC
10940,macOS
10940,PlayStation 4
485195,PlayStation 4
485195,PC
485195,Xbox One
29207,PC
22230,PC
37413,PC
37413,PlayStation 3
37413,Xbox 360
18544,Nintendo Switch
18544,PC
18544,Xbox One
18544,PlayStation 4
18544,macOS
18544,Linux
14559,PC
2367,Xbox One
2367,PlayStation 4
2367,Linux
2367,Android
2367,PC
2367,macOS
2367,iOS
2395,Nintendo Switch
2395,Xbox One
2395,Android
2395,PC
2395,iOS
10871,PC
14088,macOS
14088,PC
20676,PC
13367,PC
13367,iOS
28774,PSP
28774,PlayStation 2
28774,PC
28774,Xbox 360
894472,PC
37967,PC
14731,Xbox One
14731,PlayStation 4
14731,PC
17315,macOS
17315,PC
18271,PC
497993,PC
23451,PC
23451,macOS
602357,PC
602357,Nintendo Switch
602357,Android
602357,iOS
602357,PlayStation 4
602357,Nintendo 3DS
25282,Wii
25282,Nintendo DS
25282,PSP
25282,Xbox 360
25282,PlayStation 3
25282,PlayStation 2
20253,Wii U
20253,macOS
20253,PC
20253,Android
14015,PC
1201,Xbox One
1201,PlayStation 4
1201,PC
1201,macOS
14353,PC
58632,Xbox 360
58632,PC
58632,Linux
58632,Classic Macintosh
58993,Xbox One
58993,Nintendo Switch
58993,PlayStation 4
58993,macOS
58993,PC
58993,Linux
35995,PC
14646,macOS
14646,PC
14646,Linux
19690,PC
11559,PC
11559,Linux
11559,macOS
586195,PC
586195,macOS
586195,Linux
17526,macOS
17526,PC
574766,PC
574766,PlayStation 4
574766,Xbox One
29259,PC
29259,Nintendo Switch
29259,PlayStation 4
29259,Xbox One
3135,Xbox One
3135,PC
3135,Xbox 360
3135,PlayStation 3
3135,PlayStation 4
3135,PS Vita
19622,macOS
19622,PC
327212,Xbox Series S/X
327212,PlayStation 5
327212,Xbox One
327212,Nintendo Switch
327212,PC
327212,PlayStation 4
18344,PC
10112,PlayStation 4
10112,Nintendo Switch
10112,Linux
10112,macOS
10112,PC
349334,PC
349334,PlayStation 4
60765,PC
16362,PC
16362,macOS
16362,Linux
666,Xbox One
666,PlayStation 4
666,PC
962011,PlayStation 4
962011,Xbox One
962011,PlayStation 5
962011,Xbox Series S/X
962011,Nintendo Switch
962011,PC
15987,Wii U
15987,Nintendo DS
15987,Android
15987,Wii
15987,Nintendo Switch
15987,PC
15987,iOS
20923,macOS
20923,PC
21085,PC
22489,PC
24933,Wii U
24933,Nintendo DS
23033,PlayStation
23033,PC
262437,PC
262437,macOS
262437,Linux
262437,Nintendo Switch
262437,PlayStation 4
262437,Xbox One
12781,macOS
12781,PC
12781,Linux
9873,Linux
9873,PC
60862,PC
810322,PC
810322,Linux
810322,macOS
19618,PC
44255,Nintendo Switch
44255,Xbox One
44255,PlayStation 4
44255,PC
17558,PC
17024,iOS
17024,PC
1067,PlayStation 4
269475,PC
269475,PlayStation 4
269475,Xbox One
269475,Nintendo Switch
269475,macOS
627634,iOS
627634,Android
627634,macOS
627634,PC
24478,Nintendo Switch
24478,Nintendo 3DS
24478,Wii U
24478,Wii
24478,SNES
17100,macOS
17100,Linux
17100,PC
28551,Xbox 360
24079,SNES
17456,PC
17456,Linux
17456,Nintendo Switch
17456,macOS
17456,iOS
665016,PC
343593,Xbox One
343593,PlayStation 4
18285,PC
10113,PC
14200,Linux
14200,macOS
14200,PC
14200,PlayStation 4
14200,PlayStation 5
14200,Xbox Series S/X
14200,Xbox One
14200,Nintendo Switch
830255,PC
830255,Nintendo Switch
18348,PC
18201,PC
18201,PlayStation 3
18201,iOS
18201,Xbox 360
18396,Wii U
18396,Nintendo Switch
18396,PlayStation 4
18396,PC
18396,macOS
57519,SNES
4365,Dreamcast
4365,Game Boy Color
4365,PlayStation
4365,PlayStation 2
4365,PC
2852,Nintendo Switch
2852,PC
2852,PlayStation 4
484875,PC
11102,PC
864212,Linux
864212,Android
864212,PC
864212,macOS
864212,iOS
28807,Xbox 360
319239,PC
319239,Xbox One
319239,PlayStation 4
956,PlayStation 4
956,PlayStation 3
956,PC
956,Wii
956,Xbox 360
956,Nintendo Switch
956,Wii U
956,Xbox One
16414,macOS
16414,PC
19058,PC
19058,macOS
19058,Linux
3573,Nintendo Switch
3573,PlayStation 3
3573,Xbox 360
3573,PlayStation 4
3573,PC
2742,Xbox One
2742,PlayStation 4
2742,PC
2742,Linux
2742,macOS
22003,PC
22003,macOS
22003,Linux
428121,PC
58803,PlayStation 4
58803,Nintendo Switch
58803,PC
58803,Xbox One
12574,macOS
12574,PC
13733,PC
2777,PS Vita
2777,PlayStation 4
2777,PC
2777,macOS
18339,PC
10123,Xbox 360
10123,PC
52342,PlayStation 4
52342,Xbox One
52342,Nintendo Switch
52342,PC
52342,Linux
52342,macOS
11323,Linux
11323,macOS
11323,PC
18289,PC
4649,PlayStation 3
4649,Xbox 360
4649,PC
15089,macOS
15089,PC
15089,Linux
16985,macOS
16985,PC
16985,Linux
1516,Nintendo Switch
1516,iOS
1516,Xbox 360
1516,PC
58876,Xbox One
58876,PlayStation 4
14822,PC
616693,Xbox Series S/X
616693,PC
616693,Xbox One
9580,PC
2386,Xbox One
2386,Xbox 360
2386,Wii U
2386,PlayStation 3
2386,PlayStation 4
2386,PC
2386,macOS
2386,Linux
2386,Nintendo Switch
19293,PC
15856,PC
20581,PC
20581,Linux
14398,Linux
14398,macOS
14398,PC
20292,Android
20292,macOS
20292,PC
20292,Linux
20292,iOS
440072,PC
440072,macOS
608549,Linux
608549,macOS
608549,PC
28464,Xbox Series S/X
28464,Xbox One
28464,Xbox 360
62534,PC
20919,PC
20919,macOS
23246,Xbox One
23246,PlayStation 4
23246,PC
29030,Xbox 360
37,PlayStation 4
37,PC
15905,Linux
15905,macOS
15905,PC
13683,macOS
13683,PC
9875,PC
9875,iOS
564761,Nintendo Switch
227846,iOS
227846,PC
227846,Android
398406,Xbox One
398406,Nintendo Switch
398406,PlayStation 4
398406,PC
4059,PSP
4059,PlayStation 2
16915,PC
14886,macOS
14886,PC
9971,PC
14954,PlayStation 4
14954,PC
14954,Xbox 360
22821,PC
22821,macOS
13632,PC
13632,Linux
13632,macOS
29277,iOS
29277,PlayStation 4
29277,Xbox One
29277,Nintendo Switch
29277,macOS
29277,Linux
29277,PC
29277,Android
15490,Xbox One
15490,PC
15490,macOS
21089,PC
20394,PC
274766,macOS
274766,PlayStation 4
274766,PlayStation 5
274766,PC
17594,PC
19574,PC
36355,Linux
36355,Xbox
36355,PC
3339,PlayStation 4
3339,PC
3339,macOS
319109,PlayStation 4
319109,PC
17105,PC
19664,Nintendo DS
19664,Wii
19664,macOS
19664,PC
16928,Linux
16928,PC
16928,macOS
37369,PC
22151,Xbox 360
22151,PC
22151,macOS
22151,Linux
537743,PlayStation 5
537743,PC
537743,Xbox One
537743,PlayStation 4
537743,Nintendo Switch
622489,PlayStation 4
622489,Xbox One
622489,Xbox Series S/X
622489,PlayStation 5
622489,PC
10322,Linux
10322,macOS
10322,PC
5055,PC
5055,Xbox 360
5055,PlayStation 3
3247,PC
3247,PlayStation 4
19495,PC
4438,PS Vita
428704,PC
10555,PC
10555,Linux
10555,macOS
326233,Xbox One
326233,PC
11366,macOS
11366,PC
11366,Linux
11357,PC
20307,PC
15791,macOS
15791,PC
27968,Nintendo 3DS
19176,PC
14544,macOS
14544,Android
14544,Linux
14544,PC
14544,iOS
35374,macOS
35374,Linux
35374,PC
155,Xbox One
155,PS Vita
155,PlayStation 3
155,Nintendo Switch
155,PC
50737,Nintendo Switch
11949,macOS
11949,PC
14171,PC
28480,Xbox 360
28480,PC
28480,Xbox One
10529,macOS
10529,PC
10529,Linux
16099,Wii U
16099,Nintendo 3DS
16099,PC
12585,iOS
12585,PC
21169,macOS
21169,PC
9801,PlayStation 4
9801,PC
21219,macOS
21219,PC
11091,Nintendo 3DS
11091,PC
11091,Linux
11091,macOS
962137,PC
962137,PlayStation 5
962137,Xbox Series S/X
14357,Linux
14357,macOS
14357,PC
18234,PC
18234,macOS
6303,Android
6303,macOS
6303,PC
6303,iOS
17937,PC
59317,PC
59317,Nintendo Switch
59317,iOS
59317,Android
59317,Xbox One
18275,Xbox 360
18275,PC
388383,PlayStation 5
388383,Xbox Series S/X
388383,PlayStation 4
388383,PC
388383,Nintendo Switch
50970,PlayStation 4
50970,Xbox One
50970,Nintendo Switch
50970,PC
43712,PC
43712,PlayStation 4
3174,PlayStation 4
3174,PS Vita
3174,PC
50050,PC
19524,Xbox One
19524,PC
19524,Xbox 360
375199,iOS
375199,macOS
375199,PC
20470,PC
20470,macOS
14087,macOS
14087,PC
17188,PC
1210,Linux
1210,macOS
1210,PC
1210,Xbox One
1210,PlayStation 4
19935,Linux
19935,macOS
19935,PC
27023,Nintendo DS
27023,Wii U
14729,PC
19642,Nintendo Switch
19642,Xbox One
19642,iOS
19642,PC
19642,PlayStation 4
19642,Android
20990,PC
12460,PC
20883,macOS
20883,PC
18647,macOS
18647,Linux
18647,PC
309739,Android
309739,PC
309739,iOS
35402,PC
19829,PC
21980,PC
21980,macOS
21980,Linux
21980,iOS
16164,PC
16164,macOS
16164,Linux
297208,PlayStation 4
297208,Xbox Series S/X
297208,Xbox One
297208,Nintendo Switch
297208,PC
11405,PC
59894,Linux
59894,macOS
59894,PC
59894,iOS
59894,Nintendo Switch
16243,PC
5382,PlayStation 3
5382,PC
27057,Game Boy Color
27057,Game Boy
27057,Nintendo 3DS
754881,PC
19588,PC
3384,Wii U
3384,PlayStation 4
3384,PS Vita
3384,Nintendo 3DS
3384,iOS
3384,Linux
3384,PC
3384,macOS
2155,PC
2155,Linux
2155,macOS
2155,iOS
2155,Android
16114,PC
22547,macOS
22547,PC
15672,PC
17007,PC
60884,Nintendo Switch
60884,PlayStation 4
60884,Xbox One
60884,macOS
60884,PC
3282,Nintendo Switch
3282,PC
3282,PlayStation 4
9730,PlayStation 4
9730,Xbox One
9730,Nintendo Switch
9730,PC
9730,macOS
20515,PC
9684,PlayStation 4
9684,Nintendo Switch
9684,Xbox One
9684,macOS
9684,PC
9684,Linux
11329,PlayStation 4
11329,PC
42044,PC
42044,macOS
14928,PC
13749,PC
28544,Xbox 360
28544,Xbox One
6214,PC
6214,Web
6214,Android
6214,macOS
6214,iOS
3622,Xbox One
3622,Xbox 360
3622,PC
3622,PS Vita
292838,Nintendo Switch
19292,PC
19292,macOS
19292,iOS
59343,PlayStation 4
59343,PS Vita
9638,macOS
9638,PC
20212,PC
16880,PC
14010,PC
331454,Nintendo DS
521738,PC
10396,PC
10396,Linux
16406,PC
11109,PC
6313,Android
6313,macOS
6313,PC
6313,Linux
6313,iOS
15500,PC
4392,PC
4392,PlayStation 3
4392,Wii
4392,macOS
3888,PC
3888,Xbox 360
3888,PlayStation 3
12025,PC
376934,PlayStation 4
376934,PC
376934,PlayStation 5
21577,PC
21577,Nintendo DS
571,Nintendo Switch
571,Android
571,iOS
571,Xbox One
571,PC
571,PlayStation 4
962495,Nintendo Switch
328004,PC
328004,PlayStation 4
328004,Xbox One
328004,Nintendo Switch
13011,Nintendo Switch
13011,iOS
13011,PC
13011,macOS
13011,Linux
13011,Android
902,Xbox 360
902,PC
902,PlayStation 3
902,iOS
902,Android
19460,PC
19460,macOS
19686,Xbox 360
19686,PC
20291,macOS
20291,PC
10532,PlayStation 3
10532,Xbox One
10532,PlayStation 4
10532,PC
10532,Linux
10532,macOS
16170,macOS
16170,PC
16170,Linux
46066,Nintendo Switch
46066,PC
46066,macOS
1283,PC
1283,iOS
1283,macOS
1283,Android
9472,PC
492223,PC
492223,Xbox One
492223,Nintendo Switch
492223,PlayStation 4
27974,Nintendo Switch
27974,Wii U
398407,Xbox One
398407,Xbox Series S/X
398407,PlayStation 5
398407,PlayStation 4
398407,PC
16009,PC
16009,macOS
16009,Linux
5648,PlayStation 3
5648,PC
5648,Xbox 360
3586,PlayStation 3
3586,PC
3756,Wii U
3756,PlayStation 3
3756,PC
3756,macOS
18037,PC
11071,PC
12935,PC
28573,Xbox 360
28573,Xbox One
3828,PlayStation 3
3828,PlayStation 4
3828,PC
12475,PC
12475,Linux
1311,Linux
1311,PC
1311,Android
1311,iOS
1311,macOS
11251,macOS
11251,PC
11251,Linux
18625,PC
13127,PC
529784,PlayStation 4
529784,PC
529784,PlayStation 5
11786,iOS
11786,macOS
11786,PC
11786,Linux
7074,iOS
7074,Android
7074,PC
7074,macOS
17792,PC
17792,Linux
17792,macOS
23741,Android
23741,iOS
23741,PC
2088,macOS
2088,PC
2088,Linux
2088,Android
2088,iOS
7010,Android
7010,PC
7010,iOS
17556,Xbox 360
17556,PlayStation 3
17556,PC
17556,macOS
26223,Xbox 360
26223,PlayStation 3
26223,PSP
26223,iOS
26223,Wii
26223,PC
26223,Android
26223,Nintendo DS
25986,Nintendo DS
25986,PlayStation 2
25986,Xbox 360
25986,PlayStation 3
25986,macOS
25986,PSP
25986,Wii
25986,PC
494484,PC
2090,PlayStation 3
2090,iOS
2090,PC
2090,Xbox 360
2090,Android
4377,Commodore / Amiga
4377,Jaguar
4377,3DO
4377,SEGA Saturn
4377,Classic Macintosh
4377,PlayStation
4377,PSP
4377,Nintendo 3DS
4377,PC
4377,iOS
4377,SEGA CD
4377,Nintendo DS
17639,PC
650621,PC
650621,PlayStation 5
650621,Xbox Series S/X
650621,Nintendo Switch
15771,PC
10369,PC
695867,Nintendo Switch
695867,PC
28915,Xbox 360
17410,PC
485041,PC
485041,macOS
485041,Linux
11876,PC
11876,macOS
284762,PC
12272,macOS
12272,PC
9887,PC
32672,PC
32672,Nintendo 64
12258,PC
12258,PlayStation 4
12258,PS Vita
12258,iOS
12258,Android
12258,PlayStation 5
12258,Nintendo Switch
10810,macOS
10810,PC
10810,Linux
11654,PC
22896,PC
20956,PC
850702,PC
850702,PlayStation 5
17908,PC
17942,macOS
17942,PC
17942,Nintendo Switch
22485,PC
10573,PC
10573,macOS
10573,Linux
58561,Xbox One
58561,PC
15666,PC
15666,Linux
15666,macOS
60718,PlayStation 4
60718,PC
17587,PC
508496,Nintendo Switch
508496,PC
17009,macOS
17009,PC
17009,Linux
6032,Xbox One
6032,PlayStation 4
6032,Nintendo Switch
6032,macOS
6032,PC
6032,Android
6032,Linux
6032,iOS
46749,PlayStation 4
46749,Nintendo Switch
46749,PC
4107,PS Vita
4107,PSP
4107,PlayStation 3
4107,Xbox 360
740,Xbox One
740,PlayStation 4
740,PC
740,Linux
740,iOS
740,macOS
2812,Xbox One
2812,PlayStation 4
2812,macOS
2812,PC
2812,Linux
14768,PC
367112,macOS
367112,Android
367112,iOS
367112,PC
975600,PC
28226,Xbox 360
28409,Xbox 360
28409,Xbox One
14615,PlayStation 4
14615,Linux
14615,macOS
14615,PC
14615,Nintendo Switch
1822,PlayStation 4
1822,Xbox One
1822,iOS
1822,PC
1822,macOS
1822,Android
15145,PC
15660,PC
15660,Linux
58568,PC
23032,PC
13523,PC
60869,Android
60869,iOS
60869,PC
60869,macOS
3527,PS Vita
22982,PC
22466,PC
14025,PC
611593,PC
611593,Nintendo Switch
611593,Xbox One
611593,PlayStation 4
245719,PC
245719,macOS
245719,iOS
245719,Android
73,PlayStation 3
73,PC
73,iOS
73,Android
255842,Xbox One
255842,Nintendo Switch
255842,PC
255842,macOS
255842,PlayStation 4
255842,Linux
38604,PC
18369,PC
269,Nintendo Switch
269,Xbox One
269,PlayStation 4
269,PS Vita
269,macOS
269,Wii U
269,PC
269,iOS
14696,PC
29501,PC
29501,Xbox 360
29501,PlayStation 3
29501,Classic Macintosh
51350,iOS
51350,PC
14126,PC
14126,macOS
646277,PC
994603,PlayStation 5
994603,Xbox Series S/X
994603,PC
3503,PS Vita
3503,PlayStation 4
3503,PC
3503,PlayStation 3
18600,PC
10450,PC
10450,Linux
10450,Android
10450,macOS
29033,Xbox 360
19435,PC
650648,PC
650648,Xbox Series S/X
650648,PlayStation 5
13424,PC
19192,PC
12907,PC
4180,PlayStation 3
4180,Xbox 360
4180,Wii
4180,PC
4180,PS Vita
4180,Wii U
301528,PC
301528,Xbox Series S/X
301528,Nintendo Switch
23188,PC
22803,PC
20927,PC
372593,Android
372593,iOS
372593,PC
14448,PC
41607,PlayStation 3
41607,Xbox 360
41607,macOS
41607,PC
15009,PC
15009,iOS
15009,PlayStation 3
15009,PS Vita
15009,Nintendo Switch
15009,Android
20765,PC
51209,PC
4669,PlayStation 3
4669,PC
4669,macOS
38298,Wii
38298,Xbox 360
38298,PC
38298,PlayStation 3
391401,PC
391401,PlayStation 5
391401,Xbox Series S/X
391401,PlayStation 4
391401,Nintendo Switch
391401,Xbox One
23742,Nintendo Switch
23742,PC
23742,PlayStation 4
23419,Xbox One
23419,PC
23419,macOS
23419,PlayStation 4
491003,PC
552,PlayStation 4
20287,PC
28814,Xbox 360
28814,PC
13575,iOS
13575,macOS
13575,PC
13575,Linux
10178,Xbox
10178,Game Boy Advance
10178,Classic Macintosh
10178,PC
10578,PC
10578,Linux
10578,macOS
20205,Linux
20205,macOS
20205,PC
14086,macOS
14086,PC
19173,macOS
19173,PC
302,Xbox One
302,Wii U
302,PlayStation 4
302,PC
302,macOS
302,Linux
302,iOS
11033,Android
11033,PC
11033,macOS
302822,PlayStation 4
302822,Nintendo Switch
302822,PC
302822,Xbox One
5290,PlayStation 3
281841,PC
281841,macOS
281841,PlayStation 4
281841,Xbox One
281841,Nintendo Switch
16638,Linux
16638,PC
331267,PC
331267,Wii
3141,PlayStation 4
3141,PC
3141,Nintendo Switch
3507,Xbox One
3507,PC
3507,PlayStation 3
3507,PlayStation 4
3507,Xbox 360
52387,Nintendo Switch
52387,Xbox One
52387,PlayStation 4
52387,PC
20864,PC
4946,PC
4946,Xbox 360
4946,PlayStation 3
21368,PC
26076,PlayStation 4
26076,Nintendo DS
26076,PlayStation 3
38703,PlayStation 3
38703,PSP
38703,PlayStation 2
38703,Xbox 360
38703,PC
1017,Xbox One
1017,PlayStation 4
1017,Nintendo Switch
1017,macOS
1017,PC
1017,iOS
15257,PC
16413,PC
16413,macOS
40929,PC
40929,Xbox 360
40929,PlayStation 3
13994,macOS
13994,PC
13994,iOS
22774,macOS
22774,PC
22774,Android
10311,PC
10311,macOS
10311,Linux
485218,PC
485218,PlayStation 4
485218,Nintendo Switch
485218,PlayStation 5
485218,Xbox Series S/X
485218,Xbox One
17577,PC
49894,Nintendo Switch
49894,PlayStation 4
49894,Xbox One
49894,PC
49894,macOS
49894,Linux
366843,PlayStation 5
366843,PC
366843,Xbox Series S/X
20451,PC
20451,Android
12400,PC
46240,PC
46240,Xbox One
46240,macOS
46240,Nintendo Switch
46240,PlayStation 4
15121,Linux
15121,PC
15121,macOS
40864,PC
19596,PC
25398,Wii
25398,Xbox 360
25398,Nintendo DS
25398,PlayStation 3
25398,PlayStation 2
25398,PC
275629,PC
275629,iOS
24687,PlayStation 2
24687,PlayStation 3
24687,Nintendo DS
24687,Wii
24687,PC
24687,Xbox 360
24687,PSP
619744,PC
302825,Linux
302825,PC
302825,macOS
302825,PlayStation 4
302825,Nintendo Switch
23129,PC
892962,PC
9166,macOS
9166,PC
9166,Android
9166,iOS
18448,Linux
18448,macOS
18448,PC
15927,Android
15927,PC
702386,PC
288661,Android
288661,Nintendo Switch
288661,PC
288661,Xbox 360
288661,Nintendo DS
288661,macOS
288661,iOS
19643,PC
20513,PC
484971,PlayStation 5
484971,Xbox Series S/X
484971,PlayStation 4
484971,Nintendo Switch
484971,PC
484971,Xbox One
484971,macOS
484971,Linux
465,Android
465,PlayStation 4
465,Linux
465,macOS
465,PC
465,iOS
465,Xbox One
667657,Nintendo Switch
17050,PC
510,PS Vita
510,PC
510,Android
510,iOS
5163,PlayStation
5163,PC
5163,PlayStation 3
5163,PSP
17084,iOS
17084,Android
17084,PC
17084,macOS
17084,Linux
16573,macOS
16573,PC
16573,Linux
11919,PC
11919,Linux
11919,macOS
19472,PC
502238,PC
21413,PC
17040,PC
14549,PC
10817,Wii U
10817,macOS
10817,Linux
10817,PC
10817,Android
10817,iOS
413,Xbox One
413,PlayStation 4
413,Linux
413,macOS
413,PC
3730,PlayStation 3
3730,PlayStation 2
302302,macOS
302302,PC
302302,iOS
302302,Nintendo Switch
302302,PlayStation 4
302302,Xbox One
28536,Xbox 360
9666,macOS
9666,PC
9666,Linux
49302,PC
49302,macOS
12293,PC
19604,macOS
19604,PC
19604,iOS
56083,GameCube
56083,Xbox
56083,PlayStation 2
56083,PC
17421,PC
292957,PC
20329,PC
19285,PC
20248,PC
20961,PC
53251,Nintendo 3DS
53251,Game Boy Advance
53251,Wii U
53251,SNES
53251,Wii
366883,PlayStation 4
366883,Nintendo Switch
366883,PC
366883,Xbox One
12738,macOS
12738,PC
12738,Linux
22980,PC
22980,Linux
22980,macOS
524,Xbox One
524,PlayStation 4
524,PC
524,macOS
20761,Android
20761,Linux
20761,macOS
20761,PC
20761,iOS
17997,PC
283965,Xbox 360
283965,PlayStation 3
36649,PC
254545,Nintendo Switch
254545,PC
254545,PlayStation 4
254545,Xbox One
16133,macOS
16133,PC
14700,macOS
14700,PC
27819,Wii U
27819,PS Vita
27819,PlayStation 4
27819,Nintendo Switch
9865,macOS
9865,PC
9865,Linux
9865,iOS
60249,PC
60249,macOS
747,Xbox One
747,PlayStation 4
13325,PC
13325,macOS
13325,Linux
4760,PlayStation 3
4760,PlayStation 4
4760,Xbox One
4760,Xbox 360
4760,PC
19385,PC
9941,iOS
9941,PC
9941,Linux
9941,Nintendo Switch
9941,Android
11146,macOS
11146,PC
62381,PlayStation 4
62381,Nintendo Switch
62381,Xbox One
62381,PC
62381,macOS
62381,Linux
1442,Wii U
1442,Xbox One
1442,PlayStation 4
1442,Linux
1442,PC
1442,macOS
7660,PC
7660,macOS
7660,Android
7660,iOS
10315,Nintendo Switch
10315,Xbox One
10315,PlayStation 4
10315,PC
704788,PC
704788,Xbox Series S/X
704788,macOS
14806,macOS
14806,PC
14806,Linux
471019,iOS
471019,Nintendo Switch
471019,Xbox One
471019,PC
471019,PlayStation 4
471019,macOS
12052,macOS
12052,PC
12052,Linux
215,Android
215,PC
215,iOS
20988,PlayStation 4
20988,macOS
20988,PC
14491,PC
2241,PC
2241,Android
2241,iOS
32186,Linux
32186,PlayStation 2
32186,Classic Macintosh
32186,Dreamcast
32186,PC
3926,PlayStation 3
3926,Nintendo Switch
3926,PC
3926,macOS
14999,macOS
14999,PC
14999,Linux
20416,PC
427971,Nintendo Switch
427971,PC
427971,Xbox One
353919,PC
353919,PlayStation 4
9939,Nintendo Switch
9939,PlayStation 4
9939,Xbox One
9939,macOS
9939,PC
40471,PC
52312,Nintendo 3DS
52312,GameCube
16929,Linux
16929,macOS
16929,PC
605610,PC
22444,PC
22444,iOS
2471,Xbox One
2471,PlayStation 4
2471,Nintendo Switch
2471,Linux
2471,PC
2471,macOS
10887,PlayStation 4
10887,Xbox One
10887,Nintendo Switch
10887,PC
5200,Android
5200,iOS
5200,Nintendo DS
5200,PS Vita
5200,PSP
21314,PC
28451,Xbox 360
28451,PC
28451,Xbox One
722618,PC
50744,macOS
50744,PC
27711,Game Boy Advance
4343,PlayStation 3
4343,PC
4343,Xbox 360
553116,iOS
553116,PC
638642,Xbox One
638642,Xbox 360
638642,PlayStation 2
638642,PlayStation 3
638642,PlayStation 4
23850,Wii U
23850,Nintendo DS
11110,macOS
11110,PC
21754,PC
16025,PC
392250,iOS
392250,Android
392250,PC
392250,PlayStation 4
392250,Xbox One
22,PlayStation 4
428960,PC
428960,macOS
16212,PC
8760,iOS
8760,Android
8760,PC
15231,PC
15231,Linux
13528,iOS
13528,PC
13528,Linux
13528,Android
13528,macOS
13689,PC
51091,Classic Macintosh
51091,Commodore / Amiga
51091,Game Boy
51091,NES
51091,SNES
51091,Genesis
51091,Linux
51091,Game Gear
51091,macOS
51091,PC
21245,macOS
21245,PC
25166,PC
25166,Wii
25166,Nintendo DS
25166,PlayStation 2
25166,PlayStation 3
25166,PSP
25166,Xbox 360
742771,PC
742771,Xbox Series S/X
742771,PlayStation 4
742771,PlayStation 5
45230,PC
891532,PlayStation 5
21264,macOS
21264,PC
63549,PC
63549,macOS
505839,macOS
505839,PC
505839,iOS
505839,Android
18256,PC
324,PC
324,PlayStation 4
23767,Wii U
23767,Nintendo Switch
23767,Nintendo 3DS
3991,Xbox 360
3991,PC
3991,PlayStation 3
15698,macOS
15698,PC
15698,Linux
67508,iOS
67508,Android
67508,PC
29176,PC
15997,PC
23474,PC
1178,Xbox One
1178,Wii U
1178,Linux
1178,PlayStation 4
1178,PS Vita
1178,Nintendo 3DS
1178,PC
1178,macOS
16423,PC
16423,macOS
3802,Genesis
3802,Commodore / Amiga
3802,SEGA Master System
3802,NES
3802,Game Gear
3802,Android
3802,Atari Lynx
3802,Atari ST
3802,Atari 7800
3802,Game Boy
3802,Game Boy Advance
3802,Atari 2600
3802,PlayStation 4
3802,PC
3802,Nintendo Switch
804751,PC
804751,PlayStation 5
804751,Xbox Series S/X
804751,Nintendo Switch
804751,PlayStation 4
804751,Xbox One
16428,PC
16428,macOS
16956,macOS
16956,PC
16956,Linux
25057,Wii
4353,PC
4353,PlayStation 3
4353,Xbox 360
13772,macOS
13772,PC
13860,PC
16970,PC
16970,macOS
16970,iOS
16970,Android
16970,Linux
21824,PC
17532,macOS
17532,PC
586042,iOS
586042,macOS
586042,PC
586042,PlayStation 5
586042,PlayStation 4
586042,Nintendo Switch
19662,PC
19966,PlayStation 4
19966,Xbox One
19966,iOS
19966,Android
19966,Linux
19966,PC
19966,macOS
20617,Atari ST
20617,Classic Macintosh
20617,SNES
20617,Commodore / Amiga
20617,Genesis
20617,PC
20617,macOS
20617,Linux
3788,PC
3788,PlayStation 3
3788,PS Vita
3788,Xbox 360
3788,Linux
3788,macOS
4494,PlayStation 3
4494,PC
20171,macOS
20171,PC
12564,PC
20061,iOS
20061,PC
20061,Linux
20061,Android
20061,macOS
19308,PC
1312,Wii U
1312,Xbox One
1312,PS Vita
1312,Nintendo Switch
1312,PlayStation 4
1312,Linux
1312,Android
1312,iOS
1312,macOS
1312,PC
3190,Xbox One
3190,PlayStation 4
3190,macOS
3190,Linux
3190,PC
17053,PC
18086,PC
638647,PC
638647,macOS
638647,Linux
638647,Nintendo Switch
14104,PC
14104,Linux
4265,PC
4265,PlayStation 4
4265,Nintendo Switch
4265,Xbox One
4265,Xbox Series S/X
4265,PSP
16697,PC
16697,macOS
45,PlayStation 4
45,Nintendo Switch
45,PC
12882,PC
457728,PC
457728,Xbox Series S/X
457728,PlayStation 5
20857,PC
6627,Xbox One
6627,PlayStation 4
6627,PC
339241,PC
22957,PC
22957,macOS
15912,PC
14279,PC
162987,PC
28455,Xbox 360
28455,Xbox One
516122,PC
516122,Nintendo Switch
23668,PC
19631,macOS
19631,PC
19631,Linux
10700,PC
1727,Xbox One
1727,PC
3535,PlayStation 4
3535,macOS
3535,PC
3535,Linux
15397,PC
43930,PC
13192,macOS
13192,PC
13192,Linux
40433,PC
40433,Wii
40433,PlayStation 3
40433,PS Vita
19969,Xbox One
19969,PlayStation 4
19969,Nintendo Switch
19969,iOS
19969,PC
19969,Linux
19969,Android
19969,macOS
471025,PC
471025,Xbox Series S/X
15796,macOS
15796,PC
16957,PC
16957,macOS
16957,Linux
391403,PC
20769,macOS
20769,PC
334309,PlayStation 4
334309,PlayStation 3
3324,PS Vita
3324,PC
484894,PC
19505,Xbox 360
19505,PC
11542,PC
17611,Linux
17611,macOS
17611,PC
484577,Linux
484577,macOS
484577,PC
34779,PlayStation 2
34779,Xbox
34779,GameCube
34779,PC
16521,macOS
16521,Linux
16521,PC
14136,PC
542578,macOS
542578,PC
46592,Xbox One
46592,PC
29060,Xbox 360
29060,PlayStation 3
3331,PS Vita
3331,PlayStation 4
3331,PC
3331,macOS
375291,Xbox One
375291,Nintendo Switch
375291,PlayStation 4
375291,PC
11958,macOS
11958,PC
11958,PlayStation 4
11958,Xbox One
11958,Nintendo Switch
60618,PC
60618,Nintendo Switch
60618,PlayStation 4
60618,macOS
60618,Xbox One
60618,iOS
60792,PC
12552,PC
19298,PC
12177,PC
12177,PlayStation 4
30362,PC
15149,macOS
15149,PC
490449,PC
2800,PlayStation 3
2800,PlayStation 4
2800,PS Vita
22379,macOS
22379,Linux
22379,Nintendo Switch
22379,Android
22379,PC
18939,macOS
18939,PC
3496,PC
3496,Xbox One
3496,PlayStation 3
3496,Xbox 360
6220,macOS
6220,PC
6220,Android
6220,iOS
18597,PC
19177,Nintendo Switch
19177,Android
19177,PC
19177,Linux
19177,macOS
19177,iOS
15684,macOS
15684,PC
15684,Linux
19561,Xbox 360
19561,PC
4645,Xbox 360
4645,PlayStation 3
4645,PC
476122,PC
476122,PlayStation 5
19756,PC
17629,Xbox One
17629,PlayStation 4
17629,PC
17629,Linux
17629,Android
17629,macOS
15589,PC
852781,iOS
852781,PC
852781,Nintendo Switch
11524,macOS
11524,PC
19553,PC
19553,macOS
6744,Android
6744,iOS
6744,PC
6744,macOS
567,PC
567,PlayStation 3
567,PlayStation 4
567,Xbox One
573125,PlayStation 4
573125,PC
573125,Nintendo Switch
573125,Xbox Series S/X
573125,PlayStation 5
573125,Xbox One
479634,PC
479634,macOS
43621,PC
17987,macOS
17987,PC
17987,Linux
17891,PC
17891,macOS
17891,Linux
17891,Classic Macintosh
10764,PC
10764,Linux
10764,Android
10764,iOS
10764,macOS
11733,macOS
11733,PC
57799,PlayStation
3074,Android
3074,iOS
3074,PC
3074,macOS
18856,PlayStation 5
18856,PlayStation 4
18856,PC
18856,Xbox One
16012,Xbox One
16012,PC
17981,macOS
17981,PC
17981,Linux
279590,PlayStation 4
279590,PlayStation 2
277925,macOS
277925,PC
14103,Linux
14103,PC
14103,macOS
11382,Linux
11382,PC
11382,macOS
32697,PC
2103,Linux
2103,macOS
2103,Android
2103,PC
2103,iOS
42714,Xbox One
42714,iOS
42714,PC
42714,Xbox 360
42714,Android
19288,PC
27939,Nintendo 3DS
16568,PC
3899,PlayStation 3
962024,PC
962024,Nintendo Switch
962024,PlayStation 5
962024,PlayStation 4
962024,Xbox One
14770,PC
20373,Linux
20373,macOS
20373,PC
30501,Commodore / Amiga
30501,Atari ST
30501,PC
30501,Atari Lynx
30501,NES
15970,PC
15970,PlayStation 2
15970,Android
15970,iOS
15970,PSP
12075,Nintendo Switch
12075,macOS
12075,Linux
12075,PlayStation 4
12075,Xbox One
12075,PS Vita
12075,PC
25119,GameCube
25119,PlayStation 2
25119,PlayStation 3
25119,Wii
25119,Xbox 360
2049,Wii U
2049,PS Vita
2049,Nintendo Switch
2049,Nintendo 3DS
2049,iOS
17879,PC
2372,Xbox One
2372,PlayStation 3
2372,PlayStation 4
2372,Linux
2372,PC
2372,macOS
980502,PC
980502,PlayStation 5
980502,Xbox Series S/X
56165,Nintendo Switch
56165,GameCube
20648,PC
18292,PlayStation 3
18292,iOS
18292,PC
18292,macOS
18292,Nintendo DS
18292,Wii
18292,Android
16206,PC
17853,PC
17853,macOS
17853,Linux
13702,Linux
13702,macOS
13702,PC
53714,Genesis
53714,Game Boy
53714,NES
53714,SNES
21673,PC
5590,PlayStation 3
10793,macOS
10793,PC
9547,PC
9547,macOS
9547,Linux
6616,Xbox One
6616,PC
13973,PC
350543,PC
350543,macOS
5933,iOS
5933,Linux
5933,macOS
5933,PC
3322,PlayStation 3
3322,Xbox One
3322,PC
3322,macOS
3322,Xbox 360
3322,PlayStation 4
5467,PSP
5467,PC
15420,macOS
15420,PC
15420,Linux
802435,PC
802435,PlayStation 5
17839,PC
17839,macOS
17839,Linux
12274,Linux
12274,PC
12988,Xbox 360
12988,PC
16769,PC
928,Xbox One
928,PlayStation 4
928,Nintendo Switch
928,PC
928,macOS
928,Linux
21446,PC
3239,PlayStation 4
3239,Xbox One
3239,Nintendo Switch
3239,PC
25909,PlayStation 3
25909,PlayStation 2
25909,Xbox 360
25909,Wii
25909,PC
25909,PSP
722688,PC
722688,Nintendo Switch
522982,macOS
522982,PC
17385,PC
54531,Nintendo 64
4648,PC
4648,iOS
4648,PlayStation 3
4648,Xbox 360
4648,Wii
10924,PC
16169,Linux
16169,macOS
16169,PC
5397,PC
5397,PlayStation 3
5397,Xbox 360
319155,PC
319155,iOS
319155,Nintendo Switch
319155,Xbox One
12001,Linux
12001,macOS
479670,PlayStation 5
479670,PlayStation 4
479670,PC
479670,Xbox Series S/X
479670,Xbox One
44662,PC
10813,PC
16735,PC
16735,macOS
16735,Linux
16735,Android
12007,macOS
12007,PC
12007,Linux
18413,PC
18924,PC
21056,PC
60645,Xbox One
60645,PlayStation 4
60645,Nintendo Switch
60645,macOS
60645,PC
14236,PC
14236,Linux
14236,macOS
962676,PC
962676,PlayStation 5
962676,Xbox Series S/X
962676,PlayStation 4
962676,Xbox One
29429,Game Boy
29429,PlayStation
29429,Game Boy Color
29429,Nintendo 64
29429,PC
53377,PC
53377,Xbox
53377,GameCube
53377,Game Boy Advance
53377,Classic Macintosh
53377,PlayStation 2
37136,PC
16795,PC
25373,PlayStation 3
25373,PC
25373,Nintendo Switch
25373,Wii
11561,Nintendo Switch
11561,PC
11561,PlayStation 4
11561,Xbox One
9636,PC
9636,PlayStation 4
9636,Nintendo Switch
17749,macOS
17749,PC
17749,Linux
41458,PC
41458,macOS
17139,macOS
17139,iOS
17139,Classic Macintosh
17139,Linux
17139,PC
502171,PC
502171,iOS
48,PlayStation 4
25137,NES
25137,Game Boy Advance
25137,Wii
25137,Wii U
25137,Commodore / Amiga
25137,PlayStation 4
25137,Nintendo 3DS
25137,PC
25137,Nintendo Switch
19700,PC
19700,Xbox
15784,Linux
15784,macOS
15784,PC
27390,Game Boy Advance
43772,PC
43772,Xbox One
484886,PC
28485,Xbox 360
17610,PC
21112,PC
10089,PC
10089,macOS
14277,PC
10201,PC
10201,macOS
18870,PC
17475,PC
8042,iOS
8042,PC
8042,macOS
8042,Linux
8042,Android
25618,Wii
25618,Xbox 360
25618,PC
25618,Xbox One
12458,PC
19178,PC
19178,macOS
364990,PlayStation 4
364990,Nintendo Switch
364990,PC
364990,macOS
61131,Linux
61131,PC
18268,macOS
18268,PC
3803,PlayStation 3
3803,PC
3803,Linux
3803,macOS
3379,Xbox One
3379,PlayStation 3
3379,PlayStation 4
3379,PS Vita
3379,Nintendo Switch
3379,PC
19399,PC
19399,macOS
261226,PC
261226,macOS
211,Android
211,Xbox One
211,Wii U
211,iOS
211,PC
211,Xbox 360
211,PlayStation 3
29590,macOS
29590,PC
304206,Nintendo Switch
304206,PC
27970,Nintendo 3DS
7598,PC
7598,Android
7598,iOS
20845,PC
13947,PC
5757,Wii U
5757,PC
5757,macOS
5757,Android
5757,iOS
14,Xbox One
14,Wii U
14,PlayStation 4
14,iOS
14,Linux
14,PC
14,macOS
11552,PC
468,Nintendo Switch
468,iOS
468,PC
468,macOS
468,Linux
468,Android
13516,Nintendo Switch
13516,PC
13516,macOS
13516,Linux
13516,PlayStation 4
10952,macOS
10952,PC
6708,Nintendo Switch
6708,PlayStation 4
6708,Xbox One
6708,Linux
6708,macOS
6708,PC
6708,iOS
18915,macOS
18915,PC
18915,Linux
44630,Nintendo Switch
44630,PlayStation 4
44630,macOS
44630,PC
20356,PC
17739,Android
17739,macOS
17739,iOS
17739,PC
1269,PC
1269,Linux
1269,PlayStation 4
1269,macOS
1269,iOS
1269,Xbox One
1269,Nintendo Switch
4203,PC
4203,PlayStation 3
4203,Nintendo Switch
4203,Linux
4203,Xbox 360
10806,PC
50824,PC
50824,macOS
11849,PC
61585,macOS
61585,Nintendo Switch
61585,Android
61585,PC
61585,Linux
61585,iOS
27509,Wii U
27509,PC
27509,Xbox 360
15993,PC
15993,macOS
25658,PC
25658,Wii
25658,Xbox 360
25658,PlayStation 2
25658,PlayStation 3
799381,PC
799381,Xbox One
799381,Xbox Series S/X
799381,Nintendo Switch
934079,PC
934079,Xbox Series S/X
934079,PlayStation 5
40689,PC
54403,Nintendo 64
5535,Xbox 360
5535,PlayStation 3
13758,macOS
13758,PC
13758,Linux
337023,PC
337023,macOS
337023,Xbox One
337023,PlayStation 4
337023,Nintendo Switch
337023,iOS
20943,PC
619867,PC
619867,Xbox Series S/X
619867,PlayStation 5
284700,iOS
284700,Xbox One
284700,Nintendo Switch
284700,PC
284700,macOS
284700,Linux
13398,Xbox One
13398,Nintendo Switch
13398,PlayStation 4
13398,Linux
13398,PC
13398,macOS
11392,Nintendo Switch
11392,PlayStation 4
11392,Xbox One
11392,PC
14740,iOS
14740,PC
14740,Linux
14740,macOS
4755,PC
4755,PlayStation
9867,PlayStation 4
9867,PC
20490,PC
12411,PC
9519,PC
19461,PC
19461,macOS
19461,Linux
9930,PC
16514,PC
16514,macOS
16514,Linux
17767,PC
46063,PC
57880,PlayStation 4
57880,PC
57880,Xbox 360
557738,iOS
557738,PC
22220,PC
22220,Xbox One
22220,PlayStation 4
5212,PlayStation 3
5212,macOS
5212,PC
59319,PlayStation 4
59319,PC
12271,PC
19478,Linux
19478,PC
18605,PC
885,PlayStation 4
885,Web
885,PC
14745,PC
36850,PC
36850,macOS
61849,PC
61849,macOS
61849,Linux
644781,PC
644781,iOS
11513,macOS
11513,Linux
11513,PC
388313,Xbox One
388313,PC
388313,PlayStation 4
373521,PlayStation 5
373521,Xbox Series S/X
373521,PlayStation 4
373521,Nintendo Switch
373521,PC
373521,Xbox One
14257,Linux
14257,PC
14257,iOS
14257,macOS
320375,PC
58862,PlayStation 4
44746,Nintendo Switch
44746,macOS
44746,PC
16930,PC
30504,PC
30504,PlayStation
15757,PC
795,PlayStation 4
795,PS Vita
795,macOS
795,PC
16559,PC
16559,Linux
3248,PS Vita
3248,Linux
3248,macOS
3248,PC
3248,PlayStation 4
14142,PC
10788,PC
19636,PlayStation 3
19636,PC
359267,Nintendo Switch
359267,Xbox One
359267,PlayStation 4
359267,PC
20116,PC
17021,PC
17021,Linux
17021,macOS
16579,Linux
16579,macOS
16579,PC
3204,PlayStation 4
3204,Xbox 360
3204,Xbox One
3204,PlayStation 3
2383,PlayStation 3
2383,Xbox 360
2383,Android
2383,iOS
2383,PC
11232,PC
12617,Linux
12617,PC
12617,macOS
497976,PC
497976,macOS
497976,Linux
708999,PlayStation 5
708999,Xbox Series S/X
708999,PlayStation 4
708999,PC
708999,Xbox One
708999,Nintendo Switch
17671,PC
1956,iOS
1956,PC
1956,Android
304191,macOS
304191,PlayStation 5
304191,Xbox One
304191,PC
304191,Nintendo Switch
304191,PlayStation 4
61275,Nintendo Switch
61275,PlayStation 4
61275,Xbox One
61275,PC
776325,PC
1033,Xbox One
1033,PlayStation 4
1033,Nintendo Switch
1033,Linux
1033,PC
1033,Android
1033,iOS
1033,macOS
12502,PC
10067,PC
2085,Xbox One
2085,iOS
2085,PC
2085,macOS
2085,Nintendo Switch
2085,PlayStation 4
2085,Android
45429,PlayStation 4
45429,Nintendo Switch
45429,PC
45429,iOS
45429,Xbox One
39604,Xbox 360
39604,PlayStation 3
39604,PC
18860,PC
484827,Xbox One
484827,PC
16419,PC
16419,macOS
19319,PC
12824,macOS
12824,PC
12824,Android
12824,iOS
18262,PC
19970,Xbox One
19970,PlayStation 4
19970,macOS
19970,Android
19970,PC
19970,Linux
10897,macOS
10897,PC
20925,PC
20925,macOS
6875,PC
6875,iOS
6875,Android
6875,Nintendo Switch
17011,PC
17011,Android
17011,macOS
17011,Linux
19698,PC
378575,Xbox One
378575,PC
378575,PlayStation 4
16126,PC
17798,PC
10877,macOS
10877,PC
10877,Linux
10877,Nintendo Switch
389,Android
389,iOS
389,Linux
389,macOS
389,PC
367083,Linux
367083,macOS
367083,PC
21490,PC
21490,Android
21490,iOS
528725,macOS
528725,PC
528725,Linux
36455,PlayStation 2
36455,Xbox
36455,GameCube
36455,PC
27913,PlayStation 4
27913,PS Vita
27913,Nintendo 3DS
27913,Xbox One
27913,PC
27913,Nintendo Switch
27913,PlayStation 3
18199,macOS
18199,PC
18199,Linux
21449,PC
3430,PC
3430,macOS
3430,Linux
3430,PlayStation 4
3430,PS Vita
3430,PlayStation 3
28355,Xbox 360
302303,Nintendo Switch
302303,Xbox One
302303,PlayStation 4
302303,Xbox Series S/X
302303,PlayStation 5
302303,PC
270713,Xbox One
270713,Xbox 360
18720,Xbox One
18720,Xbox
18720,PC
18720,Xbox 360
2645,macOS
2645,PC
2645,Android
2645,iOS
376899,PC
376899,Xbox One
376899,Nintendo Switch
376899,PlayStation 4
32402,PC
19746,PC
19746,Linux
650607,PC
650607,Xbox Series S/X
650607,PlayStation 5
650607,Xbox One
650607,PlayStation 4
960873,PC
960873,PlayStation 5
960873,Xbox Series S/X
960873,Nintendo Switch
20774,PC
20774,macOS
9444,PC
53381,PlayStation 2
53381,PC
53381,Game Boy Advance
53381,Classic Macintosh
53381,Xbox
53381,GameCube
20178,PC
13414,Nintendo Switch
13414,Linux
13414,macOS
13414,PC
633,Android
633,iOS
633,PlayStation 4
42240,PlayStation 4
42240,PlayStation 3
42240,PS Vita
16775,PC
18404,Linux
18404,macOS
18404,PC
18987,macOS
18987,PC
16410,PC
4675,PlayStation 3
4675,PC
4675,Xbox 360
21461,PC
725781,PC
46866,PC
21515,macOS
21515,Linux
21515,PC
17254,PC
17254,macOS
17254,Linux
17254,Android
17254,Classic Macintosh
17254,Genesis
17254,SNES
4130,PlayStation 3
4130,Xbox 360
4130,PC
42234,PlayStation 3
14856,PC
19688,PC
58927,Xbox One
58927,PC
58927,PlayStation 4
185388,PC
238390,Nintendo Switch
22876,PC
11693,PlayStation 4
11693,Linux
11693,PC
611,Xbox One
611,PlayStation 4
611,macOS
611,PC
20009,macOS
20009,PC
20798,PC
64111,macOS
64111,PC
64111,Linux
64111,iOS
64111,Android
15889,macOS
15889,PC
974482,Linux
974482,PC
28462,Xbox 360
28462,Xbox One
19179,Nintendo Switch
19179,Android
19179,PC
19179,Linux
19179,iOS
19179,macOS
18430,Linux
18430,macOS
18430,PC
37851,PC
31482,macOS
31482,iOS
31482,Game Boy Color
31482,PlayStation
31482,PC
16797,macOS
16797,PC
579580,PC
11355,PC
52512,Game Boy
52512,Nintendo Switch
52512,Nintendo 3DS
52512,Wii U
52512,Wii
52512,Atari 2600
52512,Game Boy Advance
52512,Atari 8-bit
52512,Atari 7800
52512,Apple II
52512,NES
52512,Atari XEGS
52512,Commodore / Amiga
380862,Nintendo Switch
380862,PC
19674,PC
21678,PC
540036,PC
61847,PC
21078,PC
11541,PC
469031,Linux
469031,PC
469031,iOS
469031,macOS
13638,PC
10640,PC
485079,PC
485079,Nintendo Switch
485079,Xbox One
485079,PlayStation 4
12503,PC
13043,Nintendo Switch
13043,PC
13043,macOS
13043,Linux
13043,iOS
2930,Nintendo 3DS
2930,Nintendo Switch
2930,iOS
2930,PC
21280,PC
325032,PC
3447,PlayStation 4
3447,Android
3447,PC
3447,Linux
3447,macOS
366844,PlayStation 4
366844,Nintendo Switch
366844,PC
383496,PC
19277,PlayStation 3
19277,Xbox 360
19277,PC
2232,Android
2232,PC
2232,macOS
2232,iOS
4416,PlayStation 2
20110,PC
806954,PC
28274,iOS
28274,PlayStation 3
28274,Xbox 360
53945,PC
53945,NES
53945,Commodore / Amiga
21272,PC
9942,Linux
9942,PC
9942,macOS
9594,PC
616675,PC
616675,Xbox One
616675,Xbox Series S/X
12254,PC
302974,Nintendo Switch
16527,PC
12200,macOS
12200,PC
12200,Linux
19858,Linux
19858,macOS
19858,PC
19858,Android
20584,macOS
20584,PC
20584,Linux
17811,macOS
17811,PC
17811,Linux
16412,PlayStation
16412,macOS
16412,PC
37059,PC
1479,iOS
1479,macOS
1479,PC
13532,Linux
13532,PC
22373,Nintendo Switch
22373,PlayStation 4
22373,PC
29099,Xbox 360
1698,PlayStation 4
1698,Wii U
1698,Xbox One
15074,PC
14278,PC
17283,PC
20100,PC
1577,Android
1577,PS Vita
1577,PC
1577,macOS
1577,iOS
22441,PC
504,Xbox One
504,Android
504,PlayStation 4
504,iOS
504,macOS
504,PC
17282,PC
972995,Xbox Series S/X
972995,PlayStation 5
17657,PC
4775,PlayStation 3
15930,macOS
15930,PC
15930,Linux
327206,Xbox One
327206,Nintendo Switch
327206,PlayStation 4
327206,PC
19367,Wii
19367,PC
19367,PlayStation 2
19367,Dreamcast
62553,macOS
62553,PC
10383,iOS
10383,PC
10383,macOS
10383,Linux
720937,PC
56114,PlayStation 3
56114,Xbox
56114,GameCube
56114,PlayStation 2
47155,Android
47155,PC
47155,iOS
11498,PC
11498,PSP
3372,PS Vita
3372,PC
3372,Linux
3372,macOS
51326,Xbox One
51326,Xbox Series S/X
51326,PC
19845,Linux
19845,macOS
19845,PC
36542,PC
36542,Xbox
36542,PlayStation 2
438,Xbox One
438,PlayStation 4
438,Nintendo Switch
438,Linux
438,PC
438,macOS
17069,macOS
17069,PC
19172,PC
19172,Linux
19172,macOS
708980,PC
13974,PC
12491,PC
19286,Xbox
19286,PlayStation 2
19286,Wii
19286,PC
47396,PC
47396,PlayStation 4
47396,iOS
47396,Xbox One
47396,Nintendo Switch
14565,Linux
14565,PC
14565,macOS
53205,NES
53205,Game Boy Advance
53205,Wii
53205,Wii U
53205,Nintendo 3DS
53205,GameCube
10138,macOS
10138,PC
10138,Linux
11991,PC
5649,PC
5649,PlayStation 3
5649,Xbox 360
6905,Wii U
6905,Linux
6905,iOS
6905,PC
6905,macOS
17029,PC
23260,Xbox One
23260,PlayStation 4
23260,Nintendo Switch
23260,macOS
23260,Linux
23260,iOS
23260,PC
23260,Android
15461,PC
15461,macOS
15461,Linux
2487,Xbox One
2487,PlayStation 4
2487,Nintendo Switch
2487,PC
46180,PlayStation 4
46180,Nintendo Switch
46180,PC
46180,iOS
36096,PC
36096,Xbox
898351,PlayStation 5
898351,Xbox Series S/X
898351,PC
23004,Xbox 360
23004,macOS
23004,PlayStation 2
23004,Xbox
23004,PC
686812,PC
686812,iOS
686812,Nintendo Switch
20647,PC
24948,GameCube
24948,Xbox
24948,PSP
24948,PC
24948,PlayStation 2
471011,PlayStation 4
471011,Nintendo Switch
471011,PC
487914,Nintendo Switch
383546,PlayStation 4
383546,PC
383546,Xbox One
383546,Nintendo Switch
7563,iOS
7563,PC
7563,Linux
7563,macOS
16834,PC
16834,macOS
11722,PC
17860,macOS
17860,PC
17860,Linux
24392,PlayStation 3
24392,PC
24392,Xbox 360
24392,Wii
24392,macOS
24392,iOS
24392,PlayStation 2
24392,PSP
24392,Android
10298,PC
3602,PlayStation 3
3602,Xbox 360
3602,Xbox One
3602,PlayStation 4
303589,Linux
303589,PC
303589,macOS
19356,PC
19356,Xbox 360
39053,PC
14854,macOS
14854,PC
14854,Linux
11459,PlayStation 4
11459,PC
12329,PC
12329,macOS
12329,Linux
3943,PlayStation 3
35963,Xbox
35963,PC
35963,PlayStation 2
25449,Wii
25449,PlayStation 2
25449,PC
12051,macOS
12051,PC
50410,PC
50410,macOS
21236,Android
21236,macOS
21236,PC
270730,PC
22902,PC
45958,PlayStation 4
45958,Linux
45958,macOS
45958,PC
45958,Xbox One
9055,Nintendo Switch
9055,PC
9055,Android
9055,Linux
9055,macOS
9055,iOS
59081,PC
59081,Android
59081,iOS
2,Wii U
2,PlayStation 3
2,PlayStation 4
2,PC
2,Xbox One
2,macOS
91642,PC
36941,PC
19531,PC
19531,iOS
19531,Android
19531,Linux
19531,macOS
52217,PlayStation 4
52217,Xbox One
52217,PS Vita
52217,PC
52217,macOS
52217,Linux
375197,macOS
375197,Nintendo Switch
375197,iOS
375197,PC
375197,PlayStation 4
375197,Xbox One
53803,NES
53803,Wii U
3829,PC
3829,PS Vita
3829,PlayStation 4
21703,PC
619898,PC
12792,PC
428303,PC
555,PlayStation 4
555,Xbox One
555,Nintendo Switch
555,PC
3057,PlayStation 3
3057,PS Vita
3057,PC
3057,PlayStation 4
16276,PC
16276,macOS
16276,Linux
14643,PC
14023,PC
14023,Xbox 360
20587,PC
38731,PC
10844,PC
17027,PC
46153,iOS
46153,Nintendo Switch
46153,Android
46153,PC
46153,Xbox One
46153,PlayStation 4
364807,PC
364807,Nintendo Switch
364807,PlayStation 4
364807,Xbox One
364807,Xbox Series S/X
364807,PlayStation 5
14509,PC
144,PC
144,PlayStation 3
144,iOS
144,Android
13036,PC
19316,PC
421711,PC
421711,PlayStation 4
51333,Nintendo Switch
41647,PC
9709,macOS
9709,PC
9709,Linux
17140,Classic Macintosh
17140,PC
17140,macOS
17140,Linux
58170,PlayStation 4
58170,Nintendo Switch
17033,PC
14942,macOS
14942,PC
14942,Linux
965470,Linux
965470,PC
22478,PC
13152,macOS
13152,PC
13152,Linux
16257,PC
15439,Wii U
15439,Nintendo 3DS
15439,Nintendo Switch
15439,macOS
15439,PC
43759,PC
43759,Xbox One
43759,Nintendo Switch
43759,PlayStation 4
18270,iOS
18270,PC
29696,PC
7019,PlayStation 4
7019,Xbox One
7019,Android
7019,PC
7019,Linux
7019,macOS
17725,PC
50603,PC
53180,Game Boy Advance
53180,Wii U
1723,PlayStation 3
1723,Xbox One
1723,PlayStation 4
1723,PC
20104,PC
35351,PC
17933,macOS
17933,PC
17933,Linux
20320,PC
5836,PlayStation
5836,PC
5836,Android
5836,iOS
15436,PC
18874,Nintendo Switch
18874,macOS
18874,PC
18874,Linux
14813,PC
14813,macOS
14813,Linux
17396,macOS
17396,PC
17396,Linux
10761,PC
17771,Xbox One
17771,PlayStation 4
17771,PC
17771,macOS
193,PS Vita
193,Xbox One
193,iOS
193,Android
193,PC
14853,PC
14853,Linux
17031,PC
10424,Nintendo Switch
10424,PlayStation 4
10424,PC
10424,macOS
14697,PC
22374,PC
22374,PlayStation 4
22374,Nintendo Switch
22374,Xbox One
783865,PC
16926,PC
23763,Wii U
959953,iOS
959953,PC
484913,PC
17430,PC
20103,PC
455579,PlayStation 4
455579,Xbox One
455579,PC
455579,Xbox Series S/X
455579,PlayStation 5
2474,PC
2474,iOS
2474,PlayStation 4
2474,Android
19821,Xbox One
19821,PC
19821,macOS
19821,PS Vita
19821,Nintendo Switch
15800,macOS
15800,PC
22796,PC
22796,macOS
13889,PC
13889,Nintendo Switch
19193,PC
19193,Wii
19193,Xbox One
19193,PlayStation 4
19193,Nintendo Switch
19193,PlayStation 2
44460,Xbox One
44460,PlayStation 4
44460,Nintendo Switch
44460,PC
351,Android
351,PlayStation 4
351,Xbox One
351,PC
351,iOS
16858,macOS
16858,PC
16858,Linux
45868,PlayStation 4
45868,PC
45868,PlayStation 5
45868,Xbox One
45868,Nintendo Switch
22910,PC
19853,macOS
19853,PC
19853,Linux
18141,macOS
18141,PC
18141,Linux
10084,Nintendo Switch
10084,PC
15652,PC
15652,macOS
15652,Linux
52335,PlayStation 2
52335,Xbox 360
200,PlayStation 4
200,PC
200,Xbox One
49909,PC
12137,PC
50796,PlayStation 4
17779,macOS
17779,Linux
17779,PC
18023,PC
18023,macOS
18023,Linux
304273,PC
1486,PlayStation 4
1486,Nintendo Switch
1486,iOS
1486,macOS
1486,Linux
1486,PC
1486,Android
10644,PC
13844,Linux
13844,macOS
13844,PC
15494,PC
19737,Nintendo Switch
19737,Linux
19737,macOS
19737,PC
861285,Linux
861285,macOS
861285,PC
782343,PlayStation 5
782343,PlayStation 4
782343,PC
782343,Nintendo Switch
782343,Xbox Series S/X
782343,Xbox One
553075,PC
13324,PC
9667,Linux
9667,macOS
9667,PC
9667,iOS
9667,Android
42288,Xbox 360
42288,PlayStation 3
12482,PC
3856,PlayStation 3
29091,Xbox 360
29091,PlayStation 3
1120,Xbox One
1120,PC
1120,PlayStation 3
1120,PlayStation 4
20137,PC
20137,macOS
20137,iOS
15472,macOS
15472,PC
1230,Xbox One
1230,PlayStation 4
1230,Nintendo Switch
1230,iOS
1230,PC
1230,Linux
1230,macOS
9818,PC
58928,PlayStation 4
58928,Xbox One
5545,Xbox 360
5545,Wii
5545,Nintendo 3DS
5545,Wii U
5545,PC
5545,PlayStation 3
5545,iOS
18719,PC
50971,Nintendo 3DS
50971,Game Boy Color
1872,Xbox One
1872,PlayStation 4
1872,PC
421699,PC
288559,PlayStation 4
11424,PC
58819,PC
491512,iOS
491512,PC
19689,Xbox 360
19689,PC
15527,PC
9468,PS Vita
9468,Nintendo Switch
9468,Linux
9468,PC
9468,macOS
1454,PlayStation 3
1454,Xbox One
1454,PlayStation 4
1454,Xbox 360
22629,PC
4628,PC
4628,Xbox 360
4628,PlayStation 3
301514,PC
301514,PlayStation 4
301514,Xbox Series S/X
301514,Xbox One
301514,PlayStation 5
455580,PlayStation 5
455580,PC
455580,Nintendo Switch
455580,Xbox Series S/X
455580,Xbox One
455580,PlayStation 4
1125,PlayStation 3
1125,Xbox One
1125,PC
1125,Xbox 360
1125,PlayStation 4
19629,PC
22409,PC
36189,GameCube
36189,Xbox
36189,PlayStation 3
36189,PlayStation 2
36189,PC
13139,PC
13139,Linux
18160,PlayStation 4
18160,Nintendo Switch
18160,Xbox One
18160,PC
18160,Linux
18160,macOS
288635,Xbox One
288635,Xbox 360
12159,macOS
12159,Nintendo Switch
12159,PC
12159,Xbox One
17098,macOS
17098,PC
21637,PC
720950,Linux
720950,macOS
720950,PC
720950,Xbox One
19871,PlayStation 3
19871,PC
37032,PC
9844,macOS
9844,PC
3584,Xbox 360
3584,PlayStation 3
370216,Nintendo Switch
370216,PC
370216,macOS
18230,PC
455513,PC
12917,PC
12917,Linux
17881,PC
17881,macOS
17881,Linux
42120,PSP
42120,PlayStation 3
42120,Xbox 360
42120,PC
42120,PlayStation 2
19557,PC
19557,iOS
18555,Xbox One
18555,macOS
18555,PlayStation 4
18555,PC
31495,iOS
31495,PC
31495,macOS
22576,PC
16508,macOS
16508,PC
16508,Linux
28471,Xbox 360
28471,PC
28471,PlayStation 4
28471,Nintendo Switch
28471,Xbox One
28471,PlayStation 3
558974,Nintendo Switch
8093,PC
8093,Wii U
8093,iOS
8093,Linux
8093,macOS
375282,macOS
375282,Linux
375282,PC
18675,PC
428178,PlayStation 4
428178,Nintendo Switch
428178,PC
428178,Xbox One
21616,PC
58351,PlayStation 4
58351,Nintendo Switch
58351,PC
1055,macOS
1055,PC
1055,Linux
1055,Android
1055,iOS
279033,Android
279033,macOS
279033,PC
279033,iOS
18296,macOS
18296,PC
18296,Linux
19755,PC
34811,PC
34811,GameCube
34811,iOS
34811,Android
14153,PC
17634,PC
20121,PC
437062,Nintendo Switch
437062,PC
437062,PlayStation 4
13591,PC
313748,Xbox One
313748,PlayStation 4
313748,iOS
313748,PC
313748,macOS
313748,Linux
61004,PC
61004,macOS
61004,iOS
60633,PC
14659,PC
13716,PC
4529,Xbox One
4529,Xbox 360
4529,Wii
4529,PlayStation 3
4529,Nintendo Switch
4529,PC
22318,PC
368,iOS
368,PC
368,Android
571696,PC
571696,Nintendo Switch
796094,PC
13186,Linux
13186,macOS
13186,PC
13186,iOS
16220,PC
16220,iOS
35818,GameCube
35818,Xbox
35818,Game Boy Advance
35818,PC
35818,PlayStation 2
5686,Xbox 360
5686,PC
5686,Nintendo DS
5686,PlayStation 3
36858,PC
616690,PC
616690,PlayStation 5
616690,Xbox Series S/X
46058,PC
15343,PC
302977,Nintendo Switch
302977,PC
302977,macOS
302977,Xbox One
302977,PlayStation 4
302977,Android
302977,iOS
17212,macOS
17212,PC
17212,Linux
14004,Xbox
14004,PC
22872,Dreamcast
22872,PlayStation
22872,PC
58920,PC
58920,iOS
58920,Nintendo DS
58920,PS Vita
11544,PC
50119,Nintendo Switch
50119,Xbox Series S/X
50119,PC
50119,Xbox One
61584,PC
61584,PlayStation 4
61584,iOS
61584,Wii
61584,PlayStation 3
61584,PSP
61584,Android
285650,PlayStation 3
285650,Xbox 360
617209,PC
617209,Xbox Series S/X
277932,PC
452664,PlayStation 5
452664,Xbox Series S/X
452664,PlayStation 4
452664,Nintendo Switch
452664,PC
452664,Xbox One
570171,PC
570171,macOS
570171,Linux
570171,Nintendo Switch
914795,PC
992,PS Vita
992,PC
17260,Android
17260,Linux
17260,PC
17992,macOS
17992,iOS
17992,PC
2430,PlayStation 4
2430,Nintendo Switch
2430,macOS
2430,Linux
2430,PC
37923,PC
2506,PS Vita
2506,PlayStation 4
16529,PC
53461,Game Boy Advance
53461,iOS
53461,PC
53461,Nintendo 3DS
53461,Nintendo DS
53461,Wii
53461,Android
776267,PlayStation 5
776267,PC
776267,PlayStation 4
39187,PC
48930,PlayStation 4
48930,PC
16558,PC
16558,Linux
23308,Xbox One
23308,PlayStation 4
38991,PC
38991,Xbox 360
38991,PlayStation 3
18079,iOS
18079,Wii U
18079,PC
18079,Linux
18079,macOS
331009,PlayStation 4
331009,PlayStation 2
387244,PC
36390,PC
36390,PlayStation 2
36390,Xbox
12690,PC
17045,Linux
17045,PC
17045,macOS
26174,PlayStation 2
26174,PlayStation 3
26174,Xbox 360
26174,PC
26174,Wii
16298,PC
969003,PC
14652,PC
28526,Xbox 360
28458,PC
28458,Xbox 360
44215,PlayStation 4
44215,Xbox One
44215,PC
20007,PC
17939,macOS
17939,PC
295094,Xbox One
295094,PC
295094,PlayStation 4
20023,iOS
20023,PC
20023,macOS
20023,Linux
20023,Android
571689,PC
963212,PC
963212,PlayStation 4
963212,PlayStation 5
963212,Xbox Series S/X
387242,Linux
387242,macOS
387242,PC
5591,PlayStation 3
5591,PC
5591,Xbox 360
22346,PC
22346,macOS
22346,Linux
11100,PC
9846,macOS
9846,PC
9846,Linux
9846,Xbox One
5143,Dreamcast
5143,PlayStation
5143,PC
419293,PC
419293,Xbox One
419293,Nintendo Switch
419293,PlayStation 4
419293,PlayStation 5
419293,Xbox Series S/X
5160,PSP
1515,PC
1515,iOS
1515,macOS
62238,Linux
62238,macOS
62238,PC
62238,Nintendo Switch
20355,Android
20355,macOS
20355,PC
19849,PC
13908,macOS
13908,PC
13908,Linux
14102,macOS
14102,PC
14102,Linux
520350,macOS
520350,PC
520350,Xbox One
520350,iOS
520350,Nintendo Switch
520350,PlayStation 4
19344,PC
428046,macOS
428046,PC
13492,PC
13492,Linux
827,macOS
827,Android
827,PC
827,iOS
19918,macOS
19918,PC
19918,Linux
20107,PC
19651,PSP
19651,PlayStation 3
19651,Xbox 360
19651,PC
18995,Xbox 360
18995,PC
11906,PC
11906,iOS
17141,Classic Macintosh
17141,PC
17141,macOS
17141,Linux
266205,PlayStation 4
266205,PC
266205,Xbox One
266205,Nintendo Switch
17895,macOS
17895,PC
17895,Linux
3749,PlayStation 3
3749,Xbox 360
3749,PC
20197,PC
15445,PC
20651,PC
20651,iOS
20651,macOS
44791,PS Vita
16628,macOS
16628,PC
16628,Android
16628,iOS
2928,Xbox One
2928,Wii U
2928,PlayStation 4
2928,Nintendo Switch
2928,macOS
2928,PC
21241,PC
11023,macOS
11023,PC
11023,Linux
15334,iOS
15334,PC
15334,macOS
15334,Linux
15334,Android
269532,iOS
269532,PC
13612,PC
13612,iOS
13612,Android
13612,Linux
13612,macOS
27159,Nintendo 3DS
28383,Xbox 360
14741,PC
311735,PC
311735,macOS
311735,Linux
10561,PC
981791,PC
981791,macOS
981791,PlayStation 5
981791,Xbox Series S/X
17541,PC
51622,PC
678592,Xbox Series S/X
678592,Nintendo Switch
678592,PC
678592,Xbox One
678592,PlayStation 5
678592,PlayStation 4
16598,PC
969496,PC
19498,PC
8096,PC
8096,Linux
8096,macOS
8096,iOS
5883,Nintendo 3DS
5883,PC
5883,iOS
5883,Android
21460,macOS
21460,PC
12394,PC
15593,PC
6320,PC
6320,iOS
6320,macOS
7087,PC
7087,Android
7087,Classic Macintosh
7087,iOS
7087,macOS
7087,Linux
18341,PC
5567,Xbox 360
5567,PlayStation 3
16522,macOS
16522,PC
16522,Linux
428077,PC
4391,Wii
4391,PlayStation 3
4391,Xbox 360
4391,PC
254576,PC
15964,macOS
15964,PC
15964,PlayStation 4
257385,PC
537745,PC
20214,PC
16447,PC
51489,Xbox One
51489,PlayStation 4
3525,PlayStation 3
3525,Xbox 360
3525,PC
14577,PC
22427,PC
3275,Xbox One
3275,Xbox 360
14090,PC
15968,PlayStation 4
15968,PC
15968,Nintendo Switch
15968,PlayStation 3
15968,PS Vita
536941,PC
11615,PlayStation 4
11615,Nintendo Switch
11615,PC
14769,PC
20772,macOS
20772,PC
892898,PlayStation 5
892898,Xbox Series S/X
892898,PC
46979,PC
20198,PC
16910,macOS
16910,PC
16910,Linux
25178,Nintendo 64
20780,PC
20780,macOS
28292,PlayStation 3
28292,Xbox 360
13033,PC
442866,Nintendo Switch
28392,PC
28392,Nintendo Switch
28392,Xbox 360
42257,PC
42257,PlayStation 3
13125,PC
3007,PC
3007,PlayStation 3
3007,Xbox 360
3007,macOS
274763,PC
49376,Nintendo Switch
49376,PC
49376,Xbox One
15795,macOS
15795,PC
12974,Web
12974,macOS
12974,PC
17786,PC
17786,macOS
17786,Linux
22792,PC
22792,macOS
269354,PC
269354,macOS
269354,Linux
269354,Android
269354,iOS
32232,Classic Macintosh
32232,iOS
32232,PC
32232,macOS
32232,PlayStation
32232,Android
19575,PC
13239,PC
18282,PC
58701,PlayStation 4
58701,Xbox One
28546,PlayStation 3
28546,Xbox 360
19529,PC
19529,macOS
20663,PC
257237,PlayStation 4
257237,PS Vita
17709,PC
17709,Linux
19260,macOS
19260,PC
19260,Linux
270757,macOS
270757,PC
442869,Xbox One
442869,PlayStation 4
442869,PC
442869,Nintendo Switch
16195,PlayStation 3
16195,PS Vita
16195,PC
2564,PlayStation 3
2564,PlayStation 4
17943,PC
17943,macOS
17943,Linux
15476,macOS
15476,PC
15476,Linux
19242,PlayStation 3
19242,PC
14079,PC
14079,PlayStation 4
14079,Xbox One
1916,Xbox One
1916,PlayStation 4
1916,Nintendo Switch
1916,Android
1916,PC
1916,iOS
911543,PC
911543,Xbox Series S/X
911543,PlayStation 4
911543,Xbox One
254547,Linux
254547,PC
254547,macOS
10636,PC
17821,PC
17821,Linux
17821,macOS
427892,PC
674334,PC
674334,Xbox One
804768,PC
16643,PC
3778,PS Vita
3778,macOS
3778,PC
15897,PC
772603,Xbox One
772603,PlayStation 4
772603,Nintendo Switch
772603,PC
24138,Game Boy Advance
24138,NES
9762,macOS
9762,PC
9762,Linux
2071,PC
2071,macOS
2071,PlayStation 4
6579,Android
6579,macOS
6579,PC
6579,Linux
6579,iOS
16509,PC
1505,Xbox One
1505,Linux
1505,macOS
1505,PC
16459,PC
14880,PC
14880,macOS
14880,Linux
14691,Linux
14691,Nintendo Switch
14691,PC
14691,Android
14691,macOS
14691,iOS
650667,Xbox Series S/X
650667,Nintendo Switch
650667,PC
650667,Xbox One
650667,PlayStation 4
650667,PlayStation 5
966216,PC
966216,Nintendo Switch
19171,macOS
19171,PC
19171,Linux
9851,PC
29839,macOS
29839,PC
29839,Atari ST
29839,Classic Macintosh
29839,SEGA CD
29839,Commodore / Amiga
16054,macOS
16054,PC
748636,iOS
748636,PC
748636,macOS
748636,Linux
28170,PC
964000,Xbox Series S/X
964000,PlayStation 5
964000,PC
6628,Xbox One
6628,PlayStation 4
6628,PC
961200,PC
961200,PlayStation 5
961200,Xbox Series S/X
16433,PC
311820,iOS
311820,PC
311820,Android
4885,PlayStation 3
4885,Xbox 360
4885,PC
44377,Nintendo Switch
44377,PlayStation 4
44377,Xbox One
44377,PC
304182,PlayStation 5
304182,Xbox Series S/X
304182,PlayStation 4
304182,Nintendo Switch
304182,PC
304182,Xbox One
304182,iOS
46232,PlayStation 4
46232,Nintendo Switch
46232,PC
17619,macOS
17619,Linux
17619,PC
392411,PC
18528,Linux
18528,macOS
18528,PC
17797,macOS
17797,PC
17797,Linux
18630,PC
13160,PC
50771,PC
8665,iOS
8665,PC
8665,macOS
3176,PlayStation 4
3176,Nintendo Switch
3176,PC
4004,PlayStation 3
4004,macOS
4004,PC
13277,macOS
13277,PC
13277,iOS
26042,PlayStation 2
26042,Wii
26042,PlayStation 3
647625,PC
647625,Xbox One
351003,Linux
351003,macOS
351003,PC
295080,PC
3593,Xbox One
3593,Xbox 360
3593,PlayStation 3
3593,PlayStation 4
2105,macOS
2105,PC
2105,iOS
802170,PC
62351,PC
62351,PlayStation 4
1300,PC
1300,Android
1300,iOS
12034,PC
23522,Linux
23522,PC
12592,PC
15173,PC
15303,PC
15303,Linux
15303,macOS
7527,Linux
7527,macOS
7527,Android
7527,iOS
7527,PC
802455,PC
415364,Xbox One
415364,Nintendo Switch
415364,PC
415364,macOS
415364,Linux
373511,Nintendo Switch
4774,Xbox 360
4774,PlayStation 3
231,PlayStation 4
231,PC
21147,macOS
21147,PC
52879,Nintendo 64
52879,PlayStation
52879,PC
836798,PC
836798,PlayStation 5
836798,Xbox Series S/X
836798,Xbox One
836798,PlayStation 4
18547,PC
20467,PC
20467,macOS
5145,macOS
5145,PC
5145,PSP
62657,PlayStation 4
62657,Xbox One
62657,PC
62657,Nintendo Switch
24961,PlayStation 2
24961,Game Boy Advance
24961,Xbox
24961,Nintendo DS
24961,PC
24961,GameCube
14975,Genesis
14975,Game Gear
14975,SEGA Master System
14975,Classic Macintosh
14975,Android
14975,Nintendo 3DS
14975,PC
14975,iOS
14975,Wii
14975,Linux
3227,PS Vita
3227,PlayStation 4
3227,PC
326219,Xbox One
326219,PC
326219,PlayStation 4
17497,Nintendo Switch
17497,Linux
17497,PC
17497,iOS
17497,macOS
16900,macOS
16900,PC
3873,PS Vita
3873,Nintendo 3DS
840789,PC
409543,PC
20095,PC
5808,Android
5808,macOS
5808,PC
5808,iOS
3034,Nintendo Switch
3034,Wii U
3034,PlayStation 3
3034,PC
3034,PS Vita
3034,PlayStation 4
3034,Xbox One
15665,PC
15665,macOS
15665,Linux
15508,macOS
15508,PC
15508,Linux
7548,iOS
7548,macOS
7548,PC
9809,Linux
9809,macOS
9809,PC
10114,Nintendo Switch
10114,PC
10114,Linux
10114,macOS
61148,PC
61148,Nintendo Switch
61148,PlayStation 4
65336,PC
19589,PC
619944,PC
22959,PC
60247,PC
618732,Xbox Series S/X
618732,Xbox One
618732,PC
19571,PC
19571,Xbox 360
20111,PC
16632,Linux
16632,macOS
16632,PC
47463,Xbox One
47463,PlayStation 4
47463,PC
13607,PC
13607,macOS
13607,Linux
15679,PC
15679,macOS
15679,Linux
2407,PlayStation 4
2407,PlayStation 2
51170,macOS
51170,PC
17397,PC
9435,Xbox One
9435,PlayStation 4
9435,PC
9435,macOS
9435,Linux
29276,PC
17168,Nintendo Switch
17168,iOS
17168,PlayStation 4
17168,macOS
17168,PC
19282,PC
21727,iOS
21727,PC
21727,macOS
20638,PC
14941,Linux
14941,macOS
14941,PC
849517,PlayStation 5
849517,PC
849517,Xbox Series S/X
496696,PC
62506,Nintendo Switch
62506,Xbox One
62506,PC
62506,macOS
62506,PlayStation 4
53460,PC
53460,Game Boy Advance
53460,Android
53460,Wii
53460,Nintendo DS
53460,iOS
399391,PC
247058,Xbox One
247058,PC
247058,Nintendo Switch
247058,PlayStation 4
362880,PlayStation 5
362880,PlayStation 4
362880,Nintendo Switch
362880,PC
362880,macOS
18456,macOS
18456,PC
18456,Linux
20902,PC
830039,PC
830039,Nintendo Switch
17492,PC
17492,macOS
17492,Linux
21047,PC
16574,PC
17592,PC
576532,Xbox One
576532,iOS
576532,macOS
576532,PC
576532,Nintendo Switch
576532,PlayStation 4
21031,PC
758571,PC
21432,PC
11932,PC
28696,Xbox 360
28696,PC
28696,PlayStation 3
11241,macOS
11241,PC
11241,Linux
53747,NES
616677,PC
616677,PlayStation 5
616677,Xbox Series S/X
17296,PC
17296,Xbox One
9866,PlayStation 4
9866,PC
5607,PC
5607,Wii
5607,Xbox 360
5607,PlayStation 2
5607,PlayStation 3
667649,PC
667649,PlayStation 5
667649,Xbox Series S/X
647660,macOS
647660,PC
647660,PlayStation 5
647660,Xbox Series S/X
17259,PC
4495,PlayStation 3
4495,Xbox 360
4495,PC
12441,PC
53506,PC
53506,Game Boy Advance
53506,PlayStation
53506,SNES
53506,Genesis
10792,PC
10792,PS Vita
10792,PlayStation 3
10792,PlayStation 4
17144,Linux
17144,macOS
17144,iOS
17144,PC
2682,PlayStation 4
2682,PC
2682,PS Vita
393544,PC
34801,GameCube
34801,Xbox
34801,PlayStation 2
34801,PC
525,PC
525,Xbox One
525,PlayStation 3
525,PlayStation 4
525,iOS
525,Android
9535,Xbox One
9535,Linux
9535,macOS
9535,PC
3357,PC
3357,PSP
3357,PlayStation 4
3357,PS Vita
20089,PC
20089,Android
13545,PC
14226,PC
23400,PC
13838,PC
18816,PC
29066,Xbox 360
29066,Xbox One
17886,PC
4802,Wii
4802,PlayStation 3
17143,macOS
17143,PC
17143,Linux
60769,Nintendo Switch
60769,macOS
60769,PC
10541,PC
10541,macOS
15667,PC
327216,PC
327216,Xbox Series S/X
327216,Xbox One
327216,PlayStation 5
327216,PlayStation 4
30799,Android
30799,PC
30799,macOS
22463,PC
17383,Android
17383,Linux
17383,macOS
17383,PC
16767,PC
4472,PS Vita
62406,Linux
62406,macOS
62406,PlayStation 4
62406,Nintendo Switch
62406,PC
62406,iOS
62406,Xbox One
15512,3DO
15512,Classic Macintosh
15512,iOS
15512,PC
616687,PlayStation 5
616687,Xbox Series S/X
616687,PlayStation 4
616687,PC
616687,Nintendo Switch
616687,Xbox One
13006,Linux
13006,macOS
13006,PC
244726,PlayStation 3
244726,PS Vita
244726,PlayStation 2
13494,PC
13494,Linux
30025,PC
30025,iOS
1287,Xbox One
1287,PlayStation 4
1287,Nintendo Switch
1287,PC
13486,PC
16690,PC
31397,Classic Macintosh
31397,PC
21159,PC
19517,Xbox 360
19517,PC
9517,macOS
9517,Linux
9517,PC
17580,macOS
17580,Linux
17580,PC
18829,PC
46930,Android
46930,PC
46930,iOS
16327,PC
16327,iOS
13473,PlayStation 4
13473,Xbox One
13473,Nintendo Switch
13473,PC
18273,macOS
18273,PC
15843,macOS
15843,PC
15843,Linux
22402,PC
19170,PC
4742,PlayStation
37212,PC
18496,PC
51335,PC
51335,PlayStation 4
51335,Nintendo Switch
16139,PC
23570,PC
578182,PlayStation 5
578182,Xbox Series S/X
578182,PC
578182,Nintendo Switch
311787,PlayStation 4
311787,Xbox One
311787,PC
11280,PC
406002,PlayStation 4
406002,Xbox One
406002,Nintendo Switch
406002,PC
24170,Wii
24170,Wii U
313802,PlayStation 4
313802,Nintendo Switch
313802,PC
313802,Xbox One
270657,PC
481889,PC
24182,Wii U
840776,PlayStation 4
840776,Xbox One
840776,Xbox Series S/X
840776,PlayStation 5
840776,PC
690727,PC
16418,PC
9848,PC
383623,Nintendo Switch
383623,PC
17489,PC
17489,macOS
17489,Linux
595,PlayStation 4
595,Wii U
595,Nintendo Switch
595,PC
244746,PC
244746,Nintendo Switch
244746,PlayStation 4
244746,Xbox One
23216,PlayStation 4
28386,Xbox 360
28386,Xbox One
28386,PC
15542,Nintendo Switch
15542,Xbox One
15542,PlayStation 4
15542,Android
15542,PC
15542,macOS
17872,PC
17872,macOS
17872,Linux
255825,PC
255825,Nintendo Switch
255825,PlayStation 4
2636,PlayStation 4
2636,PC
2636,Linux
2636,macOS
59227,PlayStation 4
59227,PlayStation 5
18930,PC
18930,macOS
18930,Linux
457730,Xbox One
457730,PlayStation 4
457730,Xbox Series S/X
457730,PC
12181,PC
12181,Linux
12181,macOS
12058,Nintendo Switch
12058,PC
16601,PC
2009,iOS
2009,PC
2009,Android
15405,PC
15405,macOS
52169,iOS
52169,macOS
52169,Android
52169,PC
21591,PC
21591,macOS
23189,macOS
23189,Linux
23189,PC
15630,PC
18034,Linux
18034,macOS
18034,PC
18034,Android
23630,PC
53378,Xbox
53378,Game Boy Advance
53378,GameCube
53378,Xbox 360
53378,PlayStation 2
53378,Classic Macintosh
53378,PlayStation 3
53378,PSP
53378,PC
28971,PC
28971,Xbox 360
28971,PlayStation 2
16425,iOS
16425,Android
16425,macOS
16425,Linux
16425,PC
12286,Xbox One
12286,PlayStation 4
12286,Nintendo Switch
12286,iOS
12286,macOS
12286,Linux
12286,PC
1379,PS Vita
1379,PlayStation 4
1379,PC
1379,PlayStation 3
768,PC
768,iOS
334539,iOS
334539,macOS
334539,PC
17635,Linux
17635,macOS
17635,PC
59765,PlayStation 4
59765,Xbox Series S/X
59765,PlayStation 5
59765,PC
5328,Xbox 360
5328,PlayStation 3
46689,macOS
46689,PC
13762,PC
62775,PC
62775,macOS
59868,PC
4462,PS Vita
14552,PC
17003,PC
17003,Linux
17003,iOS
17003,macOS
18696,PC
18696,Wii
40205,Xbox 360
40205,PC
40205,PlayStation 3
341329,PC
16876,PC
1616,macOS
1616,Android
1616,PC
1616,iOS
19499,PlayStation 3
19499,Xbox 360
19499,Nintendo Switch
19499,PC
354377,Android
354377,iOS
354377,PC
15205,PC
45944,PC
14407,macOS
14407,PC
14407,iOS
60871,Android
60871,iOS
60871,PC
60871,macOS
22540,PC
484816,Nintendo Switch
484816,Xbox One
484816,PC
484816,PlayStation 4
263566,Xbox One
263566,PC
263566,Nintendo Switch
263566,PlayStation 4
263566,macOS
13456,PC
20745,PC
881441,PC
881441,macOS
881441,iOS
881441,Android
16307,PC
16307,iOS
3199,Xbox One
3199,PlayStation 4
3199,PC
2061,Xbox One
2061,PlayStation 4
2061,PC
2061,Android
2061,iOS
18878,PC
650646,Xbox One
650646,Nintendo Switch
650646,PC
650646,PlayStation 4
650646,Xbox Series S/X
650646,PlayStation 5
29279,PC
807136,PC
16317,PC
11119,PC
11119,Linux
11119,macOS
15715,macOS
15715,PC
13195,PC
18548,macOS
18548,PC
9321,Game Boy Advance
9321,Wii
9321,Android
9321,PC
9321,iOS
48926,PC
59304,Android
59304,PC
59304,iOS
20809,Web
20809,Android
20809,PC
20402,Linux
20402,PC
20402,macOS
11645,PC
18493,macOS
18493,PC
18493,Android
16105,PC
43755,Nintendo 3DS
720945,PC
47171,macOS
47171,PC
18239,Linux
18239,macOS
18239,PC
9794,Linux
9794,macOS
9794,PC
586059,PC
93803,PC
93803,macOS
22678,Game Boy Color
22678,Classic Macintosh
22678,PC
850698,PC
850698,PlayStation 5
850698,Xbox Series S/X
23497,PC
5498,Genesis
5498,Commodore / Amiga
5498,3DO
5498,SNES
5498,Game Gear
5498,SEGA Master System
5498,Classic Macintosh
5498,NES
5498,PlayStation
5498,Game Boy
5498,PlayStation 3
5498,PC
5498,iOS
5498,Atari ST
23833,Wii
23833,Wii U
23833,Nintendo Switch
23833,Nintendo 64
16322,PC
52799,PlayStation
18033,Nintendo Switch
18033,macOS
18033,Linux
18033,iOS
18033,PC
20122,iOS
20122,PC
20122,Linux
20122,macOS
811874,Linux
811874,macOS
811874,PC
22870,GameCube
22870,Xbox
22870,PlayStation 2
22870,PC
692,Nintendo Switch
692,PC
692,iOS
1864,Game Boy Color
1864,iOS
1864,PC
1864,Android
1864,PlayStation
1864,Classic Macintosh
1864,Nintendo 64
44425,PC
589198,PlayStation 5
589198,Xbox Series S/X
589198,PlayStation 4
589198,Nintendo Switch
589198,PC
589198,Xbox One
9593,PC
9593,PlayStation 4
9593,Xbox One
522975,PC
522975,Nintendo Switch
522975,PlayStation 4
3851,Xbox One
3851,PlayStation 3
3851,PlayStation 4
3851,Xbox 360
3126,PlayStation 3
3126,PC
3126,PlayStation 4
17957,PC
18627,PC
11013,Linux
11013,PC
4454,PS Vita
619475,PC
619475,PlayStation 4
619475,Xbox One
619475,Nintendo Switch
15767,PC
15767,Linux
15767,Android
15767,macOS
15767,iOS
20875,iOS
20875,PC
16933,PC
16933,macOS
776260,PlayStation 5
776260,Xbox Series S/X
776260,PlayStation 4
776260,PC
776260,Xbox One
19051,PC
41273,PC
15882,PC
15882,macOS
20271,PC
44190,PC
11568,PC
42235,PC
42235,Xbox One
28537,PSP
28537,Xbox 360
28537,Nintendo DS
238395,Wii U
238395,Xbox 360
238395,Xbox One
238395,Wii
238395,Nintendo Switch
238395,PlayStation 4
18078,macOS
18078,PC
17695,macOS
17695,PC
21087,PC
20161,PC
20161,macOS
244882,Xbox One
60782,PC
6078,PC
6078,iOS
16452,PC
16452,PlayStation 2
16452,Xbox
16452,Wii
16452,macOS
16239,PC
7919,iOS
7919,PC
11918,macOS
11918,PC
11918,Linux
16320,iOS
16320,PC
494394,Nintendo Switch
494394,PC
21249,iOS
21249,PC
21249,Xbox 360
12297,macOS
12297,PC
17593,macOS
17593,PC
20846,PC
20846,macOS
60808,macOS
60808,PC
60808,Linux
14655,macOS
14655,PC
14655,Linux
23208,Web
23208,macOS
23208,PC
23208,Android
23208,iOS
11300,PC
5596,PlayStation 3
5596,PlayStation 4
5596,PSP
19456,macOS
19456,PC
19456,iOS
64275,PC
850705,PC
850705,PlayStation 5
850705,Xbox Series S/X
16998,PC
13821,PC
13821,macOS
13821,Linux
10395,PC
25557,SNES
58825,Nintendo Switch
58825,PC
14760,Linux
14760,PC
14760,macOS
720949,PC
15874,PC
18871,PC
309900,PlayStation 4
309900,Xbox One
17866,PC
17866,macOS
20914,PC
14007,PC
20421,PC
39530,PC
39530,PlayStation 3
3173,PC
3173,PlayStation 4
3173,Xbox One
20179,Linux
20179,PC
2193,Xbox One
2193,PC
2193,macOS
2193,Linux
2193,PlayStation 4
52949,PlayStation
52949,Android
52949,iOS
49079,PC
49079,PlayStation 4
27967,Wii U
16853,PlayStation 3
16853,PS Vita
16853,PC
23516,Android
23516,PC
23516,iOS
1539,Xbox One
1539,PlayStation 4
1539,macOS
1539,Linux
1539,PC
19683,PC
62520,Xbox One
62520,PlayStation 4
62520,Nintendo Switch
62520,PC
20106,PC
21216,PC
16524,macOS
16524,Linux
16524,PC
4006,Xbox 360
4006,PlayStation 3
4006,Xbox One
5715,Xbox One
5715,Xbox 360
16842,PC
19474,PC
19659,PC
573126,PlayStation 5
573126,PC
573126,Nintendo Switch
573126,Xbox One
573126,PlayStation 4
573126,Xbox Series S/X
3431,Xbox One
3431,PlayStation 4
3431,PlayStation 3
3431,Xbox 360
3431,Nintendo Switch
12003,PC
15315,PC
8602,Xbox 360
8602,PlayStation 3
8602,Nintendo DS
8602,Linux
8602,macOS
8602,PC
8602,Android
8602,iOS
355232,PC
355232,iOS
3221,macOS
3221,PS Vita
3221,Nintendo Switch
3221,PC
20726,PC
20726,macOS
248400,PlayStation 5
248400,PC
248400,Xbox Series S/X
19998,macOS
19998,PC
19998,Xbox One
19998,Wii U
19998,PS Vita
19998,PlayStation 4
19998,PlayStation 3
35646,PC
44522,Linux
44522,Web
44522,PC
44522,macOS
20294,Linux
20294,macOS
20294,PC
17537,PC
17537,Nintendo Switch
23592,PC
23592,macOS
44765,PlayStation 4
367056,PlayStation 4
367056,Nintendo Switch
367056,Xbox One
367056,PC
666416,PC
18306,PC
50739,PC
13686,macOS
13686,PC
13686,Linux
13686,Xbox One
13686,PlayStation 4
28347,Xbox 360
58866,PC
21293,Wii
21293,PC
2382,PlayStation 3
2382,Xbox 360
2382,PC
17963,PC
17091,macOS
17091,PC
17091,Linux
403795,PC
12827,PC
2397,PlayStation 4
2397,Nintendo Switch
2397,macOS
2397,Linux
2397,PC
2397,iOS
15946,PC
15946,macOS
608685,PC
618709,PC
618709,Xbox Series S/X
16963,PC
15069,PC
9772,PC
678642,Xbox One
678642,Nintendo Switch
678642,PlayStation 4
678642,PC
678642,macOS
678642,Linux
678642,Xbox Series S/X
22458,Nintendo Switch
22458,Linux
22458,macOS
22458,PC
3806,PlayStation 4
3806,PlayStation 3
3806,PC
10408,PlayStation 4
10408,Xbox One
10408,PC
20322,PC
26226,Wii
26226,PSP
26226,PlayStation 2
60189,PC
18115,macOS
18115,PC
18115,Linux
46181,PlayStation 4
46181,Xbox One
46181,Nintendo Switch
46181,PC
21696,iOS
21696,macOS
21696,PC
16324,PC
16324,iOS
4447,PS Vita
275672,PC
15521,macOS
15521,PC
15521,Linux
19791,PC
19791,macOS
19791,Linux
270722,PC
270722,Xbox One
270722,Nintendo Switch
270722,Xbox Series S/X
4140,PS Vita
60631,PC
19704,PC
52332,PSP
21012,Xbox 360
21012,PC
14825,PC
44961,macOS
44961,Linux
44961,PC
3032,PS Vita
3032,PlayStation 4
3032,PlayStation 3
3032,PC
3032,Xbox One
61916,PC
10153,iOS
10153,PC
21560,PC
19687,PC
1328,PC
1328,PlayStation 4
1328,Xbox One
4983,PC
4983,PlayStation 3
20172,PC
17669,PC
17669,macOS
60178,PC
59704,PC
20613,PC
10768,PC
16460,macOS
16460,PC
16770,macOS
16770,PC
4296,PC
4296,PlayStation 3
58772,Xbox One
58772,PC
16927,PC
481904,PSP
481904,PlayStation 3
481904,Nintendo Switch
481904,macOS
481904,PC
21458,PC
21458,iOS
1206,Linux
1206,Xbox One
1206,PlayStation 4
1206,PC
18154,PC
27988,Xbox 360
27988,PlayStation 4
27988,Xbox One
27988,iOS
27988,Wii U
27988,PlayStation 3
19488,PC
20508,macOS
20508,PC
20508,Linux
19376,macOS
19376,PC
16505,PC
16772,PC
16937,PC
50350,PC
983381,PC
983381,PlayStation 5
983381,Xbox Series S/X
17072,PC
618663,PC
618663,Xbox Series S/X
11605,PC
16310,PC
15595,PC
710,PlayStation 4
710,PC
9921,Android
9921,macOS
9921,PC
9921,Linux
9921,iOS
60101,iOS
60101,PC
60101,Nintendo Switch
60101,PlayStation 4
19146,Linux
19146,PC
19146,macOS
4362,PS Vita
21674,PC
11969,PC
60833,PC
60833,macOS
60833,Linux
19401,PC
484814,Xbox Series S/X
484814,PC
484814,PlayStation 4
484814,Xbox One
743,iOS
743,PC
743,Android
323064,macOS
323064,PC
323064,Nintendo Switch
21805,PC
21805,macOS
14755,PC
17648,PC
17648,macOS
10126,macOS
10126,PC
23658,macOS
23658,iOS
23658,PC
23658,Linux
16984,PC
962108,PlayStation 5
962108,Xbox Series S/X
962108,PlayStation 4
962108,Xbox One
962108,PC
2330,PS Vita
2330,PlayStation 4
2330,PC
2330,Linux
2330,macOS
11809,Android
11809,macOS
11809,PC
11809,iOS
11809,Linux
20884,PC
20884,macOS
619776,PC
19975,macOS
19975,PC
19975,Linux
19975,iOS
19975,Android
18088,macOS
18088,PC
18088,Linux
18088,Android
9958,macOS
9958,PC
9958,Linux
19807,macOS
19807,PC
19807,Linux
19340,PC
19395,PC
2899,Android
2899,Nintendo Switch
2899,PC
2899,Linux
2899,iOS
2899,macOS
16340,PC
9946,PC
20213,PC
19652,PC
36797,PC
36797,Xbox 360
36797,PlayStation 3
3551,PC
3551,PS Vita
62529,PC
17544,Xbox One
17544,PlayStation 4
17544,PC
17544,PlayStation 3
17544,PS Vita
28730,PSP
28730,iOS
28730,Wii
28730,Xbox 360
28730,PlayStation 3
313805,PC
313805,macOS
313805,Linux
479678,Xbox One
479678,PC
479678,PlayStation 4
16316,PC
19841,PC
370201,PC
24101,PlayStation 3
24101,Wii U
24101,PC
24101,Xbox 360
16315,PC
20472,PC
19480,macOS
19480,PC
27255,Nintendo 3DS
27255,Game Boy Color
16519,PC
16519,macOS
16519,Linux
16318,PC
27256,Nintendo 3DS
27256,Game Boy Color
22461,PC
22461,iOS
118982,PC
118982,macOS
49158,Android
49158,PC
49158,iOS
50686,PC
16717,PC
16717,Linux
16717,macOS
5463,SEGA 32X
5463,Jaguar
5463,SEGA Saturn
5463,Game Boy Color
5463,PlayStation
5463,Android
5463,PC
5463,Nintendo DS
5463,iOS
908,PlayStation 4
908,PC
21655,PC
16023,PC
16023,Nintendo Switch
16023,PS Vita
20632,macOS
20632,PC
428357,PC
13611,Xbox 360
13611,PC
28224,Xbox
28224,PlayStation 2
28224,Xbox 360
21105,PC
20368,PC
28541,Xbox 360
13365,PC
5205,PC
5205,Wii
5205,PSP
5205,PlayStation 2
19641,PC
10335,PC
388371,Android
388371,PC
388371,macOS
388371,iOS
16326,PC
15708,PC
752182,PlayStation 5
752182,Xbox Series S/X
752182,PlayStation 4
752182,PC
752182,Xbox One
41534,PC
41534,macOS
14554,Nintendo Switch
14554,PC
633425,PC
20245,PC
15093,PC
15093,macOS
44573,PlayStation 4
44573,Nintendo Switch
44573,macOS
44573,PC
44573,Linux
16446,PC
11336,PC
11336,Linux
674190,PC
674190,PlayStation 5
674190,Xbox Series S/X
674190,Xbox One
223,Xbox One
223,macOS
223,PlayStation 4
223,Nintendo Switch
223,iOS
223,Linux
223,PC
223,Android
12744,PlayStation 4
12744,Xbox One
12744,PC
12909,PC
16102,PC
16102,Linux
16102,macOS
53939,NES
53939,PlayStation
53939,Android
53939,Wii U
53939,iOS
19790,PC
15006,PC
21522,PC
19582,PC
3117,PlayStation 4
3117,Wii U
3117,Xbox One
3117,Xbox 360
3117,PlayStation 3
4207,PlayStation 3
4207,PS Vita
18335,PC
4546,Xbox 360
4546,PlayStation 3
280639,PC
598884,PC
598884,iOS
598884,Android
21427,PC
11330,PC
21982,PC
16456,PC
21195,iOS
21195,PC
21030,PC
6898,PlayStation 4
6898,Web
6898,Nintendo Switch
6898,Xbox One
6898,PC
6898,Android
6898,iOS
6898,macOS
59011,PC
12183,PC
15282,PC
15415,PC
15415,macOS
15415,Linux
18333,PC
36013,PlayStation 2
36013,GameCube
36013,Xbox
36013,PSP
36013,PC
36013,Game Boy Advance
18310,PC
23473,PC
11721,Nintendo Switch
11721,Xbox One
11721,iOS
11721,PC
11721,macOS
11721,PlayStation 4
11721,Android
52936,Wii U
52936,iOS
52936,Nintendo 3DS
52936,PlayStation
52936,NES
52936,Game Boy Advance
52936,Wii
11558,Xbox One
11558,PlayStation 4
11558,PC
16314,PC
18837,PC
20021,PC
392384,PC
12944,Nintendo Switch
12944,macOS
12944,PC
12944,Linux
12944,iOS
16074,PlayStation 3
16074,Xbox 360
16074,Xbox One
16074,PC
19977,Android
19977,macOS
19977,PC
19977,Linux
5709,PC
5709,Xbox 360
5709,PlayStation 3
45265,Xbox One
45265,PC
45265,macOS
45265,PlayStation 4
19527,PC
16321,iOS
16321,PC
11263,macOS
11263,PC
11263,Linux
17043,macOS
17043,PC
37451,Xbox 360
37451,PlayStation 3
37451,PC
15804,PC
647762,PC
647762,macOS
12212,PC
2837,Xbox One
2837,PlayStation 4
2837,macOS
2837,PC
23860,Nintendo DS
17142,PC
17142,macOS
17142,Linux
13521,PC
18334,PC
10912,PC
10912,Linux
16401,Linux
16401,macOS
16401,PC
13105,PC
10634,PC
12867,PC
493449,macOS
493449,PC
493449,PlayStation 4
493449,Nintendo Switch
493449,Xbox One
613493,PC
15178,PC
16328,PC
60843,Xbox One
60843,PlayStation 4
60843,PC
60843,macOS
831883,PC
14259,PC
14259,Linux
14259,macOS
36523,PC
23875,Nintendo 3DS
23875,Wii
960332,PC
20942,PC
13275,PC
16325,PC
915,Xbox One
915,PlayStation 4
915,PC
915,macOS
59833,PC
49493,PC
49493,macOS
49493,PlayStation 4
49493,Nintendo Switch
49493,Linux
49493,Xbox One
53938,NES
53938,PlayStation
53938,Wii U
53938,Android
53938,Wii
53938,Nintendo 3DS
53938,iOS
278022,PC
50888,Android
50888,PC
50888,iOS
17016,macOS
17016,PC
17862,macOS
17862,Linux
17862,PC
19168,PC
19168,Linux
19168,macOS
58999,Nintendo Switch
58999,Xbox One
58999,PlayStation 4
58999,PC
20819,PC
20819,macOS
18066,macOS
18066,PC
18066,Linux
17627,macOS
17627,PC
17627,Linux
13576,PC
13576,macOS
13576,Linux
13576,iOS
28840,Xbox 360
28840,PC
28840,PlayStation 3
12437,PC
311780,Linux
311780,PC
576504,PC
16596,PlayStation 4
16596,PC
16596,Linux
16596,macOS
20790,macOS
20790,PC
20790,Linux
21660,PC
17836,PC
17836,macOS
10188,PC
10188,Linux
10188,macOS
4073,PC
4073,PlayStation 3
4073,Xbox 360
1544,PlayStation 4
1544,PC
1544,Xbox One
17391,PC
17391,Linux
17391,macOS
19346,PC
19346,macOS
16396,PC
16738,PC
14057,macOS
14057,PC
896703,PC
4363,PlayStation 4
4363,Xbox 360
4363,PlayStation 3
4363,Xbox One
334520,PC
27058,Nintendo 3DS
27058,Game Boy
10922,Nintendo Switch
10922,PC
18298,PC
16309,PC
49305,PC
49305,PlayStation 4
57422,Android
57422,PC
57422,SNES
57422,iOS
736257,Nintendo Switch
14684,PC
869,iOS
869,macOS
869,PC
869,Linux
869,Android
18238,PC
21029,PC
20739,PC
669325,PlayStation 4
669325,PC
669325,Nintendo Switch
669325,Xbox One
74668,Android
74668,PC
74668,macOS
74668,iOS
13682,Android
13682,macOS
13682,PC
13682,iOS
20732,PlayStation 3
20732,PC
20732,PS Vita
1218,Xbox One
1218,PS Vita
1218,PlayStation 4
1218,macOS
1218,PC
17964,PC
21273,PC
51609,Nintendo Switch
6093,Wii U
6093,PC
6093,Linux
6093,macOS
6093,iOS
6093,Android
16312,PC
4553,Xbox 360
4553,Xbox One
4553,PlayStation 2
4553,PlayStation 3
684,PlayStation 4
684,PS Vita
684,PC
20040,PC
644752,PC
644752,iOS
528836,PC
20777,PC
44585,Linux
44585,macOS
44585,PC
44585,PlayStation 4
44585,Nintendo Switch
45636,PC
13845,PC
21217,Linux
21217,PC
16319,PC
288671,Nintendo Switch
288671,PC
288671,macOS
288671,Linux
16323,PC
17893,iOS
17893,PC
251512,Xbox One
251512,PlayStation 4
251512,Nintendo Switch
251512,PC
17734,macOS
17734,PC
19741,PC
9030,Linux
9030,Android
9030,macOS
9030,PC
9030,iOS
1608,macOS
1608,iOS
1608,PC
1608,Linux
1608,Android
13975,macOS
13975,Linux
13975,PC
20690,PC
13233,PC
6434,iOS
6434,Linux
6434,macOS
6434,PC
14293,PC
18560,Linux
18560,macOS
18560,PC
727317,PC
60973,PC
16705,PC
19532,PC
286525,Nintendo Switch
286525,PC
286525,PlayStation 4
286525,Xbox One
1121,Android
1121,PS Vita
1121,PlayStation 4
1121,PC
1121,iOS
22468,macOS
22468,PC
3536,PlayStation 3
3536,Xbox 360
3536,PC
17002,macOS
17002,PC
17002,Linux
3054,SEGA CD
3054,Genesis
3054,SNES
3054,PC
3054,PlayStation 4
395971,PlayStation 4
395971,PC
395971,PlayStation 5
395971,Nintendo Switch
1740,PlayStation 4
1740,Xbox One
1740,PC
4313,PlayStation 3
5360,Nintendo 64
5360,SEGA Saturn
5360,PSP
5360,Classic Macintosh
5360,Game Boy Advance
5360,PlayStation
5360,Commodore / Amiga
5360,PlayStation 3
5360,SNES
5360,macOS
5360,PC
21628,PC
21628,macOS
22391,PC
22391,macOS
22391,Linux
58559,Xbox One
58559,PC
58559,PlayStation 4
801101,PC
16925,PC
39785,Xbox 360
39785,PlayStation 3
505782,Xbox Series S/X
505782,PC
505782,PlayStation 5
20139,macOS
20139,PC
20139,Linux
11113,Xbox One
11113,PC
514894,Xbox One
514894,Xbox Series S/X
514894,macOS
514894,PC
19394,Linux
19394,macOS
19394,PC
593358,PC
19082,PC
17404,PC
677262,Xbox One
677262,Nintendo Switch
677262,PlayStation 4
677262,Xbox Series S/X
677262,PlayStation 5
677262,PC
742,Xbox One
742,PlayStation 4
742,PlayStation 3
42930,PlayStation 3
42930,PC
42930,Xbox One
42930,PlayStation 4
18982,PC
17411,PC
17411,Linux
17411,macOS
14925,PC
11002,PC
27984,Wii U
27984,Nintendo 3DS
16313,PC
61664,Xbox One
61664,Nintendo Switch
61664,PlayStation 4
61664,PC
20800,Linux
20800,macOS
20800,PC
11750,PC
12065,PC
558972,PC
558972,Nintendo Switch
1428,PlayStation 4
1428,PC
59898,PC
752097,PlayStation 5
752097,PlayStation 4
752097,PC
31454,PC
51673,Dreamcast
51673,PC
301511,PlayStation 2
38642,PC
20296,PC
258398,macOS
258398,PC
258398,Xbox One
258398,Nintendo Switch
258398,PlayStation 4
21556,PC
21015,PC
20936,PC
20936,Android
20936,macOS
20936,iOS
386,macOS
386,PlayStation 4
386,Xbox One
386,Android
386,PC
19611,PC
23513,Android
23513,PC
23513,macOS
23513,iOS
21296,PC
268426,PC
268426,macOS
61290,PC
61290,macOS
19656,PC
22953,Commodore / Amiga
22953,SEGA CD
22953,Jaguar
22953,3DO
22953,SNES
22953,Classic Macintosh
22953,macOS
22953,PC
22953,SEGA Saturn
22953,Nintendo DS
22953,PlayStation
22953,Genesis
10502,PC
10502,macOS
10502,Linux
18074,PC
19275,PC
359700,PC
359700,PlayStation 4
49534,Xbox One
49534,PC
49534,Nintendo Switch
49534,PlayStation 4
23739,PC
23739,Xbox 360
23739,PlayStation 2
23739,Nintendo DS
23739,Wii
23739,PlayStation 3
17951,macOS
17951,PC
60899,PC
60899,Nintendo Switch
60899,macOS
60899,Linux
58929,Xbox One
58929,PlayStation 4
58929,Nintendo Switch
58929,PC
51320,PS Vita
51320,PlayStation 4
51320,PC
51320,Nintendo Switch
51320,Xbox One
3626,PlayStation 3
3626,PS Vita
3626,PC
13609,PC
13609,macOS
13609,Linux
18660,Linux
18660,macOS
18660,PC
21565,PC
20730,macOS
20730,PC
20730,iOS
9760,PC
41162,PC
41162,macOS
650626,macOS
650626,PC
23241,PC
19418,PC
14613,PC
801842,PC
801842,macOS
18506,Nintendo Switch
18506,PC
18506,Linux
20900,PC
3707,PlayStation 4
3707,PC
18308,PC
11128,PlayStation 4
11128,PC
11128,Xbox One
19697,PC
52434,Game Boy Advance
52434,Atari 8-bit
52434,Atari 7800
52434,Atari 2600
52434,Atari 5200
52434,NES
52434,Atari XEGS
52434,Commodore / Amiga
23608,PC
19852,Android
19852,macOS
19852,PC
241164,PC
241164,PlayStation 4
9554,PC
10159,PC
56050,Xbox
56050,GameCube
56050,PlayStation 2
10002,PC
1127,Xbox One
1127,PlayStation 4
1127,PC
1127,macOS
59349,PC
59349,Nintendo Switch
59349,Xbox Series S/X
59349,Xbox One
59349,PlayStation 4
59349,PlayStation 5
16743,Xbox
16743,PlayStation 2
16743,PC
16743,macOS
17441,macOS
17441,PC
17441,Linux
29115,PSP
29115,Xbox 360
29115,PlayStation 3
299550,Linux
299550,macOS
299550,PC
299550,Nintendo Switch
299550,Xbox One
38995,PlayStation 2
38995,Xbox 360
38995,Xbox
57879,Xbox One
57879,PlayStation 4
57879,Nintendo Switch
57879,PC
10086,PC
4815,PSP
4815,PC
4815,macOS
45420,macOS
45420,Linux
45420,PC
50275,PC
50275,macOS
50275,Linux
5340,PlayStation
5340,PC
21520,PC
21520,iOS
21520,Android
44508,Nintendo Switch
44508,PC
13752,macOS
13752,PC
13752,Linux
21483,PC
17504,PC
18063,macOS
18063,PC
18063,Linux
13662,Android
13662,macOS
13662,PC
11911,PC
11911,Android
570172,PC
570172,Xbox Series S/X
570172,PlayStation 4
570172,Xbox One
570172,PlayStation 5
570172,Nintendo Switch
18872,iOS
18872,PC
18872,Linux
18872,macOS
795479,PC
795479,Nintendo Switch
795479,Xbox Series S/X
795479,PlayStation 4
795479,Xbox One
795479,PlayStation 5
18295,macOS
18295,PC
19343,PC
37305,PC
19877,macOS
19877,PC
52213,PlayStation 4
52213,Nintendo Switch
52213,PC
52213,Xbox One
471717,macOS
471717,PC
471717,Xbox Series S/X
471717,Nintendo Switch
18553,PC
18553,Linux
18553,macOS
53748,NES
21069,PC
4011,PlayStation 3
4011,PlayStation 2
18602,PC
283970,PlayStation 2
4985,Xbox 360
4985,PC
4985,PSP
20710,PC
20710,Linux
20710,macOS
21974,PSP
21974,PC
49335,PC
49335,Nintendo Switch
5063,Xbox 360
5063,Wii
5063,PlayStation 3
5063,Xbox One
18360,Android
18360,PC
18360,macOS
18360,iOS
45034,PC
681570,PlayStation 5
681570,PC
681570,Xbox One
681570,PlayStation 4
681570,Nintendo Switch
14510,PC
52106,PC
19583,PC
10443,iOS
10443,PC
10443,macOS
10443,Linux
10443,Xbox One
10443,PlayStation 4
10443,Nintendo Switch
12747,macOS
12747,PC
60551,Android
60551,PlayStation 4
60551,Nintendo Switch
60551,Linux
60551,macOS
60551,PC
60551,iOS
60551,Xbox One
5386,PlayStation 3
5386,PC
59644,Nintendo Switch
59644,macOS
59644,Linux
59644,PC
17846,Android
17846,macOS
17846,PC
17846,iOS
5294,PC
5294,PlayStation 3
5294,Xbox 360
2172,Nintendo 3DS
2172,Linux
2172,iOS
2172,PC
2172,PSP
2172,PS Vita
2172,Xbox One
15190,PC
60731,Xbox One
60731,PlayStation 4
60731,Nintendo Switch
60731,PC
60731,macOS
60731,Linux
21578,PC
60771,iOS
60771,Android
60771,Nintendo Switch
60771,macOS
60771,PlayStation 4
60771,Xbox One
60771,PC
60771,Linux
17077,PC
17077,PlayStation 2
17077,PlayStation 3
17077,PSP
17077,Wii
12746,PC
12746,Android
12746,iOS
12746,macOS
25310,Wii
25310,PlayStation 3
25310,Wii U
615052,PC
615052,PlayStation 4
24808,Wii
24808,PlayStation 2
21032,PC
19968,Android
19968,PC
19968,Linux
19968,macOS
58849,PlayStation 4
58849,Nintendo Switch
58849,PC
58849,Xbox One
18864,PC
471018,PlayStation 5
471018,Xbox Series S/X
471018,Linux
471018,macOS
471018,PC
471018,Xbox One
471018,PlayStation 4
471018,Nintendo Switch
17704,PC
17704,macOS
980664,PC
10570,PC
17884,macOS
17884,PC
16936,PC
11346,PC
21259,PC
692220,Xbox Series S/X
692220,PC
692220,Android
692220,Nintendo Switch
692220,macOS
692220,iOS
692220,Xbox One
484881,PC
776273,PC
6830,iOS
6830,PC
6830,Linux
6830,Android
7694,iOS
7694,PC
7694,Android
2983,PlayStation 2
2983,PlayStation 4
2983,PlayStation 3
16647,PC
16647,macOS
16647,Linux
281889,PC
281889,macOS
15240,PC
30407,iOS
30407,PC
257277,PC
61699,PC
3998,PlayStation 3
3998,PC
17733,macOS
17733,PC
17733,Linux
484823,PC
43946,iOS
43946,Android
43946,Nintendo Switch
43946,macOS
43946,PC
257242,PlayStation 5
257242,Xbox Series S/X
257242,PlayStation 4
257242,PC
257242,Xbox One
257242,Nintendo Switch
14804,PC
17036,PC
655,macOS
655,PC
655,Android
655,iOS
22159,PC
22159,macOS
22159,Linux
952122,Linux
952122,macOS
952122,PC
297249,PC
52937,SNES
52937,PlayStation
52937,Game Boy Advance
52937,iOS
17439,PC
17439,macOS
17439,Linux
502212,PC
552995,iOS
552995,macOS
552995,Android
552995,Linux
552995,PC
26914,PlayStation 3
26914,Wii
26914,Xbox 360
484832,PC
824,PlayStation 4
824,PC
349437,PC
349437,macOS
21671,macOS
21671,PC
13244,Xbox One
13244,PlayStation 4
13244,PC
14070,macOS
14070,PC
14070,Linux
14070,iOS
17512,PC
17512,macOS
12710,PC
11865,Nintendo Switch
11865,PC
11865,macOS
18620,PC
19904,macOS
19904,PC
19904,Linux
7161,iOS
7161,PC
7161,macOS
364870,PlayStation 5
364870,PlayStation 4
364870,macOS
364870,PC
14275,PC
23385,Xbox One
23385,Nintendo Switch
23385,PlayStation 4
23385,PC
341619,PS Vita
341619,Nintendo Switch
341619,PC
341619,PlayStation 4
28345,Xbox 360
53196,Game Boy Advance
53196,NES
53196,PC
21323,Linux
21323,PC
20565,Linux
20565,PC
49873,PC
49873,macOS
49873,Linux
17244,PC
10719,PC
10506,PC
9622,Xbox One
9622,Nintendo Switch
9622,PlayStation 4
9622,Linux
9622,macOS
9622,PC
3381,Android
3381,PS Vita
3381,iOS
19976,macOS
19976,Linux
19976,iOS
19976,Android
19976,PC
13730,Linux
13730,macOS
13730,PC
17076,macOS
17076,PC
17076,Linux
566447,PC
566447,Nintendo Switch
47595,PC
47595,macOS
47595,Linux
28569,Xbox 360
747505,Nintendo Switch
427972,PC
461648,PC
17525,PC
17525,macOS
19788,PC
20619,macOS
20619,PC
4211,Wii
4211,PSP
4211,PC
4211,Wii U
4211,Xbox 360
4211,PlayStation 3
4211,PS Vita
982,PlayStation 4
19783,macOS
19783,PC
19783,Linux
6419,iOS
6419,Android
6419,PC
6419,Linux
6419,macOS
11352,macOS
11352,PC
11352,PlayStation 4
11352,Xbox One
11352,Nintendo Switch
49697,Android
49697,PC
60997,PC
17944,PC
18068,macOS
18068,PC
18068,Linux
29243,PC
29243,Nintendo Switch
29243,Xbox One
29243,macOS
29243,PlayStation 4
2178,PS Vita
2178,PlayStation 4
2178,PC
2178,Nintendo Switch
13495,PS Vita
13495,PC
13495,macOS
13495,Linux
17621,PC
17621,macOS
11444,PC
578186,PC
18729,macOS
18729,PC
19556,PC
9959,macOS
9959,PC
9959,Xbox One
12736,PC
17723,PC
380836,iOS
380836,Xbox One
380836,Nintendo Switch
380836,PlayStation 4
380836,macOS
380836,PC
49417,PlayStation 5
49417,Xbox Series S/X
49417,PlayStation 4
49417,Nintendo Switch
49417,PC
49417,Xbox One
50688,macOS
50688,PC
21414,PC
21414,Android
21414,iOS
255831,PC
255831,macOS
4273,Xbox 360
4273,PlayStation 3
4273,Wii
17781,PS Vita
17781,PlayStation 4
17781,Nintendo Switch
17781,Linux
17781,macOS
17781,PC
17781,Xbox One
17781,Wii U
16781,Wii
16781,macOS
16781,PC
12525,PC
12525,Linux
12236,PC
27564,Nintendo 3DS
27564,SNES
27564,Game Boy Advance
27564,Wii U
11554,PC
33696,PC
14688,Linux
14688,macOS
14688,PC
21295,PC
19421,PC
19421,Linux
46893,Wii
46893,PlayStation 4
46893,Xbox One
46893,Wii U
46893,Nintendo Switch
46893,Xbox 360
74084,Android
74084,iOS
605663,PC
16483,Linux
16483,macOS
16483,PC
23494,iOS
23494,macOS
23494,PC
9957,Linux
9957,macOS
9957,PC
19789,PC
302940,Xbox One
302940,PlayStation 4
302940,PC
302940,Nintendo Switch
302940,macOS
302940,Linux
59035,Nintendo Switch
59035,macOS
59035,PC
450238,Xbox One
450238,PC
450238,PlayStation 4
14657,macOS
14657,PC
14657,Linux
540031,PC
540031,macOS
540031,Linux
20643,PC
20643,Linux
20643,macOS
59193,PlayStation 4
59193,PC
59739,PlayStation 4
59739,Xbox One
59739,Nintendo Switch
59739,PC
59739,macOS
19184,macOS
19184,PC
334431,GameCube
334431,NES
334431,Game Boy Advance
334431,Wii
334431,Wii U
334431,Nintendo 3DS
334431,Nintendo Switch
17750,PC
19143,PC
19164,PC
19164,macOS
19164,Linux
19313,iOS
19313,PC
570173,PC
52872,PC
52872,PlayStation
15763,PC
15763,Linux
404489,macOS
404489,PC
28312,PC
28312,Xbox 360
28312,Xbox One
22812,PC
22812,macOS
21387,PC
3872,Xbox 360
3872,PlayStation 3
18015,PC
18015,macOS
20670,PC
496652,PC
16780,Wii
16780,macOS
16780,PC
977470,PlayStation 5
977470,PlayStation 4
977470,PC
977470,Xbox One
977470,Xbox Series S/X
43516,PC
43516,Linux
43516,macOS
15648,PC
15732,macOS
15732,iOS
15732,PC
15732,PlayStation 4
15732,Xbox One
10044,Linux
10044,PC
6760,Web
6760,iOS
6760,PC
6760,macOS
6760,Android
19578,PC
61111,Linux
61111,PC
61111,macOS
255897,iOS
255897,Android
255897,PC
255897,macOS
576518,PlayStation 5
576518,Xbox Series S/X
576518,Xbox One
576518,PlayStation 4
349671,PC
20362,PC
484951,PC
13307,PC
18661,PC
398416,PC
398416,Xbox One
262507,PC
3142,Xbox One
3142,Xbox 360
3142,PlayStation 3
3142,PlayStation 4
3142,PC
544033,macOS
544033,PC
13976,Wii
13976,macOS
13976,PC
61200,PC
21203,Nintendo DS
21203,PC
13019,Xbox 360
13019,PC
437050,PlayStation 4
437050,PC
437050,Xbox One
3127,PC
3127,PlayStation 4
3127,Xbox 360
3127,Xbox One
3127,PlayStation 3
3127,Nintendo 3DS
284755,PlayStation 4
284755,PC
284755,PlayStation 3
284755,Nintendo Switch
284755,Xbox One
284755,Android
284755,PS Vita
20476,Linux
20476,PC
20476,macOS
8308,Android
8308,Linux
8308,PC
8308,macOS
8308,iOS
736275,PC
736275,Nintendo Switch
736275,Xbox Series S/X
736275,PlayStation 4
736275,Xbox One
736275,PlayStation 5
13774,macOS
13774,PC
21040,PC
6361,iOS
6361,PC
6361,macOS
17740,macOS
17740,PC
17251,Android
17251,PC
17251,macOS
17251,Linux
19676,PC
12248,Linux
12248,macOS
12248,PC
759884,PC
759884,PlayStation 5
759884,Xbox Series S/X
759884,PlayStation 4
759884,Xbox One
16831,macOS
16831,Linux
16831,PC
288699,PC
288699,Nintendo Switch
288699,Xbox One
11063,PC
241070,PC
306139,PlayStation 4
306139,Xbox One
306139,Nintendo Switch
306139,PC
9748,PC
969106,PC
20855,PC
20855,macOS
367125,PC
16989,macOS
16989,PC
407553,Xbox One
407553,PC
51435,macOS
51435,PC
51435,iOS
51435,Nintendo Switch
51435,Xbox One
51435,PlayStation 4
678680,macOS
678680,PC
678680,Linux
20593,PC
14599,PC
14599,Linux
5721,Xbox One
5721,PlayStation 4
11332,PC
19820,PC
15,Xbox One
15,PlayStation 4
15,macOS
15,Linux
15,PC
13747,PC
22962,PC
11575,PC
12261,Nintendo Switch
12261,PlayStation 4
12261,PC
32560,PC
56191,Nintendo Switch
56191,Xbox One
56191,PlayStation 4
56191,PlayStation 3
56191,Xbox 360
56191,PC
56191,GameCube
56191,Wii
35948,PC
24792,Nintendo DS
24792,iOS
24792,PS Vita
24792,Android
616762,PC
616762,PlayStation 4
616762,Xbox Series S/X
616762,PlayStation 5
616762,Xbox One
17653,PC
493453,PlayStation 4
493453,Nintendo Switch
493453,macOS
493453,PC
493453,Xbox One
19406,PC
44609,PC
2459,PS Vita
2459,PC
20916,PC
3243,Wii U
3243,PlayStation 3
3243,PlayStation 4
3243,Xbox 360
3243,Nintendo Switch
3243,PC
3243,macOS
15885,PC
18900,PC
16783,Wii
16783,macOS
16783,PC
21656,PC
20502,PC
20502,macOS
288800,Xbox One
288800,PC
288800,Nintendo Switch
288800,PlayStation 4
932691,Android
932691,iOS
932691,PC
28771,Nintendo DS
28771,GameCube
28771,Xbox
28771,Game Boy Advance
28771,PlayStation 2
28771,PC
28771,Xbox 360
19492,PC
973786,PC
60901,PC
32110,macOS
32110,Linux
32110,PC
54646,iOS
54646,Xbox One
54646,Xbox Series S/X
54646,Dreamcast
54646,Classic Macintosh
54646,Android
54646,PS Vita
54646,PlayStation 4
54646,PlayStation 2
54646,Neo Geo
54646,Nintendo Switch
54646,Linux
54646,PC
2629,PS Vita
2629,PC
17852,macOS
17852,PC
17852,Linux
9854,macOS
9854,PC
15735,PC
327242,Nintendo Switch
327242,Xbox One
327242,PC
327242,PlayStation 4
418471,Android
418471,PlayStation 4
418471,Nintendo Switch
418471,macOS
418471,PC
418471,iOS
418471,Xbox One
290899,PC
378573,Xbox One
378573,PC
378573,PlayStation 4
288664,Xbox 360
61213,PC
42238,PS Vita
42238,PlayStation 4
42238,PlayStation 3
42238,PC
42238,Xbox One
42238,iOS
42238,macOS
42238,Xbox 360
42238,Android
25116,Wii
25116,Wii U
25116,Nintendo Switch
25116,Nintendo 3DS
25116,Game Boy Advance
25116,NES
633406,PC
962020,PC
962020,Nintendo Switch
962020,PlayStation 5
962020,Xbox Series S/X
1158,macOS
1158,Linux
1158,PC
1158,Android
1158,iOS
30057,Linux
30057,macOS
30057,PC
16923,PC
17727,PC
17727,Linux
17727,macOS
13534,PC
19169,macOS
19169,PC
19169,Linux
11182,macOS
11182,PC
11182,Linux
13302,PC
15297,PC
379536,PC
17230,macOS
17230,PC
5241,Game Boy Advance
5241,PSP
5241,Xbox 360
5241,Nintendo DS
5241,Wii
5241,PlayStation 2
20977,PC
3633,Nintendo Switch
3633,PC
3633,Xbox One
3633,PlayStation 4
9597,PC
20600,PC
42039,PC
42039,Xbox 360
42039,PlayStation 3
44187,Nintendo Switch
44187,Xbox One
44187,PC
44187,Linux
44187,macOS
44187,PlayStation 4
804850,PlayStation 5
804850,PC
804850,Xbox Series S/X
804850,PlayStation 4
804850,Xbox One
10718,PC
10718,Linux
10718,macOS
750298,PC
11318,PC
20448,PC
416810,Nintendo Switch
416810,PC
416810,Xbox One
416810,PlayStation 4
20151,PC
50324,PlayStation 4
50324,PC
50324,macOS
50324,Linux
50324,Xbox One
10787,PC
12193,Nintendo Switch
12193,PC
12193,macOS
12193,Linux
21157,macOS
21157,PC
59691,PC
41776,PC
41776,PlayStation 3
41776,Xbox 360
10291,Xbox One
10291,Nintendo Switch
10291,PlayStation 4
10291,Wii U
10291,PC
17900,Linux
17900,macOS
17900,PC
41839,PC
41839,macOS
41839,Linux
45567,PC
19034,PC
30748,PlayStation 2
30748,PC
30748,macOS
10619,PC
20921,PC
18896,PC
284018,PC
46471,Nintendo Switch
46471,Xbox One
46471,PlayStation 4
46471,PC
28979,Xbox One
28979,Xbox 360
19824,PC
15866,PC
16416,PC
58824,Nintendo Switch
44120,PC
44120,macOS
536886,PlayStation 5
536886,PlayStation 4
536886,Nintendo Switch
536886,Xbox Series S/X
536886,PC
536886,Xbox One
19194,PC
303,PC
303,PlayStation 3
303,PlayStation 4
303,PS Vita
5000,Xbox One
5000,PC
5000,Xbox 360
5000,PlayStation 3
12939,PC
62615,Linux
62615,PC
62615,macOS
5381,PlayStation 3
17595,iOS
17595,PC
17595,macOS
17595,Linux
17595,Android
19241,PC
20599,PC
2152,Xbox One
2152,PlayStation 4
2152,Nintendo Switch
2152,Android
2152,PC
2152,iOS
5505,Wii U
5505,PC
5505,PlayStation 3
5505,Xbox 360
10299,PC
20601,PC
11948,PC
20588,PC
4461,PS Vita
21354,PC
50921,PC
299615,Xbox Series S/X
299615,Xbox One
299615,PC
299615,PlayStation 5
16884,PC
349458,PC
4067,Wii
4067,PlayStation 3
13238,PC
54751,Xbox One
54751,iOS
54751,Xbox 360
54751,Android
54751,Dreamcast
43854,PC
10633,PC
490417,Nintendo Switch
50404,macOS
50404,PC
22433,PC
15656,iOS
15656,PC
15656,Linux
15656,Android
15656,macOS
330884,Xbox One
330884,PC
330884,PlayStation 4
330884,PS Vita
52662,PC
52662,SEGA Saturn
52662,Classic Macintosh
52662,PlayStation
52662,3DO
611699,PC
611699,macOS
611699,Linux
362871,Xbox One
362871,PC
362871,PlayStation 4
23156,PC
23156,PlayStation 2
23156,GameCube
16707,Xbox One
16707,PlayStation 4
16707,Nintendo Switch
16707,macOS
16707,PC
5970,Wii
5970,Xbox 360
5970,iOS
5970,Nintendo Switch
5970,Xbox One
5970,Classic Macintosh
5970,Neo Geo
5970,PlayStation 4
5970,PlayStation
5970,PC
5970,macOS
5970,Linux
5970,Android
262384,PlayStation 2
54520,Nintendo 64
16994,macOS
16994,PC
9869,PC
9869,Linux
18682,PC
18279,Nintendo DS
18279,PC
20073,Nintendo Switch
20073,Linux
20073,PC
975605,PC
20434,PC
349634,PlayStation 4
349634,PC
349634,macOS
349634,Linux
359354,Nintendo Switch
359354,iOS
359354,PC
359354,macOS
17601,PC
4318,PlayStation 3
4318,PC
277920,Nintendo Switch
277920,PC
277920,macOS
277920,Xbox One
277920,PlayStation 4
338387,PC
338387,Nintendo Switch
338387,PlayStation 4
2441,PlayStation 4
49715,PC
49715,Linux
20299,macOS
20299,PC
923014,Nintendo Switch
18646,PC
401804,PlayStation 4
401804,Nintendo Switch
401804,PC
1207,PC
1207,PS Vita
1207,PlayStation 4
1207,Nintendo Switch
42336,Xbox One
42336,PC
42336,PlayStation 3
42336,PlayStation 4
42336,PlayStation 5
14155,PC
22808,PC
22808,PlayStation 2
22808,Xbox
20176,PC
20176,macOS
56124,Wii
56124,GameCube
12306,PC
12306,Linux
3847,Wii
3847,PlayStation 3
3847,PlayStation 4
3847,Xbox 360
3847,Wii U
3847,Xbox One
19613,PS Vita
19613,PC
19613,macOS
19613,Linux
961204,PC
961204,PlayStation 5
19358,PC
19694,PC
16062,PC
61061,PC
61061,Xbox One
61061,PlayStation 4
11017,PC
61408,PC
428354,iOS
428354,PC
428354,macOS
428354,Linux
428354,Android
36848,PlayStation 4
36848,PlayStation 2
36848,Nintendo Switch
36848,Xbox One
36848,PC
14027,PC
20310,PC
359317,PC
880,PlayStation 4
880,PC
11731,PlayStation 4
11731,Xbox One
11731,iOS
11731,Android
11731,PC
11731,macOS
2684,PlayStation 4
2684,Xbox One
2684,Nintendo Switch
2684,PC
44506,PlayStation 4
44506,Xbox One
44506,PC
62964,PC
758591,macOS
758591,PC
364976,PC
364976,macOS
364976,Linux
10101,PlayStation 4
10101,Xbox One
10101,PC
10101,Linux
10101,macOS
21316,PC
59010,PC
2895,PlayStation 4
2895,Linux
2895,PC
18767,macOS
18767,PC
59816,PC
251599,PC
251599,PlayStation 4
19693,Nintendo Switch
19693,PC
19693,macOS
27168,Nintendo 3DS
27168,Wii U
27168,Game Boy
27168,Game Boy Advance
27168,NES
27168,SNES
485193,PC
362937,PlayStation 5
362937,Xbox Series S/X
362937,Nintendo Switch
362937,PlayStation 4
362937,Xbox One
362937,PC
362937,macOS
21652,PC
13790,PC
10997,PlayStation 4
10997,Wii
10997,Nintendo Switch
10997,PC
10997,Xbox One
9992,PC
23264,PC
23264,macOS
23264,Linux
45613,Nintendo Switch
45613,PC
45613,macOS
54311,PlayStation
54311,PlayStation 3
54311,PSP
10128,PlayStation 4
10128,PlayStation 3
10128,PC
10128,PS Vita
17678,PC
17678,macOS
17678,Linux
20182,PC
775904,PC
775904,Web
39354,PC
53804,NES
53804,Game Boy
987039,PC
718197,PC
17615,macOS
17615,PC
22259,PC
22259,macOS
10782,PlayStation 4
10782,Linux
10782,macOS
10782,PC
10782,iOS
10782,Nintendo Switch
10782,Xbox One
3689,PlayStation 3
14449,Xbox
14449,Xbox 360
14449,Wii
14449,GameCube
14449,PSP
14449,PlayStation 2
14449,PC
5506,PlayStation 3
21408,PC
19843,PC
532167,PC
532167,PlayStation 4
532167,PlayStation 5
532167,Xbox Series S/X
532167,Nintendo Switch
532167,Xbox One
21742,PC
21742,Xbox
21742,PlayStation 2
23225,PC
23225,macOS
23225,Linux
477,PlayStation 4
477,Linux
477,PC
20435,PC
11769,PC
20816,PC
20816,macOS
15162,Linux
15162,PC
6561,Xbox One
6561,PlayStation 4
6561,Linux
6561,macOS
6561,PC
6561,Android
6561,iOS
3417,PlayStation 4
3417,Xbox One
3417,Wii U
3417,Nintendo Switch
3417,Android
3417,iOS
3417,PC
3417,Linux
3417,macOS
20909,PC
351773,Xbox One
351773,Linux
351773,macOS
351773,PC
26002,Wii
20699,PC
686816,PlayStation 5
686816,Xbox Series S/X
686816,Android
686816,PC
686816,iOS
686816,Xbox One
686816,Nintendo Switch
686816,PlayStation 4
23034,PC
56976,Genesis
16286,macOS
16286,PC
16286,Linux
28336,Xbox 360
517383,Xbox One
517383,iOS
517383,Nintendo Switch
517383,PlayStation 4
517383,Android
517383,Xbox Series S/X
517383,PlayStation 5
517383,PC
517383,macOS
517383,Linux
581066,PC
581066,macOS
21718,PC
54096,NES
645,Xbox One
645,PlayStation 4
645,Linux
645,PC
645,macOS
645,iOS
28363,PlayStation 3
28363,Xbox 360
9552,PC
16621,PC
20488,PC
20488,Linux
20488,macOS
19067,macOS
19067,PC
19067,Linux
15740,PC
362901,PlayStation 5
362901,PlayStation 4
362901,PC
37384,PC
11732,macOS
11732,PC
4283,PlayStation 3
4283,PlayStation 2
4283,PS Vita
11999,macOS
11999,PC
11047,PC
43737,PC
43737,Xbox One
43737,PlayStation 4
11716,macOS
11716,PC
743401,PC
17890,macOS
17890,PC
45603,PC
674259,PC
674259,Linux
674259,macOS
573193,PC
573193,iOS
14522,PC
7089,iOS
7089,PC
7089,macOS
28978,Xbox 360
17074,PC
8277,Linux
8277,iOS
8277,Android
8277,PC
28374,Xbox 360
302917,PC
302917,macOS
3793,PlayStation 3
3793,Xbox 360
3793,Android
3793,PC
20858,PS Vita
20858,PC
20858,PlayStation 4
16511,macOS
16511,Linux
16511,PC
17979,PC
631947,PC
484950,PC
51128,Linux
51128,macOS
51128,PC
840781,PC
840781,Xbox Series S/X
840781,PlayStation 5
15360,PC
35590,PC
35590,PlayStation 5
35590,PlayStation 4
4175,PS Vita
4175,PlayStation 3
2814,PC
2814,Xbox One
2814,PlayStation 4
12803,macOS
12803,PC
842463,PC
29037,Xbox 360
1389,iOS
1389,macOS
1389,PC
20840,PC
20840,macOS
1025,PS Vita
1025,PC
54380,Nintendo 64
368992,PC
368992,Nintendo Switch
368992,Xbox One
368992,PlayStation 4
21608,PC
1317,Nintendo DS
1317,iOS
20996,PlayStation 4
20996,Xbox One
20996,Nintendo Switch
20996,PC
20996,macOS
13835,PC
13835,Xbox One
13835,PlayStation 4
13835,Nintendo Switch
22871,PC
9577,PlayStation 4
9577,Xbox One
9577,Nintendo Switch
9577,Linux
9577,PC
9577,macOS
427462,PC
427462,PlayStation 5
427462,Xbox Series S/X
18152,Linux
18152,macOS
18152,PC
9822,PC
17815,PC
17815,macOS
17815,Linux
15214,PC
19539,PC
3680,PlayStation 3
2104,PlayStation 4
2104,PlayStation 2
2880,PlayStation 4
2880,PlayStation 2
20423,PC
20119,macOS
20119,PC
9565,PC
3113,PlayStation 4
3113,PlayStation 3
3113,Xbox 360
3113,Nintendo 3DS
3113,Wii U
3113,Xbox One
3113,PC
30469,PC
20349,iOS
20349,PC
20349,Linux
20349,Android
20349,macOS
20797,PC
20797,macOS
14716,Web
14716,PC
11243,PC
17136,Xbox 360
17136,PC
17136,iOS
17136,PlayStation 3
19066,macOS
19066,PC
23154,PC
60069,PC
619344,PC
619344,Xbox One
619344,PlayStation 4
619344,Xbox Series S/X
619344,PlayStation 5
21698,PC
21698,macOS
52815,PC
52815,PlayStation
52815,Classic Macintosh
52815,SEGA Saturn
15339,Linux
15339,PC
15339,macOS
16865,macOS
16865,PC
16865,Linux
59354,Xbox One
59354,PlayStation 4
59354,PC
59354,Nintendo Switch
14950,Neo Geo
14950,Wii
14950,PC
678695,Nintendo Switch
678695,Xbox Series S/X
678695,PlayStation 4
678695,Xbox One
678695,PlayStation 5
678695,PC
678695,macOS
18354,PC
79838,PC
79838,Wii
79838,Android
79838,macOS
79838,Linux
29239,PC
29239,PlayStation 5
29239,Xbox Series S/X
3538,Xbox One
3538,Wii U
3538,PlayStation 4
3538,Xbox 360
3538,Wii
3538,PlayStation 3
678655,PC
129,Xbox One
129,iOS
129,PC
129,macOS
129,Linux
129,Nintendo Switch
129,PlayStation 4
129,Android
442850,Linux
442850,macOS
442850,PC
43968,PC
34997,iOS
34997,PC
34997,Android
212,Android
212,iOS
418,PC
418,Linux
418,macOS
418,Android
418,iOS
11803,Xbox One
11803,Wii U
11803,Nintendo Switch
11803,PC
11803,Linux
11803,macOS
2281,PlayStation 4
9874,PlayStation 4
9874,Xbox One
9874,PC
274764,PC
274764,PlayStation 5
274764,Xbox Series S/X
12,Nintendo Switch
12,Xbox One
12,PlayStation 4
12,Linux
12,PC
12,macOS
40841,Xbox 360
40841,PlayStation 3
40841,PlayStation 4
40841,GameCube
40841,PlayStation 2
40841,Dreamcast
906504,macOS
906504,PC
10411,PC
10411,Linux
10411,iOS
10411,Android
10411,macOS
42144,PC
38091,Nintendo DS
38091,PSP
38091,Wii
38091,Xbox 360
38091,PlayStation 2
38091,PC
38091,PlayStation 3
21672,PC
20978,PC
20978,Linux
20978,macOS
49976,PC
359221,PC
7007,PC
7007,macOS
7007,iOS
12881,PC
9503,macOS
9503,PC
11416,Xbox One
11416,PC
2246,PlayStation 4
2246,PSP
2246,PS Vita
2246,Wii
2246,PlayStation 2
61549,Nintendo Switch
61549,PC
18029,PC
14051,macOS
14051,PC
14051,iOS
14051,Linux
15270,macOS
15270,PC
508546,PC
508546,Xbox One
508546,PlayStation 4
938122,macOS
938122,PC
20437,PC
12656,Linux
12656,PC
12656,macOS
492017,PC
375281,iOS
375281,Nintendo Switch
375281,Xbox One
375281,PC
375281,macOS
26154,Wii
26154,Nintendo DS
26154,Xbox 360
26154,PlayStation 3
20484,PC
1769,Android
1769,iOS
1769,PC
61629,PlayStation 4
61629,Xbox One
61629,Nintendo Switch
61629,PC
61629,macOS
61629,Linux
11230,PC
59848,PC
248481,Nintendo Switch
248481,PC
248481,PlayStation 4
248481,Xbox One
248481,iOS
2752,PlayStation 4
2752,PC
2752,Linux
2752,macOS
36582,Xbox
36582,PC
36582,PlayStation 2
60752,Xbox One
60752,PC
60752,macOS
460512,Xbox One
460512,PlayStation 4
460512,PC
19159,PC
3625,PS Vita
484837,PC
484837,macOS
484837,Linux
308,Xbox One
308,PlayStation 4
308,Nintendo Switch
308,macOS
308,PC
308,Linux
19443,PC
18834,PC
11078,macOS
11078,PC
11365,macOS
11365,PC
54481,Nintendo 64
9601,Linux
9601,macOS
9601,PC
327256,PC
327256,Xbox One
327256,Nintendo Switch
327256,PlayStation 4
15510,Classic Macintosh
15510,macOS
15510,PC
52295,PlayStation 4
52295,PlayStation 3
52295,PS Vita
973539,PC
973539,Xbox Series S/X
973539,PlayStation 5
21409,iOS
21409,Android
21409,PC
21409,Linux
21409,macOS
47330,Xbox One
47330,PC
58763,Xbox One
58763,PC
272509,Nintendo Switch
272509,PlayStation 4
272509,Xbox One
272509,PC
18114,macOS
18114,PC
15155,PC
15155,Linux
14470,PC
672323,macOS
672323,PC
672323,iOS
672323,Nintendo Switch
10750,macOS
10750,PC
10750,Linux
18738,PC
18738,macOS
368994,Xbox One
368994,PC
368994,Nintendo Switch
368994,PlayStation 4
13328,iOS
13328,PC
13328,Wii
13328,Android
13328,macOS
13328,Linux
12834,PC
15988,PC
15988,macOS
3945,Wii U
3945,PlayStation 3
3945,Xbox 360
3945,PC
680065,PC
44995,PC
44995,macOS
44995,Linux
45319,PC
830178,PC
29154,Xbox 360
286584,PlayStation 4
286584,Nintendo Switch
286584,Xbox One
286584,PC
5452,PC
5452,PlayStation 3
635365,PC
635365,iOS
635365,Android
58297,Nintendo 64
58297,Classic Macintosh
58297,PC
58297,PlayStation
58297,Game Boy Color
58297,Dreamcast
5327,PlayStation 3
59369,iOS
59369,Android
59369,PlayStation 4
11234,PC
20618,macOS
20618,PC
52293,Xbox One
52293,macOS
52293,iOS
52293,Android
52293,Linux
52293,PC
52293,PlayStation 4
52293,Nintendo Switch
52293,PS Vita
5458,macOS
5458,PC
5458,PlayStation 3
15351,PS Vita
15351,Xbox One
15351,Nintendo Switch
15351,macOS
15351,PC
17531,iOS
17531,PC
22331,PC
1619,PC
1619,Android
1619,iOS
1619,PlayStation 4
1619,PlayStation 3
1619,PS Vita
1619,Nintendo Switch
1619,Wii U
1619,Xbox One
1619,macOS
484668,PC
20210,PC
24442,PC
24442,Wii
24442,Nintendo Switch
57794,PlayStation
484813,PC
43464,macOS
43464,Linux
43464,PC
43464,iOS
20666,PC
12180,macOS
12180,PC
12180,Linux
378625,Android
378625,iOS
10679,PlayStation 4
10679,macOS
10679,Xbox One
10679,Nintendo Switch
10679,PC
12000,PC
622518,Xbox One
622518,Nintendo Switch
622518,PlayStation 5
622518,PC
622518,PlayStation 4
622518,Xbox Series S/X
51092,SNES
51092,NES
51092,Linux
51092,macOS
51092,PC
51092,Genesis
51092,Game Boy Advance
51092,Game Boy
51092,SEGA Master System
51092,Game Gear
60261,PC
28269,Xbox 360
21657,PC
326988,PC
45561,Nintendo Switch
45561,iOS
45561,PC
45561,macOS
45561,Linux
45561,Android
10996,PC
10996,macOS
10996,Linux
16941,Linux
16941,macOS
16941,PC
327211,PC
327211,PlayStation 4
327211,Android
327211,iOS
19190,macOS
19190,Xbox One
19190,PlayStation 4
19190,Android
19190,iOS
19190,PC
19190,Linux
721077,PC
721077,Xbox Series S/X
721077,PlayStation 4
721077,Nintendo Switch
721077,Xbox One
721077,PlayStation 5
17605,PC
20817,macOS
20817,PC
20817,Linux
53129,Commodore / Amiga
53129,SEGA Master System
53129,NES
53129,Atari ST
53129,Android
53129,PlayStation 3
53129,Xbox 360
53129,Nintendo 3DS
53129,PC
53129,iOS
53129,Genesis
3306,Nintendo 3DS
3306,PS Vita
3306,PlayStation 4
3306,Xbox One
3306,PC
301619,PC
22493,PC
14117,PC
386511,PC
650649,PC
650649,Xbox One
650649,PlayStation 4
650649,Nintendo Switch
26188,PlayStation 3
26188,Wii
31298,PC
31298,iOS
722617,PC
16819,Wii U
16819,PC
36018,PC
236733,Nintendo Switch
236733,PC
236733,macOS
236733,PlayStation 4
14799,macOS
14799,Linux
14799,PC
4433,PC
4433,PlayStation 3
4433,Xbox 360
18895,Linux
18895,macOS
18895,PC
17712,macOS
17712,Linux
17712,PC
18283,PC
18283,Xbox 360
50313,PC
50313,macOS
50313,PlayStation
50313,PlayStation 4
288681,PC
19450,macOS
19450,PC
19450,Linux
22001,PC
306030,PC
306030,macOS
614952,PC
614952,iOS
614952,Linux
614952,macOS
614952,Android
28700,Xbox 360
43752,PlayStation 4
43752,Xbox One
20886,PC
10127,PC
484501,Xbox One
484501,Nintendo Switch
484501,PlayStation 4
484501,PC
19546,PC
19546,Linux
19546,macOS
19546,iOS
10360,PC
24329,PlayStation 4
24329,Nintendo DS
24329,PlayStation 3
28561,PC
28561,Xbox One
28561,PlayStation 3
28561,PlayStation 4
28561,Xbox 360
60191,Xbox 360
60191,PC
18067,Linux
18067,macOS
18067,PC
12480,PC
16528,PC
16528,Linux
16528,macOS
12134,macOS
12134,PC
12134,Linux
17249,PC
13472,PlayStation 3
13472,PC
17116,PC
16660,PC
20784,Linux
20784,macOS
20784,PC
18132,Nintendo Switch
18132,iOS
18132,Linux
18132,PC
18132,macOS
20629,PC
57944,PlayStation
57944,Game Boy Color
57944,Nintendo 64
57944,Dreamcast
28438,Xbox 360
28438,PC
11538,Xbox One
11538,PC
11538,Linux
11538,macOS
18269,Nintendo DS
18269,PC
359291,PC
11634,PC
5716,macOS
5716,iOS
5716,Xbox One
5716,PlayStation 4
5716,PC
5716,Linux
5716,Android
1239,Android
1239,PlayStation 4
1239,Xbox One
1239,Linux
1239,macOS
1239,PC
1239,iOS
997,Android
997,PC
997,macOS
997,iOS
997,Linux
1115,PlayStation 4
1115,PlayStation 2
1115,Xbox
8586,Xbox One
8586,PC
850683,PlayStation 5
850683,PlayStation 4
850683,PC
850683,Nintendo Switch
65163,PC
65163,Linux
7712,Xbox 360
7712,Xbox One
7712,macOS
7712,Nintendo DS
7712,PC
589,Xbox One
589,PlayStation 4
589,PC
21952,Xbox 360
21952,Wii
21952,PlayStation 3
21767,PC
52170,PlayStation 4
52170,PC
18669,PC
17864,PC
331090,PC
331090,PlayStation 4
331090,PS Vita
20390,PC
24227,Wii
24227,PC
24227,PlayStation 2
24227,PlayStation 3
24227,Xbox 360
21310,PC
12385,macOS
12385,PC
12385,Linux
14174,PC
13553,PC
13553,Linux
20506,Linux
20506,PC
49057,PlayStation 4
49057,Nintendo Switch
49057,Xbox One
49057,Android
49057,PC
49057,iOS
959976,Linux
959976,PC
959976,Xbox Series S/X
17042,PC
26055,Nintendo DS
295014,PC
4061,Xbox 360
4061,PlayStation 3
29787,macOS
29787,PC
29787,Atari ST
29787,Apple II
29787,NES
29787,Classic Macintosh
29787,Commodore / Amiga
29787,Linux
1613,Xbox One
1613,PlayStation 4
1613,PC
254652,PlayStation 4
254652,PlayStation 5
254652,PC
254652,Xbox One
7886,Linux
7886,Android
7886,PC
7886,macOS
7886,iOS
18343,PC
322364,Xbox Series S/X
322364,PC
322364,Xbox One
52996,PlayStation
52996,Dreamcast
21636,PC
10702,macOS
10702,Linux
10702,PC
20767,PC
695797,PC
38701,PC
10295,Nintendo Switch
10295,PlayStation 4
10295,Xbox One
10295,PC
1459,Xbox One
1459,Wii U
1459,macOS
1459,Linux
1459,PlayStation 4
1459,PC
2943,PlayStation 3
2943,macOS
2943,iOS
2943,PC
11317,PC
19934,PC
17222,Android
17222,PC
17222,macOS
62654,PC
53088,Classic Macintosh
53088,PlayStation
53088,PlayStation 4
53088,Neo Geo
53088,Wii
53088,Nintendo Switch
53088,PC
53088,Xbox One
53088,Linux
10790,PC
5662,PC
5662,iOS
756587,PlayStation 4
756587,Nintendo Switch
756587,macOS
756587,Xbox One
756587,PC
694432,Nintendo Switch
694432,PC
694432,Android
694432,iOS
694432,PS Vita
30520,PC
810294,PC
323093,PC
25465,PC
25465,Nintendo DS
25465,Xbox 360
25465,PlayStation 2
25465,Wii
263580,PC
17856,PC
17856,Nintendo Switch
365,Xbox One
365,PlayStation 4
365,PS Vita
365,Linux
365,macOS
365,PC
382765,PC
20235,PC
52080,PlayStation 4
52080,Xbox One
52080,Nintendo Switch
52080,PC
397479,Linux
397479,PC
397479,Nintendo Switch
397479,PlayStation 4
397479,PlayStation 5
60957,Nintendo Switch
60957,PC
60957,macOS
60957,PS Vita
60957,Xbox One
7797,macOS
7797,PC
7797,iOS
7797,Linux
17596,PC
17720,PC
44828,PC
12895,PC
40201,PC
40201,PlayStation 2
40201,Nintendo 3DS
40201,Xbox 360
40201,PlayStation 3
10377,PC
10377,PlayStation 4
10377,Nintendo Switch
10377,Xbox One
2334,PlayStation 4
2334,PlayStation 2
743389,PlayStation 5
743389,Xbox Series S/X
743389,PlayStation 4
743389,PC
743389,Xbox One
11088,macOS
11088,PC
11088,Linux
989947,PC
29232,Xbox One
29232,PlayStation 4
29232,PC
20775,PC
20775,macOS
3544,PlayStation 3
3544,PlayStation 4
3544,macOS
3544,PC
29149,Xbox
29149,PlayStation 2
29149,Xbox One
32029,PC
18266,macOS
18266,PC
15428,macOS
15428,PC
15428,iOS
5378,PlayStation 2
5378,Nintendo DS
5378,PC
5378,iOS
5378,PSP
51205,PC
51205,Android
21758,PC
12131,macOS
12131,PC
12131,Linux
67478,PC
67478,iOS
67478,Android
3000,Nintendo Switch
3000,iOS
3000,Android
3000,PC
3000,macOS
43903,PC
836447,PlayStation 5
836447,Xbox Series S/X
836447,PlayStation 4
836447,Nintendo Switch
836447,PC
836447,Xbox One
13543,Linux
13543,macOS
13543,PC
19238,Android
19238,PC
801122,PC
801122,Xbox Series S/X
801122,PlayStation 5
16731,PC
21600,PC
21600,macOS
18873,iOS
18873,Android
18873,PC
46568,Nintendo Switch
46568,PC
14686,macOS
14686,PC
13078,Xbox One
13078,Nintendo Switch
13078,macOS
13078,PC
614960,PC
10678,Linux
10678,macOS
10678,PC
10678,PS Vita
963,PlayStation 4
963,PC
963,iOS
2400,PlayStation 4
2400,PC
10305,PC
10305,Android
16942,macOS
16942,PC
378580,macOS
378580,PC
378580,Android
378580,Web
812168,PC
812168,macOS
699114,Xbox One
699114,Nintendo Switch
699114,PC
24508,PlayStation 2
24508,PlayStation 3
24508,Wii
24508,Xbox 360
16830,PC
16830,Linux
248474,iOS
248474,PlayStation 4
248474,Xbox One
248474,PC
248474,Nintendo Switch
20226,macOS
20226,PC
20226,Linux
17958,PC
16544,PC
16544,macOS
16544,Linux
17889,iOS
17889,PC
17889,macOS
17889,Linux
17889,Android
16609,Linux
16609,PC
16609,macOS
54095,Commodore / Amiga
54095,PC
54095,Atari ST
54095,NES
366894,macOS
366894,Xbox One
366894,Nintendo Switch
366894,PlayStation 4
366894,iOS
366894,PC
19814,PC
20625,macOS
20625,PC
20625,Linux
9839,macOS
9839,PC
9839,Linux
2718,PlayStation 4
2718,PS Vita
2718,Nintendo Switch
2718,iOS
2740,PS Vita
2740,PlayStation 4
58939,PlayStation 5
58939,Xbox Series S/X
58939,PlayStation 4
58939,Nintendo Switch
58939,iOS
58939,PC
58939,Xbox One
46533,Nintendo Switch
46533,PC
46533,Linux
46533,PlayStation 4
46533,Xbox One
46533,macOS
4167,PC
4167,PlayStation 3
32965,PC
32965,SNES
32965,Commodore / Amiga
32965,Genesis
32965,Game Boy Advance
385406,Xbox One
385406,PC
385406,PlayStation 4
14949,Wii
14949,PC
3808,Wii U
3808,PlayStation 3
3808,PlayStation 4
3808,macOS
14474,PC
17664,PC
53781,Game Boy
53781,NES
53781,SEGA 32X
22985,Classic Macintosh
22985,Dreamcast
22985,Android
22985,macOS
22985,Linux
22985,PC
18558,PlayStation 4
18558,Xbox One
18558,Linux
18558,PC
18558,iOS
18558,Android
18558,macOS
10500,Xbox One
10500,PC
282828,PS Vita
282828,PlayStation 3
282828,Nintendo Switch
282828,PC
282828,Xbox One
282828,PlayStation 4
244877,PC
244877,macOS
966910,PC
966910,Xbox Series S/X
966910,Nintendo Switch
966910,PlayStation 4
966910,PlayStation 5
22476,iOS
22476,PC
51323,Nintendo Switch
15810,PC
28390,Xbox 360
724095,macOS
724095,PC
724095,Nintendo Switch
724095,Web
17484,PC
564763,Nintendo Switch
15265,PC
44175,PC
57954,PlayStation
387292,PC
21512,PC
4131,Wii
4131,PlayStation 3
4131,PC
59923,PC
450231,PC
2340,macOS
2340,PC
2340,Linux
2340,PlayStation 4
2340,Nintendo Switch
2340,Xbox One
5501,PlayStation
5501,PlayStation 4
5501,PlayStation 5
45693,Nintendo Switch
45693,Android
45693,iOS
45693,PC
45693,macOS
45693,Linux
44184,PC
44184,PlayStation 4
42455,PC
42455,macOS
57518,Nintendo Switch
57518,Wii
57518,SNES
56196,PlayStation 2
56196,PC
56196,Xbox
56196,GameCube
16570,macOS
16570,PC
16570,Linux
16570,Xbox One
52214,PlayStation 4
52214,PC
17046,PC
17046,Linux
17046,macOS
52048,Nintendo Switch
52048,Xbox One
52048,PlayStation 4
52048,PC
22440,PC
19657,macOS
19657,PC
19657,Linux
537742,PlayStation 5
537742,Xbox Series S/X
537742,PlayStation 4
537742,PC
255293,Nintendo Switch
255293,PlayStation 4
255293,Xbox One
255293,PC
17225,PC
17225,macOS
17225,Linux
23572,Nintendo Switch
23572,PC
23572,Linux
23572,macOS
10043,Linux
10043,PC
16631,macOS
16631,PC
16631,Linux
17553,PC
17553,Linux
52142,Xbox One
52142,Nintendo Switch
52142,PC
52142,PlayStation 4
17542,macOS
17542,PC
17542,Linux
21352,PC
20016,PC
934643,PC
35763,PlayStation 2
35763,GameCube
35763,Xbox
35763,Classic Macintosh
35763,PC
17196,PC
17196,macOS
21511,PC
21511,Linux
21511,macOS
38663,PC
15344,Linux
15344,PC
15344,macOS
22563,PlayStation 4
32986,Game Boy Color
32986,Nintendo 64
32986,PC
593319,PC
62526,PC
58959,Linux
58959,macOS
58959,PC
21213,PS Vita
21213,Nintendo Switch
21213,PC
14567,PC
836443,PC
836443,Nintendo Switch
836443,Xbox One
836443,PlayStation 4
11095,macOS
11095,PC
327214,PlayStation 4
327214,Nintendo Switch
327214,PC
327214,Wii
327214,Xbox One
600944,PC
22096,PC
966221,PC
966221,PlayStation 5
966221,Xbox Series S/X
966221,Nintendo Switch
966221,PlayStation 4
966221,Xbox One
10891,PC
27235,Nintendo 3DS
2192,Linux
2192,macOS
2192,Android
2192,PC
2192,iOS
9994,PC
17716,macOS
17716,PC
20153,macOS
20153,PC
20153,Linux
61899,Android
61899,PlayStation 4
61899,Xbox One
61899,Nintendo Switch
61899,PC
61899,iOS
14809,PC
19072,PC
19072,macOS
19072,Linux
18573,PC
18573,macOS
142,PlayStation 4
142,PS Vita
142,PC
142,macOS
43970,PC
20401,macOS
20401,PC
45942,PC
18065,macOS
18065,PC
18065,Linux
17533,PC
14788,PC
14788,macOS
14788,Linux
21023,PC
6656,PC
6656,iOS
6656,Xbox 360
29305,PC
13070,PC
13070,PlayStation 3
13070,PS Vita
7830,PC
7830,iOS
18151,macOS
18151,PC
18151,Linux
50000,PC
376118,PC
376118,macOS
9714,macOS
9714,PC
9714,Linux
962025,PC
962025,Xbox Series S/X
962025,PlayStation 4
962025,Xbox One
962025,PlayStation 5
704793,PC
704793,PlayStation 5
704793,Xbox Series S/X
27392,Game Boy Advance
13417,PC
17285,PC
13857,PC
13857,Linux
13857,macOS
26468,PSP
26468,Xbox 360
26468,Wii
26468,PlayStation 2
26468,PlayStation 3
54346,Nintendo 64
54346,GameCube
10733,PC
21524,Nintendo 64
21524,PC
965471,PC
10780,PC
830232,PC
272526,PC
846314,PC
4281,PS Vita
4281,PlayStation 2
4281,PlayStation 3
13805,PC
13805,Linux
292845,Nintendo Switch
292845,PlayStation 4
292845,PC
50825,PC
50825,macOS
262498,PC
45552,PC
45552,Nintendo Switch
45552,PlayStation 4
45552,Xbox One
18309,PC
799269,PC
799269,PlayStation 5
460519,Nintendo Switch
460519,PC
3264,PlayStation 4
3264,Xbox One
22699,PC
973835,PC
7950,Android
7950,PC
7950,iOS
14753,PC
14753,Linux
19485,PC
5698,PlayStation 3
5698,Xbox 360
5698,Wii
5698,PC
58005,PlayStation
15569,PlayStation 4
15569,Nintendo Switch
15569,PC
15569,Linux
15569,macOS
51293,PlayStation 4
51293,PC
51293,Nintendo Switch
13426,PC
14764,PC
14764,iOS
52995,PlayStation
14957,PC
14957,iOS
14957,Linux
14957,macOS
14957,Nintendo Switch
14957,Xbox One
14957,PlayStation 4
36758,Xbox 360
36758,PlayStation 2
36758,Xbox
36758,GameCube
36758,PC
21626,PC
51601,Nintendo Switch
51601,Linux
51601,PC
51601,macOS
51601,Android
51601,iOS
9954,macOS
9954,PC
9954,Linux
452607,PC
18305,PC
18305,macOS
17722,PC
502191,macOS
502191,PC
51978,Nintendo Switch
51978,PlayStation 4
51978,macOS
51978,Xbox One
51978,PC
5329,Linux
5329,macOS
5329,Genesis
5329,Game Gear
5329,Nintendo 3DS
5329,Xbox 360
5329,PC
5329,PlayStation 3
331319,Xbox 360
331319,PlayStation 2
331319,PSP
581204,PC
511723,Web
511723,PC
830059,PC
983212,PC
983212,PlayStation 5
983212,Xbox Series S/X
581025,iOS
581025,PC
581025,macOS
581025,Linux
19504,PC
20062,PC
13413,PC
57841,PlayStation
261261,PC
261261,iOS
261261,macOS
261261,Linux
14516,Linux
14516,macOS
14516,PC
14516,Nintendo Switch
14516,PlayStation 4
21654,PC
2068,PlayStation 4
2068,Nintendo Switch
2068,Xbox One
2068,PC
16939,PC
16939,macOS
16939,Linux
53435,Game Boy Advance
21100,PC
10880,macOS
10880,PC
10880,Linux
492294,macOS
492294,PC
492294,Xbox One
14112,PC
43885,Linux
43885,macOS
43885,PC
20932,PC
20932,macOS
11337,PC
51531,Xbox One
51531,PC
51531,Nintendo Switch
23849,Wii U
23849,Nintendo DS
4225,Nintendo 3DS
4225,PS Vita
21050,PC
271414,Xbox One
271414,Nintendo Switch
271414,PlayStation 4
271414,PC
20718,PC
302881,Xbox One
302881,Nintendo Switch
302881,PlayStation 4
302881,PC
302881,iOS
19396,PC
20408,macOS
20408,PC
20408,Linux
28583,Xbox 360
51857,PC
11837,PC
10351,Xbox One
10351,PlayStation 4
10351,Nintendo Switch
10351,Linux
10351,PC
10351,iOS
10351,macOS
16052,Linux
16052,macOS
16052,PC
16132,PC
16132,macOS
61326,PC
61326,macOS
19730,iOS
19730,PC
9691,Xbox One
9691,PC
840866,PC
21963,PC
21963,macOS
471034,PlayStation 4
471034,Nintendo Switch
471034,PC
485138,PC
485138,PlayStation 5
485138,PlayStation 4
485138,Xbox Series S/X
485138,Xbox One
25256,Game Boy Advance
25256,Xbox 360
25256,Nintendo DS
25256,PlayStation 2
25256,Wii
21822,PC
11896,PC
11896,Linux
11896,macOS
17498,PC
50076,PC
37818,PC
21487,PC
28380,Xbox 360
3255,PC
3255,PlayStation 4
333,Wii U
333,PlayStation 4
333,Nintendo Switch
333,Xbox One
333,iOS
333,PC
333,Linux
333,macOS
13013,PC
15719,macOS
15719,PC
15719,Linux
12590,PC
701,PC
701,iOS
701,macOS
1044,macOS
1044,iOS
1044,PC
1044,Android
10741,PC
5401,PlayStation 3
28795,Xbox 360
28795,PC
28795,PlayStation 3
28225,Xbox One
28225,PlayStation 3
28225,Xbox 360
20596,PC
863724,PC
20812,PC
12457,PC
20098,macOS
20098,PC
17820,PC
58285,Nintendo Switch
58285,Xbox One
58285,PlayStation 4
58285,PC
677164,PlayStation 4
677164,Nintendo Switch
677164,Xbox Series S/X
677164,PlayStation 5
677164,Android
677164,Xbox One
677164,iOS
677164,PC
216298,PlayStation 4
216298,Nintendo Switch
216298,PC
216298,Xbox One
987537,PlayStation 5
987537,PC
20473,PC
304329,Genesis
304329,Linux
304329,macOS
304329,PC
304329,PS Vita
304329,Xbox One
304329,PlayStation 4
304329,Nintendo Switch
857636,PC
857636,PlayStation 5
857636,Xbox Series S/X
14478,PC
14478,macOS
14478,PlayStation 4
364882,PC
45222,Linux
45222,macOS
45222,PC
385481,macOS
385481,PC
385481,Linux
20711,Linux
20711,macOS
20711,PC
20560,PC
294,macOS
294,Linux
294,Android
294,PC
294,iOS
14168,PC
14168,macOS
268403,PC
268403,Nintendo Switch
268403,PlayStation 4
268403,Xbox One
13294,PC
19489,PC
19489,Linux
19489,macOS
13714,macOS
13714,PC
13714,Linux
14427,Wii U
14427,Nintendo Switch
14427,macOS
14427,PC
14427,Linux
12428,PC
12428,Linux
244828,PC
4150,PlayStation 3
4150,PS Vita
19612,PC
846505,PlayStation 5
846505,Xbox Series S/X
846505,PC
846505,Xbox One
846505,PlayStation 4
846505,Nintendo Switch
45291,PC
45291,PSP
805004,PC
805004,iOS
24059,SNES
24059,PlayStation 4
24059,Wii
24059,Nintendo 3DS
24059,Nintendo Switch
24059,Wii U
24059,Xbox One
24059,PC
978865,PC
978865,Xbox Series S/X
978865,PlayStation 5
59202,PC
59202,macOS
264744,PC
15200,macOS
15200,PC
15200,Linux
274789,PlayStation 4
274789,Nintendo Switch
274789,Xbox One
274789,PC
276685,PS Vita
276685,PlayStation 4
276685,PlayStation 3
276685,PC
276685,Xbox 360
276685,iOS
21704,PC
21704,macOS
10334,Xbox One
10334,PS Vita
10334,Nintendo Switch
10334,macOS
10334,Linux
10334,PC
622517,PC
20928,PC
20928,Android
20928,macOS
20928,iOS
428874,PC
3412,PS Vita
12295,iOS
12295,Linux
12295,PC
12295,macOS
387334,PC
16852,macOS
16852,PC
3791,PS Vita
959855,macOS
959855,PC
8662,macOS
8662,Android
8662,iOS
8662,PC
40887,PC
40887,PlayStation 3
40887,PlayStation 2
40887,Xbox 360
40887,PSP
14455,macOS
14455,PC
14455,Linux
23761,Nintendo 3DS
708981,PC
708981,Xbox Series S/X
708981,Xbox One
708981,Nintendo Switch
532487,PC
5600,Xbox 360
5600,PlayStation 3
13863,PC
59911,PC
59911,macOS
20652,macOS
20652,PC
20652,Linux
13044,PC
46018,Nintendo Switch
46018,macOS
46018,PC
541282,PC
541282,macOS
541282,Linux
49080,PC
8332,macOS
8332,PC
8332,Linux
8332,iOS
46742,Linux
46742,macOS
46742,PC
46742,Nintendo Switch
46742,PlayStation 4
13630,PC
20748,PC
20748,Linux
20748,macOS
19917,PC
21954,Xbox 360
21954,PlayStation 2
21954,PlayStation 3
21954,Nintendo DS
21954,Wii
21954,PSP
9632,PC
10886,macOS
10886,PC
10886,Linux
1171,PlayStation 4
1171,PC
1171,Xbox One
15197,macOS
15197,PC
409574,PlayStation 5
409574,PlayStation 4
409574,PC
409574,Xbox One
409574,Xbox Series S/X
778212,PC
21529,PC
22313,macOS
22313,PC
20801,PC
17644,iOS
17644,macOS
17644,PC
17644,Android
25396,Nintendo DS
25396,Nintendo 3DS
25396,Android
25396,iOS
13819,PC
21380,PC
9521,PlayStation 4
9521,Xbox One
9521,PC
40434,PC
804851,PC
804851,Nintendo Switch
804851,PlayStation 5
15374,Nintendo Switch
15374,PC
625837,PlayStation 4
625837,Nintendo Switch
625837,PlayStation 5
625837,Xbox Series S/X
625837,PC
625837,Xbox One
813655,PlayStation 5
813655,Xbox Series S/X
813655,PlayStation 4
813655,Nintendo Switch
813655,PC
813655,Xbox One
23746,Nintendo 3DS
288604,Xbox 360
11993,PC
46286,PC
46286,macOS
20201,macOS
20201,PC
20201,Linux
13870,PC
13870,macOS
50370,PC
13739,PC
32797,PC
32797,macOS
12913,PC
830052,PC
11712,PC
16055,PC
16055,macOS
16055,Linux
2935,PS Vita
2935,PlayStation 4
2935,Linux
2935,macOS
2935,PC
18332,Nintendo Switch
18332,macOS
18332,PC
22700,PC
22700,PlayStation 2
16740,PC
21931,PlayStation 4
15981,PC
15981,macOS
16607,PC
379605,Xbox One
379605,PC
379605,Nintendo Switch
379605,PlayStation 4
816363,PC
15289,PC
57679,PSP
57679,PlayStation
7290,Linux
7290,macOS
7290,PC
7290,iOS
7290,Android
16497,PC
12006,PC
12006,PlayStation 4
13715,PC
13715,Linux
18014,macOS
18014,PC
4554,PlayStation 3
4554,PSP
4554,macOS
4554,PC
45902,Xbox One
45902,Nintendo Switch
45902,PlayStation 4
45902,macOS
45902,Linux
45902,PC
15702,Xbox One
15702,Nintendo Switch
15702,PlayStation 4
15702,PC
20162,macOS
20162,PC
20162,Linux
39120,Xbox 360
39120,PlayStation 3
13291,macOS
13291,PC
13291,Linux
21543,Wii
21543,PlayStation 3
21543,PC
21543,macOS
49604,PC
430320,PlayStation 5
430320,Xbox Series S/X
430320,PlayStation 4
430320,Nintendo Switch
430320,macOS
430320,PC
430320,Xbox One
471020,PC
471020,PlayStation 5
471020,Xbox Series S/X
14477,iOS
14477,PC
14477,macOS
14477,Linux
14477,Android
20768,PC
50176,macOS
50176,PC
816324,PC
4641,Xbox 360
4641,PlayStation 3
319153,PC
16432,PC
13727,PC
11106,PC
502116,PC
502116,PlayStation 5
502116,Xbox Series S/X
45712,PC
45712,macOS
61486,PC
51213,Nintendo Switch
51213,PC
51213,macOS
18645,PC
427445,PC
21516,macOS
21516,PC
21516,Linux
18824,PC
18861,PC
14300,PC
22455,PC
5084,PlayStation
5084,PC
399411,macOS
399411,PC
399411,iOS
399411,Android
21465,PC
702395,Android
702395,Linux
702395,macOS
702395,PC
702395,iOS
16088,Android
16088,macOS
16088,PC
16088,Linux
10601,macOS
10601,PC
1318,Xbox One
1318,PlayStation 4
1318,Nintendo Switch
1318,PC
1644,Xbox One
1644,PlayStation 4
1644,PS Vita
1644,Wii U
20691,macOS
20691,PC
20691,Linux
16422,PC
445453,PlayStation 4
445453,Xbox One
445453,macOS
445453,Linux
445453,Nintendo Switch
445453,PC
445453,iOS
15518,PC
16205,PC
22820,SEGA Master System
22820,Atari ST
22820,Classic Macintosh
22820,Game Boy
22820,Commodore / Amiga
22820,SNES
22820,Genesis
22820,macOS
22820,PC
323075,PC
270660,Nintendo Switch
270660,macOS
270660,Linux
270660,PC
14674,PC
9956,macOS
9956,PC
9956,Linux
419937,Xbox One
419937,PC
419937,Xbox Series S/X
20136,PC
17918,macOS
17918,PC
502155,PC
9572,PC
496757,PC
496757,Nintendo Switch
496757,macOS
14037,Android
14037,PC
14037,iOS
14037,macOS
21471,PC
21471,Linux
21471,macOS
518615,PC
9892,PC
9892,macOS
9892,Linux
9751,Xbox One
9751,PlayStation 4
9751,PC
9751,macOS
22371,PC
36577,PC
36577,PlayStation 2
36577,Xbox
21494,PC
10392,PC
16608,PC
18659,PC
16592,PC
11072,PC
23740,Nintendo Switch
309893,PC
416036,PlayStation 4
416036,Nintendo Switch
416036,PC
416036,Xbox One
5350,Classic Macintosh
5350,PC
5350,PlayStation
5350,Nintendo 64
5350,Dreamcast
17813,PC
17813,macOS
17813,Linux
10974,PC
9899,PC
9899,PlayStation 4
9899,Xbox One
35176,PC
35176,iOS
35176,Android
20341,PC
25230,PSP
25230,Nintendo DS
25230,Xbox 360
25230,PC
25230,Wii
25230,PlayStation 2
548157,PC
548157,macOS
9591,PlayStation 4
9591,PC
9439,PC
262346,PlayStation 4
1537,Xbox One
1537,PlayStation 4
1537,Nintendo Switch
1537,PC
18944,Android
18944,PC
18944,Linux
18944,macOS
1448,Android
1448,iOS
15473,PC
438620,PlayStation 5
438620,PlayStation 4
438620,PC
438620,Xbox One
438620,Xbox Series S/X
18590,PC
60894,PlayStation 4
60894,PC
60894,PlayStation 5
25548,Nintendo DS
25548,PSP
25548,Xbox 360
25548,PlayStation 2
25548,PlayStation 3
339957,Xbox One
339957,PlayStation 4
339957,PC
477316,Nintendo Switch
477316,Xbox One
477316,PlayStation 4
477316,PC
5641,PlayStation 3
3658,Xbox One
3658,Nintendo 3DS
3658,PlayStation 3
3658,PC
3658,Wii U
3658,Xbox 360
55132,Wii U
55132,Wii
55132,Genesis
55132,PC
55132,Game Boy
55132,PlayStation 3
55132,Atari ST
55132,SNES
55132,3DO
55132,Commodore / Amiga
10003,PC
18498,PC
19972,PC
19972,Linux
19972,macOS
19972,Android
18172,PC
2612,PS Vita
2612,PlayStation 4
2612,PC
2612,PlayStation 3
15080,PC
23755,Nintendo 3DS
23755,iOS
23755,Android
23755,PlayStation 2
45188,PC
447808,PlayStation 5
447808,Xbox Series S/X
447808,PlayStation 4
447808,Nintendo Switch
447808,macOS
447808,PC
447808,Xbox One
10566,macOS
10566,PC
494383,PlayStation 5
494383,PC
494383,Xbox One
494383,Xbox Series S/X
494383,PlayStation 4
41700,PC
398403,Nintendo Switch
398403,PC
382755,PC
37221,PC
19663,PC
20949,PC
19865,PC
19865,macOS
19865,Linux
971515,Linux
971515,PC
11105,macOS
11105,Linux
11105,PC
4479,PlayStation 3
4479,Xbox 360
4479,Wii
20621,PC
10608,PC
22477,PC
22708,PC
22708,3DO
22708,PlayStation
22708,Classic Macintosh
22708,macOS
15435,PC
15435,3DO
19878,PC
19878,macOS
53973,NES
21666,PC
262390,Nintendo Switch
262390,PC
262390,macOS
41738,PC
41738,Xbox 360
41738,PlayStation 3
44728,PC
522990,PC
522990,macOS
19055,PS Vita
19055,PC
364954,PC
364954,Linux
627556,PC
295125,PlayStation 4
295125,PC
60629,Linux
60629,PC
60629,macOS
415180,PC
415180,iOS
415180,Xbox One
415180,Nintendo Switch
415180,PlayStation 4
15563,PC
15563,macOS
15563,Linux
850708,PC
850708,PlayStation 5
23738,Game Boy Advance
23738,GameCube
23738,PlayStation 3
23738,Xbox 360
23738,Wii
23738,Nintendo DS
23738,PC
23738,PlayStation 2
23738,PSP
16274,macOS
16274,PC
17147,PC
5373,PC
5373,PlayStation 3
5373,Xbox 360
28964,PC
28964,PlayStation 3
28964,Xbox 360
987121,PC
987121,Linux
987121,macOS
987121,Android
11169,Linux
11169,macOS
11169,PC
22998,PC
30112,Linux
30112,PC
16757,macOS
16757,PC
16297,PC
5605,Xbox 360
5605,PlayStation 3
17280,macOS
17280,PC
19368,PC
57475,SNES
39405,PlayStation 3
14475,macOS
14475,PC
351828,PlayStation 4
351828,Xbox One
351828,Nintendo Switch
351828,iOS
351828,Android
32674,macOS
32674,Classic Macintosh
32674,Commodore / Amiga
32674,PC
23007,PC
2004,PC
2004,PlayStation 3
2004,PS Vita
2004,Wii U
2004,Nintendo 3DS
2004,iOS
19996,Android
19996,PC
19996,Linux
19996,PlayStation 4
19996,Nintendo Switch
19996,Xbox One
19996,iOS
19996,macOS
22728,PC
21430,PC
5568,PlayStation 3
5568,Xbox 360
5568,PC
2249,Xbox
2249,PlayStation 4
2249,PSP
2249,PlayStation 2
522978,Nintendo Switch
522978,PC
522978,Xbox One
522978,PlayStation 4
16924,PC
16924,Android
16924,PlayStation 4
16924,Xbox One
16924,Linux
16924,iOS
23935,Wii U
1543,Xbox One
1543,Wii U
1543,PlayStation 4
1543,Nintendo Switch
1543,PC
60732,PC
14654,PC
14584,macOS
14584,PC
3484,PS Vita
3484,PlayStation 4
388314,Xbox One
388314,PC
388314,PlayStation 4
57891,iOS
57891,Android
4496,PlayStation 3
4496,Xbox 360
4496,PC
47444,PC
17047,macOS
17047,PC
17047,Linux
9777,PC
292945,Xbox One
292945,PlayStation 4
292945,PC
292945,Nintendo Switch
11420,PC
11420,iOS
10508,PC
51149,PC
383800,iOS
383800,PC
8611,Linux
8611,PC
8611,macOS
8611,Android
8611,iOS
9864,macOS
9864,PC
61218,Xbox One
61218,Nintendo Switch
61218,PlayStation 4
61218,PC
61218,macOS
61218,Linux
27519,Game Boy Advance
27519,Wii U
21375,PC
15379,PlayStation 3
15379,PC
376982,PC
41456,PlayStation 3
41456,PC
41456,Xbox 360
357246,PlayStation 5
357246,PlayStation 4
357246,PC
982711,PC
982711,Linux
428391,PC
49282,PC
50733,iOS
50733,PlayStation 4
50733,PC
16588,PC
49800,Commodore / Amiga
49800,iOS
49800,Atari ST
49800,PC
49800,Android
49800,macOS
14870,PC
14870,macOS
14870,Linux
14870,Genesis
14870,iOS
267710,Android
267710,iOS
267710,PC
481905,PC
481905,Nintendo Switch
787592,Xbox Series S/X
787592,Xbox One
787592,Xbox 360
4406,PlayStation 3
4406,Xbox 360
4406,PC
746,PlayStation 2
746,PlayStation 4
746,Xbox
19916,PC
16741,PC
17523,PC
3252,Xbox One
3252,Wii U
3252,PlayStation 4
3252,PlayStation 3
3252,macOS
3252,Linux
3252,PC
18133,PC
30669,PC
311642,macOS
311642,Linux
311642,Android
311642,PC
945034,Linux
945034,macOS
945034,PC
5684,Xbox 360
5684,Wii
5684,PC
5684,PlayStation 2
5684,PlayStation 3
5684,Nintendo DS
718167,PC
17796,PC
19875,macOS
19875,PC
19875,Linux
13112,iOS
13112,macOS
13112,Linux
13112,PC
16875,PC
485118,PC
681467,PC
973289,iOS
973289,PC
21361,PC
32781,Nintendo 64
32781,SEGA Saturn
32781,PlayStation
32781,PC
496649,Xbox One
496649,Nintendo Switch
496649,PlayStation 4
496649,PlayStation 5
496649,PC
496649,macOS
496649,Linux
9620,macOS
9620,PC
19684,macOS
19684,PC
15898,PC
20910,PC
18261,PC
13475,PC
364872,Xbox One
364872,PlayStation 4
364872,PC
16946,macOS
16946,PC
16946,Linux
1914,Nintendo 3DS
1914,PC
1914,Android
1914,Wii U
1914,PlayStation 3
1914,iOS
20727,Linux
20727,macOS
20727,PC
19534,PC
13109,PC
19125,PC
11700,PC
16920,PC
19479,PC
18942,PC
282899,PC
912009,PlayStation 5
912009,Xbox Series S/X
912009,PC
28577,Nintendo Switch
28577,PlayStation 3
28577,Xbox 360
16863,PC
16863,iOS
16863,Android
11084,PC
10152,PC
10343,PC
16152,PC
16152,Linux
16152,macOS
60907,Nintendo Switch
60907,PC
60907,Xbox One
290928,PC
19477,macOS
19477,PC
19477,Linux
52935,Game Boy Advance
52935,iOS
52935,Nintendo 3DS
52935,Wii U
52935,Wii
52935,PSP
52935,PlayStation
52935,NES
16893,PC
30162,PC
30162,Dreamcast
30162,Nintendo 64
30162,PlayStation
30162,Android
30162,iOS
46633,PC
7062,Android
7062,PC
7062,Linux
7062,macOS
7062,iOS
27324,Nintendo 3DS
27324,Android
27324,iOS
50755,Xbox One
50755,PS Vita
50755,Nintendo Switch
50755,PC
11536,PC
616671,PC
616671,Linux
616671,macOS
21092,Linux
21092,macOS
21092,PC
16633,macOS
16633,PC
16633,Linux
20907,PC
20907,Linux
25100,Nintendo 3DS
25100,Wii U
25100,Nintendo Switch
25100,Wii
25100,Game Boy Advance
25100,NES
21135,PC
20436,PC
10124,PC
21121,PC
983925,PC
17986,Wii U
17986,macOS
17986,PC
17986,Linux
257342,PC
257342,macOS
17714,macOS
17714,PC
17714,Linux
17714,iOS
21741,PC
17948,PC
45417,Xbox One
45417,Nintendo Switch
45417,PlayStation 4
45417,PC
14627,PC
739606,PC
428775,PC
428775,Xbox One
6625,Xbox One
6625,Nintendo Switch
6625,PC
11328,PC
972403,PC
972403,PlayStation 5
3418,PS Vita
3418,macOS
3418,PC
19245,PC
532418,PC
10708,PC
485219,PC
485219,PlayStation 5
485219,Xbox Series S/X
485219,PlayStation 4
485219,Xbox One
24033,Game Boy Advance
10339,PC
10339,Linux
10339,iOS
10339,macOS
844372,PC
844372,PlayStation 5
844372,PlayStation 4
844372,Nintendo Switch
844372,Xbox One
844372,Xbox Series S/X
5559,PlayStation 3
19113,PC
10614,PC
10614,macOS
449165,PC
449165,PlayStation 4
755616,PC
755616,Web
10736,PC
10903,PC
18368,PC
29082,Xbox 360
29082,PlayStation 3
21141,macOS
21141,PC
21476,iOS
21476,PC
19008,iOS
19008,PC
19008,macOS
19008,Linux
19008,Android
20471,macOS
20471,PC
20471,Linux
16473,PC
35225,PC
35225,PlayStation 2
35225,Game Boy Advance
35225,Xbox
35225,GameCube
14553,PC
14553,Linux
14553,Android
14553,macOS
1540,Xbox One
1540,PS Vita
1540,PlayStation 4
1540,PC
30459,Genesis
30459,Commodore / Amiga
30459,SEGA CD
30459,Jaguar
30459,3DO
30459,SNES
30459,Classic Macintosh
30459,PlayStation 4
30459,Nintendo Switch
30459,iOS
30459,Xbox One
30459,PC
3353,Nintendo Switch
3353,Xbox One
3353,PC
3353,Xbox 360
3353,PlayStation 3
3353,PlayStation 4
10635,PlayStation 4
10635,PC
50572,PlayStation 4
50572,PC
50572,Xbox One
18265,PC
801553,PC
801553,Xbox Series S/X
13129,Linux
13129,PC
61315,PC
41627,Android
41627,PC
41627,iOS
53290,Game Boy Advance
9679,PC
13555,PC
40002,PlayStation 2
14966,macOS
14966,PC
14966,Linux
383515,PC
383515,iOS
383515,Android
45560,PC
14761,PC
19079,Dreamcast
19079,PC
216268,PC
961310,PC
961310,Xbox Series S/X
961310,PlayStation 5
20217,PC
20217,PlayStation 3
17584,PC
62145,PC
530345,PC
530345,Nintendo Switch
530345,Xbox Series S/X
530345,PlayStation 4
530345,PlayStation 5
11210,PC
4872,Xbox 360
4872,PlayStation 3
674321,PC
11174,macOS
11174,PC
11174,Linux
21732,macOS
21732,PC
481917,Xbox One
481917,PC
481917,PlayStation 4
327236,PC
327236,Xbox One
327236,PlayStation 4
327236,PlayStation 5
327236,Xbox Series S/X
327236,Nintendo Switch
4227,PS Vita
4227,Nintendo Switch
4227,PC
4227,Android
4227,iOS
12378,PC
4074,PlayStation
4074,PC
8368,iOS
8368,macOS
8368,PC
8368,Linux
8368,Android
15528,PC
15528,Linux
16187,PC
11325,PC
36787,macOS
36787,Linux
36787,Xbox 360
36787,PlayStation 3
36787,PC
778221,PC
389007,PC
833450,PC
833450,Android
833450,iOS
19154,macOS
19154,PC
442852,PC
442852,Xbox One
442852,PlayStation 4
566464,PlayStation 5
566464,PlayStation 4
566464,PC
566464,Nintendo Switch
15700,PC
15700,macOS
15700,Linux
13862,PC
1810,iOS
1810,macOS
1810,Nintendo Switch
1810,PC
1898,Xbox 360
1898,Xbox One
50615,PC
50615,macOS
53108,Xbox
53108,Game Boy Advance
53108,GameCube
53108,PC
53108,PlayStation 2
20167,Wii U
20167,PC
20167,Linux
20167,macOS
19842,macOS
19842,PC
872266,macOS
872266,PC
872266,PlayStation 5
872266,iOS
872266,Nintendo Switch
872266,Xbox Series S/X
872266,Xbox One
743568,PC
14495,PC
22811,SEGA Saturn
22811,Classic Macintosh
22811,macOS
22811,PC
22811,PlayStation
11734,Android
11734,PC
3001,PlayStation 3
3001,PlayStation 4
3001,PlayStation 2
19185,PC
20702,PC
11310,macOS
11310,PC
11310,Linux
16836,PC
20881,PC
20881,Linux
20881,macOS
427906,PC
427906,macOS
22909,Dreamcast
22909,PC
681396,PC
21263,PC
1046,Xbox One
1046,Nintendo Switch
1046,PC
1046,Linux
1046,macOS
17496,PC
413866,Linux
413866,macOS
413866,PC
413866,Nintendo Switch
25460,Nintendo DS
23361,PlayStation 4
23361,macOS
23361,PC
28496,PC
28496,Xbox 360
28496,PlayStation 3
277931,PC
3093,Wii U
3093,PS Vita
3093,PlayStation 4
3093,PC
3093,macOS
3093,Linux
12671,PC
462685,PC
462685,PlayStation 5
462685,Xbox One
462685,Xbox Series S/X
462685,Nintendo Switch
462685,PlayStation 4
276653,Xbox One
276653,PC
276653,Nintendo Switch
3703,PlayStation 2
18501,PC
23488,PC
23642,PlayStation 4
23642,Nintendo Switch
23642,PC
20799,PC
12626,PC
20500,Linux
20500,macOS
20500,PC
9819,PlayStation 4
9819,Nintendo 3DS
9819,PC
9819,macOS
9819,Linux
9819,Nintendo Switch
45662,PlayStation 4
45662,PC
336535,PS Vita
336535,Xbox One
336535,PlayStation 4
17418,PC
306034,PC
306034,macOS
306034,Web
306034,Linux
45057,macOS
45057,PC
44213,Android
44213,Linux
44213,macOS
44213,PC
44213,iOS
44213,Nintendo Switch
9275,macOS
9275,PC
9275,iOS
57177,PC
57177,Wii
57177,SEGA Saturn
57177,Genesis
57177,GameCube
23507,PC
21267,PC
19009,iOS
19009,macOS
19009,Android
19009,PC
19009,Linux
19463,PC
45408,PC
17340,PC
879558,PC
879558,Xbox Series S/X
879558,Nintendo Switch
485209,PC
13281,Xbox One
13281,iOS
13281,PC
13281,macOS
13281,Linux
13281,Nintendo Switch
13281,PlayStation 4
13281,Android
20215,PC
16919,PC
28109,PlayStation 4
28109,PC
21789,PC
21789,macOS
370239,Xbox One
370239,PC
370239,Nintendo Switch
370239,PlayStation 4
370239,Xbox Series S/X
370239,PlayStation 5
20539,macOS
20539,Linux
20539,PC
787775,macOS
787775,PC
971889,Xbox Series S/X
971889,Nintendo Switch
971889,PC
44316,PC
44316,macOS
44316,Linux
1628,PlayStation 4
1628,Android
1628,PC
1628,iOS
1628,PS Vita
16748,PC
19028,PC
7764,Linux
7764,iOS
7764,PC
7764,macOS
854351,PC
19290,PC
23051,PC
563370,PC
21817,PC
21817,macOS
281878,Nintendo Switch
281878,PC
281878,macOS
281878,Linux
14668,macOS
14668,Linux
14668,PC
625,Nintendo DS
625,Xbox 360
625,iOS
625,PC
625,Android
50567,Nintendo Switch
50567,Android
50567,PC
50567,iOS
17434,Xbox
17434,PC
21509,PlayStation 3
21509,PC
16640,PC
607397,PC
17431,Xbox 360
17431,Nintendo DS
17431,Wii
17431,PlayStation 2
17431,PC
17431,PlayStation 3
412478,Xbox One
412478,PC
688753,PC
20829,Android
20829,PC
15985,Android
15985,Wii
15985,Nintendo DS
15985,Nintendo Switch
15985,PC
15985,iOS
10006,PC
6316,Linux
6316,macOS
6316,PC
6316,iOS
14694,macOS
14694,PC
14694,Linux
9727,PC
9727,Linux
19032,macOS
19032,PC
19032,Linux
20190,Linux
20190,PC
20190,macOS
520300,Nintendo Switch
520300,PlayStation 4
520300,PlayStation 5
520300,PC
678558,iOS
678558,PC
22289,Classic Macintosh
22289,Linux
22289,Commodore / Amiga
22289,PC
9510,PC
9510,macOS
9919,PlayStation 4
9919,Xbox One
9919,Nintendo Switch
9919,PC
963612,PC
18664,PC
46899,Android
46899,PC
46899,macOS
46899,iOS
22403,PC
7728,macOS
7728,PC
7728,Linux
7728,Android
7728,iOS
22807,PC
16727,Linux
16727,macOS
16727,PC
50141,PC
30175,PC
30175,macOS
30175,Linux
589194,PC
681395,macOS
681395,PC
681395,Xbox Series S/X
681395,PlayStation 5
63573,Xbox One
63573,PC
63573,macOS
63573,Nintendo Switch
63573,PlayStation 4
3425,PlayStation 3
3425,PC
20275,PC
10217,PC
21484,PC
9983,PC
9983,macOS
644661,Xbox Series S/X
644661,PlayStation 4
644661,Nintendo Switch
644661,PC
644661,Xbox One
19073,PC
60128,PC
60128,macOS
60128,Linux
11080,PC
11080,PlayStation 4
11080,Linux
11080,macOS
19981,PC
18048,PC
27828,Wii
27828,Nintendo Switch
27828,GameCube
62493,PC
44818,Nintendo Switch
44818,macOS
44818,PC
44818,Linux
10458,macOS
10458,Android
10458,PC
59146,PlayStation 2
987515,PlayStation 5
987515,Xbox Series S/X
987515,PC
19031,PC
19031,macOS
19031,Linux
21191,PC
830182,Android
830182,PC
263631,PlayStation 4
263631,Nintendo Switch
263631,iOS
263631,macOS
263631,Xbox One
10646,iOS
10646,PC
10646,Android
46161,Nintendo Switch
244699,Nintendo Switch
244699,Xbox One
244699,PlayStation 4
244699,PC
428862,PC
428862,macOS
17112,Android
17112,PC
370162,PC
370162,Xbox One
370162,PlayStation 4
20967,Android
20967,PC
20967,iOS
20024,Linux
20024,macOS
20024,PC
20024,Android
11597,PC
20363,macOS
20363,PC
982603,PC
982603,Xbox Series S/X
982603,PlayStation 5
960484,PC
27617,Game Boy Advance
36393,Xbox One
36393,PlayStation 4
36393,PC
13622,PC
18823,PC
50295,iOS
50295,PC
286572,Nintendo Switch
286572,Xbox One
286572,PlayStation 4
286572,PC
286572,macOS
17858,PC
62783,macOS
62783,PC
62783,Nintendo Switch
62783,iOS
926851,PC
62524,PC
30655,PC
30655,Game Boy Advance
30655,GameCube
30655,macOS
30655,Xbox
30655,PlayStation 2
425200,PC
425200,macOS
975425,PC
269343,iOS
269343,Android
269343,PC
544024,PC
544024,macOS
13681,Android
13681,PC
13681,iOS
13681,macOS
891228,PC
891228,PlayStation 5
891228,PlayStation 4
966589,PlayStation 5
966589,Xbox Series S/X
966589,PC
46142,iOS
46142,PC
647549,Xbox Series S/X
647549,PlayStation 4
647549,PlayStation 5
647549,PC
18876,PC
18876,macOS
60041,PC
17148,PC
16591,PC
15848,PC
32925,PC
14120,PC
18935,PC
11415,PlayStation 4
11415,PC
20735,PC
20735,iOS
457900,PC
378582,PlayStation 4
378582,PC
378582,Nintendo Switch
28797,Xbox 360
28797,PlayStation 3
61197,PC
11086,PC
11086,Linux
11086,macOS
21540,PC
963218,PlayStation 5
963218,Xbox Series S/X
963218,Nintendo Switch
963218,PC
963218,PlayStation 4
258386,PlayStation 4
258386,PC
238785,Nintendo Switch
238785,macOS
238785,PC
238785,iOS
28307,Xbox 360
28307,PlayStation 3
21564,PC
21564,iOS
21564,Android
43828,PC
21211,PC
63641,Linux
63641,PC
63641,macOS
19123,PC
19123,macOS
19123,Linux
3685,PS Vita
3685,PC
795440,PC
967003,PC
20015,PC
20015,Android
28726,Xbox 360
28726,PlayStation 3
58770,Xbox One
58770,PC
403796,PC
783873,PC
945130,PC
945130,PlayStation 5
945130,Xbox Series S/X
945130,PlayStation 4
945130,Nintendo Switch
945130,Xbox One
37329,PC
24558,iOS
24558,PS Vita
24558,Nintendo DS
24558,Android
327225,PC
327225,PlayStation 4
53357,Game Boy Advance
46491,iOS
46491,PC
27930,Nintendo Switch
27930,Nintendo 3DS
27930,PlayStation 4
27930,PS Vita
27930,PC
64551,PC
64551,macOS
64551,Nintendo Switch
64551,PlayStation 4
64551,Xbox Series S/X
64551,PlayStation 5
64551,Xbox One
13067,PC
13067,macOS
20010,PC
54074,Commodore / Amiga
54074,NES
54074,PC
61257,PC
254410,PC
16176,Linux
16176,macOS
16176,PC
20240,macOS
20240,PC
20240,Linux
6454,macOS
6454,iOS
6454,PC
18585,PC
563269,PlayStation 5
563269,Xbox Series S/X
563269,PlayStation 4
563269,Nintendo Switch
563269,PC
563269,Xbox One
5791,Xbox 360
5791,iOS
5791,PC
290009,PC
290009,PlayStation 4
290009,Xbox One
290009,Nintendo Switch
715706,PC
376908,Nintendo Switch
376908,Xbox One
376908,PlayStation 4
376908,PC
9893,macOS
9893,PC
9893,Linux
288865,PC
288865,Android
288865,iOS
17758,PC
17914,macOS
17914,PC
15846,macOS
15846,PC
21587,PC
10109,Nintendo Switch
10109,PC
9884,PC
13477,PC
13477,macOS
13477,Linux
13477,iOS
21638,PC
21638,macOS
15559,PC
20610,macOS
20610,PC
350748,Xbox Series S/X
350748,Xbox One
350748,PlayStation 4
350748,PlayStation 5
350748,PC
350748,Nintendo Switch
16691,macOS
16691,PC
16691,Linux
19869,macOS
19869,PC
44699,PC
16981,PC
21271,PC
21271,macOS
19937,PC
28764,Xbox 360
28764,PlayStation 3
5315,Xbox 360
5315,PSP
5315,Wii
5315,Nintendo DS
5315,PlayStation 2
5315,PC
3414,PS Vita
28313,PC
41339,Linux
41339,macOS
41339,PC
14893,Linux
14893,macOS
14893,PC
16778,Wii
16778,PC
16778,macOS
46322,PC
46322,PlayStation 4
4533,PlayStation 3
4533,PS Vita
4533,PlayStation 2
59733,PC
19094,PC
19094,macOS
19094,Linux
19471,PC
15868,PC
816420,PC
17048,macOS
17048,PC
17048,Linux
59125,Xbox 360
59125,Atari ST
59125,NES
59125,Commodore / Amiga
32785,PlayStation 3
21570,PC
586197,Nintendo Switch
586197,PC
21762,PC
22016,PC
13610,PC
15386,Nintendo Switch
15386,PS Vita
15386,Xbox One
15386,PC
10913,PC
10913,macOS
11183,PC
16594,Linux
16594,PC
10430,PC
262419,PC
618,Android
618,PC
618,iOS
2089,Xbox One
2089,PlayStation 4
2089,PC
2089,iOS
2089,macOS
6044,iOS
6044,macOS
6044,PC
6044,Android
5623,Wii U
5623,PlayStation 3
15614,PC
581177,PC
581177,macOS
30194,Atari ST
30194,SNES
30194,Commodore / Amiga
30194,PC
30194,macOS
30194,Linux
43426,PC
43426,Xbox One
43426,PlayStation 4
10556,PlayStation 4
10556,Nintendo Switch
10556,PC
17557,PC
21525,PC
10576,PlayStation 4
10576,PC
10576,Xbox One
28411,Xbox 360
28411,PlayStation 3
60547,iOS
60547,PC
60547,macOS
25198,Wii
45245,macOS
45245,PC
45245,iOS
45245,PlayStation 5
45245,Android
45245,Xbox One
45245,Xbox Series S/X
45245,PlayStation 4
45245,Nintendo Switch
276032,iOS
276032,Android
4050,PlayStation 2
4050,Xbox
419941,PC
419941,macOS
419941,Linux
688844,PC
447828,PC
447828,macOS
447828,Linux
485154,PC
485154,macOS
52891,PlayStation
12376,PC
378578,PC
378578,PlayStation 3
378578,Xbox 360
282818,PC
282818,macOS
282818,Xbox One
25153,Wii
25153,PlayStation 2
25153,Xbox
5769,iOS
5769,Linux
5769,Android
5769,PC
5769,macOS
22382,macOS
22382,Linux
22382,PC
12871,PC
12871,PlayStation 4
45867,Nintendo Switch
45867,PC
45867,Xbox One
45867,PlayStation 4
18679,PC
10225,PC
461747,PC
15599,macOS
15599,PC
776391,Linux
776391,PC
4350,PlayStation 3
4350,Wii
4350,Xbox 360
45872,PC
45872,Android
19965,iOS
19965,PC
19965,Linux
19965,Android
19965,macOS
28417,Xbox 360
54097,NES
54097,SNES
54097,Genesis
4531,PlayStation 2
4531,PlayStation 5
4531,PlayStation 3
4531,PS Vita
13183,macOS
13183,PC
13183,Linux
984858,PC
11333,PC
244717,PC
244717,PlayStation 4
1084,PlayStation 4
286581,Xbox One
286581,Nintendo Switch
286581,PlayStation 4
286581,PC
799267,Xbox Series S/X
799267,PC
799267,PlayStation 5
799267,PlayStation 4
799267,Xbox One
428894,PC
428894,Xbox One
428894,Nintendo Switch
428894,macOS
428894,PlayStation 4
11165,Nintendo Switch
11165,Xbox One
11165,Wii U
11165,PlayStation 4
11165,PC
11165,macOS
12112,macOS
12112,PC
949931,PC
17038,macOS
17038,PC
2987,PlayStation 4
46167,PC
46167,macOS
63189,iOS
63189,Xbox One
63189,PC
63189,macOS
63189,Nintendo Switch
63189,PlayStation 4
14197,macOS
14197,PC
46698,PC
46698,macOS
961206,macOS
961206,PC
961206,PlayStation 5
961206,Xbox Series S/X
961206,Nintendo Switch
13155,Android
13155,iOS
13155,PC
41606,PC
41606,PlayStation 3
41606,Xbox 360
601,Xbox One
9661,PC
9661,Linux
5690,PlayStation 3
5690,Xbox 360
5690,PC
5690,Nintendo 3DS
303875,PC
303875,macOS
303875,Linux
13083,PC
13083,Linux
13083,macOS
47109,Android
47109,PC
47109,Linux
47109,iOS
47109,macOS
21083,Android
21083,macOS
21083,Linux
21083,PC
106419,Web
23606,PC
285682,PC
10012,PC
21651,PC
21651,Xbox One
21651,PlayStation 4
10173,PS Vita
10173,PlayStation 3
10173,Xbox 360
10173,PC
18328,PC
875,PlayStation 4
875,PC
21347,PC
17413,PC
21601,Nintendo DS
21601,Nintendo 3DS
21601,PC
3143,PC
3143,PlayStation 3
3143,PlayStation 4
326273,PC
326273,macOS
326273,Nintendo Switch
56122,GameCube
28970,Xbox 360
15018,PC
489293,PlayStation 5
489293,Xbox Series S/X
489293,PlayStation 4
489293,Nintendo Switch
489293,PC
489293,Xbox One
797945,PC
297286,PC
297286,Nintendo Switch
297286,PlayStation 4
28542,Xbox 360
28542,Xbox One
28542,PlayStation 3
836466,PC
15798,PC
14221,PC
49371,PC
49371,macOS
49371,Linux
861280,PC
615054,PC
428872,PC
46311,macOS
46311,PC
826879,PC
826879,Nintendo Switch
10799,Xbox One
10799,PlayStation 4
10799,Nintendo Switch
10799,PC
405997,PC
405997,macOS
405997,Linux
18099,Nintendo Switch
18099,PC
28356,Xbox 360
680044,PC
680044,macOS
680044,Linux
23756,Wii U
25854,Wii
25854,PC
25854,Xbox 360
25854,PlayStation 2
25854,PlayStation 3
12202,macOS
12202,PC
12202,iOS
12202,Android
19027,PC
19027,macOS
19027,Linux
19317,macOS
19317,PC
4848,PlayStation 3
4848,PSP
4848,PS Vita
4848,PC
17524,PC
17524,macOS
18058,PC
18058,Linux
18058,iOS
18058,Android
18058,macOS
18089,PC
44847,Nintendo Switch
44847,macOS
44847,PC
46270,iOS
46270,PC
46270,Xbox One
46270,PlayStation 4
46270,macOS
46270,Android
23490,PlayStation 4
23490,Xbox One
23490,PC
11842,PC
11759,Linux
11759,macOS
11759,PC
20808,PC
17041,macOS
17041,PC
17041,Linux
15524,PC
19131,PC
15753,PC
17823,PC
17823,Linux
251513,PC
485114,PC
485114,iOS
16997,PC
11386,PC
16648,PC
14644,PC
11846,macOS
11846,PC
11846,Linux
49283,macOS
49283,PC
49283,iOS
971,PlayStation 4
971,PS Vita
971,PC
971,Linux
971,iOS
971,Android
971,macOS
413099,iOS
413099,macOS
413099,PC
36968,PlayStation 2
36968,PC
708998,PC
708998,Xbox One
708998,Nintendo Switch
708998,PlayStation 4
708998,Xbox Series S/X
708998,PlayStation 5
49105,PC
49105,Xbox One
49105,Nintendo Switch
49105,PlayStation 4
23759,Nintendo 3DS
16694,PC
28883,PlayStation 3
28883,Xbox 360
16744,PlayStation 2
16744,PC
21042,macOS
21042,PC
542682,PC
523065,PC
59707,Xbox One
59707,PlayStation 4
59707,PC
59707,macOS
59707,Linux
51579,PC
49706,Android
49706,PC
9650,PC
9952,PC
3178,Xbox One
3178,PS Vita
3178,PlayStation 3
3178,PlayStation 4
3178,Nintendo Switch
3178,PC
3178,Android
3178,iOS
3129,macOS
3129,PlayStation 4
3129,iOS
3129,PC
3129,Linux
21021,PC
244808,PC
3201,iOS
3201,macOS
3201,PlayStation 4
3201,PC
99733,Web
99733,PC
22354,Nintendo Switch
22354,PlayStation 4
22354,PC
22354,macOS
22354,Linux
23283,Linux
23283,PC
50454,PlayStation 4
20912,PC
14207,PC
584,PlayStation 4
584,PC
13968,PC
13968,macOS
13968,Linux
13813,PC
4176,PlayStation 3
4176,Xbox 360
938003,PC
938003,PlayStation 5
938003,Xbox Series S/X
532388,PC
19765,macOS
19765,PC
52831,PlayStation
840930,PC
10045,PC
563317,PC
563317,macOS
17578,PC
17578,macOS
17578,Linux
19025,macOS
19025,PC
19025,Linux
22776,PC
14963,PlayStation 4
14963,Xbox One
14963,PC
14963,Linux
14963,macOS
10333,PC
12433,PC
15622,macOS
15622,PC
15622,Linux
393192,PC
67684,Android
67684,PC
67684,iOS
302823,Nintendo Switch
302823,PC
44039,PC
10998,macOS
10998,Linux
10998,PC
10998,Xbox One
19798,PC
613542,PC
42045,PC
42045,PlayStation 3
42045,Xbox 360
60098,PC
485043,PC
485043,macOS
485043,Linux
443,PlayStation 4
443,iOS
443,Android
443,PC
443,macOS
62068,Xbox One
62068,Nintendo Switch
62068,PC
350615,PC
350615,macOS
991790,PC
991790,Xbox Series S/X
991790,PlayStation 5
22268,PC
16304,PC
3963,PlayStation 3
3963,Xbox 360
3963,PC
59233,Xbox One
59233,PC
59233,PlayStation 4
61944,PC
61944,Linux
61944,macOS
21953,Nintendo 3DS
21953,Wii
21953,Xbox 360
21953,PlayStation 3
21953,PSP
21953,PlayStation 2
21953,PC
15831,iOS
15831,PC
29077,Xbox 360
44468,Nintendo Switch
44468,PC
9764,Linux
9764,macOS
9764,PC
964791,PC
964791,PlayStation 4
964791,Xbox Series S/X
964791,PlayStation 5
846466,PC
13059,PC
12681,macOS
12681,PC
61823,PC
61823,macOS
16272,PC
10523,macOS
10523,PC
10523,Linux
846442,PC
846442,Xbox One
11374,PC
60397,PC
15154,macOS
15154,PC
59121,PC
59121,PlayStation
21737,PC
2415,Dreamcast
2415,Neo Geo
2415,PC
2415,Xbox One
2415,PlayStation 4
10146,PC
11861,PC
690708,Android
690708,PC
690708,iOS
690708,Nintendo Switch
17330,PC
58976,PlayStation 4
914783,Xbox Series S/X
914783,PlayStation 4
914783,PlayStation 5
914783,PC
27124,Nintendo 3DS
484976,PC
15455,PC
4214,PlayStation 3
22881,PC
47513,PC
460527,PC
312613,PC
274759,Nintendo Switch
627562,PC
56174,GameCube
898354,PC
898354,Xbox Series S/X
898354,PlayStation 5
926709,PC
17612,Linux
17612,macOS
17612,PC
36789,PC
21772,PC
24768,Wii
24768,PlayStation 2
24768,PSP
24768,PC
26946,PC
26946,Wii
26946,PS Vita
26946,PlayStation 3
43861,macOS
43861,PC
59132,PlayStation 2
61161,PC
11653,PC
11175,PC
2902,PlayStation 4
2902,PlayStation 2
353492,PC
16906,macOS
16906,PC
16906,Android
16906,iOS
427946,PC
54541,PC
54541,PlayStation
54541,Nintendo 64
54541,Dreamcast
54541,Game Boy Advance
11011,PC
5117,PSP
20022,Android
20022,Linux
20022,macOS
20022,PC
10034,PC
19026,PC
19026,macOS
19026,Linux
10176,Xbox One
10176,PlayStation 4
10176,Android
10176,PC
10176,macOS
10176,iOS
20045,Android
20045,PC
20045,macOS
20045,Linux
20045,iOS
22133,PC
22133,macOS
22133,Linux
31859,PlayStation 2
31859,PC
31859,macOS
397469,PlayStation 4
397469,PC
397469,Xbox One
397469,Nintendo Switch
2513,Xbox One
2513,PlayStation 4
2513,PS Vita
2513,macOS
2513,PC
21800,PC
20115,PC
818051,PC
484659,PC
7576,macOS
7576,iOS
7576,PC
16072,PC
9583,PC
12002,PC
15677,macOS
15677,PC
4564,Xbox 360
4564,SEGA Saturn
4564,PC
4564,PlayStation 3
15909,PC
428128,PC
8655,iOS
8655,macOS
8655,PC
24107,NES
24107,Wii U
24107,Nintendo 3DS
24107,Nintendo Switch
24107,Game Boy Advance
24107,Wii
19244,PC
13742,PC
19158,PC
44916,PC
25512,Wii
25512,PC
25512,PlayStation 3
25512,Xbox 360
25512,PlayStation 2
284756,PC
284756,Nintendo Switch
284756,macOS
284756,Linux
52467,Commodore / Amiga
52467,NES
52467,Nintendo DS
52467,Game Boy
52467,Atari 2600
587621,Xbox Series S/X
587621,PC
587621,Xbox One
320083,PlayStation 4
320083,Nintendo Switch
320083,PC
964285,PC
964285,Xbox One
964285,PlayStation 5
964285,Xbox Series S/X
964285,PlayStation 4
15546,macOS
15546,Nintendo Switch
15546,PC
15546,Linux
15546,iOS
15546,Android
21783,PC
4141,PlayStation 3
4141,Xbox 360
3665,PlayStation 3
21385,PC
21385,macOS
21385,Linux
973391,PC
973391,PlayStation 5
973391,Xbox Series S/X
2530,PlayStation 4
2530,Xbox One
2530,PC
5477,PC
5477,PlayStation
10189,PC
21574,PC
21574,macOS
16409,PC
16903,macOS
16903,PC
23392,Linux
23392,macOS
23392,PC
53940,iOS
53940,Wii
53940,Nintendo 3DS
53940,PSP
53940,PlayStation 3
53940,Android
53940,Wii U
53940,PlayStation
53940,NES
35354,PC
17160,PC
17160,Xbox
17160,PlayStation 2
51246,PSP
19497,PC
17763,macOS
17763,PC
17763,Linux
6938,macOS
6938,PC
6938,Linux
6938,iOS
495432,PC
302935,PC
25021,Game Boy Advance
25021,Wii U
25021,Nintendo DS
3006,Android
3006,iOS
3006,PC
3006,macOS
3006,Linux
4634,PlayStation
12113,Nintendo Switch
12113,PC
12113,iOS
12113,macOS
60493,PC
554708,Linux
554708,macOS
554708,PC
15986,PC
15986,iOS
15986,Nintendo Switch
22484,macOS
22484,Linux
22484,PC
14248,PC
428664,Nintendo Switch
428664,PC
4410,PS Vita
12203,macOS
12203,PC
12203,Linux
43868,PC
51534,PC
581147,PC
285666,PC
10420,PC
28503,Xbox 360
22030,PlayStation 4
22030,Xbox One
22030,PC
22030,macOS
22030,Linux
16820,PC
11756,PC
11756,Linux
11756,iOS
11756,macOS
22022,Nintendo Switch
22022,PC
22022,macOS
22022,iOS
22022,PlayStation 4
22022,Xbox One
840782,PC
840782,Xbox Series S/X
840782,Xbox One
840782,PlayStation 5
840782,PlayStation 4
302921,iOS
302921,Nintendo Switch
302921,Xbox One
302921,PC
22077,PC
22077,macOS
22077,Linux
46792,PC
46792,PlayStation 4
753932,PlayStation 5
753932,Xbox Series S/X
753932,PlayStation 4
753932,Nintendo Switch
753932,PC
753932,Xbox One
19827,macOS
19827,PC
19827,Linux
19010,macOS
19010,PC
19010,Linux
19010,iOS
57540,SNES
14647,PC
11275,PC
10694,macOS
10694,PC
10694,Linux
61600,PC
61600,macOS
61600,Linux
45664,Xbox One
45664,PC
45664,PlayStation 4
45664,PS Vita
45664,Nintendo Switch
17058,macOS
17058,PC
19850,PC
17479,Android
17479,Nintendo Switch
17479,iOS
17479,Xbox One
17479,macOS
17479,PC
12046,Nintendo Switch
12046,macOS
12046,PC
12046,Linux
61022,macOS
61022,PC
19361,PC
9665,macOS
9665,Linux
9665,PC
21418,Xbox 360
21418,PlayStation 3
21418,PC
21418,Xbox One
21812,PC
19279,PC
830271,PlayStation 4
830271,PlayStation 5
830271,Xbox Series S/X
830271,PC
830271,Nintendo Switch
830271,Xbox One
19124,PC
251569,PC
871182,PC
19745,PC
40406,PlayStation 3
40406,Xbox 360
304186,PlayStation 4
12036,macOS
12036,PC
45643,PC
14904,PC
14904,Linux
14904,macOS
427621,PC
493433,PC
17566,macOS
17566,PC
63680,PC
19654,macOS
19654,PC
47603,macOS
47603,PC
47603,Linux
490877,Linux
490877,PC
490877,macOS
667,PC
667,Android
667,Linux
667,macOS
667,iOS
732437,macOS
732437,PC
732437,Nintendo Switch
732437,Xbox One
732437,PlayStation 5
732437,PlayStation 4
11858,macOS
11858,PC
11097,iOS
11097,PC
11097,macOS
16940,PC
241044,PlayStation 2
21796,PC
2581,PS Vita
2581,PlayStation 4
2581,Linux
2581,macOS
2581,PC
2581,Nintendo Switch
16844,PC
59329,PC
59329,Xbox One
59329,PlayStation 4
11158,PlayStation 4
11158,PC
11158,iOS
19433,PC
19433,macOS
19433,Linux
804855,Linux
804855,PC
804855,macOS
46657,Nintendo Switch
46657,macOS
46657,Android
46657,iOS
46657,PC
15123,PC
43989,PC
31584,macOS
31584,Linux
31584,PC
19832,PC
17377,PC
18593,PC
19362,macOS
19362,PC
52357,macOS
52357,PC
52357,iOS
43803,macOS
43803,PC
43803,Linux
370240,PC
370240,macOS
22152,PC
22152,Linux
22152,macOS
22405,PC
12031,PC
4800,PlayStation 3
4800,Xbox 360
4800,PC
11586,PC
18902,macOS
18902,PC
18902,Linux
20898,PC
10388,PC
10388,Android
10388,iOS
59026,PC
59026,Android
23468,PC
331807,NES
331807,Atari ST
331807,PlayStation 4
331807,Wii
331807,Wii U
331807,Nintendo 3DS
331807,PC
331807,Xbox 360
331807,Commodore / Amiga
331807,Genesis
331807,Nintendo Switch
331807,Xbox One
635275,PC
51134,macOS
51134,PC
51134,Nintendo Switch
9140,iOS
9140,PC
3177,PlayStation 4
3177,Xbox One
3177,PC
3177,Linux
3177,macOS
15470,Linux
15470,PC
15470,macOS
15470,Xbox One
15470,iOS
15470,PlayStation 4
15470,Nintendo Switch
21841,macOS
21841,iOS
21841,PC
13336,macOS
13336,PC
13783,PC
19077,PC
19077,macOS
19077,Linux
712831,macOS
712831,PC
712831,iOS
712831,Android
46351,PC
28288,Xbox 360
28288,PC
21041,PC
816323,PC
49603,PC
50679,PC
651320,PC
651320,Xbox One
651320,Nintendo Switch
651320,PlayStation 4
914904,PC
614973,PC
614973,PlayStation 4
614973,Xbox One
614973,Xbox Series S/X
614973,PlayStation 5
58115,PlayStation 4
58115,PC
58115,Xbox One
58115,Nintendo Switch
727318,Linux
727318,macOS
727318,PC
16565,Wii
16565,Android
16565,PC
18731,PC
17408,PC
4124,Wii
4124,Wii U
4124,PlayStation 3
4124,Xbox 360
20094,PC
3156,PS Vita
3156,PlayStation 4
60567,macOS
60567,Linux
60567,PC
16742,PC
53146,Linux
53146,macOS
53146,PlayStation 5
53146,Xbox Series S/X
53146,Xbox
53146,Game Boy Advance
53146,PlayStation 4
53146,PlayStation 2
53146,Nintendo Switch
53146,Xbox One
53146,PC
53146,GameCube
14656,Xbox One
14656,PC
306089,PC
25190,GameCube
25190,Xbox
25190,PlayStation 2
25190,PC
25190,Wii
25190,Nintendo DS
25190,Xbox 360
25190,PlayStation 3
19090,PC
9686,PC
9765,PC
4048,Xbox 360
4048,PlayStation 3
18599,PC
10648,PC
10648,iOS
16881,PC
51275,Linux
51275,macOS
51275,PC
63507,PC
21227,PC
58780,Xbox One
58780,PC
58780,PlayStation 4
49326,iOS
49326,Android
20807,PC
20807,Linux
20807,macOS
29114,Xbox 360
704748,macOS
704748,PC
22449,PC
532522,PlayStation 5
532522,PlayStation 4
532522,PC
532522,Xbox One
752086,PC
49868,GameCube
49868,Xbox
49868,Xbox 360
49868,PlayStation 2
29260,PC
617120,PC
617120,Xbox Series S/X
58356,PC
58356,PlayStation 4
19393,PC
12352,PC
17067,PlayStation 4
17067,Nintendo Switch
17067,Wii U
17067,Android
17067,PC
17067,iOS
13076,PC
433,PS Vita
433,PC
17783,PC
43852,macOS
43852,PC
43852,Linux
985592,PC
295102,macOS
295102,Nintendo Switch
295102,PC
19775,PC
459020,PC
459020,macOS
20696,PC
20696,macOS
24939,PC
24939,PlayStation
12878,PC
6665,macOS
6665,PC
6665,iOS
3448,PlayStation 3
3448,PlayStation 4
3448,PC
5309,PC
5309,PlayStation 3
5309,PSP
5309,Nintendo DS
5309,iOS
5309,Android
5309,macOS
5309,Linux
12479,PC
11885,Android
11885,PC
11885,Linux
11885,macOS
11885,iOS
4118,PSP
4118,PlayStation
10063,PlayStation 4
10063,Xbox One
10063,Nintendo Switch
10063,PC
10063,macOS
19020,PC
19020,macOS
19020,Linux
19020,iOS
19020,Android
19020,PlayStation
19020,Classic Macintosh
15083,PC
479677,PC
479677,Xbox One
479677,PlayStation 4
872778,PC
872778,PlayStation 5
872778,Xbox One
872778,Xbox Series S/X
872778,PlayStation 4
331809,PlayStation 3
331809,Xbox 360
761451,iOS
761451,Linux
761451,macOS
761451,PC
379456,PC
379456,macOS
58495,Xbox One
58495,PlayStation 4
58495,PC
60533,PC
395195,Xbox One
395195,PC
761348,PC
801512,PC
801512,PlayStation 5
801512,Xbox Series S/X
801512,PlayStation 4
801512,Nintendo Switch
801512,Xbox One
22149,Linux
22149,PC
21956,Xbox 360
21956,PlayStation 2
21956,Wii
21956,PSP
21956,PlayStation 3
3263,PlayStation 3
3263,PlayStation 4
3263,PS Vita
16018,macOS
16018,PC
15183,Nintendo 3DS
15183,PC
13635,iOS
13635,Android
13635,PC
13635,macOS
13635,Linux
28974,Xbox 360
598946,Linux
598946,macOS
598946,PC
444384,Xbox Series S/X
444384,macOS
444384,Xbox One
444384,Nintendo Switch
444384,PC
444384,PlayStation 4
444384,iOS
61134,PC
630693,PC
34777,PC
34777,macOS
46907,PlayStation 4
46907,PC
18830,PC
16153,PC
3999,Nintendo 3DS
3999,PS Vita
3999,Android
3999,PC
3999,Nintendo Switch
3999,iOS
16891,PC
14205,PC
12037,PC
59931,PC
59931,PlayStation 4
59931,Xbox One
44002,macOS
44002,Android
44002,iOS
44002,PC
3879,PS Vita
3879,Wii U
3879,Nintendo 3DS
3879,Wii
3879,PlayStation 3
3879,Xbox 360
327237,PlayStation 4
327237,Nintendo Switch
327237,PC
327237,Xbox One
10312,Linux
10312,PC
10312,macOS
23041,PC
58925,PC
58925,macOS
58925,Linux
21076,Linux
21076,PC
21076,macOS
16996,PC
18769,PlayStation 4
18769,PC
18769,macOS
40243,PlayStation 3
40243,Nintendo DS
40243,Xbox 360
40243,Wii
40243,PC
65059,PC
65059,Linux
223378,Android
223378,Nintendo DS
223378,iOS
223378,Nintendo DSi
12542,macOS
12542,PC
63393,Xbox One
63393,Nintendo Switch
63393,macOS
63393,PC
63393,PlayStation 4
28597,PlayStation 3
28597,Xbox 360
11319,PlayStation 4
11319,PC
13450,PC
823653,PC
373602,PC
12554,PC
7729,PC
7729,iOS
17928,Linux
17928,macOS
17928,PC
12823,PC
50311,PC
50311,macOS
50311,PlayStation
50311,Classic Macintosh
38710,PC
19122,PC
19122,macOS
19122,Linux
51418,PC
53380,PlayStation 2
53380,Game Boy Advance
53380,Xbox
53380,GameCube
284699,PC
20639,macOS
20639,PC
12789,PC
45589,PC
4024,PlayStation 3
4024,PlayStation 2
14683,PC
14683,macOS
9569,PC
9654,PC
22082,Android
22082,iOS
22082,macOS
22082,PC
19831,macOS
19831,PC
19831,Linux
32869,PC
32869,macOS
32869,Linux
23417,PC
23417,iOS
23417,Android
23417,Nintendo Switch
23417,Xbox Series S/X
23417,PlayStation 4
23417,Xbox One
23417,PlayStation 5
471017,PC
279621,PC
14776,PC
21597,PC
16590,PC
17458,PC
46271,PlayStation 4
46271,macOS
46271,PC
24975,Nintendo DS
9703,PC
9703,Linux
9703,macOS
11345,PC
10567,Android
10567,PC
12345,PC
14715,Wii U
14715,PC
11253,PC
4691,Xbox 360
4691,PlayStation 3
485166,PC
15583,macOS
15583,PC
241052,PC
23504,PC
23504,macOS
23504,Linux
364972,Xbox One
364972,Xbox Series S/X
364972,PC
9973,PlayStation 4
9973,PC
28491,Xbox 360
379603,PC
12219,macOS
12219,PC
12219,Linux
10255,PC
42151,Xbox One
42151,PC
42151,PlayStation 4
31572,PC
31572,macOS
353494,PC
15007,PC
15007,macOS
593250,Nintendo Switch
593250,PC
593250,PlayStation 5
593250,PlayStation 4
593250,Xbox One
593250,Xbox Series S/X
61165,PC
415,iOS
415,Android
19267,macOS
19267,PC
20999,PC
20999,Linux
21297,PC
37249,PlayStation 4
37249,iOS
37249,PC
18549,Linux
18549,PC
650650,macOS
650650,PC
650650,Xbox One
650650,Nintendo Switch
650650,PlayStation 4
650650,Xbox Series S/X
21539,PC
59344,PC
59344,PlayStation 4
370125,Xbox One
370125,PC
370125,PlayStation 4
60004,PlayStation 4
60004,PS Vita
60004,PC
49537,Linux
49537,macOS
49537,PC
20400,PC
43444,Nintendo Switch
43444,Xbox One
43444,iOS
43444,PC
43444,macOS
43444,PlayStation 4
43444,Android
427532,PC
709170,PC
245088,macOS
245088,PC
245088,iOS
19265,macOS
19265,PC
53467,Game Boy
53467,Apple II
53467,Genesis
53467,PC
53467,Xbox 360
53467,Atari ST
53467,Game Boy Color
53467,Atari Lynx
53467,NES
53467,SEGA Master System
53467,Game Gear
53467,Nintendo 64
53467,Commodore / Amiga
16444,macOS
16444,PC
16444,iOS
16444,Xbox 360
16444,Nintendo Switch
16444,PlayStation 4
16444,Xbox One
58613,Android
58613,iOS
58613,Nintendo Switch
16421,PC
18053,macOS
18053,PC
18053,Linux
18053,iOS
1734,PlayStation 4
1734,Xbox One
1734,macOS
1734,PC
14692,Android
14692,macOS
14692,Linux
14692,PC
14692,iOS
17153,macOS
17153,PC
50711,PlayStation 4
50711,PlayStation 2
261225,Android
261225,iOS
261225,PC
20266,PC
14031,PC
19014,Linux
19014,macOS
19014,PC
426098,PlayStation 5
426098,Xbox Series S/X
426098,PC
426098,Xbox One
426098,PlayStation 4
57215,Genesis
34818,GameCube
34818,Game Boy Advance
34818,PC
34818,Xbox
34818,PlayStation 2
49122,Linux
49122,macOS
49122,PC
14842,Linux
14842,PC
14842,macOS
4019,Xbox
4019,PlayStation 2
13162,iOS
13162,PC
13162,macOS
13162,Linux
13162,Android
65041,Nintendo Switch
65041,PC
57048,iOS
57048,Wii
57048,PC
57048,Genesis
379485,PC
53406,Game Boy Advance
53406,PlayStation
39964,PlayStation 2
39964,PSP
300819,PC
300819,iOS
451578,PlayStation 4
451578,Nintendo Switch
451578,Xbox One
451578,PC
54742,PC
54742,Xbox
54742,Dreamcast
502138,PC
502138,macOS
502138,Xbox One
309761,PC
309761,macOS
309761,Android
309761,iOS
959748,PC
259811,PC
28039,Android
28039,Xbox One
28039,iOS
28039,PC
28039,macOS
28039,Nintendo Switch
28039,Xbox 360
28039,PlayStation 4
20219,macOS
20219,PC
428789,PC
23620,PC
989580,PC
19671,macOS
19671,PC
19671,Linux
972167,Linux
972167,PC
894601,macOS
894601,PC
894601,iOS
244847,macOS
244847,PC
244847,Linux
19042,PC
1349,PS Vita
1349,PlayStation 4
1349,PC
1349,Xbox One
14841,PC
14841,Linux
14841,macOS
18403,PC
3521,PlayStation 3
3521,PS Vita
3521,PlayStation 4
3521,Xbox 360
3521,PC
22423,PC
9707,macOS
9707,PC
12102,PC
5656,PlayStation 3
5656,Xbox 360
5656,Wii U
5656,PC
5656,Nintendo 3DS
5656,Wii
14469,PC
327246,macOS
327246,Xbox One
327246,Linux
327246,PlayStation 4
327246,PC
19013,macOS
19013,PC
19013,Linux
17677,macOS
17677,PC
17677,Linux
11211,PC
15585,macOS
15585,Linux
15585,PC
581137,PC
581137,macOS
10712,macOS
10712,Linux
10712,PC
13140,PC
21210,macOS
21210,PC
57840,PlayStation
57840,Android
57840,iOS
10968,PC
16443,PC
20832,PC
20832,Linux
20832,macOS
571756,Nintendo Switch
571756,iOS
571756,PC
571756,macOS
571756,Linux
18225,PC
59041,macOS
59041,PC
59041,Nintendo Switch
19473,PC
22248,PC
22248,Linux
15957,PC
15957,macOS
15957,Linux
16476,PC
18569,PC
21222,PC
22316,macOS
22316,Linux
22316,PC
13879,macOS
13879,Linux
13879,PC
12377,PC
4474,PS Vita
7612,macOS
7612,PC
7612,Linux
7612,iOS
20791,PC
484,Xbox 360
484,iOS
484,PC
40314,Xbox 360
40314,PlayStation 3
40314,Xbox One
14071,PC
59667,PC
376898,PC
376898,Xbox Series S/X
376898,PlayStation 5
376898,PlayStation 4
710407,PC
828,iOS
828,PC
828,macOS
681578,Xbox One
681578,Xbox Series S/X
681578,PC
971652,PC
10378,PC
14817,macOS
14817,PC
19392,PC
56053,GameCube
10939,macOS
10939,PC
1001843,PC
1001843,PlayStation 5
1001843,Xbox Series S/X
23052,PC
13009,PC
21606,PC
673,Nintendo Switch
673,Android
673,Xbox One
673,iOS
673,PC
673,macOS
673,Linux
673,PS Vita
10944,PC
484505,PlayStation 5
484505,Xbox One
484505,PC
484505,macOS
484505,Linux
484505,Nintendo Switch
484505,PlayStation 4
484505,Xbox Series S/X
12745,Android
12745,PC
18056,Android
18056,Linux
18056,PC
18056,iOS
18056,macOS
480743,PC
480743,Nintendo Switch
480743,Xbox Series S/X
480743,Xbox One
480743,PlayStation 4
480743,PlayStation 5
480743,iOS
668024,PC
47059,PC
47059,Linux
47059,macOS
47059,iOS
63,Xbox One
63,PlayStation 4
63,Nintendo Switch
63,PC
15370,PC
2079,PC
2079,Android
2079,macOS
2079,iOS
581085,PC
28215,Xbox 360
60837,PC
20882,PC
18170,PC
29063,PlayStation 3
29063,Xbox 360
51492,PC
11723,Xbox One
11723,Nintendo Switch
11723,PC
833436,iOS
833436,PlayStation 4
833436,Linux
833436,macOS
833436,PC
833436,PlayStation 5
833436,Xbox Series S/X
833436,Nintendo Switch
53743,NES
53743,Wii
53743,Wii U
53743,Nintendo 3DS
24356,Wii
24356,PlayStation 3
24356,PC
24356,PlayStation 2
17113,macOS
17113,Linux
17113,PC
24075,Nintendo 3DS
605,Android
605,iOS
14976,Genesis
14976,PC
17646,PC
17311,PC
12753,PC
19593,PC
22746,SNES
22746,Atari ST
22746,Game Boy Color
22746,Commodore / Amiga
22746,Classic Macintosh
22746,Jaguar
22746,3DO
22746,PC
22746,Genesis
22746,Linux
22746,macOS
558975,Nintendo Switch
650635,PC
650635,Linux
1056,PC
1056,PlayStation 4
2736,PS Vita
2736,PlayStation 4
2736,Nintendo Switch
2736,PC
912,Xbox One
912,PlayStation 4
912,macOS
912,PC
19870,PC
19092,PC
10596,PC
614,Xbox One
614,PlayStation 4
614,Nintendo Switch
614,PC
614,iOS
5343,PlayStation
5343,PlayStation 4
5343,PlayStation 5
16892,macOS
16892,PC
311743,PC
10832,PC
59755,PC
59755,macOS
18580,PC
53191,NES
53191,Game Boy Advance
3710,PlayStation 3
3710,PC
12380,PC
816474,iOS
816474,PC
513604,PC
513604,Web
15782,PC
15782,macOS
13355,Linux
13355,PC
13355,macOS
20257,PlayStation 3
20257,PC
16586,macOS
16586,PC
16586,iOS
16586,Android
27973,Nintendo Switch
27973,Wii U
63739,Nintendo Switch
63739,PlayStation 4
63739,macOS
63739,Linux
63739,PC
14050,Android
14050,Linux
14050,macOS
14050,PC
14050,iOS
622493,PC
622493,PlayStation 5
622493,Xbox One
622493,PlayStation 4
622493,Xbox Series S/X
622493,Nintendo Switch
61738,PC
54987,Atari ST
54987,Game Boy
54987,Commodore / Amiga
54987,Apple II
54987,PC
27620,Wii U
27620,Nintendo DS
61248,PlayStation 4
61248,Nintendo Switch
61248,Xbox One
61248,PC
4619,PC
4619,PlayStation 3
4619,PSP
4619,PS Vita
4619,macOS
4619,Linux
4619,Android
4619,iOS
19011,PC
19011,Android
19011,Linux
19011,iOS
19011,macOS
27958,Wii U
27958,Game Boy Advance
15631,PC
4730,PlayStation 3
20306,Wii
20306,PC
301536,PC
44363,Xbox One
44363,PlayStation 4
44363,Nintendo Switch
44363,PC
44312,macOS
44312,PC
11111,PC
826856,PC
23388,PC
4970,PlayStation 3
4970,Xbox 360
23460,PC
22674,PC
18178,PC
45176,macOS
45176,PC
19030,PC
19030,macOS
19030,Linux
9642,PC
64073,Nintendo Switch
64073,PC
64073,macOS
64073,Linux
6609,Nintendo 3DS
6609,Wii U
6609,Nintendo Switch
6609,PC
6609,Linux
6609,Xbox One
6609,macOS
353491,PC
19591,PC
19591,Xbox 360
16768,PC
60796,Nintendo Switch
60796,PC
19706,PC
45812,PC
45812,macOS
52035,PC
13840,PC
58515,Android
58515,macOS
58515,Linux
58515,PC
58515,iOS
29100,Xbox 360
5405,PlayStation 3
15210,macOS
15210,PC
15210,Linux
21420,PC
380902,Nintendo Switch
380902,PC
380902,PlayStation 4
10984,PC
351027,PC
27965,Android
27965,Nintendo 3DS
27965,iOS
20983,Nintendo DS
20983,PC
14028,PC
50625,iOS
50625,Nintendo Switch
50625,PC
50625,PlayStation 4
21353,PC
351787,PC
21002,PC
17089,macOS
17089,PC
17089,Linux
18691,macOS
18691,PC
18691,Linux
13412,macOS
13412,PC
13412,Linux
13941,PC
21605,Xbox 360
21605,PC
5276,PSP
5276,PlayStation
30411,PC
9443,Linux
9443,macOS
9443,PC
26090,Wii U
26090,Nintendo DS
13890,macOS
13890,PC
13890,Linux
493455,PlayStation 4
493455,macOS
493455,PC
493455,Xbox One
4266,PlayStation 3
9905,PC
35183,Xbox
35183,PlayStation 2
35183,PC
10264,Nintendo Switch
10264,macOS
10264,PC
22866,PC
44800,PC
44800,Linux
18552,PC
31321,3DO
31321,SEGA Saturn
31321,PlayStation
31321,PC
559041,PC
868095,Linux
868095,macOS
868095,PC
868095,PlayStation 5
20823,PC
20823,iOS
20823,Nintendo Switch
20823,Wii
20823,Xbox 360
20823,PlayStation 2
20823,PlayStation 3
20823,Android
23415,Nintendo Switch
23415,PC
15783,macOS
15783,PC
15783,Linux
15749,PC
20252,PC
20252,PlayStation 3
20252,Xbox 360
15049,Linux
15049,macOS
15049,PC
507192,PC
507192,macOS
4253,PS Vita
9498,Nintendo Switch
9498,PC
9498,macOS
18394,macOS
18394,PC
427484,PC
427484,macOS
23005,Linux
23005,macOS
23005,PC
23005,Commodore / Amiga
23005,Atari ST
23005,Classic Macintosh
19015,macOS
19015,PC
19015,Linux
43857,Nintendo Switch
43857,PC
60327,PC
8730,Nintendo Switch
8730,Xbox One
8730,PlayStation 4
8730,macOS
8730,Linux
8730,iOS
8730,PC
49372,PC
49372,macOS
49372,Linux
23636,macOS
23636,iOS
23636,Android
23636,PC
17784,PC
50569,PC
5352,PlayStation 4
5352,PSP
23873,Wii
23873,Wii U
854488,PC
44929,PC
22020,PC
22020,macOS
22020,Linux
26563,Wii
26563,Nintendo DS
19890,PC
19890,macOS
19890,Linux
44151,PC
11517,PC
17133,macOS
17133,PC
894577,Nintendo Switch
894577,macOS
894577,PC
15450,Linux
15450,macOS
15450,PC
430311,PC
430311,macOS
941,Xbox One
941,Wii U
941,PS Vita
941,PlayStation 4
941,macOS
941,Linux
941,PC
18376,Xbox One
18376,PlayStation 4
18376,macOS
18376,PC
51066,iOS
51066,macOS
51066,PC
51066,Linux
455517,PC
455517,Nintendo Switch
578226,PC
578226,Xbox Series S/X
578226,Nintendo Switch
578226,PlayStation 4
578226,Xbox One
61232,PC
3659,PS Vita
3659,PlayStation 3
3659,PC
586185,PC
455519,PC
455519,Nintendo Switch
455519,Xbox One
455519,PlayStation 4
523169,PlayStation 4
523169,PC
24916,Xbox
24916,GameCube
24916,Game Boy Advance
24916,PlayStation 2
24916,Wii
24916,Xbox 360
24916,PC
38511,PC
38511,PlayStation 3
38511,Xbox 360
635274,PC
914781,PC
914781,Xbox Series S/X
914781,Xbox One
914781,PlayStation 4
914781,PlayStation 5
9927,Linux
9927,macOS
9927,PC
9624,macOS
9624,PC
9624,Linux
440,Xbox One
440,PlayStation 4
440,Linux
440,PC
440,macOS
17960,PC
17960,macOS
17960,Linux
60632,Linux
60632,macOS
60632,PC
60632,Nintendo Switch
60632,PlayStation 4
60632,Xbox One
46488,PC
11240,Linux
11240,macOS
11240,PC
17521,PC
627623,PC
783847,Linux
783847,macOS
783847,PC
45163,macOS
45163,Android
45163,PC
45163,Linux
19017,PC
19017,Linux
19017,macOS
282876,PC
839131,Linux
839131,PC
372687,PS Vita
372687,Nintendo Switch
372687,PC
14693,macOS
14693,Linux
14693,PC
664964,PC
61190,Linux
61190,macOS
61190,PC
2134,PlayStation 4
2134,Nintendo Switch
2134,PC
10184,macOS
10184,PC
45998,macOS
45998,Linux
45998,PC
60320,PC
47366,PC
47366,Linux
14828,macOS
14828,PC
17855,PC
17855,macOS
17855,Linux
45106,PC
26005,PC
26005,PlayStation 3
26005,Wii
586123,PC
20381,PC
19024,PC
19024,Linux
19024,iOS
19024,macOS
19024,Android
14778,PC
484917,PC
14783,PC
14783,macOS
14783,Linux
282931,PC
13164,iOS
13164,PC
13164,macOS
13164,Linux
13164,Android
12195,PC
12195,macOS
12195,Linux
45301,PC
14176,macOS
14176,PC
14176,Linux
341613,PC
341613,macOS
341613,Linux
22311,macOS
22311,PC
16818,Linux
16818,macOS
16818,PC
12519,PC
12519,PSP
12519,Xbox 360
12519,PlayStation 2
12519,PlayStation 3
12519,Android
12519,Nintendo Switch
23565,PC
23565,PlayStation 4
23565,PlayStation 3
23565,PS Vita
13659,PC
45805,PS Vita
45805,PC
59840,Android
59840,PC
17390,PC
17390,macOS
17390,Linux
257205,PC
257205,Xbox One
257205,PlayStation 4
257205,Nintendo Switch
10956,PC
63214,PC
14480,Linux
14480,macOS
14480,PC
427939,PC
19033,macOS
19033,PC
19033,Linux
485095,PC
15016,PC
325020,PC
325020,macOS
325020,Linux
19022,iOS
19022,PC
19022,macOS
19022,Linux
19022,Android
863783,Linux
863783,macOS
863783,PC
611683,iOS
611683,PC
611683,macOS
611683,Nintendo Switch
1438,PlayStation 4
1438,PS Vita
1438,PC
1438,macOS
62407,PC
62407,macOS
62407,Linux
13411,macOS
13411,PC
13411,Linux
15982,macOS
15982,PC
14840,macOS
14840,PC
14840,Linux
17490,PC
17490,Linux
17490,macOS
17490,iOS
16603,PC
557729,PC
557729,Linux
3229,PlayStation 3
3229,PS Vita
3229,PC
15211,macOS
15211,PC
21022,PC
513062,PC
513062,macOS
513062,Linux
49690,PC
21358,Linux
21358,macOS
21358,PC
46927,PC
60392,macOS
60392,Linux
60392,PC
46562,PC
557754,PC
64253,PC
823666,PC
15000,PC
14642,PC
14642,macOS
14642,Linux
10329,Linux
10329,PC
10329,macOS
46746,Xbox One
46746,PS Vita
46746,Nintendo Switch
46746,Web
46746,Linux
46746,macOS
46746,PC
23393,PC
23393,macOS
23393,Nintendo Switch
23393,PlayStation 4
46891,Nintendo Switch
46891,PC
46891,PS Vita
62101,PC
326260,PC
326260,macOS
743757,PC
19632,PC
46429,PlayStation 4
46429,PC
46429,PlayStation 3
46429,PS Vita
3720,Nintendo 3DS
3720,PC
3720,PS Vita
844428,PC
13708,Linux
13708,Android
13708,macOS
13708,PC
18819,PC
18819,macOS
18819,Linux
288591,Android
288591,PC
62067,PC
62067,macOS
62067,Linux
9725,macOS
9725,PC
709077,PC
428052,PC
428052,macOS
428052,Linux
428052,PlayStation 4
428052,PlayStation 5
21441,macOS
21441,PC
21441,Linux
20346,macOS
20346,PC
20346,Linux
397507,PSP
397507,PlayStation 3
397507,Xbox 360
397507,Nintendo Switch
397507,iOS
397507,PS Vita
397507,PlayStation 4
397507,PC
427695,PC
427695,macOS
427695,Linux
64522,PC
64522,macOS
64522,Linux
960085,PC
960085,Nintendo Switch
18565,macOS
18565,PC
18565,Linux
638706,PC
638706,Xbox One
638706,PlayStation 4
638706,macOS
46558,PC
64630,Linux
64630,PC
16516,PC
16516,PSP
16516,PS Vita
763330,macOS
763330,PC
763330,Linux
722684,PC
722684,PSP
901611,PC
712559,PC
302873,PC
302873,macOS
302873,Linux
302873,PlayStation 4
695861,Linux
695861,macOS
695861,PC
18020,PC
18020,macOS
18020,Linux
16602,macOS
16602,PC
16602,Linux
491628,PC
491628,macOS
491628,Linux
484571,PC
300764,PC
300764,Xbox One
17393,Linux
17393,PC
17393,PlayStation 4
17393,macOS
63070,Linux
63070,macOS
63070,PC
18488,macOS
18488,PC
18488,Linux
14848,PC
15973,PC
21331,PC
21331,Linux
21331,macOS
965406,macOS
965406,PC
12456,PC
60348,PC
60353,PC
412977,PC
412977,macOS
17060,PC
17060,iOS
17060,macOS
17060,Linux
20067,PC
349960,Linux
349960,PC
349960,macOS
2510,PS Vita
2510,Xbox One
2510,PC
376949,PC
376949,macOS
376949,Linux
11422,macOS
11422,PC
11422,Linux
18576,PC
427483,PC
427483,macOS
427483,Linux
15482,PC
20788,PC
20788,macOS
15100,macOS
15100,Linux
15100,PC
15669,macOS
15669,PC
59761,PC
783821,PC
251503,macOS
251503,PC
44479,PC
16026,PC
266225,PC
16606,PC
59745,macOS
59745,PC
59745,Linux
60816,PC
60816,macOS
43856,macOS
43856,PC
43856,Linux
44693,PC
684926,Linux
684926,macOS
684926,PC
823592,PC
18211,macOS
18211,PC
18211,Linux
16806,PC
16806,Linux
16806,macOS
60250,Linux
60250,PC
60250,macOS
1273,PlayStation 3
1273,PS Vita
1273,PlayStation 4
1273,PC
646324,PC
646324,macOS
646324,Linux
18466,PC
62004,PC
840855,Linux
840855,macOS
840855,PC
840855,PlayStation 5
840855,PlayStation 4
840855,Nintendo Switch
383633,PC
548033,PlayStation 5
548033,Xbox Series S/X
548033,PlayStation 4
548033,Nintendo Switch
548033,macOS
548033,PC
548033,Xbox One
3115,PS Vita
3115,Nintendo Switch
49347,PC
293455,PC
293455,Nintendo Switch
293455,Xbox One
21131,PC
21131,macOS
10983,PC
3438,PS Vita
3438,PC
12739,PC
11638,PC
11638,macOS
350692,Nintendo Switch
350692,PC
350692,Xbox One
484530,PC
484530,Linux
484530,macOS
61409,macOS
61409,Linux
61409,iOS
61409,PC
21183,macOS
21183,PC
21183,Linux
702397,PC
45179,PC
64482,Linux
64482,macOS
64482,PC
430252,macOS
430252,PC
430252,iOS
430252,Xbox One
349536,PC
14756,Nintendo Switch
14756,PC
14756,Xbox One
14756,PlayStation 4
47124,PC
15626,macOS
15626,PC
333100,PS Vita
333100,PC
20586,PC
505873,PC
425206,PC
425206,PlayStation 4
425206,PS Vita
717030,PC
838141,PC
319152,PC
319152,macOS
319152,Xbox One
319152,PlayStation 4
23441,PC
23441,macOS
23441,Linux
62023,PC
22347,PC
22347,macOS
22347,Linux
51104,PC
46290,PC
20258,macOS
20258,PC
20258,Linux
430246,PC
640227,PC
640227,macOS
14479,Nintendo Switch
14479,PC
641710,PC
641710,macOS
641710,Linux
21043,PC
21043,Linux
21043,macOS
62470,Xbox One
62470,Nintendo Switch
62470,PlayStation 4
62470,Linux
62470,macOS
62470,Android
62470,PC
326308,PC
20665,macOS
20665,Linux
20665,PC
395968,Nintendo Switch
395968,PlayStation 4
395968,PC
60087,macOS
60087,Linux
60087,PC
60104,PC
295024,PC
19383,Linux
19383,macOS
19383,PC
491934,macOS
491934,PC
13141,iOS
13141,PC
328005,PC
328005,PlayStation 4
328005,Nintendo Switch
10464,PC
10464,macOS
44278,PC
60280,PC
60280,macOS
60280,Linux
60280,Xbox One
60903,PC
59764,PC
20444,PC
257281,PC
322382,PC
62527,PC
1085,Xbox One
1085,PlayStation 4
1085,PC
10066,PC
894556,PC
309765,PC
462678,PC
462678,Android
462678,Nintendo Switch
462678,Xbox One
462678,PlayStation 5
462678,PlayStation 4
462678,iOS
62510,PC
301603,Nintendo Switch
301603,macOS
301603,PC
17389,macOS
17389,PC
17389,Linux
15313,Android
15313,Linux
15313,macOS
15313,PC
18814,PC
702376,PC
62532,PC
498007,Linux
498007,macOS
498007,PC
50056,PC
46412,PC
10620,macOS
10620,PC
10620,Linux
64389,PC
16089,PC
16089,macOS
16089,Linux
21686,Linux
21686,PC
21686,macOS
973376,PC
973376,PlayStation 5
973376,Xbox Series S/X
973315,Linux
973315,macOS
973315,PC
4009,PlayStation 3
4009,PC
47577,PC
47577,macOS
11456,PC
11456,iOS
11456,macOS
264671,Android
264671,PS Vita
264671,PlayStation 2
264671,PC
264671,iOS
743709,PC
490697,PC
21806,PC
374563,PC
955681,PC
17692,PC
17692,Web
17692,macOS
62893,PC
22115,PC
22115,macOS
22115,Linux
43774,PC
14665,macOS
14665,PC
14665,Linux
968087,macOS
968087,PC
20393,PC
52072,PC
52072,macOS
52072,Linux
20160,macOS
20160,PC
20160,Linux
15401,macOS
15401,PC
15401,Linux
11479,PC
469008,PlayStation 4
469008,Xbox One
469008,PC
469008,Nintendo Switch
316895,macOS
316895,PC
60276,PC
60531,PC
681502,PC
681502,macOS
681502,Linux
19809,PC
19809,Linux
19809,macOS
492253,PC
492253,Linux
16470,PC
16470,Linux
16470,macOS
46738,PC
46738,macOS
46738,Android
46738,iOS
20682,PC
650755,PC
427935,PC
641750,Nintendo Switch
641750,PC
641750,iOS
641750,Xbox One
641750,macOS
45781,PC
347512,PC
347512,Nintendo Switch
10060,PlayStation 4
10060,PC
10060,macOS
638767,PC
724096,PC
724096,Xbox One
724096,Nintendo Switch
724096,PlayStation 4
724096,Xbox Series S/X
724096,PlayStation 5
63348,PC
854494,PC
854494,Nintendo Switch
50910,PC
50910,macOS
50910,Linux
335630,PC
335630,Nintendo Switch
335630,PS Vita
335630,PlayStation 4
62209,Xbox One
62209,PlayStation 4
62209,Nintendo Switch
62209,PC
20155,macOS
20155,PC
20155,Linux
681543,PC
20280,PC
20280,macOS
20280,Linux
615478,PlayStation 5
615478,Xbox Series S/X
615478,Android
615478,PlayStation 4
615478,Nintendo Switch
615478,Linux
615478,macOS
615478,PC
615478,iOS
615478,Xbox One
17271,macOS
17271,PC
17271,Linux
46996,macOS
46996,PC
16513,PlayStation 4
16513,Xbox One
16513,Nintendo Switch
16513,macOS
16513,PC
16513,Linux
3691,PlayStation 3
3691,PC
10977,macOS
10977,PC
10977,iOS
10353,PC
400,Xbox One
400,PlayStation 4
400,PC
400,Android
400,macOS
400,iOS
566446,Android
566446,Xbox One
566446,PC
10850,PC
288781,Nintendo Switch
288781,PC
3299,PS Vita
3299,PC
11519,macOS
11519,PC
19127,PC
4134,PSP
4134,PS Vita
4134,PC
44964,PC
17406,PC
17406,macOS
17406,Linux
952107,Linux
952107,PC
22224,PC
22224,macOS
22074,Linux
22074,PC
22074,macOS
692687,macOS
692687,PC
692687,Xbox Series S/X
692687,Xbox One
692687,PlayStation 5
692687,PlayStation 4
692687,Nintendo Switch
298439,PC
19776,PC
23345,PC
23345,PS Vita
838307,PC
684945,Linux
684945,macOS
684945,PC
47412,PC
17008,macOS
17008,PC
17008,Linux
490938,PC
17150,PC
10210,PC
566445,PC
566445,PS Vita
566445,Xbox Series S/X
566445,Xbox One
566445,PlayStation 4
566445,PlayStation 5
566445,Nintendo Switch
13676,Xbox One
13676,Xbox Series S/X
13676,PlayStation 4
13676,PC
484497,PC
44730,Linux
44730,macOS
44730,PC
52345,PC
52345,PS Vita
257386,PC
681510,PC
681510,Linux
688900,PC
688900,macOS
15189,PC
13004,macOS
13004,PC
490436,PC
19335,Android
19335,PC
19335,Linux
19335,macOS
49374,PC
14234,macOS
14234,PC
14234,Linux
428287,Nintendo Switch
428287,PlayStation 4
428287,Xbox One
428287,PC
428287,macOS
428287,Linux
301629,Nintendo Switch
301629,PlayStation 4
301629,PC
938007,Nintendo Switch
938007,PC
459262,PC
459262,macOS
721055,PC
22380,PlayStation 4
22380,Xbox One
22380,Nintendo Switch
22380,Linux
22380,macOS
22380,PC
46926,PC
22244,PC
22244,macOS
22244,Linux
702304,PC
684910,Xbox One
684910,Nintendo Switch
684910,PlayStation 4
684910,Xbox Series S/X
684910,PlayStation 5
684910,PC
15880,macOS
15880,PC
15880,Linux
46565,Linux
46565,macOS
46565,PC
484878,PC
18071,PC
428202,macOS
428202,PC
44796,PC
301526,PC
301526,iOS
807062,PC
19931,PC
743429,PC
365138,Xbox 360
365138,PC
365138,iOS
505799,PlayStation 4
505799,PC
505799,Nintendo Switch
59746,macOS
59746,PC
59746,Linux
221568,iOS
221568,PC
221568,Android
22594,PC
16333,PC
692596,PlayStation 4
692596,Nintendo Switch
692596,PC
61104,PC
10267,PC
16807,macOS
16807,PC
16807,iOS
576516,Nintendo Switch
576516,PC
576516,PlayStation 4
452644,PC
452644,PlayStation 5
452644,PlayStation 4
566555,PC
51953,PC
60828,PC
60828,macOS
528766,PC
962076,Linux
962076,PC
11521,macOS
11521,PC
17306,macOS
17306,PC
17306,Linux
586172,PC
586172,macOS
49802,iOS
49802,Nintendo Switch
49802,PC
49802,macOS
649064,PC
649064,macOS
649064,Linux
911506,PC
17362,PC
11963,Linux
11963,macOS
11963,PC
29264,PC
59744,PC
13360,macOS
13360,PC
481892,Android
481892,iOS
481892,PC
481892,macOS
349268,PlayStation 4
349268,Nintendo Switch
349268,PC
349268,PS Vita
76165,PC
76165,iOS
13123,macOS
13123,PC
384524,PC
21990,PC
21990,macOS
21990,Linux
881160,PC
102567,PS Vita
102567,Nintendo Switch
102567,PC
102567,macOS
102567,Linux
47367,PC
47367,macOS
47367,Linux
308168,PC
972166,PC
974481,PC
974481,iOS
974481,Android
430379,PC
428228,PC
18983,macOS
18983,PC
62100,PC
62100,macOS
62100,Linux
23736,Linux
23736,PC
963608,PC
12168,PC
427477,PC
427477,macOS
428169,PC
380790,PC
20134,Linux
20134,PC
20134,macOS
765031,PC
765031,macOS
518658,PC
16251,PC
16251,iOS
16251,Linux
16251,macOS
17673,PC
14839,macOS
14839,PC
14839,Linux
13452,PC
47506,PC
51279,PC
14502,Linux
14502,macOS
14502,PC
14762,macOS
14762,Linux
14762,PC
917796,PC
729286,Nintendo Switch
729286,PlayStation 4
729286,PC
566567,Linux
566567,PC
566567,Nintendo Switch
566567,PlayStation 4
566567,PlayStation 5
826804,Linux
826804,macOS
826804,PC
826804,iOS
11509,macOS
11509,PC
11509,Linux
7649,Xbox One
7649,PlayStation 4
7649,PC
962320,PC
962320,iOS
830219,PC
795414,PC
349986,PC
13594,macOS
13594,PC
13594,Linux
15978,PC
15978,Linux
15978,macOS
14887,macOS
14887,PC
14887,Linux
16610,macOS
16610,PC
16610,Linux
789960,Linux
789960,PC
22200,Linux
22200,PC
22200,macOS
375254,PC
850691,PC
850691,PlayStation 4
850691,PlayStation 5
850691,Nintendo Switch
11388,PC
11388,macOS
10494,PC
10062,PC
18473,macOS
18473,PC
13174,PC
13174,macOS
13174,Linux
17388,Linux
17388,macOS
17388,PC
651165,PC
553044,PC
553044,macOS
553044,Linux
553044,iOS
46460,PC
416405,Linux
416405,macOS
416405,PC
613503,PC
613503,macOS
542668,PC
542668,iOS
1000286,PC
961651,PC
688894,PC
830139,PC
49047,PC
16518,PS Vita
16518,PSP
16518,PC
20185,macOS
20185,PC
20185,Linux
405280,iOS
405280,Android
18406,PC
292854,PC
60162,PC
60162,macOS
743569,PC
364814,Web
364814,Android
364814,PC
61855,PC
61855,iOS
44930,macOS
44930,PC
44930,Linux
12167,Linux
12167,macOS
12167,PC
332203,PS Vita
18412,PC
18412,macOS
18412,Linux
23261,PC
632022,PC
704783,Linux
704783,macOS
704783,PC
704783,iOS
704783,Android
11351,PC
364809,PC
17511,macOS
17511,PC
17511,Linux
16329,Nintendo Switch
16329,PC
60417,PC
22240,PC
22349,PC
21072,PC
21072,macOS
21072,Linux
15876,macOS
15876,PC
14920,Linux
14920,macOS
14920,PC
13399,PC
589151,Linux
589151,macOS
589151,PC
15388,Linux
15388,macOS
15388,PC
64252,PC
791637,PC
791637,iOS
14888,macOS
14888,PC
14888,Linux
428353,Linux
428353,macOS
428353,PC
326782,PC
326782,Android
14295,Xbox One
14295,PlayStation 5
14295,PlayStation 4
14295,PC
14295,macOS
14295,Linux
972458,macOS
972458,PC
63592,macOS
63592,Linux
63592,PC
576502,macOS
576502,Linux
576502,PC
311674,PC
428007,PC
625752,PC
17264,macOS
17264,PC
17264,Linux
16810,PC
16810,macOS
16810,iOS
60129,iOS
60129,Android
60129,macOS
60129,PC
15501,macOS
15501,PC
15501,Linux
964419,PC
422202,PC
422202,macOS
422202,Linux
44263,Xbox One
44263,PS Vita
44263,Nintendo Switch
44263,macOS
44263,PC
44263,Linux
50438,Linux
50438,macOS
50438,PC
12253,macOS
12253,PC
12253,Linux
44834,PC
44834,Linux
44834,macOS
505829,PC
505829,macOS
505829,Linux
505829,iOS
13287,Linux
13287,PC
13287,macOS
571691,PC
944944,PC
62498,Linux
62498,macOS
62498,Android
62498,PC
15013,PC
58745,PC
58745,macOS
58745,Linux
321317,PlayStation 4
321317,Nintendo Switch
321317,PC
321317,SEGA Saturn
321317,PS Vita
16530,PC
46252,Linux
46252,PC
46252,macOS
428767,PC
325021,PC
711056,PC
711056,macOS
664878,PlayStation 4
664878,Nintendo Switch
664878,PC
795517,Linux
795517,macOS
795517,PC
18227,PC
427844,PC
427844,macOS
427844,Linux
427844,Android
14918,macOS
14918,PC
14918,Linux
14918,iOS
44963,PC
2479,PS Vita
2479,PC
3683,PC
3683,PS Vita
513069,Linux
513069,macOS
513069,PC
513069,PlayStation 4
12235,macOS
12235,PC
13060,PC
923079,PC
43955,Linux
43955,macOS
43955,PC
542605,PC
542605,Linux
259846,Linux
259846,PC
259846,macOS
309871,macOS
309871,PC
62435,macOS
62435,Linux
62435,PC
441762,iOS
441762,PC
441762,macOS
838087,PC
717427,macOS
717427,PC
717427,Linux
725846,PC
61005,PC
51156,macOS
51156,PC
51156,Linux
62181,PC
62181,macOS
62181,Linux
18736,PC
430295,PC
430295,Nintendo Switch
15596,PS Vita
15596,Nintendo Switch
15596,PC
60283,PC
49019,macOS
49019,PC
49019,Linux
18556,macOS
18556,PC
18556,Linux
484914,PC
635225,Nintendo Switch
635225,PlayStation 4
635225,PC
787599,PC
530559,PC
15584,macOS
15584,PC
15584,Linux
542677,PC
542677,macOS
47414,PC
919754,PC
23235,PC
10287,macOS
10287,PC
10287,Linux
10465,Linux
10465,macOS
10465,PC
10465,Android
10465,iOS
20279,macOS
20279,PC
428269,macOS
428269,PC
961114,PC
826882,PC
589126,PC
589126,Linux
838131,PC
304193,PC
304193,Nintendo Switch
16624,PC
10111,PC
484800,PC
59588,Nintendo Switch
59588,PC
12265,PC
12265,macOS
12265,Linux
412047,PC
412047,macOS
412047,Linux
44062,macOS
44062,PC
44062,Linux
19892,PC
366853,Nintendo Switch
366853,PC
560770,PC
560770,macOS
349392,PC
349346,PC
393542,PC
14777,PC
17134,PS Vita
17134,PC
364926,PC
364926,macOS
364926,Linux
364926,Nintendo Switch
60093,PC
973891,PC
711052,PC
975753,Nintendo Switch
975753,PC
697498,PC
709133,PC
16028,macOS
16028,PC
16028,Linux
743770,PC
616732,Linux
616732,macOS
616732,PC
14098,Linux
14098,macOS
14098,PC
43409,Linux
43409,PC
43409,macOS
16520,PC
16520,Linux
16520,macOS
60166,PC
63677,PC
303590,PC
428955,PC
428955,Xbox One
764958,Linux
764958,PC
874435,PC
484509,Nintendo Switch
484509,PC
484509,PlayStation 4
49043,PC
60127,PC
60127,macOS
60127,Linux
599014,PC
638780,PC
321292,PC
28097,iOS
28097,PC
28097,Linux
28097,macOS
11840,PC
960400,Linux
960400,macOS
960400,PC
769380,Linux
769380,macOS
769380,PC
14395,PC
14395,Linux
581181,PC
12842,PC
635239,PC
251838,PC
13084,PC
62968,PC
62968,macOS
916470,Linux
916470,macOS
916470,PC
21194,PC
49165,PS Vita
49165,PC
49165,PlayStation 3
50987,PC
50987,macOS
907436,PC
288680,PC
727404,PC
427436,PC
586055,macOS
586055,PC
586055,Nintendo Switch
586055,Android
586055,iOS
495622,PC
641725,PC
641725,Linux
46221,Linux
46221,PC
46221,macOS
945036,PC
976306,Linux
976306,PC
976306,PlayStation 5
485160,PC
244760,PlayStation 4
244760,Nintendo Switch
244760,Linux
244760,macOS
244760,PC
244760,PS Vita
244760,Xbox One
641820,PC
678605,PC
836456,macOS
836456,PC
836456,Nintendo Switch
836456,PlayStation 4
836456,PlayStation 5
306143,iOS
306143,Android
306143,PC
59015,PS Vita
59015,PC
51255,PC
51255,Linux
51255,macOS
428853,PC
507165,PC
500619,PC
10911,Linux
10911,macOS
10911,PC
969652,Linux
969652,macOS
969652,PC
576475,Linux
576475,macOS
576475,PC
816357,PC
816357,macOS
743461,PC
938001,PC
807126,Nintendo Switch
807126,PC
722632,PC
722632,macOS
490600,macOS
490600,PC
490600,Linux
427489,PC
427489,Nintendo Switch
651121,PC
114320,PC
114320,Web
16365,Linux
16365,macOS
16365,PC
736200,PC
816394,Linux
816394,PC
970016,PC
695844,PC
695844,Linux
15558,PC
444960,Linux
444960,macOS
444960,PC
505820,PC
62397,PC
427692,PC
392391,PC
321340,PC
321340,Nintendo Switch
321340,PlayStation 4
879566,PC
21995,PC
60185,PC
11408,macOS
11408,PC
11408,Linux
16512,macOS
16512,PC
16512,Linux
10599,macOS
10599,PC
18174,PC
602333,PC
968985,Linux
968985,PC
17240,macOS
17240,PC
17240,Linux
9855,PC
9855,macOS
9855,Linux
738133,PC
738133,Linux
738133,macOS
627513,PC
62562,PC
62562,macOS
62562,Linux
677171,PC
976135,PC
490639,macOS
490639,PC
490639,Linux
64572,PC
649057,PC
669366,Linux
669366,macOS
669366,PC
49599,Nintendo Switch
49599,PC
22310,PC
22310,macOS
22310,Linux
22310,PlayStation 4
16022,PC
16022,Nintendo Switch
16022,PS Vita
15451,PC
428923,PC
383626,PC
59881,PC
678537,PC
490961,PC
490961,macOS
14775,macOS
14775,Linux
14775,PC
868139,Linux
868139,PC
868139,macOS
12645,PC
961932,PC
615081,macOS
615081,PC
615081,Linux
624392,PC
62528,PC
46748,macOS
46748,PC
46748,Linux
244890,PlayStation 4
244890,PC
722667,PC
554727,PC
586148,PC
45118,PC
19273,PC
19273,macOS
13751,Linux
13751,PC
13751,macOS
871254,PC
59808,PC
15109,PC
576501,PC
576501,macOS
576501,Linux
17571,PC
17571,Linux
17571,macOS
12096,PlayStation 4
12096,Xbox One
12096,PC
60094,PC
35822,macOS
35822,PC
45733,PC
353479,PC
708993,PC
554726,PC
285725,PC
554728,PC
530526,PC
836548,Linux
836548,PC
836548,macOS
295120,PC
428752,PC
428752,Linux
4557,PSP
11125,PC
44157,PC
650985,PC
598889,PC
14596,PC
59756,PC
530533,PC
13663,macOS
13663,PC
13663,Linux
13663,Xbox One
49967,PC
720989,PC
720989,Linux
961963,PC
752178,PC
44163,PC
60105,PC
534193,PC
17791,macOS
17791,PC
17791,Linux
20195,Linux
20195,macOS
20195,PC
968821,PC
13075,macOS
13075,PC
13075,Linux
12985,PC
12985,Linux
12985,macOS
16079,PC
694456,PC
694456,Android
694456,iOS
10026,PC
554725,PC
939308,PC
896616,PC
13718,PC
13718,Nintendo Switch
484930,PC
484930,macOS
926729,macOS
926729,PC
926729,Nintendo Switch
14744,PC
50916,PC
277514,PC
12734,PC
12196,macOS
12196,PC
15278,PC
15278,macOS
674311,PC
372586,PC
372586,macOS
333435,Xbox 360
333435,Dreamcast
333435,PlayStation 2
333435,PSP
333435,PC
19147,PC
534174,PC
570093,PC
46500,PC
46953,PC
16331,Nintendo Switch
16331,PC
16331,PS Vita
44318,macOS
44318,Linux
44318,PC
18537,macOS
18537,PC
18537,Linux
47443,PC
51892,macOS
51892,Linux
51892,PC
934466,Linux
934466,macOS
934466,PC
532492,PC
861402,PC
838238,PC
785778,PC
785778,Nintendo Switch
60589,macOS
60589,Linux
60589,PC
21997,PC
427678,PC
973865,PC
48974,Linux
48974,macOS
48974,PC
59216,PlayStation 2
59216,PSP
505855,PlayStation 4
505855,PC
505855,macOS
722646,PC
427597,PC
427597,macOS
779876,PC
971242,Linux
971242,macOS
971242,PC
15332,PC
10675,macOS
10675,PC
292874,PC
236848,PC
694383,PC
732415,PC
732415,Nintendo Switch
528660,PC
473534,PC
473534,PlayStation 4
473534,PS Vita
473534,Nintendo Switch
427833,PC
427871,PC
402512,PS Vita
402512,PlayStation 4
402512,PC
402512,PlayStation 3
402512,PSP
857644,PC
22279,PC
22279,macOS
22279,Linux
44605,PC
968155,PC
428743,PC
313848,PlayStation 4
313848,Xbox One
313848,PC
313848,macOS
313848,Linux
387335,PC
387335,macOS
18390,Linux
18390,macOS
18390,PC
16874,PC
18505,PC
14838,PC
14838,Linux
14838,macOS
43870,PS Vita
43870,PC
43870,macOS
63007,PC
965869,Linux
965869,macOS
965869,PC
980945,PC
491014,PC
907337,macOS
907337,PC
791702,Linux
791702,macOS
791702,PC
791702,iOS
521734,PC
505814,PC
798447,macOS
798447,PC
650766,PC
11777,PC
16339,Nintendo Switch
16339,PC
49883,PC
49883,Linux
49883,macOS
586066,PC
586150,PC
975381,macOS
975381,PC
1779,PC
1779,PlayStation 4
1779,Nintendo Switch
1779,Android
1779,iOS
10323,PC
351201,PC
351201,Nintendo Switch
974923,PC
484553,PC
22053,PC
60015,PC
60015,macOS
17748,PC
975385,PC
823656,PC
61124,Android
61124,PC
61124,macOS
61124,Linux
13510,macOS
13510,PC
13510,iOS
14721,macOS
14721,PC
14721,Linux
962103,PC
980010,PC
725783,PC
725783,Nintendo Switch
743538,PC
774688,PC
992264,macOS
992264,PC
540023,PC
333033,macOS
333033,PC
333033,NES
284757,PC
284757,Nintendo Switch
284757,PS Vita
426107,PC
426107,Nintendo Switch
297251,PC
674198,PC
13406,PS Vita
13406,PC
10918,macOS
10918,PC
10918,Linux
13215,PC
13215,Linux
13215,macOS
739697,Linux
739697,PC
787716,PC
881265,macOS
881265,PC
968718,PC
938150,Linux
938150,macOS
938150,PC
517377,PC
517377,macOS
517377,Linux
698993,PC
698993,iOS
678696,PC
678696,macOS
678696,Linux
697513,PC
428252,PC
591042,PC
591042,Linux
987402,PC
51533,PC
62992,PC
265332,PS Vita
265332,Nintendo Switch
265332,PC
300700,PC
14425,PC
557755,PC
428090,PC
364810,PC
364810,macOS
364810,Linux
364810,Android
61126,Linux
61126,macOS
61126,PC
45679,PC
961349,PC
997619,PC
961979,PC
904408,macOS
904408,PC
51054,PC
857743,PC
857743,Linux
857743,macOS
13927,PC
15407,PC
15407,macOS
46782,PC
379524,PC
738074,PC
685038,PC
667728,Linux
667728,PC
967889,Linux
967889,macOS
967889,PC
743424,PC
586152,PC
743683,macOS
743683,PC
651180,PC
44023,PC
18072,PC
16809,macOS
16809,PC
16809,iOS
64009,Linux
64009,macOS
64009,PC
372654,PC
372654,Linux
372654,Android
14484,PC
622529,PC
484712,Linux
484712,PC
484712,macOS
563296,PC
743647,macOS
743647,Linux
743647,PC
971598,PC
975056,PC
961314,Linux
961314,macOS
961314,PC
990006,PC
745841,PC
51952,PC
20026,PC
20026,Linux
20026,Android
20026,macOS
244886,PS Vita
244886,PC
61241,PC
61241,PlayStation 2
61241,PSP
246532,Linux
246532,macOS
246532,PC
63701,PC
615090,PC
650970,PC
850687,PC
850687,Nintendo Switch
379551,PC
898430,PC
393550,PC
49287,PC
43927,PC
43927,Linux
43927,macOS
44161,PC
14488,PC
16278,PC
62517,iOS
62517,PC
62517,macOS
548109,PC
651018,PC
528775,PC
528775,PlayStation 4
528775,Nintendo Switch
966371,PC
651168,PC
961750,macOS
961750,PC
739709,PC
589128,PC
589128,macOS
589128,Linux
563308,Linux
563308,PC
563412,PC
563412,Nintendo Switch
428229,PC
532399,PC
492013,PC
61809,PC
60181,PC
60310,PC
254622,PC
981518,PC
854352,macOS
854352,Nintendo Switch
854352,PC
21618,PC
881263,Linux
881263,macOS
881263,PC
43884,PC
15408,macOS
15408,PC
16986,PC
43943,PC
288675,PC
43932,PC
43932,Linux
43932,macOS
60161,PC
386526,PC
386526,macOS
386526,Linux
14921,PC
20605,macOS
20605,PC
20605,Linux
62989,PC
42223,PC
22582,macOS
22582,Linux
22582,PC
600961,PC
600961,macOS
600961,Linux
960147,macOS
960147,PC
44512,PC
392300,PC
395976,macOS
395976,Android
395976,Linux
395976,PC
395976,iOS
13631,PC
44602,PC
44602,macOS
743549,PC
663775,PC
793680,PC
968185,macOS
968185,PC
797904,PC
28054,Linux
28054,PC
28054,macOS
960211,Linux
960211,macOS
960211,PC
669351,macOS
669351,Linux
669351,PC
683231,PC
589206,Nintendo Switch
589206,PlayStation 4
589206,Xbox One
589206,PS Vita
589206,PC
597165,PC
685012,PC
339174,macOS
339174,PC
43768,macOS
43768,PC
43768,Linux
15623,PC
16533,PC
17432,PC
17432,Linux
60296,PC
50342,PC
50342,macOS
484989,PC
333509,PS Vita
333509,PC
961661,PC
301712,PC
43827,macOS
43827,PC
43827,Linux
284709,PC
372109,Android
372109,PC
18880,PC
574782,PC
674336,PlayStation 4
674336,Nintendo Switch
674336,Xbox One
674336,PC
674336,macOS
674336,Linux
62454,PC
62454,macOS
574819,PC
650636,PC
63465,PC
268380,Linux
268380,macOS
268380,PC
268380,Nintendo Switch
268380,PlayStation 4
268380,PS Vita
379550,PC
350477,PC
304950,PC
304950,macOS
428976,PlayStation 4
428976,PC
428976,PS Vita
428976,Nintendo Switch
992674,PC
602345,PC
984025,macOS
984025,PC
392315,PC
700707,PC
700707,Linux
428350,PC
428350,macOS
428350,Linux
13811,PC
25584,Nintendo DS
45340,PC
44267,PC
61669,PC
61237,PC
61237,macOS
61237,Linux
11187,PlayStation 4
11187,macOS
11187,PC
669362,PC
505885,PC
641724,PC
745753,PC
491584,PC
760162,PC
60142,Linux
60142,PC
60142,macOS
962811,PC
886269,PC
963477,PC
967984,PC
923047,PC
807137,Linux
807137,macOS
807137,PC
60183,PC
988510,PC
988510,Nintendo Switch
979383,PC
387253,PC
349596,PC
756601,PC
756601,macOS
756601,Linux
718172,PC
20131,PC
17382,PC
16611,iOS
16611,PC
16611,Android
16337,Nintendo Switch
16337,PC
31807,PC
31807,macOS
31807,Linux
44712,Linux
44712,macOS
44712,PC
47121,PC
47121,macOS
49877,PC
745736,Linux
745736,PC
664875,PC
392426,PC
319151,PC
627566,PC
625780,Linux
625780,macOS
625780,PC
492052,PC
65050,PC
65050,macOS
65050,Linux
816338,PC
969646,PC
964148,PC
997357,PC
939795,PC
917897,Linux
917897,macOS
917897,PC
484982,PC
268433,PC
12055,PC
528733,PC
613510,PC
990495,PC
973689,PC
894443,PC
428747,PC
556997,PC
556997,macOS
556997,Linux
549623,PC
559082,PC
743676,PC
651230,PC
581194,PC
568927,PC
666376,PC
743438,PC
743421,PC
60158,PC
21667,PC
44239,PC
62208,PC
60971,PC
50582,PC
866507,PC
58120,PS Vita
58120,Nintendo Switch
14204,macOS
14204,Linux
14204,PC
979879,PC
15066,iOS
15066,Linux
15066,macOS
15066,PC
15066,Android
16517,macOS
16517,PC
16517,Linux
16336,PC
16504,Linux
16504,macOS
16504,PC
277969,PC
326991,PlayStation 4
326991,PC
304207,macOS
304207,PC
302905,PC
279622,Linux
279622,macOS
279622,PC
261295,PC
62495,PC
60265,PC
60477,PC
736214,PC
45103,PC
16976,PC
959981,Linux
959981,PC
743400,PC
754945,PC
754944,PC
754944,macOS
754944,Linux
736316,PC
736316,macOS
581172,PC
685034,PC
571745,PC
523133,PC
581034,PC
581034,macOS
581034,Linux
718125,PC
718125,macOS
718125,Linux
491859,PC
491859,Linux
430480,PC
430480,macOS
603977,PC
666431,PC
779818,Linux
779818,macOS
779818,PC
743405,PC
961468,Linux
961468,macOS
961468,PC
966986,PC
896649,PC
896649,Nintendo Switch
748639,PC
748639,Linux
782266,macOS
782266,PC
793701,Linux
793701,macOS
793701,PC
23482,PC
22607,PC
22607,macOS
704774,PC
600967,PC
514897,Nintendo Switch
514897,iOS
514897,Android
514897,PS Vita
688832,PC
647615,PC
909846,PC
14508,PC
15098,macOS
15098,Linux
15098,PC
695798,PC
695798,Nintendo Switch
602329,PC
47305,PC
44830,PC
44830,Linux
67520,Android
67520,iOS
60153,PC
37438,PC
44180,PC
22108,PC
22108,macOS
22108,Linux
16330,PC
17770,PC
16866,macOS
16866,PC
16866,Linux
62533,PC
60115,PC
507179,PC
508520,PC
986117,macOS
986117,PC
992189,PC
484988,PC
484988,macOS
484988,Linux
351820,PC
351820,macOS
581127,Android
581127,PlayStation 4
581127,Nintendo Switch
581127,PC
581127,iOS
574795,PC
574795,iOS
493481,PC
493481,macOS
493481,Linux
494415,PC
370279,PC
349560,PC
283994,PC
283992,Linux
283992,macOS
283992,PC
826764,PC
914782,PC
914782,Android
914782,Linux
914782,macOS
727384,macOS
727384,PC
776306,PC
825323,PC
367105,PC
367105,macOS
367105,Xbox One
847743,PC
847743,PlayStation 5
847743,PlayStation 4
964313,PC
980717,PC
974074,PC
979367,PC
977693,PC
966311,PC
963897,PC
650901,PC
667711,PC
324156,PC
385272,Web
385522,PC
64032,PC
61416,PC
62032,PC
62032,macOS
62032,Linux
61796,Linux
61796,PC
61796,macOS
372722,PC
372722,macOS
372722,Linux
46330,PC
17478,Nintendo Switch
17478,PC
49602,PC
50145,PC
684906,PC
684906,PlayStation 4
736309,PC
697520,PC
697520,macOS
697520,Linux
664988,PC
825367,PC
555997,PC
555997,macOS
555997,Linux
666384,PC
486736,Linux
486736,macOS
486736,PC
486736,PlayStation 4
486736,Xbox One
485015,PC
610239,PC
497977,PC
838335,PC
894668,PC
894668,iOS
651011,PC
651011,macOS
651011,Linux
644798,PC
600927,PC
600927,PlayStation 4
600927,PS Vita
702374,PC
685001,PC
685001,Linux
635262,PC
635262,macOS
635262,Linux
22122,PC
10288,macOS
10288,Linux
10288,PC
430447,PC
427474,PC
290064,PC
49929,PC
23719,PC
17307,PC
17307,Linux
17307,iOS
17307,macOS
19148,PC
22617,PC
22617,macOS
22617,Linux
576460,PC
566638,PC
559130,PC
544078,PC
544078,macOS
544078,Linux
491875,PC
491875,macOS
491875,Linux
579538,PC
647562,PC
695879,PC
581033,PC
579555,PC
816336,PC
765019,PC
879657,PC
694622,PC
616674,PC
616674,macOS
615000,PC
615000,Linux
939425,Linux
939425,macOS
939425,PC
725808,PC
985430,PC
968206,PC
45295,PC
966157,PC
964652,PC
964652,Linux
964652,macOS
624354,PC
635371,Linux
635371,PC
635371,macOS
681405,PC
720961,PC
967368,Linux
967368,PC
835126,Linux
835126,macOS
835126,PC
566634,Nintendo Switch
566634,iOS
566634,Android
566634,PC
566634,PlayStation 4
581022,Linux
581022,PC
586212,PC
586212,iOS
491425,PC
568228,macOS
568228,PC
580700,Linux
580700,macOS
580700,PC
580700,Nintendo Switch
580700,Xbox Series S/X
580700,Xbox One
580700,PlayStation 4
580700,PlayStation 5
16338,Nintendo Switch
16338,PC
12324,PC
12324,Linux
12324,macOS
3080,PlayStation 3
3080,PC
22541,macOS
22541,PC
22541,Linux
50231,PC
44795,Linux
44795,PC
44795,macOS
44591,Linux
44591,macOS
44591,PC
392433,PC
428170,PC
437681,PC
437681,macOS
504898,PC
504898,macOS
504898,Linux
490834,PC
490834,macOS
490834,Linux
532491,PC
495652,PC
491966,PC
491966,macOS
491966,Linux
491747,macOS
491747,Linux
491747,PC
960259,PC
960259,PlayStation 5
960259,Nintendo Switch
965702,macOS
965702,PC
968844,PC
997679,PC
934431,PC
748545,PC
748545,Nintendo Switch
624397,PC
624397,macOS
624397,Linux
789928,PC
916539,Linux
916539,macOS
916539,PC
818029,PC
59959,Nintendo Switch
59959,PC
59959,macOS
59959,Linux
678591,PC
678591,macOS
610246,PC
779901,macOS
779901,PC
427609,PC
323112,PC
323112,macOS
350941,PC
350941,PlayStation 4
350941,Xbox One
350941,Nintendo Switch
350941,macOS
350941,Linux
61107,PC
61074,PC
64085,PC
881238,macOS
881238,PC
60469,PC
48972,PC
52245,iOS
52245,Android
52245,Wii U
54027,PC
54027,Commodore / Amiga
54027,SNES
54027,NES
54027,PlayStation
54027,iOS
54027,Genesis
453964,PC
453964,Xbox One
453964,PlayStation 4
428952,PC
481744,PC
481744,macOS
481744,Linux
481744,Android
518614,PC
518614,macOS
518614,Linux
428863,PC
611680,PC
625790,PC
557743,PC
428624,PC
428624,macOS
972243,PC
987590,PC
960322,Linux
960322,PC
840864,PC
846507,PC
14203,PC
18952,macOS
18952,PC
20173,PC
20173,macOS
20173,Linux
36985,PC
20712,PC
20712,Linux
20712,macOS
12983,macOS
12983,PC
427476,PC
349401,PC
9524,PC
12083,PC
10445,macOS
10445,PC
10445,Linux
14244,PC
14244,Android
349709,PC
294149,PC
783854,PC
532464,Nintendo Switch
532464,PC
581081,PC
581049,PC
532436,PC
264739,PC
65236,PC
76640,Android
76640,iOS
62559,macOS
62559,Android
62559,PC
62559,iOS
61043,PC
62172,macOS
62172,PC
60234,PC
61612,macOS
61612,Linux
61612,PC
51659,PC
607351,Android
607351,Linux
607351,PC
607351,iOS
961696,Linux
961696,macOS
961696,PC
955678,Linux
955678,macOS
955678,PC
816410,PC
804843,PC
376159,macOS
376159,PC
376159,Linux
934451,PC
776281,macOS
776281,PC
752219,PC
769426,macOS
769426,PC
684935,PC
722625,PC
972002,Linux
972002,macOS
972002,PC
874378,macOS
874378,PC
782336,PC
542654,PC
542654,macOS
542654,Linux
966153,PC
10347,Linux
10347,macOS
10347,PC
10616,PC
63847,PC
63847,macOS
90325,Linux
90325,PC
90325,macOS
90325,Android
51740,PC
995886,PC
1005805,PC
704657,PC
732525,Linux
732525,PC
736353,PC
754975,PC
756605,macOS
756605,Linux
756605,PC
769491,PC
769491,macOS
566495,PC
570118,PC
589123,PC
21389,PC
591063,PC
748686,PC
709130,Linux
709130,macOS
709130,PC
692586,Linux
692586,PC
692586,macOS
672385,PC
292876,PC
295028,PC
257308,PlayStation 4
257308,Nintendo Switch
257308,PC
216309,PC
216309,macOS
10249,PC
12249,macOS
12249,PC
12249,Linux
17000,PC
495674,PC
495674,macOS
495674,Linux
479356,PC
479356,Linux
484990,PC
349798,macOS
349798,PC
349798,Linux
372716,PC
161657,Web
161657,PC
49291,PC
46269,PC
46483,PC
32459,PC
32459,Linux
16541,macOS
16541,PC
16541,Linux
15871,PC
15871,Linux
16335,Nintendo Switch
16335,PC
60412,PC
92650,macOS
92650,Linux
92650,PC
490937,PC
11692,PC
12174,PC
13340,Linux
13340,PC
13340,macOS
20050,PC
16332,PC
14416,PC
14416,Linux
14416,macOS
15043,macOS
15043,PC
15043,Linux
43793,PC
29302,PC
22532,PS Vita
427449,PC
428950,PC
520334,PC
12225,Web
12225,Android
12225,PC
12225,Linux
12225,macOS
491468,PC
492287,PC
491787,PC
535650,PC
532437,PC
613537,PC
624355,PC
630708,PC
64081,PC
64081,macOS
64081,Linux
60165,PC
63771,macOS
63771,PC
63560,PC
63560,macOS
62383,PC
62383,macOS
58441,macOS
58441,PC
58441,Web
49694,Nintendo Switch
49694,Linux
49694,PC
49694,macOS
364898,PC
301606,PC
287375,PC
268315,Linux
268315,macOS
268315,PC
312638,Linux
312638,macOS
312638,PC
246522,macOS
246522,Android
246522,PC
246522,Linux
30560,Linux
30560,PC
683218,PC
881178,Linux
881178,macOS
881178,PC
811885,PC
743399,PC
850819,PC
812158,iOS
812158,Android
812158,PC
960216,PC
934435,PC
507164,PC
969908,PC
989279,Linux
989279,macOS
989279,PC
982617,macOS
982617,PC
836520,PC
632936,PC
632936,macOS
633446,PC
60193,PC
670696,PC
789939,PC
700693,PC
719654,PC
799358,PC
804761,PC
725835,PC
714525,PC
752061,PC
748417,PC
776370,PC
490989,PC
490989,macOS
495383,PC
495383,macOS
495383,Linux
495383,Xbox One
430477,PC
423701,PC
427437,PC
624370,PC
647585,PC
647585,macOS
647585,Linux
662342,PC
677215,PC
674224,PC
669403,PC
637470,PC
725776,PC
666405,PC
651296,Linux
651296,PC
651296,macOS
651296,Xbox One
695890,PC
707315,PC
707309,PC
707309,macOS
707309,Linux
622558,PC
825326,PC
817998,PC
818012,PC
745745,PC
783794,PC
801103,PC
769392,PC
783800,PC
818004,PC
813549,PC
750459,PC
816337,PC
761444,PC
785839,PC
776334,PC
392403,PC
692630,PC
663800,macOS
663800,PC
663800,Linux
986851,PC
994464,PC
993340,PC
999411,PC
966182,PC
842434,PC
909840,PC
905595,PC
879614,Linux
879614,macOS
879614,PC
932688,PC
939827,PC
963593,PC
871201,PC
14680,PC
14680,macOS
14680,Linux
18047,PC
17737,macOS
17737,PC
17737,Linux
12653,PC
12653,Linux
12653,macOS
16334,Nintendo Switch
16334,PC
15975,macOS
15975,PC
15975,Linux
254607,Android
254607,PC
61921,PC
61921,macOS
61921,Linux
60355,PC
60358,PC
60201,PC
60221,PC
316007,macOS
316007,PC
316007,iOS
327473,PC
327473,macOS
327473,Linux
336822,PC
336822,macOS
336822,Nintendo Switch
336822,PlayStation 4
485136,PC
484653,PC
507198,macOS
507198,PC
507198,Linux
517363,PC
532392,PC
523087,PC
549621,PC
491718,PC
914865,PC
961278,PC
863729,PC
64344,PC
64344,macOS
64344,Linux
290068,PC
284676,PC
284676,macOS
284676,Linux
276706,PC
266222,PC
333142,PSP
333142,Nintendo Switch
13081,macOS
13081,PC
13081,Linux
16371,PC
17392,Linux
17392,macOS
17392,PC
19946,Xbox One
19946,PlayStation 5
19946,PlayStation 4
19946,PC
19946,macOS
19946,Linux
44392,macOS
44392,Linux
44392,PC
50463,PC
50463,iOS
50463,Android
51790,PC
62844,PC
62844,macOS
743521,Android
743521,PC
813576,Linux
813576,macOS
813576,PC
760196,PC
568881,PC
568881,macOS
854384,Linux
854384,PC
831867,PC
778196,PC
807111,PC
857617,PlayStation 5
857617,Xbox Series S/X
857617,PlayStation 4
857617,Nintendo Switch
857617,PC
838218,PC
962737,macOS
962737,PC
380868,PC
380868,PlayStation 4
380868,Xbox One
356036,Android
356036,PC
336644,PlayStation 3
336644,PC
336644,PS Vita
392235,PC
484670,PC
484670,macOS
484670,Linux
492285,PC
491459,PC
491587,PC
566621,PC
566621,Linux
589155,PC
599004,PC
599004,macOS
603979,PC
591057,PC
587664,PC
610226,PC
616719,PC
635334,PC
613563,PC
630717,PC
630717,Linux
630717,macOS
729341,PC
493445,PC
484630,PC
484630,macOS
484630,Xbox One
62766,PC
58957,Nintendo 3DS
58957,Nintendo DS
63561,macOS
63561,PC
649021,PC
680029,PC
637464,PC
637464,macOS
637464,Linux
641754,PC
523115,PC
546527,PC
535546,PC
535546,macOS
535546,Linux
54736,SEGA 32X
54736,3DO
54736,SEGA Saturn
54736,Dreamcast
54736,SNES
54736,PlayStation
54736,PC
60300,PC
972902,PC
774689,PC
996062,PC
997155,PC
984377,PC
978984,PC
983531,Linux
983531,macOS
983531,PC
966271,macOS
966271,PC
966271,Nintendo Switch
971845,PC
685024,PC
965206,PC
961214,Linux
961214,macOS
961214,PC
928749,Android
928749,PC
702257,PC
727422,PC
752116,PC
756590,PC
709154,PC
758545,PC
719648,PC
748715,PC
722675,PC
684960,PC
610231,macOS
610231,Linux
610231,PC
7385,iOS
46293,PC
49851,PC
349451,PC
9463,Linux
9463,macOS
9463,PC
12060,PC
12060,macOS
12060,Linux
13430,macOS
13430,PC
13430,Linux
11909,PC
17176,macOS
17176,PC
17176,Linux
19799,PC
22620,PC
30114,PC
44386,macOS
44386,PC
44386,Linux
44421,macOS
44421,PC
44421,Linux
44637,PC
44637,macOS
44637,Linux
566666,PlayStation 4
552974,PC
50602,Linux
50602,macOS
50602,PC
60151,PC
969273,PC
61191,Linux
61191,PC
61191,macOS
62001,PC
62860,PC
65016,PC
65016,Linux
259802,Linux
259802,PC
259802,macOS
248405,PC
264874,PC
605676,PC
650972,PC
651057,PC
614979,PC
614979,macOS
614979,Linux
368133,macOS
368133,Linux
368133,PC
969909,PC
980742,PC
966929,PC
966929,Android
966929,iOS
966929,Nintendo Switch
889937,PC
894489,PC
874426,PC
965590,PC
965590,Linux
928761,Linux
928761,macOS
928761,PC
964168,PC
934528,PC
896629,PC
959886,Linux
959886,macOS
959886,PC
373601,PC
364722,PC
383859,PC
427913,PC
427579,PC
491488,PC
491488,Linux
500626,PC
430493,PC
449348,macOS
449348,Linux
449348,PC
681512,PC
672434,PC
711070,PC
724023,PC
724023,macOS
724023,Linux
546512,PC
524468,PC
544043,PC
727393,PC
725802,PC
743453,PC
774727,PC
743484,PC
801113,PC
779892,macOS
779892,PC
804801,PC
980575,Linux
980575,PC
978042,PC
982433,PC
996053,PC
857736,PC
857736,Linux
857736,macOS
878008,PC
879615,PC
640229,PC
664874,PC
662341,PC
662341,Linux
684977,PC
707345,PC
700738,PC
697532,PC
680037,PC
677252,PC
971310,PC
987042,PC
971202,PC
683238,PC
697494,PC
738083,PC
572914,PC
572914,macOS
572914,Linux
574803,PC
579591,PC
579591,macOS
593345,PC
638681,PC
598950,PC
598950,macOS
802468,PC
785838,PC
835135,PC
669385,PC
669385,Linux
613555,PC
613555,macOS
613555,Linux
651069,PC
44612,PC
44367,PC
44367,Linux
44367,macOS
38743,PC
25424,PC
25424,Nintendo DS
22047,PC
19711,PC
19711,Linux
23510,macOS
23510,Linux
23510,PC
20501,PC
17287,macOS
17287,PC
17287,Linux
11493,PC
11493,Linux
11493,Android
11493,macOS
4460,Nintendo DS
4460,PlayStation 2
4460,PSP
7094,Android
7094,iOS
6542,iOS
6542,macOS
62935,macOS
62935,Linux
62935,PC
64569,PC
721002,PC
729346,PC
692601,PC
815130,PC
799319,PC
818072,PC
801102,Linux
801102,macOS
801102,PC
714495,PC
725818,Linux
725818,PC
725818,macOS
688831,PC
690768,PC
729344,PC
678640,PC
664981,PC
664981,macOS
664981,Linux
663780,PC
663780,macOS
663780,Linux
669344,PC
497990,PC
490550,PC
490550,macOS
484632,PC
712555,PC
714492,PC
681439,PC
681439,Linux
680094,PC
615403,PC
615403,macOS
625741,PC
614958,PC
614958,PlayStation 2
614958,PlayStation 4
614958,Nintendo Switch
589264,PC
589264,macOS
589264,iOS
600934,PC
574780,PC
553029,PC
559071,PC
559071,macOS
546518,PC
494434,PC
375219,PC
379435,PC
351224,PC
336652,PC
336652,Linux
316246,PC
316246,macOS
316246,Linux
316246,Android
292099,PC
292099,macOS
292099,Linux
262469,PC
262469,macOS
262469,Linux
259929,PC
90360,PC
90360,macOS
90360,Linux
67151,Android
67151,iOS
65046,PC
627586,PC
970739,PC
972558,macOS
972558,PC
971306,PC
964250,PC
966810,PC
964158,PC
965382,PC
962728,PC
965508,Linux
965508,macOS
965508,PC
961115,Linux
961115,macOS
961115,PC
963659,Linux
963659,macOS
963659,PC
947977,PC
960740,PC
877970,PC
896692,PC
856227,PC
856227,Linux
856227,macOS
864949,PC
905630,Linux
905630,macOS
905630,PC
846488,PC
914827,PC
892965,Linux
892965,macOS
892965,PC
62270,PC
62270,macOS
62270,Linux
59817,PC
59817,macOS
59817,Linux
61187,PC
62481,PC
62481,macOS
60123,PC
62453,PC
60136,PC
51436,PC
50606,PC
46607,PC
47481,PC
47252,macOS
47252,PC
484833,PC
417948,PC
842484,PC
791771,PC
807114,Android
807114,PC
991895,PC
994845,PC
980183,PC
772643,PC
828485,PC
838328,PC
842457,PC
801116,PC
783853,PC
785816,PC
774664,PC
779890,PC
783772,Linux
783772,PC
743535,PC
750460,PC
953962,PC
966053,Linux
966053,macOS
966053,PC
938012,PC
963660,PC
741697,PC
741697,macOS
741697,Linux
734707,PC
752189,PC
752025,PC
743554,PC
741646,macOS
741646,Linux
741646,PC
707275,PC
714533,PC
624368,PC
650857,PC
636825,macOS
636825,PC
771284,Linux
771284,PC
736354,PC
741705,PC
5920,iOS
5920,PC
5920,macOS
10070,Nintendo Switch
10070,PC
16510,PC
16510,Linux
16510,macOS
19848,PC
19927,macOS
19927,PC
19927,Linux
15588,macOS
15588,PC
15588,Linux
20503,PC
20503,Linux
20503,macOS
29601,PC
31388,Linux
31388,PC
43909,PC
46563,Linux
46563,macOS
46563,PC
50643,macOS
50643,PC
782297,PC
813656,PC
833453,PC
881138,Linux
881138,macOS
881138,PC
881138,Android
741651,PC
616740,PC
492119,PC
535621,PC
520330,PC
380889,Linux
380889,macOS
380889,PC
392421,PC
427515,PC
427578,PC
427533,PC
427533,macOS
427533,Linux
640198,PC
678566,PC
678566,macOS
678566,Linux
666412,PC
681504,PC
647662,PC
647662,Xbox One
677253,PC
704703,PC
707320,PC
708995,PC
708995,Nintendo Switch
708995,Xbox One
708995,PlayStation 4
705304,PC
492165,PC
61277,PC
62999,PC
63610,PC
63610,macOS
63610,Linux
63610,Android
63610,Xbox One
292978,PlayStation 4
292978,PS Vita
292978,Nintendo Switch
581038,PC
570158,PC
570158,macOS
523045,PC
651102,PC
651102,Linux
649038,PC
667739,PC
650971,PC
566615,PC
568877,PC
602344,PC
602344,macOS
637459,PC
637459,macOS
637459,Linux
596289,PC
596289,Web
600954,PC
600954,macOS
600954,Linux
607410,PC
323182,Android
323182,Linux
323182,macOS
323182,PC
350502,PC
365534,PC
397359,PC
397359,macOS
397359,Android
389025,PC
389025,macOS
49513,macOS
49513,PC
49513,iOS
58958,PS Vita
58958,PSP
58958,PlayStation 2
58119,PlayStation 4
58119,Nintendo Switch
999153,macOS
999153,PC
998521,PC
723958,PC
741569,PC
743439,PC
743435,PC
743412,PC
723973,PC
711033,PC
738143,PC
712696,PC
712696,Xbox Series S/X
712696,Xbox One
712696,PlayStation 4
712696,PlayStation 5
712696,Nintendo Switch
741668,PC
754914,PC
745831,PC
743451,PC
745771,PC
624375,PC
961907,macOS
961907,PC
962845,PC
963753,PC
964183,macOS
964183,PC
965714,PC
971735,macOS
971735,PC
965864,macOS
965864,PC
970583,macOS
970583,PC
969666,PC
968672,Linux
968672,macOS
968672,PC
975215,PC
975541,PC
975541,Android
975541,macOS
979306,Linux
979306,macOS
979306,PC
980747,PC
994625,PC
1003529,PC
894439,PC
907367,PC
917891,PC
917891,Linux
917891,macOS
871191,PC
892972,PC
919757,PC
859442,PC
930951,macOS
930951,PC
949932,PC
961321,PC
941466,PC
955661,PC
939816,PC
964985,PC
963784,PC
964582,PC
768049,Linux
768049,PC
778192,PC
772568,PC
776268,PC
850710,PC
787639,PC
838314,Linux
838314,macOS
838314,PC
779810,Linux
779810,macOS
779810,PC
850780,PC
828491,PC
830076,PC
783826,PC
450145,PC
450145,macOS
491754,PC
44481,macOS
44481,PC
44481,Linux
934436,PC
886239,PC
884727,Linux
884727,macOS
884727,PC
905158,macOS
905158,PC
901678,PC
14795,Linux
14795,macOS
14795,PC
17387,PC
17387,macOS
17387,Linux
10197,PC
6339,PC
6339,iOS
166100,PC
166100,macOS
71459,Android
71459,iOS
59720,PC
59720,PS Vita
59720,Nintendo Switch
59720,iOS
59720,Android
61214,PC
61214,macOS
61214,Linux
60188,PC
51981,PC
51981,Linux
51981,macOS
51543,PC
51543,macOS
49819,PC
405268,PC
38124,Linux
38124,PC
801060,PC
769490,PC
802546,PC
801034,PC
976955,PC
975004,macOS
975004,PC
969045,PC
963766,PC
963536,PC
961112,PC
961089,PC
952109,PC
961574,Linux
961574,macOS
961574,PC
898394,Linux
898394,PC
743468,PC
745811,PC
743404,PC
736213,PC
727396,PC
838321,PC
828487,PC
816483,PC
816483,Nintendo Switch
813566,PC
869703,PC
863748,Linux
863748,PC
864985,PC
849467,PC
990357,PC
826825,PC
711080,PC
650855,PC
650903,Web
650903,PC
659126,Web
659126,PC
659126,macOS
630716,PC
756618,PC
776333,Linux
776333,PC
752193,PC
785841,PC
768091,PC
795387,PC
750308,Android
750308,Linux
750308,macOS
750308,PC
768101,PC
960990,Linux
960990,macOS
960990,PC
960367,PC
741568,PC
548084,PC
563289,PC
520786,PC
520786,macOS
513061,PC
530551,PC
530551,macOS
530551,Linux
722689,PC
674298,PC
695905,PC
674225,PC
674225,macOS
674225,Linux
669393,PC
724091,PC
724091,macOS
697538,PC
697531,PC
838341,PC
830072,PC
674212,PC
359271,PC
359271,macOS
359271,Linux
349566,PC
349566,macOS
321799,PC
321799,macOS
321799,Linux
638686,PC
604030,PC
604030,macOS
604030,Linux
607404,PC
594842,Web
594842,macOS
594842,PC
581160,PC
564169,PC
574799,PC
574799,macOS
553081,Xbox One
553081,PlayStation 4
553081,Nintendo Switch
553081,Linux
553081,macOS
553081,PC
758470,PC
745717,PC
560807,PC
65180,PC
64414,PC
60319,PC
517357,PC
507204,PC
491518,PC
491518,macOS
491518,Linux
490914,PC
494477,PC
494477,Linux
489741,macOS
489741,PC
485888,Linux
485888,macOS
485888,PC
485888,Xbox One
485888,Android
437781,PC
680073,PC
704698,PC
383542,PC
383542,Linux
23285,PC
20376,macOS
20376,PC
20376,Linux
17265,macOS
17265,PC
17265,Linux
16242,PC
320415,PC
292070,PC
286633,PC
286633,iOS
282920,PC
251517,PC
554767,PC
554767,macOS
554767,Linux
64412,PC
997285,macOS
997285,PC
987804,PC
986488,macOS
986488,PC
980970,Linux
980970,macOS
980970,PC
8914,iOS
981971,PC
974498,PC
979245,PC
978514,PC
49472,PC
49472,macOS
49082,PC
24302,PC
24302,Linux
24302,macOS
24302,Nintendo DS
24302,PS Vita
24302,Nintendo Switch
24302,iOS
23274,PC
16066,macOS
16066,PC
16066,Linux
14315,Linux
14315,macOS
14315,PC
13871,PC
13097,PC
13097,Linux
13097,macOS
12506,PC
11590,PC
11590,macOS
11590,Linux
73387,iOS
963749,macOS
963749,PC
961218,PC
955542,PC
960067,PC
962880,PC
998976,PC
991688,PC
989566,Linux
989566,macOS
989566,PC
989372,macOS
989372,PC
987620,macOS
987620,PC
60170,PC
60170,macOS
60341,PC
60341,macOS
60141,PC
60141,macOS
60141,Linux
59678,PC
322372,PC
47259,PC
43987,Web
43987,macOS
43987,PC
43987,Linux
43756,Nintendo 3DS
43756,PC
43756,Xbox One
43756,PlayStation 4
876493,Linux
876493,PC
973096,PC
976936,macOS
976936,PC
966791,PC
968407,PC
969289,PC
963603,Linux
963603,macOS
963603,PC
959844,PC
960929,PC
946581,Linux
946581,PC
804758,PC
959710,PC
930834,Linux
930834,macOS
930834,Android
930834,PC
916504,Linux
916504,macOS
916504,PC
887803,macOS
887803,PC
894483,Linux
894483,macOS
894483,PC
892952,Linux
892952,PC
938017,PC
994827,macOS
994827,PC
982561,PC
846512,PC
857741,PC
831851,PC
849506,Linux
849506,macOS
849506,PC
738091,PC
882960,Linux
882960,macOS
882960,PC
840769,PC
838348,PC
876456,PC
804794,PC
831840,PC
964192,Linux
964192,macOS
964192,PC
962071,PC
825380,Linux
825380,PC
826866,PC
797911,PC
815202,PC
785851,PC
650841,PC
650841,macOS
650841,Linux
789925,macOS
789925,PC
750524,PC
782339,PC
783849,PC
758512,PC
748710,PC
752028,PC
752028,macOS
752028,Linux
771273,PC
907419,Linux
907419,PC
934651,PC
768057,PC
752054,PC
752054,macOS
743443,PC
745548,PC
741699,PC
546486,PC
748534,PC
738081,PC
739739,PC
734688,PlayStation
734688,PC
734688,PSP
734720,PC
732516,PC
711082,PC
723984,macOS
723984,PC
793689,PC
816440,Linux
816440,macOS
816440,PC
719598,PC
697492,PC
651215,PC
663806,PC
644787,PC
651056,PC
638730,PC
651006,PC
610240,PC
622608,PC
758487,PC
750292,PC
574807,PC
570143,PC
566748,iOS
587693,PC
587693,macOS
532362,PC
523148,PC
490556,PC
490564,PC
500646,PC
494451,PC
734740,PC
428847,PC
403800,PC
403800,macOS
403800,PlayStation 2
403800,PSP
389035,PC
60415,PC
373643,PC
382571,PC
366562,PC
366562,Linux
366562,macOS
334362,PS Vita
334362,PSP
334362,Nintendo Switch
323094,PC
309800,PC
309800,macOS
309800,Linux
604045,PC
581198,PC
581198,macOS
581198,Linux
304949,PC
307169,PC
35424,Linux
35424,macOS
35424,PC
271852,Web
271852,iOS
73291,iOS
73291,Android
90385,PC
90385,macOS
90385,Linux
444379,iOS
444379,Android
65070,Linux
65070,macOS
65070,PC
62969,PC
62969,macOS
62969,Linux
63461,PlayStation 4
63461,PC
34173,Linux
34173,macOS
34173,PC
61859,PC
5157,PC
5157,Linux
5157,macOS
5157,PSP
10563,Linux
10563,macOS
10563,PC
14695,PC
13585,Linux
13585,PC
13585,macOS
14578,PC
17409,macOS
17409,PC
17409,Linux
23268,PC
559065,PC
542745,PC
542745,Web
309899,Nintendo Switch
309899,PlayStation 4
400100,PC
678567,PC
484628,PC
505879,PC
505879,macOS
505879,Linux
491902,PC
491902,macOS
491902,Linux
44962,PC
44962,macOS
44962,Linux
45430,PC
45430,macOS
45430,Linux
51155,macOS
51155,PC
51155,Linux
984146,Linux
984146,macOS
984146,PC
44851,PC
44851,macOS
44928,PC
989130,PC
984129,PC
994930,PC
995732,Linux
995732,macOS
995732,PC
994798,PC
977796,PC
972834,Linux
972834,macOS
972834,PC
974296,PC
973943,PC
973883,PC
971875,PC
980516,PC
981249,PC
982279,macOS
982279,PC
981085,PC
981725,Linux
981725,macOS
981725,PC
986223,Linux
986223,PC
985105,macOS
985105,PC
985712,Linux
985712,macOS
985712,PC
968101,Linux
968101,macOS
968101,PC
323705,PC
323705,macOS
320162,PC
314276,PC
314276,macOS
314276,Linux
328689,iOS
335133,PSP
335133,PS Vita
335133,Nintendo Switch
335133,Android
335133,iOS
335133,PC
367123,PC
50690,Linux
50690,macOS
50690,PC
54688,PSP
54688,Dreamcast
54688,PlayStation
54688,PC
58961,PSP
966534,PC
968238,PC
968522,Linux
968522,macOS
968522,PC
970179,macOS
970179,PC
969114,PC
992561,Linux
992561,macOS
992561,PC
971107,PC
967641,PC
967031,macOS
967031,PC
969854,macOS
969854,PC
968511,PC
973713,macOS
973713,PC
977084,PC
976773,PC
915566,PC
915566,Game Boy
934443,PC
934438,PC
947990,PC
949938,PC
947979,PC
978274,PC
961615,PC
961295,PC
962906,PC
963973,Linux
963973,PC
965899,macOS
965899,PC
962957,macOS
962957,PC
964576,Linux
964576,macOS
964576,PC
964245,PC
882946,PC
876483,PC
869659,PC
874478,PC
871263,PC
900145,PC
966708,Linux
966708,macOS
966708,PC
971313,PC
857745,PC
905632,PC
907366,PC
909838,Linux
909838,macOS
909838,PC
917898,PC
923145,PC
933644,Linux
933644,PC
933644,macOS
909817,PC
818015,PC
804755,PC
815203,PC
816335,PC
808859,PC
816320,PC
965892,PC
854446,PC
844364,PC
844364,macOS
844364,Linux
844364,Nintendo Switch
844364,Xbox Series S/X
844364,PlayStation 4
844364,Xbox One
844364,PlayStation 5
828492,PS Vita
828492,PC
840838,PC
838115,PC
842384,PC
852748,PC
745604,PC
748522,PC
755042,PC
756573,PC
756609,PC
776280,PC
901672,PC
884794,PC
776372,PC
774690,PC
789964,Linux
789964,PC
797952,PC
785798,PC
791678,PC
826812,PC
826812,PS Vita
826812,Nintendo Switch
793650,PC
736215,PC
725833,PC
736414,PC
719641,PC
738113,PC
739663,PC
739663,macOS
806956,PC
835127,Linux
835127,macOS
835127,PC
743450,PC
743408,PC
739679,PC
743406,PC
743417,PC
743489,PC
748386,PC
622523,PC
622522,PC
669342,PC
671189,Linux
671189,PC
671189,macOS
665027,PC
665027,Xbox One
674216,PC
769393,PC
756615,PC
697540,PC
700732,PC
707270,PC
707270,Linux
694391,PC
707294,PC
718180,PC
721005,PC
723965,PC
510047,PC
523105,PC
528705,macOS
528705,Linux
528705,PC
534211,PC
532332,Nintendo Switch
532332,PS Vita
532332,PC
532332,macOS
545142,PC
545142,macOS
743525,PC
743407,PC
587292,PC
587292,macOS
570166,PC
589115,PC
604014,PC
581021,PC
616735,PC
635230,PC
635230,macOS
635230,Linux
362651,PC
362651,PlayStation 2
248700,macOS
248700,PC
248700,iOS
236846,macOS
236846,PC
248531,PC
60757,Linux
60757,macOS
60757,PC
428227,PC
428785,PC
428785,macOS
428785,Linux
62632,PC
73746,iOS
73746,Android
76023,iOS
76023,Android
350592,PC
350592,macOS
46254,PC
46254,macOS
46254,Linux
45307,macOS
45307,PC
36227,PC
36227,iOS
23622,Linux
23622,macOS
23622,PC
20719,Linux
20719,PC
20719,macOS
14363,macOS
14363,PC
14363,Linux
10808,PC
62799,Linux
62799,macOS
62799,PC
62370,PC
542639,PC
354704,Android
354704,iOS
370413,PC
370413,iOS
390569,PC
390569,iOS
401752,PC
401752,macOS
401752,Linux
401752,Android
420967,PC
428786,PC
428786,macOS
428786,Linux
427967,PC
428742,PC
428742,Xbox One
428742,PlayStation 4
428742,Nintendo Switch
428691,PC
60923,PC
60340,PC
59993,PC
980299,PC
980288,Linux
980288,macOS
980288,Android
980288,PC
980287,Linux
980287,macOS
980287,Android
980287,PC
984149,PC
992269,PC
996390,PC
992282,PC
986587,PC
995300,Linux
995300,macOS
995300,PC
993559,PC
976129,PC
975289,Linux
975289,macOS
975289,PC
977385,macOS
977385,PC
979429,PC
980465,PC
984997,PC
49561,macOS
49561,PC
53324,PC
53324,Game Boy Advance
60375,PC
60086,PC
60086,macOS
60086,Linux
990682,PC
988142,PC
968842,Linux
968842,macOS
968842,PC
968573,PC
969516,Linux
969516,PC
970002,macOS
970002,PC
973862,PC
971497,PC
972126,macOS
972126,PC
971263,Linux
971263,macOS
971263,PC
972452,PC
973136,PC
971505,PC
974314,PC
971963,PC
973468,PC
971800,PC
972837,PC
964653,PC
965303,PC
963505,PC
966604,PC
966865,PC
965283,PC
964946,PC
966434,Linux
966434,macOS
966434,PC
964051,PC
966272,Linux
966272,macOS
966272,PC
967131,PC
968023,macOS
968023,PC
969729,Linux
969729,macOS
969729,PC
969585,PC
969568,PC
934433,PC
934456,PC
957472,Linux
957472,macOS
957472,PC
955619,PC
960160,macOS
960160,PC
960621,Linux
960621,macOS
960621,PC
949937,PC
957456,Linux
957456,macOS
957456,PC
962565,PC
960693,PC
961145,Linux
961145,macOS
961145,PC
962739,PC
960208,Linux
960208,macOS
960208,PC
947975,PC
961488,Linux
961488,macOS
961488,PC
856195,PC
876503,PC
911491,PC
882952,PC
911468,PC
905613,Linux
905613,PC
886245,PC
913209,PC
887807,PC
928797,PC
938052,Linux
938052,PC
934628,PC
934444,PC
932669,PC
916484,PC
842404,PC
842408,PC
842403,PC
818045,PC
842481,PC
842419,PC
872798,PC
863767,Linux
863767,macOS
863767,PC
854399,PC
842415,PC
857722,PC
861440,PC
861417,PC
842501,PC
871232,PC
842460,PC
769475,PC
771489,Linux
771489,macOS
771489,PC
776295,PC
776299,PC
789967,Linux
789967,macOS
789967,PC
801100,PC
804754,PC
791693,PC
793671,PC
816307,PC
840908,Linux
840908,PC
830068,Linux
830068,macOS
830068,PC
825325,PC
825324,PC
739661,PC
739661,macOS
743422,PC
743398,PC
743423,PC
743411,PC
743536,PC
748516,PC
748496,Linux
748496,macOS
748496,PC
761366,PC
756619,PC
754925,PC
754925,Linux
769403,PC
768079,PC
774750,iOS
695912,PC
707264,PC
711040,PC
725784,PC
721009,PC
725793,PC
712552,PC
721011,PC
734689,PC
734689,PSP
734689,PlayStation 2
736217,PC
736185,PC
741680,PC
743500,PC
738145,PC
644695,PC
644695,macOS
644695,Linux
644695,Android
641778,PC
670386,macOS
670386,Linux
670386,PC
651133,PC
669396,PC
663801,PC
677173,PC
677224,PC
677224,Linux
672443,PC
683203,PC
711031,PC
711031,macOS
681551,PC
690737,PC
707301,PC
683201,PC
541302,PC
541251,PC
548128,PC
571725,PC
571725,macOS
563347,PC
576402,macOS
576402,Linux
576402,PC
576435,PC
570097,PC
581029,PC
581189,PC
600930,PC
615006,PC
638760,PC
643153,PC
462911,PC
462911,macOS
470970,PC
470970,macOS
491582,PC
490934,PC
490934,PlayStation 4
491308,macOS
491308,PC
490707,PC
490707,macOS
490707,Linux
491107,PC
491107,macOS
491970,PC
491304,PC
496729,macOS
496729,PC
495647,PC
496738,PC
496738,macOS
496738,PlayStation 4
522999,PC
525635,PC
525635,macOS
525635,Linux
60705,PC
356083,PC
356083,iOS
356083,Android
74417,iOS
91457,PC
90577,Web
90565,PC
90565,macOS
90565,Android
333136,PS Vita
333141,PS Vita
334383,PlayStation 2
333137,PS Vita
349155,PC
262413,PC
262413,macOS
262413,Linux
286583,PC
430511,PC
430511,macOS
277930,PC
313842,PC
313842,Linux
316864,PC
316864,macOS
316864,Linux
323154,PC
330734,PC
324123,PlayStation 4
324123,PS Vita
60989,PC
971071,PC
309731,PC
304938,PC
302330,PC
282927,PC
284247,iOS
262719,Linux
262719,macOS
262719,PC
262719,iOS
264799,PC
259896,PC
241102,PC
223553,iOS
223553,Android
157395,Web
157395,PC
91262,PC
91262,macOS
91262,Linux
73642,iOS
73642,Android
74156,Android
74156,iOS
65716,Android
65716,iOS
60309,PC
60354,macOS
60354,Linux
60354,PC
1004961,PC
1003873,PC
1001794,PC
999461,macOS
999461,PC
996999,PC
996999,Android
61028,PC
60215,PC
60200,PC
60626,PC
60626,macOS
60048,PC
58955,PC
58955,macOS
58955,Linux
57750,SEGA Saturn
57750,PC
57750,PlayStation
50751,PC
49848,PC
46692,PC
46030,PC
43873,macOS
43873,PC
24185,Android
24185,Nintendo 3DS
24185,iOS
24185,PC
24185,Xbox One
22550,macOS
22550,PC
22550,Linux
23396,macOS
23396,PC
20838,PC
20838,Linux
20838,macOS
20456,macOS
20456,PC
20456,Linux
20034,PC
20034,Linux
20034,macOS
18258,macOS
18258,PC
18258,Linux
18911,macOS
18911,PC
18911,Linux
18463,PC
16507,macOS
16507,PC
16507,Linux
14311,macOS
14311,PC
14311,Linux
13584,Linux
13584,macOS
13584,PC
997997,PC
994640,PC
994814,PC
991953,PC
997954,PC
995777,PC
995821,macOS
995821,PC
990119,PC
991294,Linux
991294,macOS
991294,PC
989925,PC
989725,PC
988508,PC
991036,macOS
991036,PC
989581,Linux
989581,macOS
989581,PC
987626,PC
985133,Linux
985133,macOS
985133,PC
986135,PC
987286,macOS
987286,PC
982928,PC
983571,PC
981216,PC
980924,macOS
980924,PC
982769,Linux
982769,macOS
982769,PC
982661,PC
982784,PC
981755,PC
980249,PC
979178,PC
979795,PC
980840,PC
977904,PC
976057,PC
975507,PC
977225,PC
977863,Linux
977863,PC
975611,PC
975538,PC
978001,PC
973486,Linux
973486,macOS
973486,PC
974917,Linux
974917,PC
973795,PC
972065,PC
972891,Linux
972891,macOS
972891,PC
968344,PC
969651,PC
968228,PC
968926,PC
804760,PC
970409,PC
968020,PC
969164,PC
969029,PC
969359,PC
969101,PC
971179,PC
969278,PC
967841,PC
967259,macOS
967259,Linux
967259,Android
967259,PC
965287,PC
967465,Linux
967465,macOS
967465,PC
965612,PC
966968,PC
965368,Linux
965368,macOS
965368,PC
965691,PC
965259,PC
965396,PC
967275,PC
965298,PC
965540,Linux
965540,macOS
965540,PC
963522,PC
962394,PC
964400,Linux
964400,macOS
964400,PC
964417,Linux
964417,macOS
964417,PC
964095,PC
962189,Linux
962189,PC
961954,PC
962797,PC
964521,PC
962502,PC
964670,Linux
964670,macOS
964670,PC
962578,Linux
962578,macOS
962578,PC
961095,PC
960966,PC
961322,Linux
961322,macOS
961322,PC
960451,Linux
960451,macOS
960451,PC
949919,Linux
949919,macOS
949919,PC
960517,PC
955636,PC
959954,PC
961101,PC
948061,PC
948112,PC
939780,PC
938016,PC
947978,PC
934439,PC
944970,Linux
944970,macOS
944970,PC
926717,PC
934448,PC
934454,PC
934615,Linux
934615,macOS
934615,PC
936419,Linux
936419,macOS
936419,PC
926784,PC
934561,Linux
934561,macOS
934561,PC
930905,PC
929383,PC
929383,Web
919738,PC
916543,PC
896645,PC
882963,PC
892945,macOS
892945,PC
892933,PC
881187,PC
874433,Linux
874433,macOS
874433,PC
887760,PC
886284,PC
879647,PC
889883,PC
878012,PC
871286,macOS
871286,PC
887772,PC
850678,PC
846293,Nintendo DS
852983,PC
852983,iOS
865013,PC
861416,PC
842547,PC
842582,PC
842432,PC
842385,PC
842453,PC
836506,PC
842407,PC
835124,PC
833446,PC
828468,Android
828468,iOS
828468,Nintendo Switch
828468,PSP
828468,PlayStation 2
828468,PS Vita
831891,PC
828473,PS Vita
828473,PC
830083,Linux
830083,macOS
830083,PC
815128,Linux
815128,macOS
815128,PC
816318,PC
831817,PS Vita
831817,PC
825320,Xbox 360
825320,PSP
825320,PC
828476,PS Vita
828476,Nintendo Switch
823547,PSP
810290,PC
6724,iOS
804834,PC
803866,Linux
803866,macOS
803866,PC
801054,PC
804763,PC
801057,PC
804833,PC
783823,PC
796154,macOS
796154,PC
791665,PC
774711,PC
760876,PC
745774,PC
743727,PC
743504,PC
743518,PC
743433,PC
743449,PC
743485,PC
741574,PC
741576,PC
741577,PC
739672,PC
743486,PC
739502,PC
739555,PC
738029,PC
736218,PC
734766,PC
719639,PC
722679,PC
703295,PC
703295,Linux
712634,PC
695935,macOS
695935,PC
699083,PC
711039,PC
697105,PC
697105,macOS
697105,Linux
688769,PC
688769,macOS
692680,PC
692680,macOS
692680,Linux
694417,PC
690713,macOS
690713,Linux
690713,PC
674310,PC
672325,PC
672325,macOS
672325,Linux
651508,iOS
650933,PC
651147,PC
627555,PC
627555,macOS
627661,Android
627661,iOS
622548,PC
625801,PC
607385,PC
614992,PC
613575,PC
608691,PC
608691,macOS
608691,Linux
610278,PC
581130,PC
573194,PC
570080,PC
554774,PC
558480,PC
558480,macOS
558480,Xbox One
557699,PC
557730,PC
551652,Linux
551652,macOS
551652,PC
551652,Xbox One
551652,Android
547088,iOS
547088,Web
547088,PC
547088,macOS
547088,Linux
541292,PC
523965,Android
523965,PC
523965,macOS
523965,Linux
523117,PC
498033,iOS
502174,PC
499322,PC
499322,macOS
499322,Linux
495705,iOS
495705,PC
505833,PC
490850,PC
492035,PC
491428,PC
490632,PC
490479,PC
485175,PC
490520,PC
490520,Linux
485153,PC
476113,PC
480753,Xbox One
480753,PC
480753,PlayStation 4
463760,PC
463760,iOS
454851,PC
454851,macOS
454851,Linux
454851,Android
437087,iOS
428179,PC
428179,macOS
427907,PC
430333,PC
411527,PC
416635,Web
416635,PC
395994,iOS
393536,PC
388961,Linux
388961,macOS
388961,PC
385455,PC
370667,PC
370667,macOS
370667,Linux
370667,Android
367111,PC
365001,PC
365001,macOS
353441,PS Vita
333138,PlayStation 4
333138,PSP
333138,PS Vita
333138,Nintendo Switch
322362,PC
322362,macOS
324179,PC
311728,PC
270770,PC
270770,Linux
73140,iOS
44199,macOS
44199,Linux
44199,PC
91453,PC
91453,macOS
91453,Linux
439,iOS
73685,iOS
73685,Android
65281,PC
63967,macOS
63967,Linux
63967,PC
63480,PC
63480,macOS
264784,Nintendo Switch
264784,PC
264784,macOS
50756,PC
50621,Linux
50621,macOS
50621,PC
49832,Linux
49832,macOS
49832,PC
47413,PC
45215,PC
45412,PC
18175,Linux
18175,macOS
18175,PC
63604,PC
64054,PC
90801,PC
90801,macOS
90801,Linux
89655,iOS
76263,iOS
76263,Android
73121,iOS
61564,Linux
61564,PC
61564,macOS
61839,macOS
61839,PC
61146,macOS
61146,PC
61844,macOS
61844,Linux
61844,PC
61229,PC
61170,PC
60943,PC
60943,macOS
60303,Linux
60303,PC
59694,PC
59800,Linux
59800,macOS
59800,PC
59800,Android
51954,PC
51581,PC
51252,macOS
51252,PC
44438,PC
1002821,PC
1002855,macOS
1002855,PC
1001151,macOS
1001151,PC
1002725,macOS
1002725,PC
1001375,PC
999420,macOS
999420,PC
999969,PC
998798,PC
998393,PC
998819,PC
999370,PC
997196,macOS
997196,PC
996010,PC
996430,PC
994881,PC
993018,PC
993075,macOS
993075,PC
992941,Linux
992941,macOS
992941,PC
994374,PC
991712,macOS
991712,PC
989534,PC
991218,Linux
991218,macOS
991218,PC
989275,PC
990246,PC
990526,macOS
990526,PC
992359,Linux
992359,macOS
992359,PC
990004,Linux
990004,macOS
990004,PC
989100,PC
986563,PC
988446,PC
988132,PC
989200,PC
988016,PC
987763,PC
987690,PC
987579,PC
987860,macOS
987860,PC
985185,Linux
985185,macOS
985185,PC
984122,PC
985204,Linux
985204,macOS
985204,PC
984393,Linux
984393,macOS
984393,PC
984028,Linux
984028,macOS
984028,PC
984486,PC
983804,PC
983307,PC
983790,macOS
983790,PC
982066,PC
982175,PC
983669,PC
981521,Linux
981521,macOS
981521,PC
981817,PC
983627,PC
982009,PC
981390,PC
981315,Linux
981315,PC
980600,PC
980286,PC
980286,Linux
980286,macOS
980286,Android
980229,macOS
980229,PC
979371,macOS
979371,PC
979136,PC
980899,Linux
980899,macOS
980899,PC
979976,PC
980381,Linux
980381,macOS
980381,PC
979868,Linux
979868,macOS
979868,PC
979071,PC
980826,Linux
980826,macOS
980826,PC
979287,PC
978994,PC
977862,PC
976569,PC
978298,Linux
978298,macOS
978298,PC
976698,PC
978643,Linux
978643,PC
977504,PC
976684,PC
977141,Linux
977141,macOS
977141,PC
977487,PC
975653,PC
976301,Android
976301,PC
975625,PC
976058,macOS
976058,PC
976058,Linux
975496,PC
975346,PC
975043,Linux
975043,macOS
975043,PC
975163,PC
974831,Android
974831,PC
974795,SEGA Saturn
974795,PC
974421,PC
973890,Linux
973890,macOS
973890,PC
974249,PC
973994,PC
973720,macOS
973720,PC
970191,macOS
970191,PC
971231,PC
971566,PC
969641,PC
972358,PC
972056,PC
971438,PC
970429,Linux
970429,macOS
970429,PC
972474,PC
970705,PC
969717,PC
969769,PC
971899,PC
969600,PC
969679,PC
970879,Linux
970879,macOS
970879,PC
969433,Linux
969433,macOS
969433,PC
968826,PC
969081,PC
969066,PC
969056,PC
968309,PC
968221,Linux
968221,macOS
968221,PC
969021,PC
967774,PC
968658,Linux
968658,PC
969220,Linux
969220,macOS
969220,PC
969111,Linux
969111,PC
966041,PC
965744,PC
965497,PC
966913,Linux
966913,macOS
966913,PC
965556,PC
967513,macOS
967513,PC
964232,Linux
964232,macOS
964232,PC
965156,PC
964020,PC
964988,Linux
964988,macOS
964988,PC
964339,macOS
964339,PC
965323,macOS
965323,PC
964331,PC
963691,Linux
963691,macOS
963691,PC
963696,PC
963925,Linux
963925,Android
963925,PC
964481,PC
964428,macOS
964428,PC
965135,PC
964207,PC
963967,Linux
963967,macOS
963967,PC
964090,Linux
964090,macOS
964090,PC
963383,PC
963383,iOS
962795,PC
962756,Linux
962756,macOS
962756,PC
962831,PC
963511,Linux
963511,macOS
963511,PC
963127,PC
963127,Nintendo Switch
962215,PC
962683,PC
963656,PC
962757,PC
961680,Linux
961680,macOS
961680,PC
961123,Linux
961123,macOS
961123,PC
961485,PC
961939,Linux
961939,macOS
961939,PC
960982,PC
960957,PC
961445,Linux
961445,macOS
961445,PC
961320,PC
961620,PC
960179,macOS
960179,PC
959753,PC
959695,PC
959740,Linux
959740,macOS
959740,PC
952072,PC
957514,PC
960399,PC
960193,PC
948139,PC
941521,PC
946642,PC
948031,PC
938014,PC
945023,Linux
945023,PC
936470,PC
949910,PC
934441,PC
934597,PC
934449,PC
928820,Linux
928820,macOS
928820,PC
926821,PC
923105,PC
917787,PC
913270,PC
907440,PC
917882,Linux
917882,PC
907393,Linux
907393,macOS
907393,PC
894534,Linux
894534,macOS
894534,PC
904217,PC
904214,PC
907383,PC
906777,Linux
906777,macOS
906777,PC
896651,PC
896707,PC
907420,PC
892910,PC
892968,Linux
892968,macOS
892968,PC
892908,PC
879600,PC
889931,PC
879570,Android
879570,macOS
879570,Linux
879570,PC
872800,PC
869636,PC
866503,PC
868213,macOS
868213,PC
854467,PC
850733,PC
856218,PC
846296,Nintendo DS
850680,PC
846419,Linux
846419,PC
846452,PC
838297,PC
838263,PC
838081,PC
831829,PS Vita
838204,PC
838179,PC
831822,PS Vita
831822,PSP
831822,PC
831821,PS Vita
831821,PSP
831821,PC
831830,Nintendo Switch
831823,PS Vita
831823,PSP
831823,PC
835104,PC
831820,PS Vita
831820,PSP
831820,PlayStation 2
830221,Linux
830221,PC
835088,PC
830225,PC
828474,PSP
828474,PS Vita
830034,PS Vita
825317,PSP
825319,PS Vita
825319,PSP
829392,PC
829392,Web
829392,Android
829392,Linux
829392,macOS
825318,Nintendo Switch
825318,Android
825318,iOS
825318,PS Vita
825318,PSP
825318,PlayStation 2
815186,Linux
815186,PC
825314,PSP
825314,PC
825310,PS Vita
825310,PC
825313,PSP
807115,PC
812133,Linux
812133,macOS
812133,PC
791632,PC
791802,PC
787689,Linux
787689,PC
779854,PC
783761,macOS
783761,PC
764986,PC
774706,Linux
774706,macOS
774706,PC
776278,PC
760191,PC
761354,PC
754980,PC
755059,PC
752088,PC
752088,Linux
748112,PC
745746,PC
743553,PC
743736,PC
743736,Linux
745776,PC
741575,PC
743410,PC
743479,PC
743428,PC
743403,PC
743420,PC
743402,PC
739698,PC
739554,PC
739559,PC
739538,PC
739500,PC
736320,Linux
736320,PC
736223,PC
736222,PC
736245,PC
734716,PC
736216,PC
736175,PC
736175,Android
736175,iOS
720965,PC
727401,PC
719638,PC
721066,Linux
721066,macOS
721066,PC
719590,PC
719590,macOS
719590,Linux
719610,Linux
719610,PC
719610,macOS
718142,PC
712692,PC
712600,PC
709070,PC
714490,PC
712581,PC
709110,PC
709110,macOS
709110,Linux
704659,PC
694380,PC
700686,PC
694414,PC
694414,macOS
694414,Linux
702366,PC
690747,PC
678588,Linux
678588,PC
678588,macOS
681472,PC
683194,PC
692604,PC
677210,PC
663764,Linux
663764,PC
669359,PC
667716,PC
667783,Xbox One
667783,PC
650761,PC
647579,PC
649054,PC
649054,macOS
649054,Linux
649054,Android
638779,PC
638779,macOS
638779,Linux
627385,PC
625699,PC
630702,PC
597181,PC
597181,macOS
597181,Linux
608522,PC
605632,PC
598582,Linux
598582,PC
596887,PC
602313,PC
586223,iOS
586171,PC
578251,iOS
579566,PC
580060,macOS
580060,Linux
580060,PC
579556,PC
566565,Linux
566565,macOS
566565,PC
566565,iOS
571705,PC
571705,macOS
571705,Linux
570156,PC
556196,iOS
559029,PC
559029,macOS
541328,iOS
541273,PC
548042,PC
548042,macOS
536910,PC
536910,macOS
536910,Linux
532447,PC
525649,PC
523043,PC
520299,macOS
520299,Linux
520299,Nintendo DS
520299,PC
517369,PC
517369,macOS
517369,Linux
517369,iOS
518625,PC
496725,PC
499211,Linux
499211,macOS
499211,PC
498785,PC
496762,PC
496762,macOS
491750,PC
491750,macOS
491458,PC
491458,macOS
492254,PC
491647,PC
492091,PC
492070,PC
490624,PC
488416,PC
470377,PC
470377,macOS
470377,Linux
461796,iOS
457557,PC
430467,PC
430467,macOS
430522,iOS
427896,PC
427896,Linux
427896,macOS
427627,PC
427627,macOS
428018,PC
428021,PC
419709,PC
419709,macOS
419709,Android
420971,PC
392031,PC
392031,Nintendo Switch
385611,iOS
373645,PC
366295,PC
349322,PC
338424,iOS
14292,PC
306930,PC
306930,macOS
306930,Linux
294156,PC
297254,PC
298444,PC
297325,Linux
297325,PC
287327,macOS
287327,Linux
287327,PC
279052,PC
279052,macOS
282923,PC
282923,macOS
19961,PC
253253,PC
253253,macOS
253253,Linux
254601,Linux
254601,macOS
254601,PC
257069,macOS
257069,Linux
257069,PC
248449,PC
236295,PC
236295,macOS
236295,Linux
216331,PC
216331,macOS
92245,PC
90945,PC
90945,macOS
90945,Linux
91725,PC
91725,macOS
91725,Linux
4088,Dreamcast
4088,PlayStation
5070,PlayStation 3
8525,iOS
11431,PC
12243,macOS
12243,PC
12243,Linux
13295,PC
14035,PC
15828,macOS
15828,PC
15828,Linux
18653,PC
21049,PC
21049,macOS
21049,Linux
23289,PC
23289,Linux
23289,macOS
24676,Nintendo DS
25406,PC
25406,Nintendo DS
27788,PC
27788,Nintendo 3DS
27788,Android
27788,iOS
41171,PC
41171,macOS
41171,iOS
44816,PC
45931,macOS
45931,PC
46972,PC
46972,Linux
46972,macOS
49482,macOS
49482,Linux
49482,PC
49704,PC
51461,PC
60164,PC
60363,PC
60363,macOS
60363,Linux
60564,PC
60419,Linux
60419,macOS
60419,PC
60131,PC
60825,PC
61288,PC
61288,Linux
61985,Linux
61985,macOS
61985,PC
61452,PC
62085,Linux
62085,macOS
62085,PC
62640,Linux
62640,macOS
62640,PC
62902,PC
64422,PC
64629,macOS
64629,PC
64367,PC
64367,macOS
64531,PC
64531,macOS
64531,Linux
64404,PC
64745,PC
72887,iOS
72887,Android
73610,iOS
73323,iOS
73518,iOS
73441,iOS
73603,iOS
73314,iOS
73574,iOS
74040,Android
74040,iOS
73844,iOS
73964,iOS
73955,iOS
74384,Android
74384,iOS
998630,Linux
998630,macOS
998630,PC
998615,PC
999139,PC
999196,PC
999475,PC
1000881,Linux
1000881,macOS
1000881,PC
1000683,Linux
1000683,PC
1000842,Linux
1000842,macOS
1000842,PC
1000328,macOS
1000328,PC
1002268,PC
1003137,PC
1005985,Linux
1005985,macOS
1005985,PC
1005741,PC
995852,PC
994709,PC
997817,PC
996831,PC
996471,PC
996764,PC
997490,PC
998038,Linux
998038,PC
997414,PC
996105,PC
998611,PC
997874,Linux
997874,macOS
997874,PC
997451,PC
999098,Linux
999098,macOS
999098,PC
998716,Linux
998716,macOS
998716,PC
999100,PC
993625,PC
993101,Linux
993101,macOS
993101,PC
993275,PC
993783,PC
993896,PC
993541,Linux
993541,macOS
993541,PC
993599,PC
994696,Linux
994696,macOS
994696,PC
995737,Linux
995737,macOS
995737,PC
994118,Linux
994118,macOS
994118,PC
994528,PC
995391,macOS
995391,PC
996083,macOS
996083,PC
995487,PC
990467,Linux
990467,macOS
990467,PC
989832,PC
990653,PC
990574,macOS
990574,PC
990468,PC
990313,PC
990914,PC
992691,Linux
992691,PC
991968,PC
992156,Linux
992156,macOS
992156,PC
991316,PC
992164,Linux
992164,macOS
992164,PC
992545,Linux
992545,macOS
992545,PC
992167,PC
991042,macOS
991042,PC
993079,Linux
993079,macOS
993079,PC
986324,Linux
986324,macOS
986324,PC
987081,Linux
987081,PC
986887,macOS
986887,PC
986570,PC
986746,macOS
986746,PC
986782,PC
987912,Linux
987912,macOS
987912,PC
987004,PC
987398,PC
987930,PC
988334,Linux
988334,macOS
988334,PC
988716,PC
989034,Linux
989034,macOS
989034,PC
990496,PC
990081,PC
981203,PC
982185,PC
983299,PC
983235,PC
983327,PC
983401,PC
983596,PC
983666,Linux
983666,PC
984327,PC
984335,Linux
984335,macOS
984335,PC
984974,PC
985015,Linux
985015,macOS
985015,PC
985225,PC
984998,PC
985487,PC
986224,PC
979455,PC
979930,Linux
979930,macOS
979930,PC
979981,PC
980617,PC
980985,PC
980239,PC
981202,PC
980177,PC
980398,macOS
980398,PC
981089,macOS
981089,PC
981622,macOS
981622,PC
982337,PC
982849,macOS
982849,PC
981334,Linux
981334,PC
982687,Linux
982687,macOS
982687,PC
981692,Linux
981692,macOS
981692,PC
977301,Linux
977301,macOS
977301,PC
976993,PC
977171,PC
977684,PC
977586,PC
976971,PC
977936,Linux
977936,macOS
977936,PC
977896,PC
978206,PC
978607,PC
978898,PC
978703,Linux
978703,macOS
978703,PC
979878,PC
979798,PC
979706,Linux
979706,macOS
979706,PC
975279,Linux
975279,macOS
975279,PC
975782,PC
975550,PC
976515,PC
976128,PC
975877,PC
975872,macOS
975872,PC
976259,macOS
976259,PC
976395,PC
976427,PC
976965,PC
978169,PC
976893,PC
973722,Linux
973722,macOS
973722,PC
973725,Linux
973725,macOS
973725,PC
973276,Linux
973276,macOS
973276,PC
973673,PC
973498,PC
974102,PC
973813,Linux
973813,macOS
973813,PC
973976,PC
973855,PC
974400,PC
975160,PC
975493,PC
974837,PC
975503,Linux
975503,macOS
975503,PC
974866,Linux
974866,macOS
974866,PC
973263,Linux
973263,macOS
973263,PC
972230,PC
972240,PC
972185,PC
972267,macOS
972267,PC
972306,Linux
972306,macOS
972306,PC
972269,Linux
972269,macOS
972269,PC
972417,PC
972308,PC
972728,PC
972286,PC
972705,PC
973218,PC
973024,PC
973132,Linux
973132,macOS
973132,PC
973611,PC
968999,PC
968398,PC
969534,Linux
969534,PC
969138,PC
969067,PC
969650,PC
971216,PC
971354,Linux
971354,PC
971716,Linux
971716,macOS
971716,PC
971728,Linux
971728,PC
972127,PC
970657,PC
970658,PC
971304,PC
971583,PC
970934,PC
966839,PC
967278,Linux
967278,macOS
967278,PC
968138,PC
967766,PC
967481,Linux
967481,macOS
967481,PC
967499,PC
967839,Linux
967839,macOS
967839,PC
967761,PC
968244,Linux
968244,macOS
968244,PC
969245,PC
968820,PC
969510,PC
968947,Linux
968947,macOS
968947,PC
968669,Linux
968669,macOS
968669,PC
969001,PC
964321,Linux
964321,macOS
964321,PC
964813,PC
964810,Linux
964810,macOS
964810,PC
964682,PC
964835,PC
965017,Linux
965017,PC
965413,PC
965739,Linux
965739,macOS
965739,PC
966131,Linux
966131,macOS
966131,PC
965486,PC
966370,PC
965950,PC
967292,macOS
967292,PC
966528,Linux
966528,macOS
966528,PC
966930,PC
967012,Linux
967012,macOS
967012,PC
962447,PC
962567,PC
962507,PC
962554,macOS
962554,PC
963745,Linux
963745,macOS
963745,PC
964065,PC
963662,PC
963622,Linux
963622,PC
963320,PC
964028,PC
964096,PC
963892,Linux
963892,macOS
963892,PC
965157,PC
964804,PC
964169,PC
964660,Linux
964660,PC
960266,Linux
960266,macOS
960266,PC
961015,Linux
961015,macOS
961015,PC
961197,PSP
961197,PS Vita
961197,PC
960938,PC
961264,PC
960746,PC
961548,PC
961159,PC
961086,Linux
961086,PC
961496,macOS
961496,PC
962548,Linux
962548,macOS
962548,PC
962096,PC
962833,PC
962733,Linux
962733,macOS
962733,PC
962910,PC
962434,Linux
962434,PC
959620,PC
953997,PC
957502,PC
959658,PC
955663,PC
957459,Linux
957459,PC
959673,PC
959663,Linux
959663,PC
957450,PC
960135,Linux
960135,macOS
960135,PC
959888,PC
960330,PC
960503,Linux
960503,PC
960743,PC
959764,Linux
959764,macOS
959764,PC
934447,PC
939830,PC
939834,PC
941485,PC
941471,PC
941497,PC
943537,PC
946570,PC
941481,Linux
941481,PC
944972,PC
947465,Linux
947465,macOS
947465,PC
952031,PC
949936,PC
952100,PC
946594,Linux
946594,macOS
946594,PC
946591,PC
925082,Linux
925082,PC
926770,Linux
926770,macOS
926770,PC
925060,PC
925069,macOS
925069,PC
926720,PC
934512,Linux
934512,macOS
934512,PC
932388,PC
932639,PC
934445,PC
934457,PC
936449,Linux
936449,macOS
936449,PC
934453,PC
934432,PC
934452,PC
934592,Linux
934592,PC
909815,PC
907371,PC
911441,macOS
911441,PC
907379,PC
911521,PC
911528,PC
917863,PC
916506,Linux
916506,macOS
916506,PC
914856,Linux
914856,macOS
914856,PC
923060,Linux
923060,macOS
923060,PC
917856,Linux
917856,macOS
917856,PC
916468,PC
916482,PC
916482,Linux
925109,PC
925055,PC
882978,PC
881228,PC
879567,Linux
879567,macOS
879567,PC
887790,PC
886258,PC
884081,Linux
884081,PC
884725,Linux
884725,macOS
884725,PC
889896,PC
894478,Linux
894478,macOS
894478,PC
894471,PC
889924,PC
900172,PC
901627,PC
898398,PC
868114,PC
872840,PC
868173,PC
868129,PC
871236,PC
871189,PC
874436,PC
879649,PC
883003,PC
876490,PC
881210,PC
876499,PC
883038,Linux
883038,macOS
883038,PC
875658,PC
842443,macOS
842443,PC
838192,PC
840826,PC
850679,PC
849475,PC
849449,PC
850752,PC
856182,PC
854360,PC
854427,Linux
854427,macOS
854427,PC
857640,PC
865056,Linux
865056,PC
868929,PC
868929,Web
868929,macOS
828472,PS Vita
823621,PC
828469,Nintendo Switch
828469,PlayStation 4
828469,PS Vita
828469,PC
828470,PS Vita
828470,PC
828479,PS Vita
828481,PSP
828481,PC
828481,PS Vita
831825,PS Vita
831825,PC
831827,PS Vita
831827,PC
831818,PS Vita
831818,PC
831828,PS Vita
831828,Nintendo Switch
831828,PC
833562,Linux
833562,macOS
833562,PC
831819,PS Vita
831819,Nintendo Switch
828477,PS Vita
828480,PS Vita
833451,PC
831873,PC
791651,PS Vita
791651,Nintendo Switch
791651,PC
801035,PC
802524,Linux
802524,PC
804997,iOS
806957,PC
810521,Linux
810521,macOS
810521,PC
806955,PC
812190,PC
813556,PC
818050,PC
817995,PC
823561,PC
761433,PC
761408,PC
772565,Linux
772565,macOS
772565,PC
776323,PC
776338,PC
776303,PC
776339,PC
778184,PC
778183,PC
779882,macOS
779882,PC
787779,iOS
791764,PC
745820,PC
745770,PC
748664,PC
750328,PC
750310,PC
752072,PC
752072,macOS
752064,PC
752118,PC
752142,PC
759900,PC
759900,macOS
769446,macOS
769446,PC
771286,PC
734677,PC
736219,PC
736334,PC
736246,PC
738066,PC
739571,PC
741599,PC
741712,PC
743434,PC
743551,PC
743491,PC
743600,PC
745779,PC
748219,Linux
748219,macOS
748219,PC
711034,PC
704665,PC
704665,macOS
704492,PC
704758,macOS
704758,PC
702355,PC
712673,PC
717035,PC
717035,macOS
717035,Linux
724098,PC
724083,macOS
724083,Linux
724083,PC
725564,Linux
725564,macOS
725564,PC
723977,PC
729306,PC
651434,macOS
651434,PC
651434,iOS
664995,PC
674208,PC
673850,Linux
673850,macOS
673850,PC
678608,PC
681565,PC
681565,macOS
681565,Linux
684980,PC
692584,PC
694389,PC
694389,macOS
694389,Linux
697543,PC
613552,PC
613552,Linux
627532,PC
625763,PC
625705,PC
625705,Linux
624402,PC
628242,macOS
628242,PC
630820,Web
630820,PC
633434,PC
641749,macOS
641749,PC
640245,PC
647565,PC
650929,PC
579557,PC
586094,PC
586094,Linux
585974,PC
585974,macOS
585974,Linux
586126,PC
586126,macOS
586126,Linux
594399,PC
594399,macOS
594399,Linux
593302,PC
593359,PC
593327,PC
610243,PC
608649,PC
608649,Linux
611695,PC
607380,PC
613588,iOS
540065,PC
546528,PC
545074,PC
545074,macOS
551288,PC
552961,PC
552996,PC
563399,PC
557724,PC
557759,PC
557759,macOS
557707,PC
557707,macOS
557707,Linux
570153,PC
576457,iOS
576457,PC
576457,macOS
581102,PC
581102,macOS
581102,Linux
516809,Linux
516809,PC
514956,Linux
514956,macOS
514956,PC
518630,PC
523135,PC
523145,PC
527429,PC
534217,PC
534217,macOS
534217,Linux
530525,PC
534652,PC
534652,macOS
535548,PC
535681,PC
536903,PC
540068,PC
491974,PC
491974,Linux
491410,PC
491370,PC
491225,PC
491756,PC
491240,PC
492108,PC
492110,PC
491715,PC
492234,PC
492234,Linux
502142,PC
505932,PC
504897,PC
508562,iOS
510037,PC
484749,PC
484918,PC
484918,macOS
484918,Linux
484661,PC
485180,PC
490474,PC
490654,PC
490441,PC
490841,PC
491019,PC
491012,PC
491012,Nintendo Switch
491267,PC
491275,PC
491204,PC
427594,PC
428246,PC
428267,PC
428267,macOS
428267,Linux
428358,PC
428751,PC
430374,PC
430449,PC
430449,macOS
446916,iOS
450742,PC
450742,macOS
450742,Linux
455219,PC
386510,PC
386536,PC
386536,Linux
388965,PC
392046,PC
392046,Nintendo Switch
393563,PC
397073,Web
395956,PC
401133,PC
401133,macOS
401133,Linux
350830,PC
350830,Linux
350835,PC
363589,PC
363589,macOS
363589,Linux
368568,PC
368165,PC
370237,PC
373604,PC
374019,macOS
374019,PC
374019,Linux
295025,PC
295025,macOS
295025,Linux
301293,PC
316485,Web
321254,PC
326590,PC
325015,PC
328692,iOS
328694,iOS
331993,PSP
331993,PlayStation 3
331993,PS Vita
336049,Nintendo 3DS
349666,PC
246920,iOS
246920,macOS
254792,iOS
255847,PC
268316,PC
270773,PC
281922,PC
283996,PC
293628,PC
297431,iOS
103766,PC
103766,macOS
164142,PC
164142,macOS
233970,PC
233970,macOS
233970,Linux
236711,Linux
236711,macOS
236711,PC
236819,PC
240125,Android
240125,iOS
238796,Linux
238796,PC
238796,macOS
240123,Nintendo Switch
240123,PS Vita
240123,Android
240123,iOS
244791,PC
244791,macOS
244756,PC
244756,macOS
244767,macOS
244767,PC
84235,iOS
90535,PC
90412,Web
90412,PC
90580,PC
90580,macOS
90580,Linux
90935,PC
90935,macOS
90935,Linux
90939,PC
90939,macOS
92288,PC
92288,macOS
92288,Linux
9027,macOS
9027,PC
9027,iOS
982541,macOS
982541,PC
982435,PC
982399,Linux
982399,macOS
982399,PC
982500,Linux
982500,PC
982551,PC
982492,PC
73795,iOS
73270,iOS
73623,iOS
72443,iOS
988125,PC
988182,PC
988113,Linux
988113,macOS
988113,PC
988200,Linux
988200,macOS
988200,PC
988413,Linux
988413,PC
988997,Linux
988997,macOS
988997,PC
988851,PC
988858,PC
989207,Linux
989207,macOS
989207,PC
988903,PC
989005,PC
989120,PC
989238,PC
989003,PC
984747,Linux
984747,macOS
984747,PC
984708,Linux
984708,macOS
984708,PC
984849,macOS
984849,PC
984118,PC
985277,PC
985211,PC
985155,Linux
985155,macOS
985155,PC
985308,PC
985242,PC
985408,PC
985297,PC
985358,PC
986641,PC
62084,PC
62084,macOS
63156,PC
982487,Linux
982487,PC
982421,PC
982734,PC
983278,Linux
983278,PC
982762,macOS
982762,PC
983281,PC
983331,PC
983507,PC
983297,PC
983001,Linux
983001,macOS
983001,PC
984150,PC
984234,PC
984336,PC
985689,PC
985630,PC
985964,PC
986032,Linux
986032,PC
985961,PC
985526,Linux
985526,macOS
985526,PC
986062,macOS
986062,PC
986381,PC
986249,macOS
986249,PC
986285,PC
986619,PC
986629,PC
60350,Linux
60350,macOS
60350,PC
60133,PC
61427,PC
1005295,PC
1005234,Linux
1005234,macOS
1005234,PC
1004890,PC
1005202,Linux
1005202,macOS
1005202,PC
1005744,PC
1006359,Linux
1006359,macOS
1006359,PC
1006592,Linux
1006592,macOS
1006592,PC
1006904,PC
1006127,PC
1005691,macOS
1005691,PC
1006687,PC
1006738,PC
985867,PC
985640,PC
1003287,Linux
1003287,macOS
1003287,PC
1003451,PC
1003381,PC
1003380,PC
1004027,macOS
1004027,PC
1004590,PC
1004575,Linux
1004575,PC
1004085,PC
1004461,PC
1004159,PC
1004589,PC
1003967,Linux
1003967,PC
1005307,PC
1001355,PC
1001515,PC
1001439,Linux
1001439,macOS
1001439,PC
1001727,PC
1001764,PC
1001795,Linux
1001795,macOS
1001795,PC
1002408,PC
1002214,Linux
1002214,macOS
1002214,PC
1002438,PC
1002057,PC
1002604,PC
1002303,PC
1002941,PC
1003432,PC
1003445,PC
1000086,macOS
1000086,PC
1000186,macOS
1000186,PC
1000200,PC
1000375,macOS
1000375,PC
1000453,PC
1000096,Linux
1000096,macOS
1000096,PC
1000301,PC
1000373,Linux
1000373,macOS
1000373,PC
1000674,Linux
1000674,macOS
1000674,PC
1000640,PC
1000980,PC
1000975,PC
1001152,PC
1001198,Linux
1001198,macOS
1001198,PC
1001316,PC
998484,Linux
998484,macOS
998484,PC
998595,Linux
998595,macOS
998595,PC
998987,PC
998987,PlayStation 4
998987,Nintendo Switch
998574,PC
998746,PC
998832,PC
998848,PC
999243,PC
999480,PC
999530,macOS
999530,PC
999261,PC
999606,PC
999898,PC
999838,Linux
999838,macOS
999838,PC
999777,PC
999999,PC
997876,Linux
997876,macOS
997876,PC
997814,PC
997845,PC
997938,PC
998014,PC
997731,PC
997784,Linux
997784,PC
997712,PC
998415,Linux
998415,macOS
998415,PC
998232,PC
998198,Linux
998198,macOS
998198,PC
998197,Linux
998197,macOS
998197,PC
998346,Linux
998346,macOS
998346,PC
998353,Linux
998353,macOS
998353,PC
998427,PC
998206,PC
997191,PC
997127,PC
997197,PC
997583,PC
997516,PC
997128,PC
997089,PC
997956,PC
997773,Linux
997773,macOS
997773,PC
997979,PC
997804,PC
997728,PC
997822,PC
997718,PC
997718,Nintendo Switch
997718,macOS
997739,PC
996923,macOS
996923,PC
996543,PC
996510,PC
996881,PC
996702,PC
996508,PC
996626,PC
996834,PC
996810,Linux
996810,macOS
996810,PC
996828,macOS
996828,PC
996958,Linux
996958,macOS
996958,PC
996644,Linux
996644,macOS
996644,PC
997245,Linux
997245,macOS
997245,PC
997085,PC
997426,PC
995664,Linux
995664,macOS
995664,PC
995913,PC
995844,macOS
995844,PC
995980,Linux
995980,macOS
995980,PC
995968,PC
995960,PC
995876,PC
995995,Linux
995995,macOS
995995,PC
996132,PC
996047,PSP
996047,PC
996281,Linux
996281,macOS
996281,PC
996322,Linux
996322,macOS
996322,PC
996210,PC
996190,PC
994514,PC
994613,PC
994642,PC
995021,Linux
995021,macOS
995021,PC
995218,Linux
995218,macOS
995218,PC
994664,macOS
994664,PC
994715,macOS
994715,PC
994940,PC
994614,PC
994958,PC
994923,PC
994995,PC
995106,Linux
995106,macOS
995106,PC
995417,PC
993815,macOS
993815,PC
993784,PC
993965,macOS
993965,PC
993983,macOS
993983,PC
993940,PC
994180,PC
994094,PC
994104,PC
994212,PC
994232,PC
994121,Linux
994121,macOS
994121,PC
994290,Linux
994290,macOS
994290,PC
994545,macOS
994545,PC
994313,PC
994414,PC
994348,Linux
994348,macOS
994348,PC
992729,Linux
992729,PC
992925,PC
993026,PC
993379,Linux
993379,macOS
993379,PC
993278,Linux
993278,macOS
993278,PC
993196,PC
993135,PC
993146,PC
993580,PC
993495,Linux
993495,macOS
993495,PC
993585,PC
993693,PC
993714,PC
991612,PC
991805,Linux
991805,macOS
991805,PC
991800,PC
992083,Linux
992083,macOS
992083,PC
991879,macOS
991879,PC
992517,PC
991957,PC
992374,PC
992092,Linux
992092,macOS
992092,PC
992088,Linux
992088,macOS
992088,PC
992701,PC
992915,Linux
992915,macOS
992915,PC
992684,Linux
992684,PC
992724,PC
990755,PC
990715,PC
990779,PC
990770,PC
991177,PC
990985,macOS
990985,PC
991265,PC
991353,Linux
991353,macOS
991353,PC
991315,Linux
991315,macOS
991315,PC
991746,PC
991736,PC
991642,PC
991741,PC
991443,PC
988934,PC
989640,Linux
989640,macOS
989640,PC
989299,PC
989373,PC
989858,Linux
989858,PC
989520,PC
989827,PC
989973,PC
990273,PC
990200,macOS
990200,PC
990626,PC
990198,PC
990354,PC
990215,PC
64201,Linux
64201,PC
64201,macOS
60653,PC
983578,PC
983646,PC
983826,PC
983830,PC
983961,PC
984096,PC
984365,PC
985325,Linux
985325,macOS
985325,PC
985196,Linux
985196,macOS
985196,PC
988525,PC
988726,PC
988427,PC
988694,PC
986475,Linux
986475,macOS
986475,PC
986438,Linux
986438,macOS
986438,PC
986856,PC
986877,macOS
986877,PC
987187,Linux
987187,macOS
987187,PC
987066,Linux
987066,macOS
987066,PC
987079,PC
986796,PC
986935,PC
986977,PC
987303,PC
987071,Linux
987071,macOS
987071,PC
62821,PC
62821,macOS
62821,Linux
63913,PC
63939,PC
1006905,PC
1006905,PlayStation 4
1006905,PlayStation 5
1006905,Xbox One
1006905,Xbox Series S/X
1006905,Nintendo Switch
1006906,PC
1006906,PlayStation 5
1006906,Nintendo Switch
1006907,PC
1006907,Xbox Series S/X
1006908,PC
1006908,PlayStation 4
1006908,PlayStation 5
14096,macOS
14096,PC
14096,Linux
428315,PC
350412,PC
779852,PC
22418,PC
15446,PC
5170,3DO
5170,SEGA Saturn
5170,PC
5170,PlayStation
21437,PC
57816,PlayStation
57049,Wii
57049,PC
57049,iOS
57049,Genesis
316856,PC
419890,PC
419890,Nintendo Switch
419890,Xbox One
20365,PC
13130,PC
46393,iOS
46393,Android
46393,PC
62134,Android
62134,PC
62134,iOS
13017,PC
353493,PC
966906,PC
966906,PlayStation 5
16218,macOS
16218,PC
371826,PC
371826,Nintendo Switch
392381,PC
407566,Nintendo Switch
407566,PlayStation 4
407566,PC
407566,Xbox One
868099,PC
797955,Linux
797955,PC
13003,PlayStation 4
13003,PC
13003,Linux
13003,macOS
21204,PC
21204,macOS
14073,iOS
14073,PC
542592,PC
20105,macOS
20105,PC
20105,Linux
24239,GameCube
24239,Nintendo Switch
24239,Wii U
24239,Wii
983717,Nintendo Switch
15021,PlayStation 4
15021,Nintendo Switch
15021,Xbox One
15021,PC
20941,PC
28923,Xbox 360
20290,macOS
20290,PC
20290,Linux
62076,macOS
62076,Linux
62076,PC
5362,PC
5362,PlayStation 3
5362,Nintendo DS
51225,PC
5548,Xbox 360
5548,PlayStation 3
223758,iOS
223758,Android
223758,PC
20232,macOS
20232,PC
20232,Linux
14555,macOS
14555,PC
14555,Linux
14555,Android
14555,iOS
49076,PC
17622,Linux
17622,macOS
17622,PC
11404,macOS
11404,PC
11404,Linux
11581,macOS
11581,PC
11581,Linux
302916,Xbox One
302916,Nintendo Switch
302916,PC
19856,PC
19434,macOS
19434,Linux
19434,PC
22805,PC
23106,PC
52055,PC
49240,Xbox One
49240,PlayStation 4
49240,Nintendo Switch
49240,macOS
49240,PC
50178,PC
28333,Xbox 360
55278,Game Boy
685021,PlayStation 5
685021,Xbox Series S/X
685021,PlayStation 4
685021,PC
685021,Xbox One
685021,Nintendo Switch
14347,Linux
14347,PC
14347,macOS
22319,PC
19029,macOS
19029,PC
19029,Linux
61184,PC
21831,Android
21831,PC
21831,iOS
513920,macOS
513920,Linux
513920,PC
28056,PC
471033,Xbox One
471033,PlayStation 4
13642,PC
17125,PC
605543,PC
16567,macOS
16567,PC
17485,PC
59674,PC
802434,Xbox Series S/X
802434,PlayStation 4
802434,PC
802434,Xbox One
802434,PlayStation 5
250011,PC
250011,Linux
12184,PlayStation 4
12184,Xbox One
12184,Nintendo Switch
12184,PC
12184,Linux
12184,macOS
4277,PS Vita
4277,Xbox 360
4277,PlayStation 3
761343,PC
761343,Nintendo Switch
761343,PlayStation 5
761343,PlayStation 4
761343,Xbox Series S/X
663740,PC
663740,Nintendo Switch
663740,Xbox Series S/X
663740,Xbox One
663740,PlayStation 4
663740,PlayStation 5
28845,Xbox 360
28845,PlayStation 3
5394,PlayStation 3
5394,Xbox 360
5394,Wii
5394,Xbox One
766955,PC
766955,Web
16945,macOS
16945,PC
16945,Linux
30891,PC
9987,PC
9987,macOS
9987,Linux
61907,Nintendo Switch
61907,PC
266217,PC
51545,PC
277994,PlayStation 4
277994,PC
21190,macOS
21190,PC
12138,PlayStation 4
12138,Nintendo Switch
12138,PC
9573,PC
46521,PC
58534,PlayStation 3
58534,PlayStation 2
58534,Xbox 360
58534,Wii
58534,PC
19696,PC
10692,PC
23489,PC
22175,PC
517,PC
517,Xbox One
517,iOS
517,macOS
517,Linux
517,Android
13116,PC
16951,PC
797883,PC
797883,PlayStation 5
976005,PC
976005,PlayStation 5
14556,Android
14556,PC
53089,PlayStation
30319,PC
54260,Neo Geo
54260,Classic Macintosh
54260,Game Gear
54260,SNES
54260,SEGA CD
54260,Xbox One
54260,iOS
54260,PC
54260,macOS
54260,Linux
54260,Nintendo Switch
54260,Wii
54260,Xbox 360
54260,PlayStation 4
54260,Android
54373,Nintendo 64
61535,Linux
61535,macOS
61535,PC
14040,PC
54303,Xbox One
54303,Nintendo Switch
54303,Wii
54303,Neo Geo
54303,PSP
54303,PlayStation 4
54303,Game Boy
54303,Game Gear
54303,SEGA CD
54303,PlayStation 3
54303,SNES
54303,3DO
54303,Genesis
54303,Xbox Series S/X
313764,PC
404502,PlayStation 4
404502,PC
404502,Xbox One
918,PlayStation 4
918,PC
22385,Xbox One
22385,PC
972271,macOS
972271,PC
60539,PC
27945,Nintendo 3DS
27945,Nintendo Switch
23958,Wii U
23958,Wii
19431,macOS
19431,PC
19431,Linux
13395,Android
13395,iOS
13395,macOS
13395,PC
13395,Linux
5617,PlayStation 3
5617,Xbox 360
360,PSP
364811,PC
364811,Xbox One
364811,Xbox Series S/X
364811,PlayStation 5
364811,PlayStation 4
21329,PC
586124,PC
49246,PC
49246,Linux
49246,macOS
45709,Nintendo Switch
45709,Linux
45709,PC
45709,macOS
23006,PC
20188,Wii U
20188,Xbox One
20188,Nintendo 3DS
20188,Nintendo Switch
20188,PlayStation 4
20188,PC
20188,Linux
20188,macOS
17693,macOS
17693,PC
17693,Linux
17693,Android
18976,PC
19815,PC
19162,macOS
19162,PC
19162,Linux
823549,PlayStation 4
823549,Nintendo Switch
823549,PC
823549,Xbox One
823549,PlayStation 5
823549,Xbox Series S/X
28913,Xbox 360
10240,macOS
10240,Linux
10240,PC
973384,PlayStation 4
973384,PlayStation 5
1525,Xbox One
1525,PlayStation 3
1525,PlayStation 4
1525,PC
499350,macOS
499350,PC
499350,iOS
499350,Android
13266,PC
21081,Android
21081,PC
21081,iOS
28279,Atari ST
28279,Classic Macintosh
28279,Atari 5200
28279,Apple II
28279,Atari 8-bit
28279,Game Boy
28279,Atari 7800
28279,NES
28279,Atari 2600
28279,Xbox 360
28279,PC
13967,PC
20580,PC
35205,PC
43960,PC
43960,Linux
43960,macOS
9901,PC
16015,PC
10562,macOS
10562,PC
10562,Linux
28950,PlayStation 3
28950,Xbox 360
10804,PC
20389,macOS
20389,PC
20389,Linux
49707,PC
690,PC
690,PlayStation 4
690,PS Vita
20859,PC
20859,iOS
20859,Android
20859,Nintendo Switch
12105,PC
12105,Xbox One
10714,PC
163,Linux
163,iOS
163,macOS
163,PC
22105,Linux
22105,Xbox One
22105,PlayStation 4
22105,Nintendo Switch
22105,macOS
22105,PC
45488,PC
54102,NES
51102,macOS
51102,PC
51102,iOS
49963,PlayStation 4
49963,PC
640196,PC
692672,PC
692672,Linux
692672,Xbox 360
102,Android
102,iOS
10290,macOS
10290,PC
10290,Linux
22143,PC
3352,PlayStation 4
3352,PC
18017,PC
304239,PC
202,Xbox One
202,Xbox 360
202,PS Vita
202,PlayStation 3
202,PC
202,Android
202,iOS
5714,Xbox One
5714,PC
5714,iOS
19811,PC
63536,PC
617,PC
617,PlayStation 4
10013,Nintendo Switch
10013,PlayStation 4
10013,Xbox One
10013,PC
353490,PC
51330,Nintendo Switch
51330,Xbox One
51330,PC
51330,PlayStation 4
15618,PC
16774,PC
29886,Atari ST
29886,SNES
29886,Commodore / Amiga
29886,macOS
29886,Linux
29886,PC
4583,PlayStation 2
20733,macOS
20733,PC
20733,Linux
19773,PC
19533,PC
18082,PC
18082,Android
18082,macOS
383610,PC
383610,macOS
3670,PS Vita
28778,Xbox 360
28778,PlayStation 3
375285,PC
31207,PC
3615,PlayStation 3
19984,macOS
19984,PC
19984,Linux
11680,PC
45070,Linux
45070,macOS
45070,PC
12064,iOS
12064,PC
12064,Android
20462,PC
983211,PC
983211,PlayStation 5
983211,Xbox Series S/X
983211,Nintendo Switch
23721,PC
18836,PC
18836,Nintendo 3DS
18100,Web
18100,PC
18100,Linux
18100,macOS
18100,Xbox One
65329,PC
65329,iOS
955,Xbox One
955,PlayStation 4
955,PC
17726,Android
17726,PC
17726,Linux
17726,macOS
17726,iOS
11618,PC
368149,Nintendo Switch
368149,PC
368149,macOS
12310,PC
16134,macOS
16134,PC
12841,PC
385444,PC
385444,Nintendo Switch
13321,macOS
13321,PC
302373,Xbox One
302373,PlayStation 4
17155,PC
11040,PC
13966,PC
471021,PlayStation 5
471021,Xbox Series S/X
471021,PlayStation 4
471021,PC
471021,Xbox One
471021,Nintendo Switch
349473,macOS
349473,PC
349473,Linux
14196,PC
15495,PC
15495,Linux
269448,PC
12110,PC
16135,PC
12242,PC
12242,Linux
12242,macOS
12242,iOS
13180,PC
14561,PC
14561,macOS
14561,Linux
21761,PC
12465,PlayStation 4
12465,PC
5993,Nintendo Switch
5993,Linux
5993,PC
5993,Android
5993,macOS
5993,iOS
51107,PC
43889,PC
43889,Linux
58118,PC
58118,macOS
58118,Xbox 360
58118,PlayStation 3
29849,PC
18606,PC
18538,Android
18538,PC
18538,Linux
18538,macOS
962986,PC
962986,Xbox Series S/X
275708,PC
28959,Xbox 360
57196,Nintendo Switch
57196,PlayStation 4
57196,Genesis
57196,SNES
11656,PC
460925,PC
13836,Linux
13836,macOS
13836,PC
49244,macOS
49244,Linux
49244,PC
847,PlayStation 4
847,PC
847,macOS
847,Linux
847,Xbox One
17663,PC
349700,iOS
349700,macOS
349700,PC
295068,macOS
295068,PC
295068,PlayStation 5
295068,Xbox One
295068,PlayStation 4
295068,Xbox Series S/X
295068,Nintendo Switch
14227,PC
25046,Xbox
25046,PlayStation 2
25046,PC
25046,PSP
25046,Xbox 360
19398,Nintendo Switch
19398,PC
19398,iOS
11327,PlayStation 4
11327,PC
28296,Xbox 360
46952,PC
278011,PC
28760,PlayStation 3
28760,PSP
28760,PC
28760,Xbox 360
46094,Xbox 360
46094,PlayStation 3
46094,PlayStation 4
46094,Xbox One
46094,PC
45660,PC
14653,PC
871245,Linux
871245,macOS
871245,PC
5708,PC
5708,Wii
5708,Xbox 360
5708,PlayStation 3
44375,Android
44375,PC
490428,Xbox One
490428,Nintendo Switch
490428,PC
490428,PlayStation 4
10975,PC
7502,PC
7502,Linux
7502,macOS
7502,iOS
7502,Android
16438,PC
41661,PC
14624,PC
14624,macOS
14624,Linux
17103,PC
16547,PC
16261,PC
10000,PC
554786,PC
392113,PlayStation 4
392113,Xbox One
392113,Nintendo Switch
392113,PC
4852,PlayStation 3
4852,PS Vita
966237,PC
428799,PlayStation 4
428799,PC
428799,Xbox One
428799,Nintendo Switch
362903,macOS
362903,PC
28476,Xbox 360
28476,Wii
28476,PlayStation 3
28476,Nintendo DS
28476,PC
28476,macOS
28476,iOS
28476,Android
43844,PC
20261,PC
19566,PC
47343,PC
64774,PC
16241,PC
258401,PC
15122,PC
61157,PlayStation 4
61157,Xbox One
61157,PC
51101,PC
15177,PC
492175,PC
19018,macOS
19018,PC
19018,Linux
13338,PC
5431,PlayStation 3
14771,PC
14771,iOS
44745,Linux
44745,macOS
44745,PC
326271,Xbox Series S/X
326271,Xbox One
326271,PlayStation 4
326271,PC
326271,PlayStation 5
13603,PC
20244,macOS
20244,PC
20244,Linux
13850,PC
12396,PC
244732,Xbox
244732,PSP
244732,PlayStation 3
244732,Xbox 360
244732,PlayStation 2
22626,PC
18085,macOS
18085,PC
18085,iOS
11897,PC
3502,Xbox One
3502,PlayStation 4
736198,PC
9972,Linux
9972,PC
9972,Xbox Series S/X
9972,Nintendo Switch
9972,PlayStation 5
22134,PC
743677,PC
892901,PC
892901,Xbox Series S/X
892901,PlayStation 5
25161,Xbox 360
25161,Atari 8-bit
25161,Android
25161,Wii
25161,Wii U
25161,NES
25161,Apple II
25161,Atari ST
25161,iOS
25161,Classic Macintosh
25161,Commodore / Amiga
39108,PlayStation 3
39108,PC
39108,Xbox 360
39109,PC
39109,PlayStation 3
39109,Xbox 360
62118,PC
17702,PC
49680,PC
49680,macOS
622494,Nintendo Switch
51615,PC
551148,macOS
551148,PC
19441,PC
53742,Nintendo 3DS
53742,Wii U
53742,Wii
53742,NES
966344,PC
20622,PC
3337,Xbox One
3337,PlayStation 4
3337,macOS
3337,Linux
3337,PC
42019,iOS
42019,PC
42019,macOS
296117,PC
7295,PC
7295,iOS
47596,PC
558979,Xbox Series S/X
558979,Android
558979,PC
558979,PlayStation 4
558979,iOS
558979,Nintendo Switch
18355,PC
23221,PC
23221,Linux
23221,macOS
510215,iOS
510215,PC
444382,PC
444382,PlayStation 4
444382,Xbox One
444382,Nintendo Switch
9536,PC
43389,PC
516113,Xbox Series S/X
516113,PlayStation 5
825360,macOS
825360,PC
403032,Nintendo Switch
44124,PC
20786,PC
12758,Android
12758,macOS
12758,PC
12758,Linux
12758,iOS
17348,PC
17348,Xbox One
17529,PC
17529,macOS
17529,Linux
14704,PlayStation 4
14704,Xbox One
14704,Nintendo Switch
14704,macOS
14704,PC
14704,Linux
10822,PC
10822,macOS
13246,PlayStation 4
13246,Xbox One
13246,Nintendo Switch
13246,Linux
13246,macOS
13246,PC
262414,PC
262414,iOS
262414,Xbox One
5144,Nintendo 64
5144,PC
5144,PlayStation
14186,PC
14186,Linux
4672,PlayStation 3
4672,PC
12568,PC
304222,PC
304222,macOS
304222,Linux
17616,PC
17616,Linux
11539,PC
19956,PC
21593,PC
21593,Linux
21593,macOS
14586,PC
15792,PC
15792,macOS
306154,Xbox One
306154,PC
306154,macOS
306154,Linux
306154,PlayStation 4
51812,PC
64683,PC
53941,NES
53941,PlayStation
53941,Android
53941,Nintendo 3DS
53941,iOS
967340,PC
373600,PC
61805,PC
52177,PC
52177,iOS
52177,Android
64544,PC
4077,Xbox 360
4077,PlayStation 3
544059,PC
638790,PC
20694,PC
608692,macOS
608692,PC
20453,macOS
20453,PC
20453,Linux
22107,PC
22107,macOS
22107,Linux
43811,Xbox One
43811,PC
59777,Linux
59777,macOS
59777,PC
59777,iOS
50260,Nintendo Switch
50260,Nintendo 3DS
50260,PC
14294,macOS
14294,PC
17817,Nintendo Switch
17817,macOS
17817,PC
46512,PC
46512,Linux
11880,macOS
11880,PC
11880,Linux
12889,PC
9926,PC
17899,macOS
17899,PC
17873,PC
19779,macOS
19779,PC
19226,PC
12089,PC
12089,Linux
12953,Android
12953,iOS
12953,PC
12953,macOS
12953,Linux
58823,Nintendo Switch
783,Nintendo Switch
783,PlayStation 4
783,Xbox One
65376,PC
1506,Xbox One
1506,Xbox 360
1506,PC
15410,Android
15410,iOS
15410,Linux
15410,macOS
15410,PC
16673,PC
10036,PC
17233,macOS
17233,PC
17233,Linux
481924,PlayStation 4
481924,PC
481924,Xbox One
481924,Nintendo Switch
51586,PC
48983,PC
18297,PC
17476,PC
13028,PC
13028,macOS
13028,Linux
14183,Xbox One
14183,iOS
14183,PC
14183,macOS
14183,Nintendo Switch
39516,PC
30945,PC
63900,PC
17641,PC
43411,PC
43411,PS Vita
18890,PC
18835,PC
479697,macOS
479697,PC
479697,Xbox One
479697,PlayStation 4
479697,Nintendo Switch
14329,macOS
14329,PC
14329,Linux
19112,PC
19112,Linux
484967,PlayStation 5
484967,PC
484967,Xbox One
484967,Xbox Series S/X
484967,PlayStation 4
166209,Web
881223,PC
14711,PC
14711,macOS
14711,iOS
9491,PC
831876,PC
21129,PC
19725,Nintendo Switch
19725,iOS
19725,Android
19725,PC
19725,macOS
19725,Linux
19725,PlayStation 4
19725,Xbox One
44572,PC
1742,Xbox One
1742,PlayStation 4
1742,PC
4532,PlayStation 4
4532,PlayStation 5
4532,PlayStation 2
4532,PlayStation 3
4532,PS Vita
865059,PC
1588,macOS
1588,PC
1588,Linux
1588,Android
1588,iOS
972077,PC
962381,Xbox Series S/X
962381,PC
962381,Xbox One
962381,Nintendo Switch
20092,PC
20527,PC
50659,PC
275715,PlayStation 4
275715,PC
1739,Xbox One
1739,PlayStation 4
1739,Nintendo Switch
1739,macOS
1739,PC
1739,Linux
354716,PC
354716,macOS
354716,Android
354716,iOS
13567,PC
13995,PC
2203,PlayStation 4
2203,PC
16661,PC
3585,Xbox 360
3585,PlayStation 2
3585,Wii
3585,PC
3585,Nintendo DS
3585,PlayStation 3
3585,PSP
831853,PC
9487,Nintendo Switch
9487,PlayStation 4
9487,Linux
9487,macOS
9487,PC
901,PlayStation 4
901,PC
901,Xbox One
20369,PC
45883,macOS
45883,Linux
45883,PC
99004,Nintendo Switch
99004,Linux
99004,iOS
99004,macOS
99004,PC
15403,PC
22847,PC
520,PlayStation 4
520,Xbox One
520,Android
520,iOS
751914,PC
751914,PlayStation 5
751914,PlayStation 4
751914,Nintendo Switch
579517,Linux
579517,macOS
579517,PC
266219,Linux
266219,PC
266219,macOS
29021,Xbox 360
29021,PlayStation 3
22657,PC
56389,Commodore / Amiga
56389,Wii U
56389,NES
49600,PC
49600,macOS
49600,Linux
52049,PlayStation 4
52049,Xbox One
52049,macOS
52049,Nintendo Switch
52049,PC
52049,Linux
622652,Xbox One
622652,Xbox Series S/X
622652,Nintendo Switch
622652,PlayStation 4
622652,PC
622652,PlayStation 5
27947,Nintendo Switch
27947,PlayStation 4
27947,Xbox One
27947,PC
292958,PC
13493,PC
49622,PC
52374,GameCube
28529,Xbox 360
18057,macOS
18057,iOS
18057,PC
18057,Linux
568863,Xbox One
568863,PC
568863,PlayStation 4
20976,PC
244802,Xbox One
244802,PlayStation 4
244802,PC
19302,macOS
19302,PC
19302,Linux
17075,PC
17075,Linux
44345,iOS
44345,PC
44345,Linux
44345,macOS
47225,PlayStation 4
47225,Xbox One
47225,macOS
47225,PC
47225,iOS
17819,PC
17819,macOS
14943,PC
52594,SNES
264859,PC
427878,Nintendo Switch
427878,PlayStation 4
427878,Xbox One
427878,PC
18517,PC
19276,PC
36381,Xbox
36381,PC
36381,PlayStation 2
21689,PC
21689,macOS
15678,PC
20340,PC
20340,Linux
785,PlayStation 4
785,PC
736256,PC
736256,Nintendo Switch
736256,Xbox One
736256,PlayStation 4
18214,PC
21115,macOS
21115,PC
21115,Linux
58181,Android
58181,Xbox One
58181,iOS
58181,PlayStation 4
46855,PlayStation 4
46855,PS Vita
46855,PC
19021,iOS
19021,macOS
19021,PC
19021,Linux
19021,Android
11515,PC
10527,Xbox One
10527,PC
58327,Xbox One
58327,PlayStation 4
58327,PC
485226,PC
485226,Xbox One
485226,Nintendo Switch
485226,PlayStation 4
19573,PC
505816,PC
26968,PlayStation 3
26968,PlayStation 4
26968,Xbox One
26968,Nintendo 3DS
26968,Wii U
26968,Wii
26968,Xbox 360
22467,PC
15747,PC
16436,PC
10183,PlayStation 4
10183,Xbox One
10183,PC
678533,PC
894567,PC
1369,Xbox One
1369,PC
1369,Linux
1369,macOS
15296,macOS
15296,PC
15296,Linux
26410,Xbox 360
26410,Wii
26410,PlayStation 3
56041,GameCube
22222,PlayStation 4
22222,Xbox One
22222,Nintendo Switch
22222,iOS
22222,PC
22222,Linux
22222,macOS
22222,Android
47510,Linux
47510,PC
47510,macOS
782296,macOS
782296,PC
934637,PC
220156,PC
220156,Android
220156,iOS
6679,Xbox One
6679,PC
6679,macOS
44220,PC
12285,PC
11905,PC
964421,macOS
964421,PC
964421,Nintendo Switch
46229,PC
487913,Nintendo Switch
400295,Xbox
400295,GameCube
400295,PlayStation 2
28790,Xbox 360
53709,Genesis
53709,Game Boy
53709,NES
41324,PC
41324,macOS
16670,PC
844359,PC
844359,Xbox One
844359,PlayStation 5
844359,Xbox Series S/X
844359,PlayStation 4
21132,PC
21132,macOS
21132,iOS
28504,Xbox 360
367052,PC
13556,PC
12859,PC
22488,PC
22897,PC
3762,PlayStation 3
3762,Xbox 360
3762,PC
18592,PC
22573,macOS
22573,PC
22573,Linux
962211,iOS
962211,PC
41646,PC
41646,PlayStation 3
41646,Xbox 360
600906,PlayStation 4
600906,PlayStation 5
600906,Xbox One
600906,Nintendo Switch
600906,Xbox Series S/X
600906,PC
60074,Xbox One
60074,Nintendo Switch
60074,PC
60074,PlayStation 4
15936,PC
15936,Nintendo Switch
15936,macOS
14958,macOS
14958,PC
14958,Linux
19012,macOS
19012,PC
19012,Linux
13402,PS Vita
13402,PSP
13402,PlayStation 3
13402,Xbox 360
13402,Wii
13402,Nintendo DS
13402,Nintendo 3DS
13402,macOS
13402,PC
861281,PC
861281,PlayStation 5
61011,PC
54484,Nintendo 64
1610,macOS
1610,PC
1610,Android
1610,iOS
5539,PSP
63278,PC
4230,PS Vita
17974,macOS
17974,PC
17974,Linux
649076,Android
649076,PlayStation
649076,SEGA Saturn
649076,PC
60524,PC
428137,PC
18766,PC
54379,Nintendo 64
14789,Wii U
14789,PC
16360,PlayStation 4
16360,Xbox One
16360,PC
16360,Linux
16360,Android
16360,iOS
16360,macOS
20191,macOS
20191,PC
20191,Linux
308057,PC
14603,macOS
14603,PC
14603,Linux
31894,PC
31894,Xbox
31894,PlayStation 2
45052,PC
45052,Linux
45052,macOS
20998,Linux
20998,macOS
20998,PC
638799,PC
638799,Nintendo Switch
638799,PlayStation 5
638799,PlayStation 4
638799,Xbox Series S/X
638799,Xbox One
45056,PC
635221,PC
40323,PC
40323,Nintendo Switch
40323,PlayStation 3
40323,Xbox 360
833571,PC
833571,Nintendo Switch
833571,Xbox Series S/X
833571,Xbox One
28022,Nintendo Switch
3429,PlayStation 4
3429,Nintendo Switch
3429,PC
19795,Nintendo 3DS
19795,PC
19795,Nintendo Switch
19795,PS Vita
500632,PC
29081,GameCube
29081,Xbox
29081,Game Boy Advance
29081,PlayStation 2
29081,PSP
29081,PC
29081,Xbox 360
17239,Xbox One
17239,PC
50441,macOS
50441,PC
850682,Nintendo Switch
55029,iOS
55029,Atari ST
55029,SEGA Master System
55029,PC
55029,Android
55029,Wii
55029,Xbox 360
55029,Commodore / Amiga
55029,PlayStation 3
55029,Genesis
40395,PC
427870,Linux
427870,macOS
427870,PC
14884,Nintendo Switch
14884,PC
2485,PlayStation 4
2485,Xbox One
2485,Nintendo Switch
2485,PlayStation 2
2485,Dreamcast
2485,Classic Macintosh
2485,Neo Geo
2485,PC
2485,macOS
2485,Linux
780324,PC
780324,Web
62591,PC
28715,PlayStation 2
28715,PlayStation 3
28715,PC
28715,Xbox 360
58574,Nintendo Switch
16445,PC
58445,PC
58445,macOS
58445,Linux
12589,PC
3481,PlayStation 3
51607,Nintendo Switch
53394,Game Boy Advance
53394,Nintendo 64
19295,macOS
19295,PC
22721,PC
12968,PC
52423,Wii
52423,Atari 2600
52423,Atari 8-bit
52423,Game Boy
52423,Atari 5200
52423,Apple II
52423,NES
52423,Commodore / Amiga
13781,PC
1492,PC
1492,iOS
1492,PlayStation 4
1492,Android
1492,Xbox One
13817,Android
13817,PC
1840,PC
1840,iOS
3365,PlayStation 4
3365,PC
3365,Xbox One
3365,PlayStation 3
17415,macOS
17415,PC
10374,macOS
10374,PC
2033,PC
2033,iOS
19117,Commodore / Amiga
19117,Classic Macintosh
19117,PC
19117,macOS
19117,Linux
16535,PC
16899,macOS
16899,PC
16899,Linux
14597,PC
11735,PC
11735,macOS
5987,PC
5987,Android
5987,iOS
18717,macOS
18717,PC
692538,PC
692538,PlayStation 5
692538,PlayStation 4
674318,PC
481901,Linux
481901,macOS
481901,PC
481901,Xbox One
481901,PlayStation 4
481901,Nintendo Switch
409784,PC
409784,macOS
409784,Linux
545036,PC
351751,PC
51800,PC
30426,PC
14210,PC
3693,PlayStation 3
3693,Xbox 360
987,PlayStation 4
987,PC
987,macOS
20954,Wii U
20954,macOS
20954,PC
428941,Xbox One
428941,PlayStation 4
428941,PC
22639,PC
25087,Wii
46663,Android
46663,PC
46663,iOS
46663,macOS
19805,PC
15099,PC
13131,macOS
13131,PC
13131,Linux
13964,PC
961624,PC
1289,PlayStation 3
1289,macOS
1289,Linux
1289,Android
1289,iOS
1289,PC
1289,PlayStation 4
1289,PS Vita
1289,Web
15759,PC
17201,PC
61323,PC
325055,PC
50753,Xbox One
50753,PlayStation 4
50753,Nintendo Switch
50753,macOS
50753,Linux
50753,PC
47248,macOS
47248,Linux
47248,PC
47248,iOS
47248,Android
1345,Xbox One
1345,PC
1345,macOS
12509,PC
20628,macOS
20628,PC
63700,PC
491367,PC
58791,Xbox One
58791,PlayStation 4
58791,PC
349598,macOS
349598,PC
349598,Linux
484907,PC
39931,PSP
39931,PlayStation 3
13547,PC
13547,macOS
13547,Linux
28351,Xbox 360
427614,PC
278016,PC
349905,PC
18365,PC
18365,macOS
18365,Android
18365,iOS
20076,PC
281342,iOS
21555,PC
46187,PC
702368,PC
19763,macOS
19763,PC
19763,Linux
38543,PC
442841,Xbox One
442841,Nintendo Switch
442841,PlayStation 4
442841,Xbox Series S/X
442841,PlayStation 5
442841,PC
40795,Xbox 360
40795,PC
40795,PlayStation 3
21370,PC
21370,iOS
46750,Nintendo Switch
46750,PlayStation 4
46750,Xbox One
46750,PC
40724,Xbox 360
40724,PlayStation 3
40724,PC
20147,macOS
20147,PC
20147,Linux
248486,PC
248486,macOS
299566,PC
347823,PlayStation
61203,PlayStation 4
61203,Nintendo Switch
61203,PC
856206,PC
14660,PC
14752,macOS
14752,PC
14752,Linux
19971,PC
19971,Linux
19971,Android
19971,macOS
19971,iOS
20751,macOS
20751,PC
27284,Nintendo 3DS
310852,PC
17920,macOS
17920,PC
17920,Linux
19069,macOS
19069,PC
19069,Linux
22860,PC
554699,Xbox Series S/X
554699,macOS
554699,PC
325101,PC
325101,Xbox One
325101,PlayStation 4
18400,PC
46389,PC
816325,PC
816325,Xbox One
816325,PlayStation 4
53392,Game Boy Advance
21757,PC
17246,Web
17246,macOS
17246,PC
45905,PC
45905,Android
493459,PC
327245,PC
484529,PC
6254,iOS
6254,PC
40254,PlayStation 3
40254,Nintendo DS
40254,Wii
40254,Xbox 360
40254,PC
10802,PC
233968,PC
21744,PC
846358,PC
9012,PC
9012,iOS
64062,PC
19973,PC
19973,Linux
19973,Android
19973,macOS
44579,PC
21467,PC
17649,Xbox One
17649,PlayStation 4
17649,Nintendo Switch
17649,Android
17649,PC
4383,PlayStation 3
374542,Linux
374542,macOS
374542,PC
374542,iOS
374542,Nintendo Switch
374542,PlayStation 4
374542,Xbox One
61105,Nintendo Switch
61105,PlayStation 4
61105,PC
21412,PC
18198,PC
18198,macOS
20146,PC
20146,Android
20146,macOS
17351,Xbox One
17351,PlayStation 4
17351,Nintendo Switch
17351,PC
12529,PC
11122,PC
20534,macOS
20534,PC
20534,Linux
16887,PC
16427,PC
11833,Xbox One
11833,PlayStation 4
11833,macOS
11833,PC
11833,Linux
850769,PC
241043,PlayStation 2
241043,Xbox
973509,PC
28396,Xbox 360
30463,PC
11753,PC
14951,iOS
14951,Wii
14951,PC
308130,PC
10024,macOS
10024,Nintendo 3DS
10024,Nintendo Switch
10024,PC
16561,PC
16420,PC
16420,macOS
29035,PC
29035,Xbox 360
29035,SEGA Saturn
29035,Xbox One
21838,macOS
21838,Android
21838,PC
21838,iOS
23823,Nintendo 64
23823,Wii U
23823,Wii
5384,PlayStation 3
23629,PlayStation 4
23629,Linux
23629,macOS
23629,Xbox One
23629,PC
367145,PC
32601,PC
32601,PlayStation
32601,SEGA Saturn
28284,Xbox 360
11221,PC
15606,PC
11478,PC
560814,PlayStation 4
560814,PC
560814,Xbox One
560814,Nintendo Switch
25163,Wii
25163,PC
25163,PSP
25163,Xbox
25163,PlayStation 2
24883,Xbox 360
24883,Wii
24883,PlayStation 2
24883,Nintendo DS
24883,PC
49451,macOS
49451,Linux
49451,PC
23867,Wii
12949,PC
960605,PC
29054,iOS
29054,macOS
29054,Xbox 360
29054,PC
22474,PC
22474,macOS
22474,Linux
34950,PC
15564,PC
24160,Xbox 360
24160,Nintendo 3DS
24160,Nintendo DS
24160,Wii
24160,PlayStation 3
19049,PC
19049,macOS
19049,Linux
21248,PC
21248,macOS
586060,Nintendo Switch
586060,PC
586060,PlayStation 5
586060,PlayStation 4
972784,PC
17019,PC
17019,macOS
18973,macOS
18973,PC
7,Xbox One
7,PlayStation 4
7,PC
7,macOS
8326,PC
8326,iOS
22609,Xbox One
22609,PlayStation 4
22609,Nintendo Switch
22609,Linux
22609,macOS
22609,PC
21238,PC
11826,PC
60091,PC
13212,PC
669261,Nintendo Switch
669261,PlayStation 4
669261,PC
64217,PC
64217,macOS
64217,Linux
335292,Nintendo Switch
854381,PC
21270,PC
10457,PC
10584,PC
10584,Linux
24918,SNES
12514,Android
12514,macOS
12514,PC
12514,Linux
46052,Linux
46052,PC
973793,PC
9889,PC
45896,PC
12438,PC
53182,Wii U
53182,Game Boy Advance
18754,PC
297207,Xbox One
297207,PlayStation 4
28499,Xbox 360
59814,PC
688869,PC
50848,PC
12595,PC
12595,macOS
12595,Linux
58798,PlayStation 4
58798,PC
20048,PC
20905,PC
21442,PC
13673,PC
13673,macOS
13673,Linux
22183,PC
22212,PC
22212,macOS
22212,Linux
14940,PC
15625,PC
974266,PC
16883,PC
16883,Android
16883,macOS
816467,PC
816467,Nintendo Switch
12452,PC
22064,Linux
22064,PC
631948,PlayStation 5
631948,Xbox Series S/X
631948,PlayStation 4
631948,Nintendo Switch
631948,PC
631948,Xbox One
979140,PC
650664,PlayStation 4
650664,PlayStation 5
650664,Xbox One
650664,Nintendo Switch
650664,Xbox Series S/X
650664,PC
2978,PlayStation 4
2978,iOS
2978,Linux
2978,macOS
2978,PC
428798,PC
9445,macOS
9445,PC
9445,Linux
17302,macOS
17302,PC
17302,Linux
520354,PC
520354,PlayStation 4
535641,PC
62536,Android
62536,PC
472315,PC
472315,Xbox Series S/X
964847,PC
374566,Xbox One
374566,PlayStation 4
523126,PC
427764,PC
14066,PC
3319,PlayStation 4
3319,PC
3319,Android
3319,iOS
6156,iOS
6156,macOS
6156,PC
16271,PC
1795,Wii U
1795,Nintendo Switch
1795,iOS
1795,Linux
1795,Android
1795,PC
1795,macOS
257358,Nintendo Switch
257358,PC
257358,macOS
20113,PC
20113,macOS
20113,Linux
29133,Xbox 360
19558,PC
19059,PC
29162,Xbox 360
45032,PC
30490,PC
50432,PC
46528,PC
46528,Android
17463,PC
27998,Nintendo 3DS
14386,PC
14386,macOS
12488,PC
12615,PC
15955,PC
15955,macOS
38140,PlayStation 3
38140,PC
38140,Xbox 360
19876,Linux
19876,PC
19876,macOS
16110,PC
16110,Linux
16110,macOS
16110,Xbox One
16110,PlayStation 4
10762,macOS
10762,PC
10762,Linux
10083,PC
15139,PC
15139,macOS
14273,PC
428237,PC
261321,PlayStation 4
11379,macOS
11379,PC
11379,iOS
9589,Xbox One
9589,PlayStation 4
9589,PC
18633,macOS
18633,PC
18633,Linux
2494,PlayStation 4
2494,Nintendo Switch
2494,Xbox One
2494,Linux
2494,macOS
2494,PC
2494,Android
18060,macOS
18060,Android
18060,iOS
18060,Linux
18060,PC
261247,PlayStation 4
261247,PS Vita
261247,Nintendo Switch
261247,PC
1508,Xbox One
1508,Wii U
1508,PlayStation 4
1508,PS Vita
1508,PC
272060,iOS
272060,PC
613540,PC
17079,PC
17079,Nintendo DS
17079,Wii
22656,PC
22656,Linux
45923,Nintendo Switch
45923,macOS
45923,Linux
45923,PC
57269,Genesis
23093,PC
20853,PlayStation 3
20853,PC
857623,PC
41594,PC
41594,PlayStation 3
41594,Xbox 360
19378,PC
484498,Xbox Series S/X
484498,Nintendo Switch
484498,Xbox One
484498,Wii
484498,PlayStation 4
484498,PlayStation 5
19550,PC
3739,PlayStation 4
3739,PC
3739,PlayStation 3
22709,Classic Macintosh
22709,PC
22709,PlayStation
772537,PlayStation 5
772537,Xbox Series S/X
772537,PlayStation 4
772537,Nintendo Switch
772537,PC
772537,Xbox One
51937,Nintendo Switch
51937,PS Vita
51937,Xbox One
51937,PC
961475,macOS
961475,PC
12675,PC
22150,PC
19486,macOS
19486,PC
10413,PC
12855,PC
852720,PC
852720,Nintendo Switch
852720,PlayStation 4
852720,PlayStation 5
10820,Xbox One
10820,PlayStation 4
10820,PC
14749,PC
254654,PC
254654,Nintendo Switch
254654,macOS
20728,PC
16672,PC
48964,Xbox One
48964,Nintendo Switch
48964,PlayStation 4
48964,PC
18284,PC
18284,macOS
966118,PC
9473,PC
56093,GameCube
765103,PC
21545,PC
21545,macOS
18129,PC
57903,PC
57903,PlayStation 4
57903,Nintendo Switch
29126,Xbox 360
56962,Genesis
53943,Android
53943,iOS
53943,Wii
53943,Wii U
53943,PlayStation
53943,Nintendo 3DS
53943,NES
44888,PC
44888,Android
32062,SNES
32062,SEGA Saturn
32062,PlayStation
32062,Classic Macintosh
32062,Atari ST
32062,Commodore / Amiga
32062,PC
32062,macOS
12556,PC
18042,PC
18042,macOS
50411,PC
62932,PC
23994,Nintendo 3DS
45033,PC
36581,Xbox
36581,PC
36581,PlayStation 2
3576,Classic Macintosh
3576,Game Boy Advance
3576,PC
3576,GameCube
3576,Xbox
3576,PlayStation 2
345188,PC
28722,Xbox 360
18897,PC
14944,macOS
14944,PC
14944,Linux
14944,iOS
11373,PC
35737,PC
17218,macOS
17218,PC
17218,Linux
62452,PlayStation 4
62452,Xbox One
62452,iOS
62452,macOS
62452,Nintendo Switch
62452,PC
20278,PC
10837,macOS
10837,PC
10837,Linux
20371,PC
11093,macOS
11093,PC
11093,Linux
16637,macOS
16637,PC
16637,Linux
21163,PC
14607,macOS
14607,PC
14607,Linux
14065,PC
13154,PC
216365,PlayStation 4
216365,PC
216365,Xbox One
216365,Nintendo Switch
28366,Xbox 360
10426,PC
56198,GameCube
56198,Xbox
56198,PlayStation 3
56198,PlayStation 2
15301,PC
327205,Xbox One
327205,PC
593230,PC
428186,PC
428186,macOS
428186,Linux
54145,NES
61133,PC
799276,Linux
799276,macOS
799276,PC
791789,PC
791789,Nintendo Switch
3495,PS Vita
3495,Xbox 360
3495,PC
3495,Nintendo 3DS
3495,PlayStation 3
16962,PC
65328,PC
45388,PlayStation 4
45388,Nintendo Switch
45388,Xbox One
45388,PC
388315,PC
312682,PC
51395,Linux
51395,PC
17842,macOS
17842,PC
41557,Xbox One
41557,PC
10795,PC
10795,Linux
17915,PC
17915,Linux
17915,Android
17915,macOS
13048,PC
20815,PC
21209,PC
2954,iOS
2954,PC
2954,macOS
44676,PC
44982,PC
714510,PC
714510,macOS
714510,Linux
881229,PC
20359,PC
59904,PC
52297,PlayStation 4
50373,PC
482921,macOS
482921,PC
482921,PlayStation 4
482921,Nintendo Switch
1435,PlayStation 3
1435,iOS
1435,PC
1435,macOS
1435,Linux
1435,PlayStation 4
1435,PS Vita
1435,Android
50635,Xbox One
50635,PlayStation 4
50635,PC
18764,Linux
18764,PC
21690,PC
21690,iOS
18350,PC
21193,PC
44604,Linux
44604,macOS
44604,PC
15682,PC
27407,Nintendo 3DS
51758,PC
20339,macOS
20339,PC
39502,PC
39502,Xbox 360
39502,PlayStation 3
18975,PC
18532,PC
610255,PC
46464,PC
60812,macOS
60812,PC
60812,iOS
60812,Nintendo Switch
60812,Android
60812,Xbox One
972449,PC
44024,PC
14582,PC
22401,PC
403043,PlayStation 4
403043,PC
403043,Xbox One
403043,Nintendo Switch
16469,PC
608563,PC
608563,Nintendo Switch
608563,PlayStation 4
608563,Xbox Series S/X
608563,Xbox One
972362,macOS
972362,PC
224,PC
224,Android
224,iOS
527428,PC
5612,PC
5612,PlayStation 3
5612,Xbox 360
13438,PC
2901,PlayStation 3
2901,Xbox
2901,PlayStation 2
2901,PlayStation 4
63796,PC
3153,Xbox One
3153,PlayStation 4
437061,PC
437061,PlayStation 4
3835,PC
3835,Xbox 360
3835,PlayStation 2
3835,PlayStation 3
3835,PSP
973380,PC
973380,Xbox Series S/X
973380,PlayStation 5
13618,iOS
13618,Android
13618,PC
13618,Linux
13618,macOS
46803,PC
35880,PC
35880,macOS
977219,PC
977219,Nintendo Switch
977219,Xbox Series S/X
977219,PlayStation 5
27404,Game Boy Advance
51141,PC
45327,PC
963626,macOS
963626,PC
22334,macOS
22334,Linux
22334,PC
10882,PC
254643,iOS
254643,Android
254643,Nintendo Switch
254643,PlayStation 4
254643,PS Vita
254643,PC
34959,PC
315985,PS Vita
315985,Xbox One
315985,Nintendo Switch
315985,PC
23327,Linux
23327,macOS
23327,PC
35800,Game Boy Advance
35800,PC
35800,PlayStation 2
35800,Xbox
35800,Game Boy Color
35800,GameCube
64345,PC
51221,PC
455585,Nintendo Switch
45760,PC
39110,PC
39110,Xbox 360
39110,PlayStation 3
14268,Linux
14268,macOS
14268,PC
21752,PC
13117,PC
18706,PC
18706,Nintendo DS
18706,Wii
19366,PC
269480,PC
269480,Xbox One
269480,PlayStation 4
13480,PC
59675,PC
63256,PC
854345,PC
3077,PlayStation 4
3077,Nintendo Switch
3077,Linux
3077,macOS
3077,PC
19781,PC
600965,PC
600965,macOS
600965,Linux
16536,PC
21106,PC
21106,macOS
46919,PC
18379,PC
18379,macOS
428038,PC
9773,PC
9813,PC
54424,Nintendo Switch
54424,Nintendo 64
12325,PC
12325,macOS
12325,Linux
9815,PC
61145,PC
30095,PC
491319,PC
18882,PC
799266,iOS
799266,PlayStation 5
799266,PC
799266,Android
12561,PlayStation 4
12561,Nintendo Switch
12561,PC
44435,PC
15411,macOS
15411,PC
44703,macOS
44703,PC
44703,Android
44703,iOS
15239,macOS
15239,PC
15239,Linux
59157,PlayStation 4
59157,Nintendo Switch
59157,Xbox One
59157,PC
24825,Wii
22194,PC
17185,Xbox One
17185,PlayStation 4
17185,PC
17185,Linux
17185,Android
17185,iOS
17185,macOS
382761,PC
13559,PC
13604,macOS
13604,PC
13604,Linux
14645,PC
14645,Linux
16480,PC
16480,macOS
16480,iOS
566563,PC
15920,macOS
15920,PC
15920,Linux
589154,PC
63683,macOS
63683,PC
63683,Web
11550,PC
327253,Xbox One
327253,PC
327253,Nintendo Switch
327253,PlayStation 4
23143,PC
485167,PC
21093,PC
21093,Linux
21093,macOS
