game_id,store
3498,Steam
3498,PlayStation Store
3498,Epic Games
3498,Xbox 360 Store
3498,Xbox Store
3328,GOG
3328,PlayStation Store
3328,Steam
3328,Xbox Store
3328,Nintendo Store
4200,Xbox Store
4200,Steam
4200,PlayStation Store
4200,Xbox 360 Store
4291,PlayStation Store
4291,Steam
4291,Xbox 360 Store
5286,Xbox 360 Store
5286,Steam
5286,PlayStation Store
5286,Google Play
5286,App Store
5286,Epic Games
13536,Steam
13536,Google Play
12020,Steam
12020,Xbox 360 Store
5679,PlayStation Store
5679,Steam
5679,Nintendo Store
5679,Xbox 360 Store
28,PlayStation Store
28,Epic Games
28,Steam
28,Xbox Store
4062,Epic Games
4062,App Store
4062,Xbox Store
4062,Nintendo Store
4062,PlayStation Store
4062,Steam
4062,Xbox 360 Store
13537,Steam
13537,Google Play
802,PlayStation Store
802,Google Play
802,Steam
802,Xbox 360 Store
802,App Store
802,Xbox Store
3439,GOG
3439,PlayStation Store
3439,Steam
3439,Xbox Store
3439,Google Play
3439,Xbox 360 Store
3439,App Store
4286,PlayStation Store
4286,App Store
4286,Xbox Store
4286,Steam
4286,Xbox 360 Store
32,Epic Games
32,PlayStation Store
32,Xbox Store
32,Steam
58175,GOG
58175,PlayStation Store
58175,Steam
58175,Epic Games
3070,PlayStation Store
3070,Xbox Store
3070,Steam
3939,Epic Games
3939,PlayStation Store
3939,Steam
3939,Nintendo Store
3939,Xbox 360 Store
1030,App Store
1030,PlayStation Store
1030,Xbox Store
1030,Steam
1030,GOG
1030,Xbox 360 Store
1030,Nintendo Store
1030,Google Play
1030,Epic Games
11859,Steam
2454,GOG
2454,Steam
2454,PlayStation Store
2454,Nintendo Store
2454,Xbox Store
41494,PlayStation Store
41494,Xbox Store
41494,Steam
41494,Epic Games
41494,GOG
422,Xbox Store
422,Steam
422,GOG
422,Nintendo Store
422,App Store
422,Google Play
422,PlayStation Store
10213,Steam
766,App Store
766,Epic Games
766,PlayStation Store
766,Steam
766,Xbox Store
766,Nintendo Store
4459,PlayStation Store
4459,Xbox Store
4459,Steam
4459,Xbox 360 Store
3272,Xbox Store
3272,Steam
3272,PlayStation Store
3272,Nintendo Store
3272,Epic Games
278,PlayStation Store
278,Steam
278,Epic Games
29028,Steam
29028,Xbox 360 Store
7689,Xbox Store
7689,Steam
7689,Xbox 360 Store
7689,App Store
7689,Epic Games
3287,Nintendo Store
3287,PlayStation Store
3287,Epic Games
3287,GOG
3287,Xbox Store
3287,Steam
3192,PlayStation Store
3192,Steam
3192,Xbox 360 Store
3192,Xbox Store
290856,PlayStation Store
290856,Steam
290856,Nintendo Store
290856,Xbox Store
16944,Steam
16944,GOG
16944,Xbox Store
16944,App Store
17822,GOG
17822,Steam
416,Epic Games
416,PlayStation Store
416,Xbox Store
416,Steam
416,Xbox 360 Store
416,App Store
416,Google Play
19103,Steam
11973,GOG
11973,Steam
11973,PlayStation Store
11973,Xbox Store
11973,Xbox 360 Store
11973,App Store
23027,Steam
23027,Xbox 360 Store
23027,Xbox Store
23027,Nintendo Store
23027,GOG
23027,PlayStation Store
23027,Google Play
23027,Epic Games
23027,App Store
9767,Steam
9767,GOG
9767,Nintendo Store
9767,Xbox Store
9767,PlayStation Store
41,App Store
41,PlayStation Store
41,Steam
41,GOG
41,Xbox Store
4427,App Store
4427,Xbox Store
4427,Steam
4427,PlayStation Store
4427,Xbox 360 Store
18080,Steam
19710,Steam
19710,Google Play
11936,Steam
19709,Steam
19709,Google Play
2551,PlayStation Store
2551,Xbox Store
2551,Steam
10754,Epic Games
10754,PlayStation Store
10754,Nintendo Store
10754,Steam
10754,App Store
10754,GOG
654,PlayStation Store
654,App Store
654,Xbox Store
654,Steam
654,GOG
654,Nintendo Store
654,Google Play
4252,PlayStation Store
4252,Steam
4252,GOG
4252,Xbox 360 Store
10035,PlayStation Store
10035,Steam
10035,Xbox Store
10035,Epic Games
3612,GOG
3612,PlayStation Store
3612,Steam
3612,Google Play
3790,Epic Games
3790,PlayStation Store
3790,Xbox Store
3790,GOG
3790,Steam
1447,GOG
1447,PlayStation Store
1447,Steam
1447,Xbox Store
4161,Xbox Store
4161,PlayStation Store
4161,Steam
4161,Xbox 360 Store
10142,Epic Games
10142,Google Play
10142,App Store
10142,PlayStation Store
10142,Steam
10142,Xbox Store
10533,PlayStation Store
10533,Steam
10533,Xbox Store
10533,Epic Games
9721,Steam
19487,Xbox Store
19487,GOG
19487,Steam
19487,Xbox 360 Store
19487,Epic Games
13668,Epic Games
13668,Steam
13668,GOG
11935,Steam
3696,GOG
3696,Xbox Store
3696,Steam
3696,PlayStation Store
3696,Xbox 360 Store
3696,Epic Games
4332,Xbox Store
4332,PlayStation Store
4332,Steam
4332,Xbox 360 Store
4332,GOG
58134,Steam
58134,PlayStation Store
4386,Xbox Store
4386,PlayStation Store
4386,Steam
4386,Xbox 360 Store
29177,Steam
29177,PlayStation Store
29177,Epic Games
39,GOG
39,PlayStation Store
39,Steam
39,Xbox Store
39,Epic Games
5563,Xbox Store
5563,Steam
5563,PlayStation Store
5563,Xbox 360 Store
4828,PlayStation Store
4828,Xbox Store
4828,Steam
4828,Xbox 360 Store
12447,Steam
12447,PlayStation Store
12447,Xbox Store
864,GOG
864,PlayStation Store
864,Xbox Store
864,Steam
9882,Steam
10243,App Store
10243,Steam
4248,PlayStation Store
4248,Steam
4248,Xbox 360 Store
17540,Steam
17540,PlayStation Store
12536,PlayStation Store
12536,GOG
12536,Xbox Store
12536,Nintendo Store
12536,Steam
13633,App Store
13633,Steam
430,PlayStation Store
430,Steam
430,Google Play
430,App Store
5583,PlayStation Store
5583,Steam
5583,Xbox 360 Store
5583,GOG
3144,PlayStation Store
3144,Steam
3144,Xbox 360 Store
3144,Nintendo Store
3144,Google Play
3144,Epic Games
4514,PlayStation Store
4514,Steam
4514,Nintendo Store
4514,Xbox 360 Store
4514,Xbox Store
362,Xbox Store
362,Steam
362,PlayStation Store
362,Epic Games
3841,PlayStation Store
3841,Steam
3841,Xbox Store
3841,Xbox 360 Store
3841,Nintendo Store
58812,PlayStation Store
58812,GOG
58812,Steam
58812,Xbox Store
58812,Epic Games
257201,Epic Games
257201,Steam
257201,PlayStation Store
257201,Xbox Store
11934,Steam
4570,PlayStation Store
4570,Xbox Store
4570,Steam
4570,GOG
4570,Xbox 360 Store
2462,PlayStation Store
4806,Xbox Store
4806,PlayStation Store
4806,Steam
4806,Xbox 360 Store
3017,PlayStation Store
3017,Xbox Store
3017,Steam
3604,Nintendo Store
3604,PlayStation Store
3604,Steam
3604,GOG
3604,Xbox Store
3604,App Store
3604,Epic Games
3543,Steam
3543,Xbox 360 Store
3543,PlayStation Store
3543,Google Play
3543,App Store
50738,Xbox Store
50738,PlayStation Store
50738,Epic Games
50738,Steam
19301,Steam
3603,Epic Games
3603,Nintendo Store
3603,PlayStation Store
3603,Xbox Store
3603,Steam
3603,GOG
3603,App Store
13535,Steam
13535,Xbox 360 Store
11142,Epic Games
11142,PlayStation Store
11142,Nintendo Store
11142,Steam
11142,GOG
3747,PlayStation Store
3747,App Store
3747,Xbox Store
3747,Steam
3747,Xbox 360 Store
108,App Store
108,PlayStation Store
108,Xbox Store
108,Steam
108,Google Play
3636,PlayStation Store
274755,Steam
274755,Nintendo Store
274755,Epic Games
274755,PlayStation Store
274755,Xbox Store
10141,Steam
10141,Xbox Store
11147,Steam
11147,App Store
11147,Google Play
4513,PlayStation Store
4513,Xbox Store
4513,Steam
4513,Xbox 360 Store
4166,Xbox Store
4166,PlayStation Store
4166,Steam
4166,Xbox 360 Store
326292,Xbox Store
326292,Epic Games
326292,PlayStation Store
326292,Steam
326292,Nintendo Store
46889,Steam
46889,PlayStation Store
46889,Xbox Store
3191,PlayStation Store
3191,Xbox Store
3191,Steam
3191,Xbox 360 Store
3191,App Store
3191,GOG
613,itch.io
613,Xbox Store
613,Steam
613,GOG
613,Nintendo Store
613,PlayStation Store
613,Xbox 360 Store
613,App Store
22509,Nintendo Store
22509,App Store
22509,PlayStation Store
22509,Google Play
22509,Xbox Store
10989,PlayStation Store
10989,Steam
10989,Xbox Store
10989,Nintendo Store
25,GOG
25,PlayStation Store
25,App Store
25,Xbox Store
25,Steam
25,Google Play
17576,Epic Games
17576,Steam
17576,App Store
9810,PlayStation Store
9810,App Store
9810,Google Play
9810,Epic Games
9810,Steam
9810,Xbox Store
9810,Nintendo Store
480,PlayStation Store
480,Xbox Store
480,Steam
923,Steam
923,PlayStation Store
923,Xbox Store
10065,Steam
10065,PlayStation Store
10065,Xbox Store
10065,Nintendo Store
10065,Epic Games
3387,PlayStation Store
3254,App Store
3254,Steam
3254,PlayStation Store
3254,Epic Games
17572,Epic Games
17572,Steam
17572,Xbox 360 Store
9743,Nintendo Store
9743,Xbox Store
9743,PlayStation Store
9743,Steam
45969,PlayStation Store
45969,Steam
45969,Xbox Store
13910,PlayStation Store
13910,Steam
13910,Xbox 360 Store
13910,Google Play
13627,Nintendo Store
13627,Steam
13627,GOG
13627,PlayStation Store
13627,Xbox Store
13554,Epic Games
13554,Steam
13554,GOG
28179,Steam
28179,PlayStation Store
5525,Xbox Store
5525,PlayStation Store
5525,GOG
5525,Steam
5525,Xbox 360 Store
5525,itch.io
5525,App Store
18240,PlayStation Store
18240,Steam
18240,GOG
18240,Xbox 360 Store
18240,Xbox Store
18240,App Store
18240,Google Play
18240,Nintendo Store
18240,Epic Games
1416,Xbox Store
1416,Steam
1416,Xbox 360 Store
1416,PlayStation Store
23585,Steam
23585,PlayStation Store
23585,Xbox Store
3687,Steam
3687,Epic Games
3687,PlayStation Store
3687,Nintendo Store
3687,Xbox 360 Store
3687,Xbox Store
51329,PlayStation Store
51329,Xbox Store
51329,Steam
51329,Epic Games
2361,PlayStation Store
2361,Xbox Store
2361,GOG
2361,Steam
2361,App Store
2361,Xbox 360 Store
28201,PlayStation Store
28201,GOG
28201,Steam
28201,Xbox Store
28201,Epic Games
2743,GOG
2743,PlayStation Store
2743,Steam
2743,Epic Games
1450,Epic Games
1450,PlayStation Store
1450,Xbox Store
1450,Steam
1450,GOG
1450,Nintendo Store
1450,App Store
9830,App Store
9830,Nintendo Store
9830,Steam
9830,PlayStation Store
9830,Xbox Store
9830,Google Play
50734,Xbox Store
50734,Steam
50734,PlayStation Store
4280,PlayStation Store
4280,Steam
4280,Xbox 360 Store
3931,Xbox Store
3931,PlayStation Store
3931,Steam
3931,Xbox 360 Store
8488,Epic Games
8488,Xbox Store
8488,PlayStation Store
8488,Steam
2819,PlayStation Store
2819,Xbox Store
2819,Steam
2819,GOG
2819,Nintendo Store
2093,PlayStation Store
2093,GOG
2093,Steam
2093,Xbox Store
2093,Nintendo Store
58616,PlayStation Store
58616,Nintendo Store
58616,Epic Games
58616,Steam
58616,Xbox Store
3556,GOG
3556,Steam
3556,PlayStation Store
3556,App Store
3556,Xbox 360 Store
3556,Xbox Store
3556,Epic Games
3556,Google Play
3556,Nintendo Store
4223,Xbox Store
4223,PlayStation Store
4223,Steam
4223,Xbox 360 Store
58654,Xbox Store
58654,PlayStation Store
58654,Steam
3678,Steam
3678,PlayStation Store
3678,Xbox Store
4502,Xbox Store
4502,PlayStation Store
4502,Steam
4502,Xbox 360 Store
28568,Steam
28568,Xbox Store
28568,Xbox 360 Store
28154,PlayStation Store
28154,GOG
28154,Steam
28154,Xbox Store
28154,Nintendo Store
11052,GOG
11052,Steam
11052,Xbox Store
2235,App Store
2235,GOG
2235,Steam
2235,PlayStation Store
2235,Nintendo Store
2235,Xbox 360 Store
2235,Google Play
262382,Steam
262382,GOG
262382,Epic Games
262382,App Store
262382,PlayStation Store
262382,Nintendo Store
326243,Steam
326243,PlayStation Store
326243,Xbox Store
58777,PlayStation Store
58777,Xbox Store
58777,Nintendo Store
58777,Steam
28153,Steam
28153,PlayStation Store
28153,Xbox Store
356714,App Store
356714,itch.io
356714,Steam
356714,Nintendo Store
356714,Google Play
10340,GOG
10340,Steam
58751,Steam
58751,Xbox Store
1010,App Store
1010,itch.io
1010,PlayStation Store
1010,Steam
1010,Nintendo Store
1010,GOG
1010,Epic Games
2792,PlayStation Store
2792,Epic Games
2792,Steam
2792,GOG
2792,Xbox Store
2792,App Store
3876,PlayStation Store
3876,App Store
3876,GOG
3876,Steam
3876,Nintendo Store
1682,PlayStation Store
1682,Steam
1682,GOG
1682,Xbox 360 Store
1682,Google Play
1682,Xbox Store
1682,App Store
1682,Epic Games
4003,PlayStation Store
4003,Steam
4003,Xbox 360 Store
998,Steam
998,PlayStation Store
998,Xbox Store
18613,Steam
3497,PlayStation Store
3497,Xbox Store
3497,Steam
3497,Xbox 360 Store
13461,PlayStation Store
13461,Nintendo Store
13461,Steam
13461,Xbox 360 Store
13461,Xbox Store
1256,Epic Games
1256,GOG
1256,PlayStation Store
1256,Steam
1256,App Store
1256,Xbox Store
17959,Nintendo Store
17959,Steam
17959,Xbox Store
15002,Epic Games
15002,Steam
12024,Steam
22571,Xbox Store
22571,Steam
22571,PlayStation Store
4527,PlayStation Store
4527,Steam
4527,Xbox 360 Store
4527,Xbox Store
4599,Xbox Store
4599,PlayStation Store
4599,Steam
4599,GOG
4599,Xbox 360 Store
13268,Epic Games
13268,Steam
13268,GOG
10560,Steam
11435,Steam
11435,App Store
3853,PlayStation Store
3853,Steam
3853,GOG
3853,Nintendo Store
19590,Steam
10297,PlayStation Store
10297,Xbox Store
10297,Epic Games
10297,Steam
10297,Nintendo Store
10297,App Store
3168,Epic Games
3168,PlayStation Store
3168,Steam
3168,GOG
3168,Xbox Store
13305,Steam
13305,PlayStation Store
13305,Nintendo Store
13305,Xbox Store
13305,Xbox 360 Store
28172,Epic Games
28172,Steam
28172,PlayStation Store
28172,GOG
28172,Xbox Store
1090,GOG
1090,Epic Games
1090,Steam
1090,Google Play
1090,Nintendo Store
1090,App Store
4013,Nintendo Store
4013,GOG
4013,Xbox Store
4013,Steam
4013,Xbox 360 Store
3766,Xbox Store
3766,Steam
3766,PlayStation Store
3766,Xbox 360 Store
10061,Steam
10061,PlayStation Store
10061,Xbox Store
10061,Epic Games
4544,Steam
4544,Xbox Store
4544,PlayStation Store
4544,Xbox 360 Store
17352,Steam
952,App Store
952,Steam
952,GOG
952,Google Play
952,Epic Games
432,PlayStation Store
432,Steam
432,Google Play
432,App Store
51325,PlayStation Store
28202,PlayStation Store
28202,GOG
28202,Steam
28202,Xbox Store
28202,Nintendo Store
906,Xbox 360 Store
906,PlayStation Store
906,Steam
906,Xbox Store
11726,Steam
11726,GOG
11726,Nintendo Store
11726,Xbox Store
11726,PlayStation Store
11726,itch.io
11726,App Store
11726,Epic Games
1358,Google Play
1358,itch.io
1358,PlayStation Store
1358,App Store
1358,GOG
1358,Steam
43877,Steam
3474,Xbox Store
3474,Steam
3474,PlayStation Store
18272,Steam
18272,Google Play
10548,Nintendo Store
10548,Epic Games
10548,Steam
10548,PlayStation Store
10548,Xbox Store
10073,Steam
10073,GOG
28492,Xbox 360 Store
3990,PlayStation Store
559,Xbox Store
559,Steam
559,PlayStation Store
559,Nintendo Store
559,Google Play
559,App Store
10419,PlayStation Store
10419,Nintendo Store
10419,Steam
10419,Xbox Store
10419,Epic Games
3757,PlayStation Store
3757,Steam
3757,Xbox Store
3757,Xbox 360 Store
3757,Nintendo Store
3740,PlayStation Store
3740,Epic Games
3740,GOG
3740,Steam
3740,Xbox 360 Store
3740,App Store
3740,itch.io
3740,Nintendo Store
19542,Steam
59359,Nintendo Store
59359,PlayStation Store
59359,GOG
59359,Steam
59359,Xbox Store
59359,Epic Games
2572,PlayStation Store
2572,Xbox Store
2572,Steam
2572,App Store
21265,Steam
4954,PlayStation Store
4954,Steam
4954,Xbox 360 Store
1244,PlayStation Store
1244,Steam
1244,GOG
1244,Nintendo Store
1244,Xbox Store
1244,Epic Games
14348,Epic Games
14348,Steam
15859,Xbox Store
15859,Steam
15859,GOG
15859,Xbox 360 Store
15859,Google Play
15859,App Store
15859,Nintendo Store
56184,Google Play
56184,PlayStation Store
56184,App Store
56184,Steam
8146,PlayStation Store
8146,Steam
8146,Xbox Store
857,Xbox Store
857,Steam
9475,GOG
9475,Steam
9475,PlayStation Store
865,App Store
865,Xbox Store
865,Steam
865,Nintendo Store
865,Xbox 360 Store
3015,Xbox Store
3015,Steam
3015,Xbox 360 Store
19384,Steam
4639,Xbox Store
4639,PlayStation Store
4639,Steam
4639,Xbox 360 Store
3486,Nintendo Store
3486,App Store
3486,GOG
3486,PlayStation Store
3486,Steam
3486,Xbox 360 Store
3486,Google Play
18241,Xbox 360 Store
18241,PlayStation Store
18241,Xbox Store
18241,Steam
6617,Xbox Store
6617,Steam
4550,PlayStation Store
4550,Xbox Store
4550,Steam
4550,Xbox 360 Store
3932,Steam
3932,PlayStation Store
3932,GOG
16112,Xbox Store
16112,PlayStation Store
16112,Steam
3771,Epic Games
3771,PlayStation Store
3771,Steam
3771,Nintendo Store
3771,Xbox 360 Store
3771,Xbox Store
58755,Xbox Store
58755,Steam
28623,Nintendo Store
28623,PlayStation Store
28623,Xbox 360 Store
28623,Steam
492,GOG
492,Xbox Store
492,PlayStation Store
492,Steam
5562,PlayStation Store
5562,Xbox Store
5562,Steam
5562,Xbox 360 Store
17875,Epic Games
17875,Steam
17875,Xbox 360 Store
17875,GOG
17875,Nintendo Store
17875,PlayStation Store
17875,Xbox Store
3028,GOG
3028,PlayStation Store
3028,Steam
3028,Epic Games
817974,Steam
29338,GOG
29338,PlayStation Store
29338,Steam
29338,Epic Games
17126,Xbox Store
17126,Nintendo Store
17126,Epic Games
17126,Steam
17126,GOG
17126,PlayStation Store
1169,PlayStation Store
1169,Xbox Store
1169,Steam
1169,GOG
1169,App Store
7819,Nintendo Store
7819,Epic Games
7819,itch.io
7819,Steam
7819,Xbox Store
7819,GOG
7819,PlayStation Store
42187,Steam
42187,Xbox Store
42187,PlayStation Store
1959,PlayStation Store
1959,Xbox Store
1959,Steam
1959,Xbox 360 Store
1959,Google Play
1959,App Store
1959,Nintendo Store
3842,Steam
3842,PlayStation Store
3842,Xbox Store
3842,Xbox 360 Store
42,Nintendo Store
42,PlayStation Store
42,Steam
42,GOG
42,Xbox Store
42,Epic Games
42,App Store
5703,PlayStation Store
19365,PlayStation Store
19365,Steam
19365,Xbox 360 Store
3892,PlayStation Store
3892,Steam
3892,Nintendo Store
3892,Xbox 360 Store
21924,PlayStation Store
21924,Steam
21924,Xbox Store
3408,PlayStation Store
3408,Steam
3408,GOG
3408,Google Play
1774,Xbox Store
1774,PlayStation Store
1774,Nintendo Store
1774,Steam
1774,GOG
1774,itch.io
1774,Google Play
1774,App Store
5159,GOG
5159,PlayStation Store
5159,Xbox Store
624,App Store
624,Epic Games
624,Steam
624,GOG
28199,Xbox Store
28199,Nintendo Store
28199,Steam
2623,PlayStation Store
2623,Nintendo Store
2623,Xbox 360 Store
2623,Steam
2623,Xbox Store
2873,PlayStation Store
2873,Steam
2873,GOG
2873,Xbox Store
2873,App Store
2873,Google Play
2873,Epic Games
2733,Nintendo Store
2733,PlayStation Store
2733,Steam
2733,GOG
9609,Steam
28559,PlayStation Store
28559,Xbox Store
28559,Steam
28559,Xbox 360 Store
16209,Steam
9600,PlayStation Store
9600,Steam
274762,PlayStation Store
274762,Xbox Store
274762,Nintendo Store
274762,GOG
274762,Steam
274762,Epic Games
11276,App Store
11276,Steam
11276,Nintendo Store
11276,Xbox Store
11276,Xbox 360 Store
11276,PlayStation Store
11686,GOG
11686,Steam
23322,PlayStation Store
23322,Epic Games
23322,Steam
23322,GOG
23322,Xbox Store
58753,Steam
58753,Xbox Store
15834,PlayStation Store
15834,Nintendo Store
15834,App Store
15834,Steam
15834,GOG
15834,Xbox 360 Store
15834,Google Play
15834,Xbox Store
15834,Epic Games
22511,Nintendo Store
22781,PlayStation Store
22781,App Store
22781,Google Play
22781,GOG
22781,Xbox 360 Store
22781,Steam
22781,Nintendo Store
16343,Steam
16343,GOG
58617,Nintendo Store
58617,PlayStation Store
58617,Steam
58617,Epic Games
58617,Xbox Store
3371,PlayStation Store
3371,Xbox Store
3371,Steam
752,Epic Games
752,Xbox Store
752,PlayStation Store
752,Steam
752,Nintendo Store
4440,Xbox Store
4440,Steam
4440,PlayStation Store
4440,Xbox 360 Store
16113,Steam
16113,Xbox 360 Store
13194,Nintendo Store
13194,GOG
13194,Steam
13194,App Store
13194,Google Play
20406,Steam
18336,Epic Games
18336,Xbox Store
18336,GOG
18336,Steam
18336,Xbox 360 Store
4101,Xbox Store
4101,PlayStation Store
4101,Steam
4101,Nintendo Store
4101,Xbox 360 Store
306124,Steam
2728,PlayStation Store
2728,Steam
2728,Xbox Store
12756,GOG
12756,Steam
12756,Xbox 360 Store
45821,PlayStation Store
45821,Xbox Store
45821,GOG
45821,Steam
14446,Xbox 360 Store
14446,Xbox Store
14446,Steam
14446,Nintendo Store
22121,Epic Games
22121,Steam
22121,Nintendo Store
22121,PlayStation Store
22121,Xbox Store
22121,itch.io
4573,PlayStation Store
4573,Steam
4094,GOG
4094,Xbox Store
4094,PlayStation Store
4094,Steam
4094,Xbox 360 Store
4094,Google Play
2553,PlayStation Store
15426,Steam
14512,Steam
14512,GOG
3631,PlayStation Store
9966,Epic Games
9966,Google Play
9966,App Store
9966,Steam
9966,Xbox Store
9966,PlayStation Store
9966,Nintendo Store
18614,Steam
2597,GOG
2597,App Store
2597,Xbox 360 Store
2597,Steam
2597,Nintendo Store
2597,Google Play
4123,Nintendo Store
4123,App Store
4123,PlayStation Store
4123,Xbox 360 Store
30899,GOG
30899,Steam
42895,PlayStation Store
42895,Epic Games
42895,Steam
42895,Xbox Store
2115,PlayStation Store
2115,Xbox Store
2115,Steam
2115,Epic Games
9671,Steam
58550,Steam
58550,PlayStation Store
28152,Epic Games
28152,Steam
28152,PlayStation Store
28152,Xbox Store
13247,GOG
13247,Steam
13247,PlayStation Store
13247,Xbox Store
13247,Nintendo Store
13247,App Store
13247,Google Play
13913,GOG
13913,Steam
17857,Nintendo Store
17857,Xbox Store
17857,PlayStation Store
17857,Steam
17857,GOG
46956,Steam
46956,itch.io
50778,Steam
50778,PlayStation Store
50778,Xbox Store
3209,PlayStation Store
14962,Steam
18183,App Store
18183,Steam
19569,PlayStation Store
19569,Steam
19569,Xbox 360 Store
19569,GOG
750,PlayStation Store
750,Steam
750,Xbox Store
11312,PlayStation Store
11312,Steam
11312,GOG
11312,Xbox Store
11312,Epic Games
5193,GOG
5193,PlayStation Store
5193,Steam
14016,Xbox Store
14016,Steam
14016,GOG
14016,Xbox 360 Store
670682,Steam
2518,PlayStation Store
2518,Steam
2518,Xbox 360 Store
3368,PlayStation Store
3368,Steam
3368,GOG
250,PlayStation Store
250,Steam
250,Nintendo Store
250,Xbox Store
250,App Store
250,GOG
16359,PlayStation Store
16359,Xbox Store
16359,Steam
16359,GOG
274480,PlayStation Store
274480,Steam
274480,Nintendo Store
274480,Xbox Store
3346,PlayStation Store
3346,GOG
3346,Steam
3346,Xbox Store
3346,Epic Games
17803,Steam
17803,Xbox Store
9653,GOG
9653,Steam
10449,Epic Games
10449,Steam
10449,Xbox Store
10449,PlayStation Store
9793,Steam
15858,Steam
15858,GOG
15858,Xbox 360 Store
15858,App Store
13628,Steam
13628,PlayStation Store
13628,Xbox Store
12320,Epic Games
12320,Steam
12320,GOG
12320,Xbox Store
12320,Nintendo Store
12320,PlayStation Store
51610,Nintendo Store
51610,PlayStation Store
51610,Xbox Store
51610,Steam
3554,Epic Games
3554,GOG
3554,PlayStation Store
3554,Steam
3554,Xbox 360 Store
3554,Xbox Store
10092,Xbox Store
10092,Steam
50781,Steam
50781,Xbox Store
19299,Epic Games
19299,Steam
19299,GOG
10090,Epic Games
10090,Nintendo Store
10090,PlayStation Store
10090,Steam
10090,GOG
10090,Google Play
10090,App Store
17380,Steam
17380,GOG
452638,Nintendo Store
452638,App Store
452638,PlayStation Store
452638,Xbox Store
452638,Steam
19451,Epic Games
19451,Steam
15274,Xbox Store
15274,Epic Games
15274,itch.io
15274,Steam
15274,Nintendo Store
15274,GOG
15274,PlayStation Store
3427,Xbox Store
3427,PlayStation Store
3427,Steam
3427,Xbox 360 Store
12569,Steam
12569,GOG
3729,GOG
3729,Steam
3729,Nintendo Store
3729,Xbox 360 Store
3729,Xbox Store
3912,PlayStation Store
3912,Steam
3912,Xbox 360 Store
5161,PlayStation Store
5161,Steam
5161,GOG
5161,Xbox 360 Store
5161,App Store
10001,Steam
829,PlayStation Store
829,Epic Games
829,Steam
829,Xbox Store
14062,Steam
3449,GOG
3449,PlayStation Store
3449,Xbox 360 Store
3449,Xbox Store
3449,Nintendo Store
4729,Xbox Store
4729,PlayStation Store
4729,Xbox 360 Store
5578,PlayStation Store
5578,Xbox Store
5578,Nintendo Store
5578,Xbox 360 Store
5578,Steam
678,Xbox Store
678,Steam
678,PlayStation Store
19452,Steam
19452,Xbox 360 Store
14690,Steam
14690,Nintendo Store
455597,Nintendo Store
455597,Steam
455597,Xbox Store
455597,PlayStation Store
2574,PlayStation Store
2574,Steam
2574,Xbox Store
2574,GOG
2574,Nintendo Store
2574,Epic Games
58813,PlayStation Store
58813,Steam
58813,Xbox Store
17174,Xbox 360 Store
17174,Steam
17174,PlayStation Store
17174,Nintendo Store
3300,PlayStation Store
3300,Steam
3300,Xbox Store
14317,Steam
19375,PlayStation Store
19375,Xbox Store
19375,Steam
19375,Xbox 360 Store
10064,Steam
10064,Xbox 360 Store
10064,PlayStation Store
2047,PlayStation Store
2047,Steam
2047,Google Play
2047,App Store
2047,Xbox Store
3697,PlayStation Store
3697,Steam
3697,Xbox 360 Store
4179,PlayStation Store
4179,Nintendo Store
4179,Xbox 360 Store
47137,PlayStation Store
47137,Xbox Store
47137,App Store
47137,Nintendo Store
47137,Epic Games
53341,Steam
53341,Xbox 360 Store
53341,PlayStation Store
11974,Steam
11974,GOG
11974,Xbox 360 Store
12019,Xbox Store
12019,Steam
12019,Xbox 360 Store
2300,PlayStation Store
2300,Xbox Store
2300,Steam
2300,Nintendo Store
2300,Epic Games
2166,App Store
2166,GOG
2166,Xbox 360 Store
2166,Xbox Store
2166,Steam
2166,Google Play
295021,Epic Games
295021,App Store
295021,GOG
295021,Steam
397477,GOG
397477,PlayStation Store
397477,Steam
397477,Xbox Store
442855,GOG
442855,Xbox Store
442855,Steam
442855,PlayStation Store
442855,Epic Games
442854,Xbox Store
442854,Steam
442854,Epic Games
28121,PlayStation Store
28121,Xbox Store
28121,App Store
28121,Nintendo Store
28121,Google Play
28121,Steam
28121,GOG
259801,Steam
259801,PlayStation Store
259801,Epic Games
9551,Steam
4032,PlayStation Store
4032,Steam
4032,GOG
4032,Xbox Store
4032,Nintendo Store
4000,Steam
4000,PlayStation Store
4000,Xbox 360 Store
10040,Steam
10040,GOG
295,PlayStation Store
295,Xbox Store
295,Steam
295,GOG
295,Nintendo Store
295,Epic Games
295,App Store
295,Google Play
19600,Xbox Store
19600,Steam
19600,PlayStation Store
19600,Xbox 360 Store
5687,PlayStation Store
3350,PlayStation Store
3350,Steam
3350,Xbox Store
3350,Google Play
3350,App Store
3350,Nintendo Store
3350,itch.io
3350,GOG
7381,PlayStation Store
7381,Epic Games
7381,Xbox Store
7381,Steam
7381,GOG
7381,Nintendo Store
9575,Steam
2100,Nintendo Store
2100,PlayStation Store
2100,Steam
2100,GOG
2100,Xbox 360 Store
2100,Xbox Store
2100,Google Play
2100,App Store
2100,Epic Games
3647,PlayStation Store
3647,Xbox Store
3647,Steam
3647,Nintendo Store
3647,Xbox 360 Store
3290,PlayStation Store
3290,Steam
5565,GOG
5565,PlayStation Store
5565,Steam
5565,Xbox 360 Store
685577,App Store
685577,Google Play
685577,itch.io
685577,Steam
5564,PlayStation Store
5564,Steam
5564,GOG
5564,Xbox 360 Store
894,Xbox Store
894,Xbox 360 Store
894,PlayStation Store
23557,PlayStation Store
23557,App Store
23557,Google Play
23557,Steam
23557,GOG
23557,Xbox Store
23587,PlayStation Store
23587,Nintendo Store
23587,Xbox Store
23587,Steam
23587,Epic Games
17037,Steam
17037,Xbox 360 Store
4882,PlayStation Store
4882,Steam
4882,Xbox 360 Store
6879,Xbox Store
6879,Steam
6879,GOG
6879,PlayStation Store
13820,Xbox Store
13820,Steam
13820,GOG
13820,Xbox 360 Store
12929,Nintendo Store
12929,Epic Games
12929,Xbox Store
12929,Steam
12929,Google Play
12929,App Store
3052,Steam
3052,Xbox Store
3052,PlayStation Store
3052,Xbox 360 Store
42215,PlayStation Store
42215,Xbox Store
42215,Steam
42215,Nintendo Store
452649,Steam
452649,PlayStation Store
452649,Xbox Store
3561,PlayStation Store
3561,GOG
3561,Steam
3561,Xbox 360 Store
41490,Steam
59313,Google Play
59313,App Store
59313,PlayStation Store
59313,Steam
59313,Nintendo Store
59313,GOG
4869,App Store
4869,Steam
4869,PlayStation Store
4869,Nintendo Store
4869,Xbox 360 Store
4869,GOG
10428,Epic Games
10428,Steam
28110,Nintendo Store
28110,Steam
28110,PlayStation Store
28110,Xbox Store
28110,Epic Games
28110,GOG
4397,Steam
4397,PlayStation Store
4397,Xbox 360 Store
4397,Xbox Store
248521,Steam
58494,Steam
58494,PlayStation Store
58494,Xbox Store
16199,Steam
3635,Epic Games
3635,App Store
3635,Nintendo Store
3635,PlayStation Store
3635,Xbox Store
3635,GOG
3635,Steam
17885,Steam
17885,Xbox 360 Store
719,App Store
719,GOG
719,Steam
719,PlayStation Store
719,Xbox Store
704634,GOG
704634,Steam
704634,Epic Games
704634,PlayStation Store
19647,Steam
398423,Steam
13886,Steam
13886,GOG
13886,Xbox 360 Store
13886,PlayStation Store
13886,Xbox Store
10293,Steam
58764,Epic Games
58764,PlayStation Store
58764,Nintendo Store
58764,Steam
58764,Xbox Store
19491,Steam
892,PlayStation Store
892,Nintendo Store
892,GOG
892,Steam
892,Xbox 360 Store
892,App Store
4358,PlayStation Store
4358,Steam
4358,Xbox Store
4358,Xbox 360 Store
34,PlayStation Store
34,Nintendo Store
34,Xbox Store
34,Steam
4347,PlayStation Store
4347,Xbox 360 Store
29153,Steam
29153,Xbox 360 Store
11279,Steam
382,Nintendo Store
382,PlayStation Store
382,Xbox Store
382,Steam
49,PlayStation Store
5342,PlayStation Store
5342,Steam
5342,Xbox 360 Store
58952,Nintendo Store
58952,Steam
58952,Xbox Store
58952,PlayStation Store
45970,GOG
45970,Steam
45970,PlayStation Store
45970,Nintendo Store
45970,Xbox Store
1758,PlayStation Store
1758,Xbox Store
1758,Steam
1758,Xbox 360 Store
1758,App Store
1758,Nintendo Store
1758,Google Play
1259,Xbox Store
1259,Nintendo Store
1259,itch.io
1259,Steam
1259,PlayStation Store
1259,App Store
1259,GOG
1259,Google Play
15566,Steam
15566,Xbox 360 Store
15829,Steam
15829,Epic Games
44525,Nintendo Store
44525,GOG
44525,Xbox Store
44525,PlayStation Store
44525,Steam
4581,PlayStation Store
4581,Steam
4581,GOG
4581,Xbox 360 Store
19056,Nintendo Store
19056,Xbox Store
19056,PlayStation Store
19056,GOG
19056,Steam
1789,Xbox Store
1789,PlayStation Store
1789,GOG
1789,Steam
1789,Nintendo Store
3965,PlayStation Store
3965,Steam
3965,Xbox 360 Store
15642,GOG
15642,Steam
622492,App Store
622492,Xbox Store
622492,Steam
10767,PlayStation Store
10767,Epic Games
10767,App Store
10767,Steam
10767,GOG
10767,Xbox Store
19057,Nintendo Store
19057,Xbox Store
19057,PlayStation Store
19057,GOG
19057,Steam
19592,PlayStation Store
19592,Steam
19592,GOG
9631,Steam
58752,PlayStation Store
58752,Xbox Store
58752,Steam
616765,Nintendo Store
616765,Xbox Store
616765,PlayStation Store
616765,Steam
616765,Epic Games
5636,Xbox Store
5636,PlayStation Store
5636,Steam
5636,Xbox 360 Store
4439,Nintendo Store
4439,Steam
4439,Xbox Store
4439,PlayStation Store
4439,Xbox 360 Store
38,PlayStation Store
38,Xbox Store
38,Steam
38,Google Play
38,App Store
884,PlayStation Store
884,Xbox Store
884,Steam
19410,Steam
1140,App Store
1140,Steam
1140,GOG
1140,Nintendo Store
1140,Google Play
1140,Epic Games
4491,PlayStation Store
5528,Xbox Store
5528,Steam
5528,PlayStation Store
5528,Nintendo Store
5528,Xbox 360 Store
3315,PlayStation Store
3315,Steam
15317,Google Play
15317,App Store
15317,Steam
15317,GOG
391399,Xbox Store
391399,Steam
14606,Steam
10310,Steam
326252,Xbox Store
326252,Steam
15714,App Store
15714,Steam
15714,Epic Games
9835,Epic Games
9835,PlayStation Store
9835,Steam
9835,Xbox Store
9835,GOG
9835,Nintendo Store
5298,Steam
5298,Xbox 360 Store
5298,GOG
2805,PlayStation Store
2805,Steam
16787,Steam
16787,Xbox 360 Store
20405,Steam
197,PlayStation Store
197,Xbox Store
197,Steam
326251,PlayStation Store
326251,Steam
14334,Steam
14334,GOG
4523,GOG
4523,PlayStation Store
4523,Steam
4523,Xbox 360 Store
4012,PlayStation Store
4012,Xbox Store
4012,Nintendo Store
4012,Xbox 360 Store
4012,Steam
58827,PlayStation Store
58827,GOG
58827,Nintendo Store
58827,Steam
58827,Xbox Store
58827,Epic Games
29171,GOG
29171,Steam
29171,PlayStation Store
29171,Xbox Store
6773,Xbox Store
6773,Steam
29215,GOG
29215,Steam
29215,PlayStation Store
29215,Xbox Store
29215,App Store
17127,Xbox Store
17127,GOG
17127,Steam
17127,Xbox 360 Store
17127,Epic Games
4535,App Store
4535,Xbox Store
4535,PlayStation Store
4535,Steam
4535,Nintendo Store
4535,Xbox 360 Store
11970,PlayStation Store
11970,Xbox Store
11970,Nintendo Store
11970,Xbox 360 Store
11970,Steam
11970,GOG
11970,App Store
437059,Steam
437059,Epic Games
437059,Xbox Store
437059,PlayStation Store
5297,App Store
5297,PlayStation Store
5297,Steam
5297,Nintendo Store
5297,Xbox 360 Store
5297,GOG
18003,itch.io
18003,Epic Games
18003,Steam
18003,GOG
18003,Nintendo Store
18003,App Store
4387,Steam
4387,PlayStation Store
4387,Xbox 360 Store
366850,Steam
366850,GOG
366850,Xbox Store
366850,PlayStation Store
366850,Epic Games
324997,PlayStation Store
324997,GOG
324997,Steam
10615,GOG
10615,Steam
19196,GOG
19196,Steam
17356,Steam
1670,App Store
1670,Google Play
1670,Steam
1670,GOG
1670,Epic Games
1670,Nintendo Store
52939,PlayStation Store
52939,Steam
52939,App Store
52939,Google Play
52939,Nintendo Store
52939,Xbox Store
19429,Steam
4331,PlayStation Store
4331,Nintendo Store
4331,Xbox 360 Store
4331,Steam
4331,Xbox Store
28395,Xbox 360 Store
13856,Xbox Store
13856,Steam
13856,GOG
13856,Nintendo Store
10031,Steam
58133,Nintendo Store
58133,Xbox Store
58133,PlayStation Store
58133,Steam
2213,Epic Games
2213,Xbox Store
2213,Steam
2213,GOG
42776,Nintendo Store
42776,PlayStation Store
42776,Xbox Store
42776,Steam
42776,Epic Games
2255,PlayStation Store
2255,Xbox Store
2255,Steam
452634,Epic Games
452634,Steam
452634,PlayStation Store
327999,Google Play
327999,Steam
327999,App Store
13079,Steam
13079,Google Play
13079,App Store
58651,Steam
4388,Xbox Store
4388,PlayStation Store
4388,Steam
4388,Xbox 360 Store
22859,GOG
22859,Steam
204,App Store
204,PlayStation Store
204,Steam
204,Xbox Store
204,Google Play
17252,Steam
17252,Xbox 360 Store
263590,Epic Games
263590,PlayStation Store
263590,Xbox Store
263590,Nintendo Store
263590,Steam
2722,Nintendo Store
2722,PlayStation Store
2722,Steam
2722,GOG
2722,Xbox Store
36,PlayStation Store
36,Steam
36,Xbox Store
3265,PlayStation Store
16355,Steam
258322,GOG
258322,PlayStation Store
258322,Xbox Store
258322,Nintendo Store
258322,Steam
258322,Epic Games
4249,PlayStation Store
4249,Steam
4249,Xbox 360 Store
4676,PlayStation Store
4676,Steam
4676,Xbox 360 Store
9545,Steam
9545,GOG
9545,PlayStation Store
9545,Xbox Store
19685,Steam
19685,Xbox 360 Store
19685,GOG
16191,Steam
3562,GOG
3562,PlayStation Store
3562,Xbox Store
3562,Steam
1299,PlayStation Store
1299,Steam
1299,GOG
1299,Google Play
1299,Xbox Store
21926,PlayStation Store
2434,App Store
2434,PlayStation Store
2434,Steam
2434,GOG
2434,Google Play
2434,Nintendo Store
2434,itch.io
9853,Steam
2778,App Store
2778,Nintendo Store
2778,Google Play
2778,GOG
2778,Steam
4612,Steam
4612,PlayStation Store
4612,Xbox 360 Store
17599,Steam
17599,Xbox 360 Store
1225,PlayStation Store
1225,Xbox Store
1225,Steam
3450,Xbox Store
3450,Steam
3450,GOG
3450,Xbox 360 Store
3450,PlayStation Store
2559,PlayStation Store
2559,Steam
2559,GOG
2559,Xbox Store
3850,PlayStation Store
3850,Xbox 360 Store
3850,Xbox Store
3850,Steam
3850,Nintendo Store
3850,App Store
3850,Google Play
3651,PlayStation Store
3651,Steam
3651,Xbox 360 Store
715,Epic Games
715,PlayStation Store
715,Xbox Store
715,Steam
60179,Steam
17295,GOG
17295,Steam
22513,PlayStation Store
516111,Xbox Store
516111,Steam
516111,PlayStation Store
58585,PlayStation Store
58585,Steam
58585,Xbox Store
20760,Xbox Store
20760,Steam
20760,Xbox 360 Store
20760,Google Play
22789,GOG
22789,Steam
17925,Steam
17925,Xbox 360 Store
137,Steam
137,PlayStation Store
137,Xbox Store
3251,Xbox Store
3251,PlayStation Store
3251,Steam
2239,PlayStation Store
2239,Xbox Store
2239,Steam
2239,GOG
2239,Nintendo Store
4744,Xbox 360 Store
401805,PlayStation Store
401805,App Store
401805,Google Play
401805,Epic Games
2354,Steam
2354,Xbox Store
2354,PlayStation Store
4923,PlayStation Store
4923,Steam
4923,Xbox Store
4923,Xbox 360 Store
123,PlayStation Store
123,Xbox Store
123,App Store
123,Nintendo Store
123,Google Play
13469,Steam
10049,GOG
10049,Steam
28261,Steam
28261,Xbox 360 Store
3748,Steam
3748,GOG
3748,PlayStation Store
3748,Nintendo Store
3748,Xbox Store
3772,PlayStation Store
3772,Nintendo Store
3772,Xbox 360 Store
3772,Steam
3772,Xbox Store
19458,GOG
19458,Epic Games
19458,Nintendo Store
19458,App Store
19458,Steam
19458,PlayStation Store
19458,Xbox Store
19309,Google Play
19309,App Store
19309,Xbox 360 Store
19309,Steam
9465,GOG
9465,Steam
14990,Steam
14990,Xbox 360 Store
323065,Steam
323065,Xbox Store
323065,PlayStation Store
29173,Epic Games
29173,PlayStation Store
29173,GOG
29173,Steam
29173,Xbox Store
2913,App Store
2913,Google Play
2913,Xbox Store
2913,PlayStation Store
2913,Nintendo Store
2913,Steam
2913,GOG
2845,PlayStation Store
2845,Xbox Store
2845,Steam
2845,GOG
2845,App Store
722,Steam
722,Xbox Store
722,PlayStation Store
722,Xbox 360 Store
19284,Epic Games
19284,Steam
19284,GOG
50677,Epic Games
50677,GOG
50677,PlayStation Store
50677,Xbox Store
50677,Steam
7485,PlayStation Store
7485,Xbox Store
7485,Steam
7485,Epic Games
22597,Steam
22597,GOG
22597,PlayStation Store
22597,Xbox Store
22597,Epic Games
3268,PlayStation Store
3268,Nintendo Store
3268,Steam
3268,GOG
3268,Xbox Store
3268,Epic Games
364806,PlayStation Store
364806,Xbox Store
364806,Steam
18886,Xbox Store
18886,Steam
18886,Xbox 360 Store
18886,GOG
18081,Steam
1322,PlayStation Store
1322,Xbox Store
1322,Steam
1322,Xbox 360 Store
4340,PlayStation Store
2830,Steam
2830,PlayStation Store
2830,Xbox Store
2830,Xbox 360 Store
2390,Nintendo Store
2390,PlayStation Store
2390,Steam
2390,Xbox Store
3494,App Store
3494,PlayStation Store
3494,Xbox Store
3494,Steam
3494,Nintendo Store
3494,Google Play
9904,Steam
22069,Steam
10900,Steam
10900,GOG
20980,Steam
13498,Steam
28026,Nintendo Store
12018,Nintendo Store
12018,PlayStation Store
12018,App Store
12018,Steam
12018,GOG
12018,Xbox Store
4414,PlayStation Store
4414,Steam
3358,App Store
3358,PlayStation Store
3358,Steam
3358,GOG
3358,Xbox 360 Store
3358,Epic Games
10125,Steam
10125,PlayStation Store
10125,Xbox Store
10125,Epic Games
11228,Nintendo Store
11228,Steam
11228,PlayStation Store
11228,Xbox Store
9741,GOG
9741,Steam
9741,PlayStation Store
9741,Xbox Store
23702,PlayStation Store
23702,Steam
23702,Xbox Store
2412,App Store
2412,PlayStation Store
2412,Steam
2412,GOG
3459,PlayStation Store
14989,GOG
14989,Steam
14989,Xbox 360 Store
3090,PlayStation Store
3090,Steam
3090,Xbox Store
2767,Xbox Store
2767,Steam
2767,PlayStation Store
2767,Epic Games
10296,PlayStation Store
10296,Steam
10296,Xbox Store
9494,Steam
7317,Steam
7317,Nintendo Store
7317,Google Play
7317,App Store
19380,Steam
13273,Steam
18184,Steam
2556,Xbox Store
2556,PlayStation Store
2556,Steam
2556,GOG
2556,Nintendo Store
9744,Steam
9744,PlayStation Store
9744,Xbox Store
9744,GOG
9744,Nintendo Store
9744,Epic Games
22162,App Store
22162,GOG
22162,Steam
22162,Xbox Store
22162,PlayStation Store
22162,Nintendo Store
22162,Epic Games
18726,Steam
18726,GOG
236694,Nintendo Store
236694,PlayStation Store
236694,Xbox Store
236694,Steam
236694,Epic Games
19633,PlayStation Store
19633,Steam
19633,Xbox 360 Store
19633,Google Play
19633,App Store
10050,Steam
10050,GOG
19439,Steam
19439,GOG
19439,Xbox 360 Store
21736,GOG
21736,Steam
20569,Steam
20569,GOG
401,PlayStation Store
3468,Steam
122,Nintendo Store
122,Steam
122,GOG
122,PlayStation Store
122,App Store
122,Xbox Store
122,Google Play
122,Epic Games
9782,Steam
10327,GOG
10327,Steam
10327,itch.io
10327,Google Play
29,PlayStation Store
29,Steam
29,Xbox Store
29,Nintendo Store
46597,Steam
27938,Steam
27938,GOG
27938,PlayStation Store
27938,Nintendo Store
27938,Xbox Store
11567,Steam
3501,PlayStation Store
22938,PlayStation Store
22938,GOG
22938,Steam
22938,Xbox Store
22938,App Store
1830,App Store
1830,Nintendo Store
1830,PlayStation Store
1830,Steam
1830,Xbox Store
9824,App Store
9824,Nintendo Store
9824,Xbox Store
9824,Steam
9824,Xbox 360 Store
11663,Xbox Store
11663,PlayStation Store
11663,Steam
11663,Nintendo Store
11663,GOG
11663,App Store
427930,Steam
14072,Steam
14072,Xbox 360 Store
2139,PlayStation Store
2139,Epic Games
2139,Nintendo Store
2139,Xbox Store
2139,Steam
2139,GOG
2139,App Store
19560,PlayStation Store
19560,Xbox Store
19560,Steam
19560,GOG
19560,Xbox 360 Store
12980,Steam
11425,Steam
58698,Epic Games
58698,PlayStation Store
58698,Xbox Store
58698,Steam
2055,PlayStation Store
2055,Steam
2055,App Store
2055,Google Play
10436,GOG
10436,Nintendo Store
10436,Xbox Store
10436,PlayStation Store
10436,Steam
10926,Nintendo Store
10926,Steam
10926,GOG
10537,PlayStation Store
10537,Epic Games
10537,Nintendo Store
10537,Steam
10537,Xbox Store
10537,GOG
15860,PlayStation Store
15860,Steam
15860,Xbox Store
15860,Xbox 360 Store
15860,GOG
15860,Nintendo Store
10281,Steam
10281,GOG
19369,PlayStation Store
19369,Steam
19369,Xbox 360 Store
19369,App Store
23191,GOG
23191,Steam
23191,PlayStation Store
23191,Nintendo Store
99,Xbox Store
99,PlayStation Store
99,Steam
99,Nintendo Store
99,Epic Games
4602,PlayStation Store
4602,Xbox 360 Store
4361,App Store
4361,Xbox Store
4361,PlayStation Store
4361,GOG
4361,Steam
4361,Nintendo Store
4361,Xbox 360 Store
10393,Steam
10393,GOG
19397,Steam
19397,GOG
9515,Xbox Store
9515,PlayStation Store
9515,Steam
4477,Xbox 360 Store
4477,PlayStation Store
4477,Steam
13570,Steam
13570,App Store
13570,Google Play
2131,PlayStation Store
2131,Steam
2131,GOG
2131,Xbox Store
2131,Nintendo Store
2131,App Store
244716,Steam
244716,PlayStation Store
244716,Xbox Store
372576,Steam
22508,Nintendo Store
22508,PlayStation Store
22508,Xbox Store
2889,PlayStation Store
2889,Xbox Store
2889,Steam
2889,GOG
2889,Nintendo Store
2889,App Store
2889,Google Play
2889,Epic Games
13387,Xbox 360 Store
13387,Steam
842,Xbox Store
842,Steam
842,PlayStation Store
17357,Steam
17357,Xbox 360 Store
19584,PlayStation Store
19584,Steam
19584,GOG
19584,Xbox 360 Store
906547,Nintendo Store
906547,Epic Games
906547,PlayStation Store
906547,Steam
906547,Xbox Store
4206,PlayStation Store
4206,Xbox Store
4206,Steam
4206,Xbox 360 Store
59023,PlayStation Store
59023,Nintendo Store
59023,Steam
59023,GOG
59023,Xbox Store
339961,Nintendo Store
339961,PlayStation Store
339961,Steam
339961,Xbox Store
13909,GOG
13909,Steam
13909,PlayStation Store
13909,Xbox 360 Store
18287,PlayStation Store
18287,Steam
18287,GOG
18287,Xbox 360 Store
18287,Google Play
18287,App Store
791638,Steam
791638,PlayStation Store
19568,Xbox Store
19568,Steam
19568,Xbox 360 Store
35561,Xbox Store
35561,Nintendo Store
35561,Steam
35561,GOG
35561,Xbox 360 Store
35561,PlayStation Store
12884,Steam
12662,Xbox Store
12662,Xbox 360 Store
12662,Google Play
12662,Steam
12662,App Store
12662,Nintendo Store
12662,GOG
4111,Steam
4111,Xbox 360 Store
61961,Nintendo Store
61961,PlayStation Store
61961,Steam
9736,PlayStation Store
9736,Steam
9736,GOG
9736,Xbox Store
9736,Epic Games
18185,Steam
17158,PlayStation Store
17158,Xbox Store
17158,Steam
12757,App Store
12757,Steam
58640,Epic Games
58640,PlayStation Store
58640,Nintendo Store
58640,Steam
58640,Xbox Store
61176,PlayStation Store
61176,Steam
61176,GOG
61176,Nintendo Store
61176,Xbox Store
2287,Steam
2287,GOG
2287,Google Play
2287,App Store
9495,Steam
31771,GOG
31771,Steam
4520,Xbox Store
4520,PlayStation Store
4520,Steam
4520,Xbox 360 Store
20992,Steam
5711,Xbox Store
5711,Steam
313843,Steam
445442,Steam
445442,itch.io
4186,Xbox Store
4186,Nintendo Store
4186,Steam
4186,PlayStation Store
17975,Steam
17975,Xbox 360 Store
17975,GOG
17975,App Store
17975,PlayStation Store
17975,Google Play
4483,PlayStation Store
4483,App Store
4483,Xbox Store
4483,Steam
4483,Xbox 360 Store
16856,Steam
7439,Steam
7439,Nintendo Store
7439,Xbox 360 Store
7439,Xbox Store
16649,Steam
3838,Steam
3838,PlayStation Store
3838,Xbox 360 Store
3838,Xbox Store
5706,Steam
5706,PlayStation Store
5706,Nintendo Store
5706,Xbox Store
15861,Steam
13512,Steam
28631,Xbox Store
28631,Xbox 360 Store
28615,Xbox Store
28615,Xbox 360 Store
5538,PlayStation Store
5538,Xbox 360 Store
13525,Steam
13525,Epic Games
13566,Epic Games
13566,Steam
13566,Nintendo Store
13566,GOG
3601,PlayStation Store
54491,Steam
54491,Nintendo Store
54491,Xbox Store
54491,PlayStation Store
54491,Epic Games
58735,Steam
58735,PlayStation Store
58735,Xbox Store
58735,Nintendo Store
17676,Steam
17676,Google Play
17676,GOG
14211,Xbox Store
14211,PlayStation Store
14211,Nintendo Store
14211,GOG
14211,Steam
887,PlayStation Store
887,Steam
887,Xbox Store
5678,Steam
5678,PlayStation Store
5678,Xbox Store
5678,Xbox 360 Store
57908,PlayStation Store
57908,App Store
57908,Steam
57908,Google Play
2296,GOG
2296,App Store
2296,Steam
58754,Steam
58754,PlayStation Store
58754,Xbox Store
58754,Epic Games
10389,Steam
9871,Steam
50418,App Store
50418,Steam
50418,PlayStation Store
17998,Steam
2639,Xbox Store
2639,PlayStation Store
2639,Steam
2639,GOG
2639,App Store
2639,itch.io
18449,Xbox 360 Store
18449,Steam
18449,GOG
3726,Steam
3726,PlayStation Store
3726,Xbox 360 Store
3726,Xbox Store
3726,Epic Games
11214,PlayStation Store
11214,Xbox Store
11214,Nintendo Store
11214,GOG
11214,Steam
11214,itch.io
11214,App Store
9831,PlayStation Store
9831,Steam
9831,Xbox Store
16543,Epic Games
16543,Xbox Store
16543,GOG
16543,Nintendo Store
16543,PlayStation Store
16543,Steam
16543,Xbox 360 Store
16543,App Store
4571,PlayStation Store
4571,Steam
4571,Xbox 360 Store
295019,GOG
295019,Steam
295019,PlayStation Store
295019,Xbox Store
3400,Steam
3400,PlayStation Store
3400,Xbox Store
3400,Xbox 360 Store
17179,Steam
17179,Nintendo Store
59197,PlayStation Store
59197,Xbox Store
59197,Steam
22790,GOG
22790,Steam
693,PlayStation Store
3863,PlayStation Store
3863,Steam
3863,Nintendo Store
3863,Xbox 360 Store
4154,Xbox Store
4154,Steam
4154,PlayStation Store
4154,Xbox 360 Store
966,PlayStation Store
966,App Store
966,Xbox Store
966,Steam
966,Nintendo Store
966,Xbox 360 Store
13199,PlayStation Store
13199,Nintendo Store
13199,Steam
13199,GOG
13199,Xbox Store
13199,App Store
13199,Google Play
965,PlayStation Store
965,Steam
965,GOG
965,Xbox Store
11887,Steam
58758,Epic Games
58758,Steam
58758,Xbox Store
58758,Nintendo Store
58758,PlayStation Store
22961,GOG
22961,PlayStation Store
22961,Steam
10602,Steam
58890,Steam
20466,Steam
20466,GOG
9811,PlayStation Store
9811,Steam
9811,Xbox Store
13925,App Store
13925,PlayStation Store
13925,Steam
13925,GOG
392019,Steam
10724,PlayStation Store
10724,Steam
10724,Xbox Store
46399,PlayStation Store
46399,Xbox Store
46399,Steam
46399,GOG
47326,PlayStation Store
47326,Steam
47326,Xbox Store
47326,Nintendo Store
1612,App Store
1612,Steam
1612,GOG
1612,itch.io
1612,Google Play
10056,GOG
10056,Steam
10056,Xbox 360 Store
10056,PlayStation Store
17545,Xbox Store
17545,Steam
17545,Xbox 360 Store
17545,PlayStation Store
10342,Steam
14422,Steam
10545,Steam
10980,App Store
10980,Steam
10980,PlayStation Store
10980,GOG
10980,Nintendo Store
10980,Xbox Store
4466,PlayStation Store
4466,Xbox Store
4466,Xbox 360 Store
4466,Steam
9997,Steam
479694,Nintendo Store
479694,Steam
479694,GOG
3374,PlayStation Store
3374,Xbox Store
3374,Steam
3374,GOG
3374,Nintendo Store
3374,Google Play
29658,GOG
29658,Steam
15851,PlayStation Store
15851,Steam
15851,GOG
9911,Steam
9911,PlayStation Store
9911,Xbox Store
464,App Store
464,Steam
464,Google Play
464,GOG
4031,PlayStation Store
4031,Xbox 360 Store
28589,Xbox Store
28589,Xbox 360 Store
441,App Store
441,Steam
441,Google Play
339958,Nintendo Store
339958,Steam
339958,PlayStation Store
50214,Steam
271,PlayStation Store
271,GOG
271,Steam
271,Nintendo Store
271,Xbox Store
271,Google Play
271,Epic Games
271,App Store
9659,Nintendo Store
9659,Steam
9659,Xbox Store
19908,PlayStation Store
19908,Epic Games
19908,Xbox Store
19908,Google Play
19908,Steam
19908,Nintendo Store
19908,GOG
19908,Xbox 360 Store
19908,App Store
22397,Steam
19655,Steam
19655,GOG
16813,Steam
16813,GOG
58835,GOG
58835,Xbox Store
58835,PlayStation Store
58835,Steam
17854,Steam
16161,Steam
709,PlayStation Store
709,Xbox Store
709,Steam
51687,GOG
51687,PlayStation Store
51687,Xbox Store
51687,Nintendo Store
51687,Steam
51687,App Store
10665,Steam
10309,GOG
10309,Steam
28613,Steam
28613,Xbox Store
28613,Xbox 360 Store
46560,Google Play
46560,App Store
46560,Steam
11164,Nintendo Store
11164,Steam
11164,GOG
11164,PlayStation Store
11164,Xbox Store
22846,GOG
22846,Steam
23479,PlayStation Store
23479,Epic Games
23479,Steam
23479,GOG
23479,Xbox Store
23479,Nintendo Store
637477,Xbox Store
637477,Steam
637477,PlayStation Store
46508,Nintendo Store
46508,PlayStation Store
46508,Xbox Store
46508,GOG
46508,Steam
46508,itch.io
43,PlayStation Store
43,Xbox Store
43,Steam
43,GOG
43,itch.io
43,App Store
10023,Steam
1073,PlayStation Store
1073,Steam
1073,Xbox Store
1073,Nintendo Store
1073,Google Play
17844,GOG
17844,Steam
2659,Epic Games
2659,PlayStation Store
2659,Xbox Store
2659,Steam
28418,Xbox 360 Store
28580,Steam
28580,Xbox Store
28580,Xbox 360 Store
28580,PlayStation Store
58859,Steam
58859,Xbox Store
58859,PlayStation Store
11460,PlayStation Store
11460,Xbox Store
11460,Steam
11460,Nintendo Store
28619,Xbox Store
28619,Xbox 360 Store
38965,Steam
14156,Steam
14156,Xbox 360 Store
58637,PlayStation Store
58637,Xbox Store
58637,Steam
442857,PlayStation Store
442857,GOG
13780,Steam
2894,Steam
2894,GOG
2894,App Store
14364,Steam
10206,Steam
10206,GOG
1726,PlayStation Store
1726,Steam
1726,Xbox Store
441738,Steam
441738,Xbox Store
876,Steam
876,GOG
876,App Store
876,Epic Games
19635,Steam
19635,Xbox 360 Store
10355,Steam
12130,GOG
12130,Steam
897,Google Play
897,Steam
897,Nintendo Store
897,App Store
897,Epic Games
3751,PlayStation Store
3751,Steam
3751,Xbox 360 Store
17736,Steam
3189,PlayStation Store
3189,Steam
58385,PlayStation Store
58385,Steam
58385,Xbox Store
58385,Epic Games
12108,Steam
5524,PlayStation Store
5524,Steam
5524,Xbox 360 Store
17818,Steam
27,itch.io
27,PlayStation Store
27,Steam
27,GOG
46301,Steam
366885,GOG
366885,Steam
28131,Nintendo Store
28131,Epic Games
28131,PlayStation Store
28131,Xbox Store
28131,App Store
10028,Xbox Store
10028,Steam
10039,Epic Games
10039,GOG
10039,Steam
486,PlayStation Store
486,Steam
17473,Steam
5995,Epic Games
5995,itch.io
5995,Steam
5995,GOG
5995,Nintendo Store
5995,Google Play
5995,App Store
19628,Epic Games
19628,GOG
19628,Steam
28126,PlayStation Store
28126,Nintendo Store
28126,Xbox Store
28126,Xbox 360 Store
11975,Steam
11975,GOG
12850,GOG
12850,Steam
12850,Nintendo Store
12850,App Store
12850,Epic Games
3513,PlayStation Store
3513,Epic Games
3513,GOG
3513,Xbox Store
3513,Steam
3513,Nintendo Store
3513,App Store
3513,Google Play
45763,PlayStation Store
45763,Steam
45763,Nintendo Store
45763,Xbox Store
13926,PlayStation Store
13926,GOG
13926,Steam
257192,Steam
257192,Xbox Store
257192,GOG
3277,PlayStation Store
3277,Xbox Store
3277,Steam
58806,Steam
58806,Epic Games
10037,Epic Games
10037,GOG
10037,Steam
3848,PlayStation Store
397473,Xbox Store
397473,Steam
397473,Epic Games
397473,PlayStation Store
2119,PlayStation Store
2119,Steam
2119,Xbox Store
2119,Nintendo Store
2119,App Store
12045,Steam
12045,Xbox 360 Store
11729,PlayStation Store
11729,Steam
11729,Xbox Store
558986,Nintendo Store
558986,Steam
558986,Xbox Store
3933,Xbox Store
3933,Steam
4480,App Store
4480,PlayStation Store
4480,Steam
4480,Nintendo Store
4480,Xbox 360 Store
3134,GOG
3134,PlayStation Store
3134,Steam
3134,Nintendo Store
3134,Xbox Store
5488,PlayStation Store
54,PlayStation Store
54,Xbox Store
54,Steam
54,GOG
54,Nintendo Store
54,App Store
12022,GOG
12022,Steam
12022,Epic Games
5544,PlayStation Store
5544,Xbox 360 Store
58389,PlayStation Store
58389,Xbox Store
4473,PlayStation Store
4473,Steam
4473,Xbox 360 Store
18852,Steam
58394,PlayStation Store
58394,Steam
58394,Nintendo Store
58394,Xbox Store
12761,App Store
12761,Steam
758,Nintendo Store
758,PlayStation Store
758,Xbox Store
758,Steam
758,App Store
758,Epic Games
13466,Steam
9644,Steam
384567,Steam
748414,Steam
59611,Xbox Store
59611,Steam
59611,Epic Games
4962,Steam
59637,PlayStation Store
59637,Xbox Store
59637,Nintendo Store
59637,Steam
59637,Epic Games
14331,App Store
14331,Xbox Store
14331,Steam
14331,Xbox 360 Store
41498,Steam
41498,Xbox 360 Store
41498,Nintendo Store
41498,PlayStation Store
41498,Google Play
41498,App Store
16723,Steam
54492,Xbox 360 Store
54492,Steam
10379,App Store
10379,PlayStation Store
10379,Steam
327219,Epic Games
327219,Nintendo Store
327219,PlayStation Store
327219,Xbox Store
327219,GOG
327219,Steam
11223,Steam
11223,GOG
11223,PlayStation Store
11223,Xbox Store
54629,PlayStation Store
54629,App Store
54629,Steam
54629,Xbox 360 Store
54629,Google Play
1249,PlayStation Store
1249,Xbox Store
1249,Xbox 360 Store
19640,Steam
19640,GOG
343597,PlayStation Store
343597,Steam
343597,Xbox Store
343597,Xbox 360 Store
9828,Steam
10270,Steam
490,PlayStation Store
490,Nintendo Store
490,Xbox Store
490,Steam
12344,Steam
9880,Steam
9880,Epic Games
28300,Xbox 360 Store
28300,Steam
28300,PlayStation Store
49225,Xbox Store
49225,Steam
49225,PlayStation Store
49225,Nintendo Store
43734,Steam
43734,Epic Games
43734,Xbox Store
18712,App Store
18712,Steam
1854,PlayStation Store
1854,Epic Games
1854,Xbox Store
1854,GOG
1854,Steam
1854,Xbox 360 Store
1854,itch.io
1854,App Store
5403,PlayStation Store
5403,App Store
5403,Steam
5403,GOG
5403,Epic Games
369157,GOG
369157,Steam
369157,Xbox Store
369157,PlayStation Store
326236,GOG
326236,PlayStation Store
326236,Nintendo Store
326236,Xbox Store
326236,Steam
16003,App Store
16003,Steam
16003,GOG
447,Steam
447,Xbox 360 Store
447,GOG
447,PlayStation Store
447,Nintendo Store
447,Google Play
447,App Store
548036,Steam
548036,GOG
548036,Epic Games
548036,Nintendo Store
12073,App Store
12073,Steam
12073,Xbox 360 Store
3226,PlayStation Store
3226,Xbox Store
3226,Steam
3226,Xbox 360 Store
10108,PlayStation Store
10108,Steam
10108,Nintendo Store
10108,Google Play
10108,Xbox Store
10108,App Store
11839,PlayStation Store
11839,Xbox Store
11839,Steam
11839,GOG
10390,Steam
10180,PlayStation Store
10180,Steam
10180,GOG
10180,Xbox Store
10180,Nintendo Store
39277,PlayStation Store
39277,Xbox Store
39277,Steam
39277,Xbox 360 Store
1488,PlayStation Store
1488,Xbox Store
1488,Steam
1488,Nintendo Store
1488,GOG
1488,Xbox 360 Store
1488,App Store
1488,Google Play
10715,Steam
58085,Xbox Store
58085,PlayStation Store
58085,Steam
58085,Epic Games
58085,Nintendo Store
17169,Steam
35613,Steam
4108,PlayStation Store
43078,Steam
39707,PlayStation Store
17945,App Store
17945,Steam
22734,Steam
22734,GOG
63904,itch.io
63904,Epic Games
63904,PlayStation Store
63904,Steam
63904,GOG
63904,Xbox Store
29180,Xbox Store
29180,Nintendo Store
29180,Steam
29180,PlayStation Store
18708,Steam
18708,GOG
10241,Steam
10241,GOG
440079,Steam
440079,Xbox Store
440079,PlayStation Store
4192,PlayStation Store
4192,GOG
4192,Steam
4192,Xbox 360 Store
22865,GOG
22865,Steam
19151,Steam
4185,PlayStation Store
4185,Steam
4185,Xbox 360 Store
452642,Steam
452642,PlayStation Store
58921,Epic Games
58921,PlayStation Store
58921,Steam
58921,Xbox Store
58921,GOG
58921,Nintendo Store
15857,Steam
15857,GOG
44029,PlayStation Store
44029,Steam
44029,GOG
44029,Epic Games
44029,Nintendo Store
44029,Xbox Store
44029,App Store
10416,Epic Games
10416,PlayStation Store
10416,Steam
10416,GOG
10416,Xbox Store
10416,Nintendo Store
42060,GOG
42060,App Store
42060,PlayStation Store
42060,Steam
42060,Xbox Store
51324,Epic Games
51324,Xbox Store
51324,PlayStation Store
9768,Steam
4057,PlayStation Store
4057,Steam
4057,Xbox 360 Store
570074,PlayStation Store
570074,Steam
570074,Nintendo Store
295020,GOG
295020,PlayStation Store
295020,Steam
295020,Xbox Store
12048,Steam
19962,Steam
14625,Steam
14625,App Store
50678,Steam
10302,Steam
10302,PlayStation Store
10302,Xbox Store
2828,PlayStation Store
2828,Xbox Store
2828,Steam
16014,Steam
16351,Steam
3987,Epic Games
3987,PlayStation Store
3987,GOG
3987,Steam
3987,Nintendo Store
3987,Xbox 360 Store
5689,Steam
5689,Nintendo Store
5689,Xbox 360 Store
9459,PlayStation Store
9459,Xbox Store
9459,Nintendo Store
9459,Steam
9459,App Store
9459,GOG
463723,Steam
463723,Epic Games
463723,PlayStation Store
463723,Xbox Store
16779,Steam
16779,GOG
16779,Nintendo Store
1545,PlayStation Store
1545,Steam
1545,GOG
1545,Xbox Store
284664,App Store
284664,Steam
284664,Nintendo Store
284664,GOG
284664,PlayStation Store
284664,Xbox Store
320,PlayStation Store
320,Steam
320,GOG
320,Xbox Store
320,Nintendo Store
320,itch.io
320,Epic Games
320,App Store
5390,Xbox 360 Store
1391,PlayStation Store
1391,Xbox Store
1391,Steam
14230,Steam
14230,GOG
17013,GOG
17013,Steam
23302,Steam
12279,Steam
274767,Steam
274767,PlayStation Store
274767,Xbox Store
4240,Steam
4240,PlayStation Store
4240,Xbox 360 Store
40265,Steam
40265,Xbox 360 Store
40265,PlayStation Store
28632,Xbox Store
28632,Xbox 360 Store
8278,Xbox Store
2944,Nintendo Store
2944,PlayStation Store
2944,Steam
2944,GOG
798,PlayStation Store
798,Steam
798,GOG
798,Google Play
798,Nintendo Store
798,App Store
15422,Steam
366881,GOG
366881,PlayStation Store
366881,Xbox Store
366881,Nintendo Store
366881,Steam
2784,GOG
2784,PlayStation Store
2784,Epic Games
2784,Steam
2784,Xbox 360 Store
2784,Nintendo Store
2784,Xbox Store
455532,Steam
455532,Xbox Store
455532,Epic Games
455532,PlayStation Store
194,PlayStation Store
194,GOG
194,Xbox Store
194,Steam
59695,PlayStation Store
59695,Xbox Store
59695,Steam
28156,PlayStation Store
28156,Steam
28156,GOG
28156,Xbox Store
28156,Epic Games
311,App Store
311,Steam
311,GOG
311,Epic Games
4125,Steam
4125,PlayStation Store
4125,Xbox Store
4125,Xbox 360 Store
52330,GOG
52330,PlayStation Store
52330,Steam
52330,Xbox Store
2592,App Store
2592,PlayStation Store
2592,Steam
2592,Nintendo Store
2592,Google Play
1165,PlayStation Store
1165,Steam
1165,GOG
1165,Nintendo Store
1165,App Store
324992,Steam
324992,Xbox Store
324992,PlayStation Store
324992,Epic Games
19166,Steam
19166,GOG
44510,Epic Games
44510,Steam
44510,PlayStation Store
44510,Nintendo Store
44510,Xbox Store
44510,GOG
2666,PlayStation Store
2666,Steam
2666,GOG
2666,Google Play
2666,itch.io
2666,Nintendo Store
2666,App Store
12760,App Store
12760,Steam
29236,Nintendo Store
29236,Steam
29236,GOG
29236,Epic Games
3336,Xbox Store
3336,PlayStation Store
3336,Steam
10346,Steam
3489,Xbox Store
3489,PlayStation Store
3489,Steam
3489,Xbox 360 Store
10758,Steam
15713,Nintendo Store
15713,PlayStation Store
15713,App Store
15713,Steam
15713,GOG
15713,Xbox Store
16344,Steam
10606,Steam
12323,GOG
12323,Steam
12323,Epic Games
19409,Xbox Store
19409,Xbox 360 Store
19409,PlayStation Store
19409,Steam
19615,Steam
19615,GOG
35086,Epic Games
35086,itch.io
35086,Steam
58831,PlayStation Store
58831,Nintendo Store
58831,GOG
58831,Steam
58831,Xbox Store
481910,Steam
481910,Xbox Store
481910,PlayStation Store
17010,App Store
17010,Steam
17010,GOG
17010,itch.io
12322,Steam
2925,PlayStation Store
2925,Xbox Store
2925,Steam
2925,GOG
2925,Epic Games
58325,Steam
58325,PlayStation Store
5426,PlayStation Store
20511,Steam
17087,Nintendo Store
17087,Steam
17087,GOG
17087,App Store
17087,Google Play
45109,Nintendo Store
45109,Xbox Store
45109,PlayStation Store
45109,Steam
45109,Epic Games
445430,Steam
445430,PlayStation Store
445430,Epic Games
445430,Xbox Store
5877,PlayStation Store
5877,GOG
5877,Steam
5877,Nintendo Store
5877,App Store
5877,Xbox 360 Store
22412,Steam
22412,GOG
4489,PlayStation Store
4489,Xbox 360 Store
452646,PlayStation Store
3580,Xbox Store
3580,PlayStation Store
3580,Nintendo Store
3580,Xbox 360 Store
427,Google Play
427,Xbox Store
427,Nintendo Store
427,Xbox 360 Store
427,App Store
1820,PlayStation Store
1820,Steam
1820,GOG
1820,Nintendo Store
1820,Xbox Store
3307,Epic Games
3307,PlayStation Store
3307,Xbox Store
3307,Steam
3307,GOG
3307,Xbox 360 Store
3307,Google Play
3307,App Store
4724,PlayStation Store
4724,Steam
4724,GOG
12648,Steam
19503,Steam
19503,Xbox 360 Store
19503,PlayStation Store
17092,itch.io
17092,Steam
47,PlayStation Store
47,Steam
47,Xbox Store
47,GOG
47,Nintendo Store
47,Epic Games
17741,Steam
17741,Xbox Store
579507,Steam
579507,GOG
579507,Xbox Store
12649,Steam
2822,PlayStation Store
2822,Xbox Store
2822,Steam
2822,GOG
2822,Nintendo Store
9906,PlayStation Store
9906,Epic Games
9906,App Store
9906,Steam
9906,Nintendo Store
9906,GOG
9906,itch.io
3332,PlayStation Store
3332,Steam
3332,Nintendo Store
3332,Xbox Store
3325,PlayStation Store
3325,Xbox Store
3325,Steam
3325,GOG
3325,Nintendo Store
3325,itch.io
3325,App Store
3325,Google Play
616697,Epic Games
616697,Steam
616697,GOG
12319,GOG
12319,Steam
19436,GOG
19436,Steam
1116,PlayStation Store
1116,Xbox Store
1116,GOG
1116,Steam
11407,Steam
11407,GOG
52827,PlayStation Store
1108,PlayStation Store
1108,Steam
1108,Xbox Store
1108,Nintendo Store
2234,PlayStation Store
2234,Nintendo Store
2234,Xbox Store
2234,Steam
2234,GOG
2234,Google Play
2234,App Store
47428,Xbox Store
47428,PlayStation Store
47428,Steam
452635,Steam
452635,Epic Games
452635,PlayStation Store
55984,Steam
55984,GOG
55984,Epic Games
28608,Xbox Store
28608,Xbox 360 Store
10088,PlayStation Store
10088,Steam
10088,GOG
10088,Xbox Store
10088,Nintendo Store
12280,Steam
52215,Nintendo Store
52215,Steam
52215,PlayStation Store
52215,Xbox Store
9697,Steam
1720,PlayStation Store
1720,Steam
1720,GOG
1720,Nintendo Store
1720,Google Play
1720,Xbox Store
324994,GOG
324994,PlayStation Store
324994,Xbox Store
324994,Nintendo Store
324994,Steam
9598,Steam
9598,PlayStation Store
9598,Xbox Store
50273,Steam
50273,GOG
50273,Epic Games
3843,PlayStation Store
3843,Steam
19237,Steam
373504,Steam
3877,Steam
3877,GOG
3877,Xbox 360 Store
6530,GOG
6530,Steam
6530,App Store
10579,Steam
10579,Google Play
10579,App Store
10579,GOG
10579,Epic Games
16183,Steam
304953,Nintendo Store
304953,PlayStation Store
304953,Xbox Store
304953,Steam
3767,Xbox Store
3767,Steam
3767,PlayStation Store
452645,Xbox Store
452645,Nintendo Store
452645,PlayStation Store
452645,Epic Games
452645,Steam
13583,Steam
54718,Steam
54718,GOG
12741,Steam
24619,App Store
24619,Nintendo Store
24619,GOG
24619,Steam
24619,Google Play
52384,Epic Games
52384,Steam
52384,Xbox Store
52384,Nintendo Store
52384,PlayStation Store
17600,PlayStation Store
17600,GOG
17600,Steam
17600,Xbox 360 Store
17600,itch.io
327227,Steam
327227,Xbox Store
327227,PlayStation Store
327227,Epic Games
51,PlayStation Store
51,Steam
51,Xbox Store
50839,Steam
50839,itch.io
50839,Nintendo Store
50839,Google Play
50839,App Store
8444,Xbox Store
13777,App Store
13777,Steam
20826,GOG
20826,Steam
13999,Steam
3223,PlayStation Store
3223,Steam
244722,App Store
244722,Nintendo Store
244722,Steam
244722,GOG
244722,PlayStation Store
244722,Xbox Store
4796,PlayStation Store
4796,GOG
4796,Steam
4796,Xbox 360 Store
14929,Steam
58732,Nintendo Store
58732,Xbox Store
58732,PlayStation Store
58782,PlayStation Store
58782,Xbox Store
58782,Steam
58782,Nintendo Store
15604,Steam
15604,GOG
15604,Google Play
15604,App Store
700,PlayStation Store
700,Steam
700,Google Play
700,App Store
1320,PlayStation Store
1320,Xbox Store
1320,Steam
1320,Xbox 360 Store
44641,PlayStation Store
44641,Xbox Store
44641,Nintendo Store
44641,GOG
44641,Steam
44641,Epic Games
257252,Xbox Store
257252,GOG
257252,PlayStation Store
257252,Nintendo Store
257252,Steam
13778,Steam
3437,PlayStation Store
3437,Steam
3437,GOG
28195,Nintendo Store
28195,Steam
28195,GOG
28195,Xbox Store
9845,Steam
9845,App Store
9845,Epic Games
16922,Steam
3044,PlayStation Store
3044,Xbox Store
3044,Steam
703,PlayStation Store
703,Steam
3179,PlayStation Store
2184,Steam
2184,PlayStation Store
2184,GOG
2184,Xbox Store
2184,Nintendo Store
14397,Steam
13779,Steam
15221,GOG
15221,Steam
19482,Epic Games
19482,GOG
19482,Steam
12641,Steam
16179,Steam
23600,Xbox 360 Store
23600,Xbox Store
23600,PlayStation Store
87,PlayStation Store
87,Xbox Store
87,Steam
87,Nintendo Store
87,Epic Games
6885,App Store
6885,Xbox Store
6885,Steam
6885,GOG
6885,Nintendo Store
6885,Xbox 360 Store
674,App Store
674,Steam
674,GOG
17604,Steam
17604,GOG
58295,App Store
58295,Steam
15712,Nintendo Store
15712,PlayStation Store
15712,App Store
15712,Steam
15712,Xbox Store
17536,GOG
17536,Steam
17536,Xbox 360 Store
17536,Google Play
17536,App Store
650605,Steam
650605,GOG
13868,Steam
13868,GOG
1559,Google Play
1559,App Store
1559,Xbox Store
1559,Steam
1559,PlayStation Store
1559,Xbox 360 Store
388308,Steam
388308,Xbox Store
388308,PlayStation Store
4518,Xbox Store
4518,PlayStation Store
4518,Steam
4518,Nintendo Store
4518,Xbox 360 Store
9066,Nintendo Store
9066,Xbox Store
9066,Steam
9066,GOG
9066,Google Play
9066,App Store
9066,Epic Games
263608,PlayStation Store
263608,Nintendo Store
263608,Steam
263608,Xbox Store
263608,GOG
263608,Epic Games
11471,Steam
11471,GOG
11471,Xbox Store
11471,PlayStation Store
11471,Epic Games
24,PlayStation Store
52943,PlayStation Store
52943,Nintendo Store
52943,Steam
52943,Google Play
52943,App Store
52943,Xbox Store
19536,Steam
19536,Xbox 360 Store
16118,GOG
16118,Xbox Store
16118,Steam
16118,Xbox 360 Store
303576,GOG
303576,Epic Games
303576,Steam
14689,GOG
14689,Steam
14689,itch.io
9891,Steam
9891,Xbox Store
9891,PlayStation Store
20709,PlayStation Store
20709,Xbox Store
20709,Steam
20709,Xbox 360 Store
20709,Nintendo Store
20709,Epic Games
2074,PlayStation Store
2074,Steam
2074,Xbox Store
2074,Nintendo Store
50736,PlayStation Store
50736,Steam
50736,Xbox Store
20156,Steam
487910,Steam
487910,PlayStation Store
487910,Xbox Store
487910,Epic Games
41052,Xbox Store
41052,Steam
41052,Epic Games
15932,Steam
287337,Epic Games
287337,Nintendo Store
287337,Steam
2992,Epic Games
2992,PlayStation Store
2992,Steam
2992,GOG
2992,Nintendo Store
2992,Xbox Store
7441,itch.io
7441,Steam
7441,GOG
7441,App Store
7441,Google Play
14336,Steam
16123,Steam
16123,Xbox 360 Store
660,Xbox Store
660,Steam
61741,Epic Games
61741,Nintendo Store
61741,Xbox Store
61741,PlayStation Store
61741,Steam
61741,GOG
30445,Not Specified
13404,PlayStation Store
13404,Steam
13404,GOG
13404,itch.io
13404,Nintendo Store
12092,Steam
57896,PlayStation Store
57896,GOG
57896,Xbox Store
57896,Nintendo Store
57896,Steam
28627,Xbox 360 Store
19535,Steam
19535,Xbox 360 Store
3154,Xbox Store
3154,Steam
30119,App Store
30119,Steam
30119,GOG
22798,GOG
9989,Steam
9989,GOG
9989,Google Play
9989,App Store
3834,Xbox Store
3834,Steam
3834,Google Play
2548,PlayStation Store
2548,Steam
2548,GOG
2548,Nintendo Store
2548,Xbox Store
1575,App Store
1575,Nintendo Store
1575,Steam
1575,Google Play
5158,GOG
5158,PlayStation Store
5158,Steam
42592,Steam
42592,App Store
42592,Google Play
3416,PlayStation Store
3416,Nintendo Store
3416,Xbox Store
3416,Steam
332,App Store
332,Steam
332,Google Play
15365,Steam
1077,Xbox Store
1077,PlayStation Store
1077,Steam
1077,GOG
1077,Nintendo Store
1077,App Store
1077,Google Play
16948,PlayStation Store
16948,Steam
16948,Xbox Store
17085,App Store
17085,Steam
17085,GOG
54122,App Store
54122,GOG
15764,GOG
15764,Steam
16817,Steam
16817,GOG
326253,Steam
3164,PlayStation Store
3164,Xbox 360 Store
3164,Xbox Store
21966,App Store
21966,Steam
21966,Xbox Store
21966,PlayStation Store
21966,GOG
21966,Epic Games
364942,Steam
364942,GOG
364942,Nintendo Store
9840,Steam
9840,GOG
9840,PlayStation Store
9840,Xbox Store
10547,PlayStation Store
10547,GOG
10547,Steam
10547,Nintendo Store
10547,Xbox Store
10547,Epic Games
19646,PlayStation Store
19646,Xbox 360 Store
19646,Xbox Store
19646,Steam
19646,GOG
19646,Epic Games
5783,Xbox Store
5783,Nintendo Store
5783,Xbox 360 Store
18301,Steam
53446,Nintendo Store
57607,GOG
57607,PlayStation Store
3413,Google Play
3413,Steam
3413,GOG
3413,PlayStation Store
3413,Xbox Store
12606,Steam
12606,PlayStation Store
12606,Xbox Store
2960,PlayStation Store
2960,Nintendo Store
2960,Xbox Store
2960,Steam
2960,GOG
2960,itch.io
2960,Epic Games
494384,Steam
494384,PlayStation Store
19627,Steam
23037,PlayStation Store
23037,Nintendo Store
23037,GOG
23037,Xbox Store
23037,Steam
295001,Xbox 360 Store
295001,App Store
295001,Steam
295001,PlayStation Store
295001,Xbox Store
295001,Google Play
295001,Nintendo Store
8923,App Store
8923,Epic Games
8923,Nintendo Store
8923,Xbox Store
8923,PlayStation Store
8923,Steam
19345,PlayStation Store
19345,Xbox Store
19345,Steam
19345,Xbox 360 Store
4023,Steam
4023,PlayStation Store
4023,GOG
16552,Steam
369158,Nintendo Store
369158,Steam
369158,PlayStation Store
369158,Xbox Store
3734,PlayStation Store
3734,Steam
3734,Xbox Store
28150,PlayStation Store
28150,Xbox Store
268446,GOG
268446,Steam
40104,PlayStation Store
40104,Steam
2503,PlayStation Store
2503,Nintendo Store
2503,Steam
2503,GOG
2503,Google Play
2503,Xbox Store
10364,App Store
10364,Steam
10364,Xbox Store
10364,Google Play
10364,Nintendo Store
2359,App Store
2359,Steam
22123,GOG
22123,Xbox Store
22123,PlayStation Store
22123,Steam
49236,App Store
49236,Nintendo Store
49236,Steam
49236,Google Play
58829,Nintendo Store
15852,Steam
3923,PlayStation Store
3923,Steam
3923,Xbox 360 Store
3923,Xbox Store
3574,GOG
3574,Epic Games
3574,Xbox 360 Store
3574,Steam
3574,Xbox Store
10638,Epic Games
10638,PlayStation Store
10638,Xbox Store
10638,Nintendo Store
10638,Steam
10638,GOG
39039,Not Specified
58766,PlayStation Store
58766,App Store
58766,GOG
58766,Steam
58766,Nintendo Store
58766,Xbox Store
58766,Google Play
326229,PlayStation Store
326229,Xbox Store
3679,PlayStation Store
3679,Xbox Store
288796,Epic Games
288796,Steam
7353,App Store
7353,Steam
7353,Google Play
7353,Nintendo Store
7353,PlayStation Store
680,PlayStation Store
680,Steam
680,GOG
14612,Steam
14612,Xbox Store
9877,PlayStation Store
9877,Steam
9877,GOG
9877,App Store
9877,Xbox Store
9877,Nintendo Store
3214,Xbox Store
3214,PlayStation Store
3214,Steam
3214,GOG
3214,Nintendo Store
18853,Steam
18853,GOG
18853,App Store
275641,Nintendo Store
275641,Xbox Store
275641,PlayStation Store
275641,Steam
275641,Epic Games
18347,Steam
9538,Steam
9538,PlayStation Store
9538,Xbox Store
9538,Epic Games
40936,PlayStation Store
40936,Steam
17698,Steam
17698,Epic Games
16255,PlayStation Store
16255,Xbox Store
16255,Nintendo Store
16255,App Store
16255,Steam
16255,GOG
4143,PlayStation Store
4143,Steam
16515,Steam
16515,GOG
10261,Epic Games
10261,App Store
10261,Steam
10261,GOG
10520,Steam
4148,PlayStation Store
4148,Steam
4148,Xbox 360 Store
60817,itch.io
60817,Xbox Store
60817,App Store
60817,GOG
60817,Steam
60817,Nintendo Store
60817,PlayStation Store
16683,Steam
16683,Xbox 360 Store
327260,App Store
327260,Steam
327260,Xbox Store
17713,Steam
16466,Nintendo Store
16466,Steam
223331,Steam
223331,Xbox Store
223331,GOG
223331,PlayStation Store
223331,App Store
223331,Google Play
223331,Epic Games
22844,GOG
22844,Steam
614954,Steam
614954,PlayStation Store
614954,Xbox Store
614954,Epic Games
4465,PlayStation Store
4465,Steam
4465,Xbox 360 Store
16700,GOG
16700,Steam
17564,Steam
17564,GOG
1430,PlayStation Store
1430,Steam
1430,GOG
1430,Nintendo Store
1430,Xbox Store
2760,PlayStation Store
2760,Steam
2760,GOG
2760,Nintendo Store
3469,PlayStation Store
18701,Steam
1808,App Store
1808,Steam
1808,GOG
1808,Google Play
473489,Steam
60545,Steam
14447,Nintendo Store
14447,Steam
14447,App Store
14447,Google Play
22853,GOG
16263,Steam
12250,Steam
29238,Epic Games
29238,Steam
29238,PlayStation Store
29238,Xbox Store
2422,PlayStation Store
2422,Steam
2422,Xbox Store
16144,Steam
35519,Steam
18700,Steam
249954,GOG
249954,Xbox Store
249954,Steam
249954,Epic Games
249954,PlayStation Store
4241,PlayStation Store
4241,App Store
4241,Steam
4241,GOG
4241,Xbox 360 Store
4241,Nintendo Store
4241,Google Play
17703,Steam
11676,PlayStation Store
11676,Epic Games
11676,Steam
11676,GOG
11676,Xbox Store
12877,Steam
12877,Xbox 360 Store
9969,Steam
14793,PlayStation Store
14793,GOG
14793,Steam
14793,Nintendo Store
14793,Xbox Store
3558,Not Specified
45745,Steam
12321,Steam
12321,GOG
34668,GOG
34668,Steam
34668,PlayStation Store
34668,Xbox Store
52178,GOG
52178,Steam
52178,PlayStation Store
52178,Xbox Store
52178,Epic Games
10119,GOG
10119,Steam
5383,PlayStation Store
5383,Steam
5383,Xbox 360 Store
5383,App Store
3187,PlayStation Store
3187,App Store
3187,Steam
3187,Xbox Store
3187,Google Play
3187,Nintendo Store
16294,PlayStation Store
16294,Xbox Store
16294,Steam
16294,Xbox 360 Store
801032,Epic Games
801032,Steam
4671,PlayStation Store
13764,Steam
14290,GOG
14290,Steam
326239,Epic Games
326239,Steam
28564,Xbox Store
28564,Xbox 360 Store
58834,Epic Games
58834,PlayStation Store
58834,Steam
58834,Nintendo Store
58834,Xbox Store
58834,GOG
2306,Steam
2306,App Store
2306,Xbox 360 Store
5001,PlayStation Store
5001,Steam
21558,Steam
2298,PlayStation Store
2298,Steam
2298,GOG
2298,Xbox Store
11591,Steam
11591,GOG
18785,PlayStation Store
18785,Steam
61694,GOG
61694,itch.io
61694,Steam
427519,Steam
427519,Epic Games
427519,GOG
427519,PlayStation Store
27943,Xbox Store
27943,Nintendo Store
27943,Steam
27943,Google Play
27943,App Store
4901,Steam
4901,PlayStation Store
42920,Steam
42920,PlayStation Store
42920,Xbox Store
42920,Nintendo Store
50576,PlayStation Store
50576,Steam
16760,Steam
19502,Steam
19502,GOG
431,Xbox Store
431,Steam
431,Xbox 360 Store
58386,GOG
58386,Steam
58386,Epic Games
58386,Xbox Store
40368,Steam
40368,PlayStation Store
3363,PlayStation Store
3363,Xbox Store
3363,Steam
3363,Nintendo Store
42064,Steam
17728,PlayStation Store
17728,Steam
17728,GOG
17728,Xbox 360 Store
49104,Nintendo Store
49104,PlayStation Store
49104,Steam
49104,GOG
49104,Xbox Store
49104,Epic Games
22344,Steam
22344,Nintendo Store
22344,PlayStation Store
22344,Google Play
22344,itch.io
22344,Xbox Store
22344,App Store
16792,Steam
3548,PlayStation Store
3548,Steam
3194,PlayStation Store
3194,Steam
3194,GOG
326248,Xbox Store
326248,Epic Games
326248,Steam
326248,PlayStation Store
42230,Steam
42230,Xbox Store
3316,PlayStation Store
3316,Steam
59346,GOG
59346,PlayStation Store
59346,Xbox Store
59346,Steam
2570,GOG
2570,App Store
2570,Steam
2570,Nintendo Store
2570,Google Play
545015,Steam
545015,App Store
545015,GOG
545015,Nintendo Store
545015,PlayStation Store
545015,Xbox Store
3993,PlayStation Store
3993,Steam
3993,Xbox 360 Store
3993,Google Play
58914,itch.io
58914,Epic Games
58914,App Store
58914,Steam
58914,Google Play
533,Xbox Store
533,Steam
533,App Store
13833,GOG
13833,Steam
7241,Epic Games
7241,itch.io
7241,Steam
7241,GOG
7241,Google Play
7241,App Store
5615,PlayStation Store
5615,Xbox 360 Store
5615,Steam
5615,Nintendo Store
428555,Steam
428555,GOG
15457,Steam
14346,Steam
14346,App Store
16253,App Store
16253,GOG
16253,Steam
6641,App Store
6641,Steam
6641,GOG
6641,Google Play
662357,Steam
1984,Xbox Store
1984,PlayStation Store
1984,Steam
1984,GOG
1984,Nintendo Store
16262,Steam
3727,PlayStation Store
3727,Steam
49874,Xbox Store
49874,GOG
49874,Steam
3219,Xbox Store
3219,Steam
3219,PlayStation Store
3219,Epic Games
15687,Steam
15687,itch.io
14827,Steam
15017,Steam
15017,PlayStation Store
15017,Nintendo Store
10118,GOG
10118,Steam
28859,PlayStation Store
28859,Nintendo Store
28859,Xbox Store
28859,Xbox 360 Store
11350,App Store
11350,Steam
11350,GOG
21119,Steam
21119,Google Play
21119,App Store
46000,PlayStation Store
46000,App Store
46000,Steam
46000,GOG
46000,Nintendo Store
46000,Xbox Store
46000,Epic Games
17795,PlayStation Store
17795,Xbox Store
17795,Steam
17795,Nintendo Store
29218,Epic Games
29218,Steam
29218,GOG
29218,Xbox Store
29218,PlayStation Store
29218,Nintendo Store
29218,App Store
602224,Steam
1378,Xbox Store
1378,PlayStation Store
1378,Steam
1378,GOG
3775,PlayStation Store
3775,Steam
507152,Steam
2647,PlayStation Store
2647,Steam
14237,Steam
440081,Steam
440081,Xbox Store
440081,Epic Games
440081,GOG
4234,GOG
4234,Xbox 360 Store
4234,PlayStation Store
4234,Xbox Store
4234,Steam
22512,Not Specified
58820,Steam
58820,PlayStation Store
58820,Xbox Store
795632,Steam
795632,PlayStation Store
10400,Steam
9964,Google Play
9964,PlayStation Store
9964,Steam
9964,GOG
9964,Nintendo Store
9964,Xbox Store
9964,App Store
9964,Epic Games
4521,Xbox 360 Store
4521,GOG
4521,Xbox Store
4521,PlayStation Store
4521,Steam
12074,Steam
12074,Xbox 360 Store
47204,Steam
47204,App Store
47204,Google Play
16168,Steam
66817,App Store
66817,Google Play
66817,PlayStation Store
43982,PlayStation Store
43982,Nintendo Store
43982,Xbox Store
43982,Steam
43982,Epic Games
881,Xbox Store
287342,Nintendo Store
287342,Steam
287342,Epic Games
287342,Xbox Store
287342,PlayStation Store
325094,PlayStation Store
325094,GOG
325094,Xbox Store
325094,Nintendo Store
325094,Steam
13350,Nintendo Store
13350,PlayStation Store
13350,App Store
13350,Steam
13350,GOG
13350,Xbox Store
274756,PlayStation Store
274756,Xbox Store
274756,Epic Games
274756,Nintendo Store
274756,Steam
274756,GOG
3849,PlayStation Store
1451,Steam
1451,App Store
18290,Steam
13843,PlayStation Store
13843,Steam
13843,GOG
13843,Xbox Store
727315,Epic Games
727315,Steam
727315,PlayStation Store
366083,Epic Games
366083,PlayStation Store
366083,Nintendo Store
366083,Steam
366083,GOG
366083,Xbox Store
401808,Steam
337960,Steam
337960,itch.io
1241,Xbox Store
1241,PlayStation Store
1241,Steam
1241,GOG
1241,Nintendo Store
16254,App Store
16254,Steam
16254,GOG
52997,Steam
338386,PlayStation Store
338386,Steam
338386,App Store
338386,Xbox Store
338386,Google Play
338386,Nintendo Store
19281,GOG
19281,Steam
17650,PlayStation Store
17650,Steam
17650,Xbox 360 Store
4493,Xbox Store
4493,PlayStation Store
4493,Steam
4493,Nintendo Store
4493,Xbox 360 Store
4493,Epic Games
3121,PlayStation Store
3121,Steam
17768,Steam
3238,Xbox Store
3238,Steam
326238,Xbox Store
326238,Steam
9976,Steam
4813,GOG
4813,PlayStation Store
4813,Steam
4813,Xbox 360 Store
19377,Steam
19377,Xbox 360 Store
89,Steam
89,App Store
89,Google Play
21,PlayStation Store
21,Steam
21,Xbox Store
21,App Store
391397,Steam
391397,Xbox Store
5718,Xbox Store
5718,Steam
5718,GOG
12318,GOG
12318,Steam
2453,App Store
2453,Xbox Store
2453,Steam
2453,Xbox 360 Store
274758,Steam
5940,App Store
5940,Steam
5940,Nintendo Store
2857,PlayStation Store
2857,Steam
2857,GOG
2857,Google Play
7536,Xbox Store
7536,Steam
582,Nintendo Store
582,PlayStation Store
582,Xbox Store
582,Steam
582,GOG
3759,Xbox Store
3759,Steam
3759,PlayStation Store
3759,Xbox 360 Store
12729,PlayStation Store
12729,App Store
12729,Xbox Store
12729,Xbox 360 Store
12729,Steam
12729,Nintendo Store
12729,GOG
3533,PlayStation Store
3533,Steam
3533,Epic Games
3533,App Store
422859,Steam
422859,PlayStation Store
422859,Xbox Store
21717,Steam
471027,Xbox Store
471027,Steam
854354,Steam
58861,Epic Games
58861,PlayStation Store
58861,Xbox Store
58861,GOG
58861,Steam
12166,Steam
44931,Google Play
44931,Nintendo Store
44931,PlayStation Store
44931,Xbox Store
44931,Steam
44931,GOG
44931,App Store
11189,PlayStation Store
11189,Steam
11189,GOG
11189,Xbox Store
11189,Nintendo Store
59352,PlayStation Store
59352,Steam
59352,Xbox Store
5432,PlayStation Store
5432,Steam
5432,Xbox 360 Store
10165,Steam
13694,Steam
9712,Steam
13514,Steam
13514,Nintendo Store
13514,App Store
13514,itch.io
20568,Steam
20568,GOG
5115,PlayStation Store
5115,Steam
4046,PlayStation Store
4046,Steam
4046,Xbox 360 Store
58776,Xbox Store
58776,Steam
58776,PlayStation Store
1890,App Store
1890,Steam
1890,Google Play
16961,Epic Games
16961,GOG
16961,Steam
21759,Steam
21759,GOG
10370,Steam
10370,GOG
10370,PlayStation Store
10370,Xbox Store
10370,Nintendo Store
17094,Steam
16264,Steam
23458,itch.io
23458,Steam
23458,PlayStation Store
19572,Steam
19572,Xbox 360 Store
19572,GOG
17543,GOG
17543,Xbox 360 Store
17543,Steam
17543,App Store
17543,PlayStation Store
17543,Nintendo Store
17543,Xbox Store
12043,Steam
3186,PlayStation Store
15853,PlayStation Store
15853,Steam
15853,GOG
15853,Xbox 360 Store
15853,Xbox Store
13344,Steam
2020,Steam
2020,Google Play
2020,Nintendo Store
2020,App Store
10093,Steam
52998,Steam
10394,Steam
1184,PlayStation Store
1184,Steam
1184,GOG
1184,Nintendo Store
1184,Xbox Store
1184,App Store
58129,Steam
4005,GOG
4005,PlayStation Store
4005,Xbox Store
4005,Steam
4005,Xbox 360 Store
4519,PlayStation Store
4519,Xbox 360 Store
10878,PlayStation Store
10878,Xbox Store
10878,Steam
10878,GOG
10878,Nintendo Store
2018,App Store
2018,Steam
51617,Steam
4875,GOG
4875,PlayStation Store
4875,Steam
9677,Steam
59199,GOG
59199,Nintendo Store
59199,Steam
59199,Xbox Store
59199,App Store
7442,Steam
7442,GOG
7442,App Store
16704,Steam
16704,GOG
1562,PlayStation Store
1562,Steam
1562,GOG
1562,Google Play
1562,App Store
312668,Steam
16434,GOG
16434,Steam
272448,Xbox Store
272448,Steam
272448,GOG
272448,Nintendo Store
272448,itch.io
272448,Epic Games
10161,Steam
17573,GOG
17573,Steam
17573,Xbox 360 Store
10069,Epic Games
10069,GOG
10069,Steam
10263,Steam
10263,Nintendo Store
9612,PlayStation Store
9612,Nintendo Store
9612,Steam
9612,GOG
9612,itch.io
9612,Xbox Store
4033,App Store
4033,PlayStation Store
4033,Steam
17993,GOG
17993,Steam
29179,PlayStation Store
44030,PlayStation Store
44030,Steam
44030,Xbox Store
44030,Nintendo Store
10786,PlayStation Store
10786,Steam
10786,GOG
10786,Xbox 360 Store
17563,GOG
17563,Steam
62897,GOG
62897,Steam
20567,Steam
20567,GOG
3871,PlayStation Store
3871,Steam
1195,Steam
1195,PlayStation Store
339959,GOG
339959,Steam
1935,PlayStation Store
1935,Xbox Store
1935,Xbox 360 Store
1935,Google Play
1935,Steam
1935,Nintendo Store
1935,App Store
47234,Steam
47234,PlayStation Store
47234,Epic Games
58779,Xbox Store
58779,Steam
58549,PlayStation Store
58549,Xbox Store
9603,PlayStation Store
9603,Xbox Store
9603,Steam
9603,Nintendo Store
9603,GOG
440083,Epic Games
440083,Steam
440083,GOG
440083,Xbox Store
440083,PlayStation Store
52179,App Store
52179,GOG
52179,Steam
52179,Nintendo Store
52179,Xbox Store
52179,PlayStation Store
52179,Epic Games
614964,App Store
614964,Epic Games
614964,PlayStation Store
614964,Steam
13249,Steam
13249,GOG
45156,Xbox Store
45156,Steam
45156,PlayStation Store
754888,PlayStation Store
754888,Steam
58783,Nintendo Store
58783,GOG
58783,PlayStation Store
58783,Xbox Store
58783,Steam
58783,Epic Games
23576,PlayStation Store
23576,Steam
1999,App Store
1999,PlayStation Store
1999,GOG
1999,Steam
1999,Nintendo Store
1999,Google Play
1999,Xbox 360 Store
10986,GOG
10986,itch.io
10986,Steam
10986,PlayStation Store
10986,Xbox Store
10986,Nintendo Store
52175,Xbox Store
52175,Steam
4700,Xbox Store
4700,Xbox 360 Store
22448,Steam
22448,GOG
16188,Steam
16188,GOG
304247,GOG
304247,Epic Games
304247,Nintendo Store
304247,Steam
304247,itch.io
5520,PlayStation Store
5520,Nintendo Store
5520,Steam
5520,Xbox 360 Store
12245,Epic Games
12245,Steam
12245,PlayStation Store
12245,GOG
12245,Nintendo Store
12245,Xbox Store
423947,Epic Games
423947,Steam
423947,PlayStation Store
423947,Xbox Store
423947,GOG
11090,Steam
11090,App Store
11090,Google Play
11090,Epic Games
11090,GOG
5737,App Store
5737,Steam
5737,Google Play
9606,Steam
43242,Xbox Store
4356,PlayStation Store
19212,Steam
17831,App Store
17831,Steam
17831,Xbox 360 Store
17831,GOG
10130,Xbox Store
10130,GOG
10130,PlayStation Store
10130,Steam
10130,Epic Games
17515,Steam
20654,PlayStation Store
20654,Xbox Store
20654,Steam
20654,Xbox 360 Store
19415,Steam
19415,GOG
739,App Store
739,GOG
739,Steam
739,Google Play
578,PlayStation Store
578,Steam
578,Xbox Store
578,Epic Games
9540,PlayStation Store
9540,Steam
9540,Nintendo Store
9540,Xbox Store
4418,PlayStation Store
4418,Xbox Store
4418,Steam
4418,Xbox 360 Store
11737,Steam
11737,GOG
22749,GOG
3463,PlayStation Store
3545,PlayStation Store
3545,GOG
3545,Steam
3545,Nintendo Store
12032,Epic Games
12032,Steam
12032,GOG
1757,Steam
1757,GOG
1757,App Store
1757,Google Play
8845,App Store
8845,Steam
8845,Google Play
440086,Xbox Store
440086,Steam
440086,PlayStation Store
1581,Epic Games
1581,App Store
1581,Steam
1581,Google Play
1581,GOG
564757,Xbox Store
564757,Steam
564757,Nintendo Store
564757,Epic Games
564757,PlayStation Store
10163,PlayStation Store
10163,App Store
10163,Xbox Store
10163,Steam
10163,Nintendo Store
29642,GOG
29642,Steam
60783,Xbox Store
60783,PlayStation Store
60783,GOG
60783,Steam
60783,Nintendo Store
60783,Epic Games
19459,Steam
19459,GOG
964,Xbox Store
964,Epic Games
964,GOG
964,App Store
964,Steam
964,Xbox 360 Store
964,Google Play
964,PlayStation Store
964,itch.io
23165,Nintendo Store
10301,PlayStation Store
10301,Steam
10301,Xbox Store
45775,Nintendo Store
45775,Steam
45775,GOG
45775,PlayStation Store
45775,Xbox Store
4380,PlayStation Store
4380,Steam
4380,Xbox 360 Store
22088,Steam
20194,Steam
9557,Steam
9557,GOG
13035,Steam
13035,Nintendo Store
1794,PlayStation Store
1794,Xbox Store
1794,Steam
1794,GOG
286474,Steam
286474,GOG
286474,Xbox Store
286474,PlayStation Store
16252,Xbox Store
16252,PlayStation Store
16252,GOG
16252,Steam
421698,Nintendo Store
25097,Nintendo Store
2866,PlayStation Store
2866,Steam
2866,Nintendo Store
2866,Xbox 360 Store
2866,Xbox Store
2866,App Store
3388,Epic Games
3388,Nintendo Store
3388,PlayStation Store
3388,Xbox Store
16677,GOG
16677,Steam
573123,Steam
573123,Xbox Store
573123,PlayStation Store
573123,Nintendo Store
10171,App Store
10171,Steam
10171,GOG
10171,PlayStation Store
10171,Xbox Store
10171,Epic Games
23659,Steam
23659,PlayStation Store
23659,GOG
23659,Nintendo Store
23659,Epic Games
17286,App Store
17286,Steam
11434,Steam
236751,Xbox Store
236751,PlayStation Store
236751,Steam
29233,PlayStation Store
29233,GOG
29233,Xbox Store
29233,Nintendo Store
29233,Steam
161,PlayStation Store
161,Steam
161,GOG
161,Xbox Store
161,Nintendo Store
12726,Steam
12726,Nintendo Store
442847,Steam
442847,Epic Games
442847,Xbox Store
442847,PlayStation Store
442847,Nintendo Store
19400,PlayStation Store
19400,Steam
19400,Xbox 360 Store
5653,PlayStation Store
5653,GOG
5653,Steam
5653,Xbox 360 Store
20570,Steam
20570,GOG
13038,PlayStation Store
13038,Xbox Store
13038,Steam
13038,GOG
13038,Xbox 360 Store
657,Xbox Store
657,Xbox 360 Store
3746,PlayStation Store
3746,Steam
3746,GOG
3746,Google Play
3746,App Store
4475,PlayStation Store
22842,GOG
15772,Steam
50566,Xbox Store
22854,GOG
22733,GOG
764,PlayStation Store
764,Nintendo Store
764,Steam
764,Xbox Store
379486,Steam
379486,Nintendo Store
379486,PlayStation Store
379486,Xbox Store
379486,Epic Games
23323,Steam
23323,GOG
460524,Steam
460524,Xbox Store
460524,PlayStation Store
20457,Steam
45730,PlayStation Store
45730,Nintendo Store
45730,Xbox Store
45730,Steam
45730,GOG
452639,Steam
452639,PlayStation Store
17742,Steam
428208,App Store
428208,Steam
428208,GOG
428208,Xbox Store
15234,PlayStation Store
15234,Epic Games
15234,Steam
15234,GOG
15234,Xbox Store
15234,Nintendo Store
15234,App Store
15234,Google Play
17636,Steam
17636,GOG
2446,PlayStation Store
2446,Xbox Store
2446,Steam
54285,Not Specified
19347,Steam
251484,itch.io
2568,PlayStation Store
2568,Steam
2409,Steam
2409,Google Play
2409,App Store
34744,Not Specified
227,PlayStation Store
227,Nintendo Store
227,Xbox Store
227,Steam
3304,PlayStation Store
3304,Steam
3304,Xbox 360 Store
3304,Google Play
3304,GOG
17507,Steam
17507,Xbox 360 Store
3133,PlayStation Store
3133,Steam
3133,Nintendo Store
3133,Xbox Store
3133,Epic Games
26,PlayStation Store
26,Steam
26,GOG
4298,PlayStation Store
4298,Steam
505918,Steam
773,GOG
773,Steam
773,Google Play
773,App Store
3203,PlayStation Store
3203,Xbox Store
3203,Steam
3203,Google Play
3203,App Store
16974,Steam
16974,GOG
16974,App Store
16974,itch.io
28089,Steam
28089,PlayStation Store
28089,Xbox Store
6334,App Store
6334,GOG
6334,Steam
6334,Google Play
2483,App Store
2483,Nintendo Store
2483,PlayStation Store
2483,Xbox Store
2483,Steam
385614,App Store
7769,App Store
7769,Steam
7769,GOG
7769,Google Play
17652,Steam
17652,GOG
17652,Epic Games
61044,Epic Games
61044,Steam
61044,GOG
61044,Xbox Store
61044,PlayStation Store
9786,Epic Games
9786,Steam
9786,GOG
4490,PlayStation Store
12614,Epic Games
12614,Nintendo Store
12614,Steam
12614,GOG
12614,PlayStation Store
15176,Steam
15176,PlayStation Store
45894,Steam
15042,Steam
2468,PlayStation Store
2468,Xbox Store
2468,Steam
21705,itch.io
21705,Steam
21705,GOG
21233,Steam
318414,Steam
11428,Steam
52790,PlayStation Store
52790,Google Play
52790,Xbox 360 Store
52790,App Store
52790,Xbox Store
14001,Steam
10091,Steam
10091,GOG
638654,PlayStation Store
638654,Epic Games
638654,Steam
50165,GOG
50165,Xbox Store
50165,Steam
50165,Google Play
16181,Steam
5265,PlayStation Store
5265,Xbox 360 Store
5265,Nintendo Store
4327,PlayStation Store
4327,Steam
4327,Xbox 360 Store
19306,Steam
44764,PlayStation Store
44764,App Store
44764,Google Play
9753,Epic Games
9753,Steam
18914,Steam
9734,App Store
9734,Steam
275611,Steam
275611,GOG
275611,itch.io
799265,Epic Games
799265,Steam
799265,PlayStation Store
420977,Epic Games
420977,GOG
420977,PlayStation Store
420977,Xbox Store
420977,Steam
420977,Nintendo Store
5868,PlayStation Store
5868,Xbox Store
5868,Steam
5868,App Store
5868,Google Play
5868,Nintendo Store
5868,GOG
723957,Steam
723957,Google Play
723957,App Store
371832,Epic Games
371832,Nintendo Store
371832,PlayStation Store
371832,Xbox Store
371832,Steam
1036,PlayStation Store
1036,Steam
1036,Nintendo Store
1036,Xbox Store
1036,Epic Games
10879,Steam
10879,PlayStation Store
10879,Xbox Store
10879,Google Play
10879,Nintendo Store
4469,PlayStation Store
59925,PlayStation Store
59925,Steam
59925,Xbox Store
46410,PlayStation Store
46410,Xbox Store
46410,Steam
46410,Nintendo Store
46410,GOG
3656,Google Play
3656,PlayStation Store
3656,Steam
3656,Xbox 360 Store
3656,App Store
3656,Nintendo Store
3882,PlayStation Store
597,Steam
597,PlayStation Store
597,Nintendo Store
597,Google Play
597,App Store
44093,PlayStation Store
44093,Xbox Store
44093,Nintendo Store
449164,Steam
449164,GOG
449164,Epic Games
449164,Google Play
449164,App Store
43855,Steam
4420,PlayStation Store
4420,Steam
933,PlayStation Store
933,Steam
933,GOG
933,Nintendo Store
933,Xbox Store
457729,Steam
457729,PlayStation Store
457729,Xbox Store
457729,Nintendo Store
3594,PlayStation Store
3594,App Store
3594,Steam
58084,Steam
58084,Epic Games
9499,Steam
17022,Steam
12893,Steam
12893,GOG
12893,App Store
12893,Nintendo Store
17337,Steam
11112,Steam
51081,Nintendo Store
51081,PlayStation Store
51081,Google Play
51081,Xbox Store
51081,Steam
51081,GOG
51081,App Store
17093,Nintendo Store
17093,Steam
17093,GOG
17093,PlayStation Store
17093,App Store
17093,Google Play
17093,Xbox Store
17004,Steam
17004,Nintendo Store
17004,Xbox Store
17949,Steam
17949,PlayStation Store
17949,Xbox 360 Store
17949,Xbox Store
302369,itch.io
302369,PlayStation Store
302369,Xbox Store
302369,GOG
302369,Steam
13834,Epic Games
13834,itch.io
13834,Steam
13834,GOG
58551,Steam
58551,PlayStation Store
58551,App Store
58551,Nintendo Store
58551,Xbox Store
58551,Epic Games
14000,Steam
20958,Steam
20958,GOG
14983,Steam
368952,PlayStation Store
368952,Nintendo Store
368952,Epic Games
368952,Xbox Store
368952,Steam
20828,Steam
20828,Xbox 360 Store
545033,Steam
16972,Steam
479695,App Store
479695,GOG
479695,Steam
479695,Xbox Store
479695,Epic Games
21126,Steam
326228,GOG
326228,PlayStation Store
326228,Xbox Store
326228,Epic Games
326228,Steam
326228,Nintendo Store
11972,PlayStation Store
11972,Steam
19530,Steam
19530,GOG
4398,Steam
4398,PlayStation Store
4398,Nintendo Store
4398,Xbox 360 Store
61964,Epic Games
61964,GOG
61964,itch.io
61964,Steam
275681,PlayStation Store
275681,Steam
30,PlayStation Store
4747,PlayStation Store
4747,Steam
4747,Xbox 360 Store
4747,Xbox Store
18164,Steam
3294,Nintendo Store
3294,PlayStation Store
3294,Xbox Store
3294,Steam
3294,Xbox 360 Store
3294,App Store
3294,Google Play
7102,GOG
7102,Nintendo Store
7102,App Store
7102,Steam
7102,Google Play
7102,itch.io
19594,Steam
19594,GOG
19594,itch.io
17066,GOG
17066,Steam
809,Xbox Store
809,PlayStation Store
809,Xbox 360 Store
58762,Steam
58762,Xbox Store
11553,Steam
11553,App Store
11562,PlayStation Store
11562,Steam
11562,Xbox Store
11562,Nintendo Store
7407,GOG
7407,Epic Games
7407,Nintendo Store
7407,Xbox Store
7407,PlayStation Store
11971,Steam
11971,GOG
46220,Epic Games
46220,GOG
46220,Steam
3752,PlayStation Store
3752,Steam
3752,Xbox 360 Store
50732,Nintendo Store
50732,PlayStation Store
50732,Xbox Store
50732,Epic Games
61882,Steam
39128,Not Specified
52369,PlayStation Store
10868,Steam
10868,Xbox Store
10868,Epic Games
10868,PlayStation Store
10868,Nintendo Store
5260,Xbox Store
5260,PlayStation Store
5260,Xbox 360 Store
5260,Steam
5260,Nintendo Store
5260,GOG
3598,PlayStation Store
3598,Xbox Store
3598,Steam
3598,Nintendo Store
706,PlayStation Store
706,Steam
706,GOG
706,Nintendo Store
274571,PlayStation Store
274571,Xbox Store
274571,Nintendo Store
16013,Steam
663742,PlayStation Store
663742,Epic Games
663742,Steam
2123,PlayStation Store
2123,Steam
2123,GOG
2123,Epic Games
2123,Xbox Store
2123,itch.io
50671,Nintendo Store
50671,Steam
50671,GOG
50671,App Store
50671,Google Play
21942,Nintendo Store
21942,PlayStation Store
21942,Steam
21942,Xbox Store
14188,App Store
14188,Steam
14188,GOG
14188,Nintendo Store
14188,PlayStation Store
14188,Xbox Store
14188,Google Play
14188,Epic Games
52884,PlayStation Store
52884,Google Play
437049,Steam
437049,Xbox Store
437049,PlayStation Store
437049,Nintendo Store
52368,PlayStation Store
51167,Epic Games
51167,PlayStation Store
51167,Steam
51167,Xbox Store
51167,GOG
51167,Nintendo Store
15308,Steam
15308,Xbox Store
20959,GOG
20959,Steam
18628,Steam
18628,GOG
326235,PlayStation Store
326235,Nintendo Store
326235,Epic Games
326235,Xbox Store
326235,GOG
326235,Steam
147,PlayStation Store
147,Xbox Store
147,Steam
147,Nintendo Store
147,Google Play
147,App Store
17586,Google Play
17586,Steam
10789,Steam
507151,Steam
42309,Not Specified
326244,Xbox Store
326244,PlayStation Store
326244,Steam
2137,GOG
2137,Steam
2137,Google Play
2137,App Store
391395,Xbox Store
391395,Steam
391395,GOG
391395,PlayStation Store
327239,Nintendo Store
5550,PlayStation Store
5550,Nintendo Store
5550,Xbox 360 Store
495,PlayStation Store
46667,Nintendo Store
46667,Steam
46667,Xbox Store
46667,Epic Games
22751,GOG
5978,App Store
5978,itch.io
5978,Steam
5978,GOG
5978,Nintendo Store
5978,Google Play
311652,Steam
21709,Steam
21709,GOG
5295,PlayStation Store
5295,Steam
5295,App Store
2588,GOG
2588,Steam
2588,Google Play
2588,App Store
1152,PlayStation Store
1152,Steam
1152,Nintendo Store
1152,Xbox Store
58597,GOG
58597,Xbox Store
58597,PlayStation Store
58597,Steam
58597,Nintendo Store
19119,Steam
19119,GOG
19359,Steam
498,App Store
498,PlayStation Store
498,Steam
498,Xbox Store
498,GOG
498,Nintendo Store
498,itch.io
52340,Steam
52340,Epic Games
52340,GOG
16024,Steam
16024,GOG
428033,Steam
428033,Xbox Store
428033,PlayStation Store
62817,GOG
62817,App Store
62817,itch.io
62817,Steam
62817,Epic Games
10851,Steam
2536,PlayStation Store
2536,Xbox Store
2536,Steam
2536,Nintendo Store
2536,Epic Games
12891,Steam
12891,itch.io
12891,Google Play
12891,App Store
9728,Steam
9728,GOG
9728,PlayStation Store
9728,itch.io
4128,Nintendo Store
4128,PlayStation Store
9894,Steam
9988,Steam
423944,Xbox Store
423944,PlayStation Store
37337,GOG
37337,Xbox 360 Store
37337,Nintendo Store
37337,Steam
37337,App Store
11719,Steam
22934,GOG
22934,Google Play
22934,App Store
16702,GOG
16702,Steam
17794,GOG
17794,Steam
23734,PlayStation Store
23734,Xbox Store
23734,Nintendo Store
23734,GOG
23734,Steam
13513,App Store
13513,PlayStation Store
13513,Steam
5196,PlayStation Store
10898,Epic Games
10898,PlayStation Store
10898,Xbox Store
10898,Nintendo Store
10898,Steam
10898,GOG
11852,Steam
308132,Epic Games
308132,Nintendo Store
308132,PlayStation Store
308132,Xbox Store
308132,Steam
3456,PlayStation Store
3456,Steam
3456,Xbox 360 Store
51331,PlayStation Store
51331,Nintendo Store
51331,Steam
51331,Xbox Store
17607,Steam
14501,itch.io
14501,Steam
14501,GOG
14968,Steam
14968,GOG
20180,Epic Games
20180,PlayStation Store
20180,Steam
20180,Xbox Store
2254,App Store
2254,Steam
2254,Google Play
2254,GOG
2254,Epic Games
119,PlayStation Store
119,Xbox Store
119,Steam
119,GOG
119,Nintendo Store
5192,GOG
5192,Steam
5192,PlayStation Store
16121,Steam
20315,Steam
20315,Google Play
20315,App Store
20315,itch.io
20315,GOG
12965,itch.io
12965,Steam
22256,PlayStation Store
22256,Nintendo Store
22256,App Store
22256,GOG
22256,Steam
22256,Xbox Store
1452,PlayStation Store
1452,App Store
1452,Nintendo Store
1452,Steam
1452,Xbox Store
10313,PlayStation Store
10313,Nintendo Store
10313,Steam
22900,Steam
22900,GOG
683,App Store
683,PlayStation Store
683,Steam
683,Nintendo Store
683,Google Play
295018,Steam
295018,Epic Games
47351,PlayStation Store
47351,App Store
47351,Google Play
47351,Xbox Store
47351,Steam
47351,GOG
47351,Nintendo Store
11264,Steam
11264,PlayStation Store
11264,Nintendo Store
11264,Xbox Store
15167,Steam
15167,GOG
58809,Steam
58809,GOG
58809,Xbox Store
58809,PlayStation Store
58809,Nintendo Store
9986,Steam
12890,Steam
12890,GOG
11815,Steam
11815,PlayStation Store
11815,Xbox Store
11815,GOG
11815,Nintendo Store
11815,itch.io
16776,Steam
2798,PlayStation Store
2798,Xbox Store
2798,Steam
2798,GOG
19437,Steam
19437,Xbox 360 Store
58975,App Store
58975,GOG
58975,Steam
58975,Xbox Store
3955,Steam
3955,Xbox 360 Store
22510,Not Specified
450236,GOG
450236,Epic Games
450236,Steam
18703,Steam
18703,GOG
4569,GOG
4569,PlayStation Store
4569,App Store
4569,Steam
13467,Steam
4856,PlayStation Store
4856,Steam
1607,Xbox Store
1607,Steam
1607,GOG
27024,Nintendo Store
17633,Steam
840788,Steam
11514,Steam
638648,Nintendo Store
638648,Steam
638648,GOG
638648,Xbox Store
638648,PlayStation Store
486733,Xbox Store
486733,Steam
284,PlayStation Store
284,Xbox Store
284,Steam
284,GOG
46239,Steam
44996,App Store
44996,Xbox Store
44996,PlayStation Store
44996,Steam
60028,PlayStation Store
60028,Xbox Store
60028,Steam
60028,GOG
53551,PlayStation Store
53551,Steam
53551,Nintendo Store
53551,Xbox 360 Store
53551,App Store
16192,Steam
18721,Xbox Store
18721,Steam
18721,Xbox 360 Store
18721,Nintendo Store
11025,Epic Games
11025,Steam
11025,Xbox Store
292842,Nintendo Store
1257,PlayStation Store
1257,Xbox Store
1257,GOG
1257,Steam
5529,Xbox Store
5529,PlayStation Store
5529,Xbox 360 Store
5529,Steam
1314,Epic Games
1314,Steam
1314,Nintendo Store
1314,PlayStation Store
1314,Xbox Store
9616,GOG
9616,Steam
9616,itch.io
45635,PlayStation Store
45635,Steam
45635,GOG
45635,Xbox Store
82,PlayStation Store
82,Steam
82,GOG
82,Nintendo Store
14938,Google Play
14938,Steam
14938,Nintendo Store
14938,Xbox 360 Store
14938,PlayStation Store
14938,App Store
14938,Xbox Store
40746,Steam
40746,App Store
18850,Steam
2898,PlayStation Store
2898,Steam
2898,GOG
367197,Xbox Store
367197,PlayStation Store
367197,Steam
548148,GOG
548148,Steam
548148,Xbox Store
548148,PlayStation Store
2936,GOG
2936,Steam
2936,Google Play
2936,App Store
52201,GOG
52201,PlayStation Store
52201,Steam
52201,Xbox Store
1743,Xbox Store
1743,Steam
1743,GOG
18972,Steam
44265,GOG
44265,Steam
44265,Nintendo Store
44265,PlayStation Store
44265,App Store
44265,Google Play
374548,Steam
251598,Xbox Store
251598,Nintendo Store
251598,PlayStation Store
251598,Steam
251598,GOG
28532,Xbox Store
28532,Xbox 360 Store
692541,Steam
692541,Epic Games
454544,Steam
2060,Steam
2060,GOG
2060,App Store
247,App Store
247,PlayStation Store
247,Steam
247,Nintendo Store
247,Xbox Store
247,GOG
247,Google Play
409575,GOG
409575,Steam
409575,Epic Games
409575,PlayStation Store
398414,Steam
514,PlayStation Store
514,Steam
514,Xbox 360 Store
514,Google Play
514,App Store
17590,GOG
17590,Steam
428559,Steam
428559,PlayStation Store
428559,Xbox Store
28633,Xbox 360 Store
28633,Xbox Store
28422,Xbox Store
28422,Xbox 360 Store
1433,PlayStation Store
1433,Xbox Store
1433,Steam
1433,Epic Games
1063,PlayStation Store
1063,Steam
1063,App Store
1063,Google Play
4772,GOG
4772,PlayStation Store
4772,Steam
4772,Xbox 360 Store
914789,PlayStation Store
914789,Steam
3232,PlayStation Store
3232,Steam
3232,GOG
669363,Steam
669363,GOG
47270,GOG
47270,Steam
262389,Nintendo Store
262389,PlayStation Store
262389,Xbox Store
262389,Steam
262389,GOG
50675,GOG
50675,Nintendo Store
50675,PlayStation Store
50675,Xbox Store
50675,Steam
50675,Google Play
50675,App Store
2490,PlayStation Store
14352,Steam
14352,GOG
18142,Steam
19625,Steam
19625,GOG
16029,Steam
15731,PlayStation Store
15731,Steam
2848,PlayStation Store
9981,Epic Games
9981,Steam
7955,App Store
7955,Steam
7955,Google Play
7955,GOG
59700,Epic Games
59700,Nintendo Store
59700,PlayStation Store
59700,Xbox Store
59700,Steam
10581,Steam
59098,PlayStation Store
59098,Steam
59098,Xbox Store
2226,PlayStation Store
2226,itch.io
2226,Steam
2226,Google Play
2226,App Store
2226,Nintendo Store
14219,Steam
17620,App Store
17620,Steam
270653,Epic Games
270653,Steam
270653,Xbox Store
11069,Steam
20000,Steam
20000,App Store
20000,Google Play
18849,Steam
29231,PlayStation Store
29231,Xbox Store
29231,GOG
29231,Steam
46284,Steam
46284,GOG
581104,itch.io
581104,Steam
17841,Steam
19412,App Store
19412,Steam
22991,GOG
22991,App Store
387328,Steam
387328,Nintendo Store
387328,Xbox Store
387328,PlayStation Store
387328,GOG
17978,Steam
13768,Steam
19355,Steam
19355,GOG
4348,PlayStation Store
17913,Xbox 360 Store
17913,Steam
24899,Nintendo Store
57797,Not Specified
49428,GOG
49428,Steam
49428,Nintendo Store
17661,Steam
16999,Steam
16999,GOG
17417,PlayStation Store
17417,GOG
17417,Steam
17417,Nintendo Store
17417,Xbox Store
28160,PlayStation Store
28160,Steam
28160,Xbox Store
3897,Steam
3897,PlayStation Store
3897,Xbox 360 Store
53445,Not Specified
37194,Steam
37194,Nintendo Store
366892,PlayStation Store
366892,Steam
16159,Steam
16159,GOG
17056,Steam
529698,Steam
529698,PlayStation Store
14251,Steam
41461,Not Specified
494393,Nintendo Store
494393,Steam
28626,Xbox 360 Store
28626,Xbox Store
28626,PlayStation Store
9623,Steam
9623,PlayStation Store
9623,Xbox Store
58913,Nintendo Store
58913,Steam
58913,Google Play
58913,App Store
11009,PlayStation Store
11009,App Store
11009,Steam
11009,GOG
11009,Xbox Store
11009,Nintendo Store
65969,Steam
65969,App Store
65969,Google Play
61415,Steam
25080,Nintendo Store
216275,PlayStation Store
216275,Steam
2860,PlayStation Store
2860,Xbox Store
19475,Steam
19475,Xbox 360 Store
1258,PlayStation Store
1258,Google Play
1258,App Store
10075,Steam
22794,GOG
54528,Nintendo Store
23628,Steam
19645,Steam
10994,Steam
10994,Xbox Store
22128,Steam
18694,Steam
18694,GOG
17659,Steam
17659,GOG
17659,Xbox 360 Store
19603,Steam
528768,PlayStation Store
528768,Steam
528768,Nintendo Store
299561,GOG
299561,PlayStation Store
299561,Nintendo Store
299561,Steam
299561,Xbox Store
327269,PlayStation Store
327269,Steam
46160,Nintendo Store
46160,Steam
46160,Xbox Store
46160,PlayStation Store
46160,Google Play
46160,App Store
46160,Epic Games
46160,GOG
11670,Steam
28547,Xbox Store
28547,Xbox 360 Store
28547,PlayStation Store
17379,App Store
17379,Steam
450239,Xbox Store
450239,Steam
450239,PlayStation Store
450239,GOG
450239,Nintendo Store
450239,Epic Games
404,PlayStation Store
404,Xbox Store
404,Steam
404,Nintendo Store
852,PlayStation Store
852,Steam
852,GOG
852,Nintendo Store
51487,PlayStation Store
51487,Epic Games
51487,Nintendo Store
51487,Steam
51487,Xbox Store
51487,GOG
51487,App Store
11018,Steam
11018,GOG
28628,Xbox 360 Store
530269,PlayStation Store
530269,Steam
530269,Nintendo Store
530269,GOG
530269,Epic Games
12470,Steam
9457,PlayStation Store
9457,Steam
10234,PlayStation Store
10234,Steam
10234,GOG
414,Xbox Store
414,Steam
414,Xbox 360 Store
15916,App Store
15916,Steam
15916,GOG
15916,Xbox 360 Store
15916,Nintendo Store
15916,Xbox Store
15916,Google Play
22748,Steam
22748,GOG
370202,Steam
370202,GOG
370202,Epic Games
22685,GOG
60658,Steam
60658,GOG
23370,PlayStation Store
23370,Nintendo Store
23370,Steam
23370,GOG
23370,Xbox Store
389054,GOG
389054,Steam
389054,itch.io
389054,App Store
19701,Xbox Store
19701,Steam
19701,Xbox 360 Store
19932,Steam
11587,Steam
11587,GOG
405,PlayStation Store
405,Steam
405,Xbox Store
405,Nintendo Store
405,App Store
3419,Xbox 360 Store
3419,PlayStation Store
3419,Xbox Store
3419,Steam
2964,PlayStation Store
2964,Steam
2964,GOG
2964,Nintendo Store
2964,Xbox Store
2964,Epic Games
13156,Epic Games
13156,Steam
13156,GOG
13156,Nintendo Store
13156,PlayStation Store
13156,Xbox Store
580972,PlayStation Store
580972,Epic Games
17090,Steam
23252,PlayStation Store
23252,Nintendo Store
23252,Steam
23252,Xbox Store
514896,Steam
514896,PlayStation Store
514896,Xbox Store
18642,Steam
18642,PlayStation Store
49563,PlayStation Store
49563,Xbox Store
52093,Xbox Store
52093,PlayStation Store
52093,Steam
52093,Google Play
52093,Nintendo Store
52093,App Store
16117,Steam
11791,PlayStation Store
11791,Steam
11791,GOG
507154,Steam
5688,Steam
5688,PlayStation Store
5688,GOG
5688,Xbox 360 Store
263548,GOG
263548,App Store
263548,Xbox Store
263548,PlayStation Store
263548,Nintendo Store
263548,Steam
2427,App Store
2427,Steam
19682,Steam
19682,Xbox 360 Store
3705,PlayStation Store
3705,Steam
3705,Nintendo Store
15659,Steam
12697,Steam
14101,Steam
15824,Steam
9977,Steam
311680,Steam
311680,Xbox Store
311680,PlayStation Store
9800,PlayStation Store
9800,GOG
9800,Nintendo Store
9800,Steam
9800,Xbox Store
58773,Epic Games
58773,Steam
58773,GOG
58773,Xbox Store
274760,Epic Games
274760,Xbox Store
274760,PlayStation Store
274760,GOG
274760,Steam
19609,Steam
19609,Xbox 360 Store
19609,Xbox Store
11001,Steam
16733,Steam
20979,Steam
463727,Steam
18361,Steam
18361,itch.io
5692,PlayStation Store
5692,Steam
5692,GOG
5692,Xbox 360 Store
28600,Xbox 360 Store
355,GOG
355,PlayStation Store
355,Xbox Store
355,Steam
355,App Store
355,Google Play
28637,Xbox 360 Store
17666,Steam
17575,Steam
17575,Epic Games
15507,GOG
15507,PlayStation Store
15507,Steam
15507,Xbox Store
15507,Nintendo Store
10387,Steam
10387,GOG
10387,PlayStation Store
10387,Nintendo Store
10387,Xbox Store
19240,Steam
19240,GOG
20947,App Store
20947,Steam
1713,PlayStation Store
1713,App Store
1713,Xbox Store
1713,Steam
1713,GOG
1713,Nintendo Store
1713,Google Play
28203,Xbox Store
7778,PlayStation Store
7778,Steam
7778,GOG
7778,Google Play
7778,App Store
13858,itch.io
13858,Steam
13858,GOG
9658,Steam
22837,GOG
22911,GOG
546464,Steam
546464,PlayStation Store
546464,Xbox Store
3628,PlayStation Store
3628,Steam
3628,Xbox 360 Store
16182,Steam
48897,Steam
48897,itch.io
48897,GOG
14829,Steam
14829,GOG
14829,Xbox Store
14829,PlayStation Store
14829,Nintendo Store
257255,Nintendo Store
257255,Epic Games
257255,Steam
257255,GOG
257255,PlayStation Store
257255,Xbox Store
20612,Steam
20612,GOG
251596,PlayStation Store
251596,Xbox Store
251596,Steam
251596,GOG
251596,Epic Games
251525,Xbox Store
251525,Steam
1657,GOG
1657,PlayStation Store
1657,Xbox Store
1657,Steam
1657,Nintendo Store
1657,App Store
191,PlayStation Store
191,Google Play
191,App Store
379556,GOG
379556,Steam
379556,Xbox Store
379556,Nintendo Store
379556,Epic Games
3327,PlayStation Store
3327,Xbox Store
3327,Steam
557,Steam
557,GOG
557,Google Play
557,App Store
4304,Steam
4304,PlayStation Store
4304,Xbox 360 Store
397471,Nintendo Store
397471,Steam
397471,GOG
397471,PlayStation Store
397471,Xbox Store
18304,Steam
18304,GOG
327,PlayStation Store
327,Steam
327,Nintendo Store
2310,PlayStation Store
2310,Steam
2310,Xbox 360 Store
2310,Nintendo Store
2310,Xbox Store
20554,Steam
28083,Steam
28083,PlayStation Store
28083,Nintendo Store
28083,Xbox Store
28083,App Store
378579,Steam
3763,Steam
662,App Store
662,GOG
662,Steam
662,Google Play
1981,PlayStation Store
1981,Xbox Store
1981,Steam
1981,GOG
1981,Nintendo Store
19272,Steam
19272,App Store
9564,Steam
9564,GOG
9564,App Store
19580,Steam
342,PlayStation Store
342,Xbox Store
342,Steam
342,Nintendo Store
342,Epic Games
45381,Steam
45381,Google Play
21416,Steam
21416,GOG
496,GOG
496,Steam
60624,Steam
60624,App Store
15915,Steam
12725,Steam
12725,Nintendo Store
12725,Google Play
12725,App Store
438599,Steam
438599,GOG
438599,Xbox Store
3253,PlayStation Store
3253,Steam
3253,GOG
3253,App Store
3253,Google Play
61471,PlayStation Store
61471,App Store
61471,Epic Games
61471,Steam
61471,Xbox Store
11563,Steam
3913,PlayStation Store
3913,Steam
3913,Xbox 360 Store
19666,Steam
19666,GOG
643,Xbox Store
643,PlayStation Store
643,Steam
388309,Steam
388309,PlayStation Store
19430,Steam
12354,Xbox Store
12354,Steam
12354,GOG
586153,Steam
586153,App Store
20498,Steam
20960,Steam
517384,Epic Games
517384,GOG
517384,Steam
517384,itch.io
3183,App Store
3183,PlayStation Store
3183,Xbox Store
3183,Steam
3183,GOG
3183,Nintendo Store
5543,PlayStation Store
5543,Nintendo Store
5543,Xbox 360 Store
10239,App Store
10239,Xbox Store
10239,Steam
10239,Xbox 360 Store
58757,PlayStation Store
58757,Steam
58757,Xbox Store
17874,Xbox 360 Store
17874,PlayStation Store
17874,Steam
12737,Steam
16042,Steam
3344,PlayStation Store
3344,Steam
364975,Steam
364975,GOG
364975,PlayStation Store
364975,Xbox Store
364975,Nintendo Store
10641,Steam
10641,PlayStation Store
10641,Nintendo Store
10641,Xbox Store
17906,Steam
11751,Steam
499264,Steam
499264,Xbox Store
5916,Steam
5916,Google Play
5916,App Store
29746,Steam
9789,Steam
1692,App Store
1692,Xbox Store
1692,PlayStation Store
1692,Steam
1692,GOG
1692,Nintendo Store
1692,Google Play
713,PlayStation Store
713,Steam
713,Xbox Store
59306,Steam
59306,Xbox Store
59306,Epic Games
9668,Steam
9668,GOG
9668,Epic Games
442864,PlayStation Store
442864,Xbox Store
442864,Steam
297320,GOG
297320,PlayStation Store
297320,Steam
3181,PlayStation Store
3181,GOG
3181,Steam
1039,PlayStation Store
1039,Steam
1039,GOG
1039,Xbox Store
437042,Steam
437042,PlayStation Store
437042,Xbox Store
419297,Steam
419297,PlayStation Store
419297,Epic Games
419297,GOG
12361,Steam
12361,Epic Games
28581,Steam
28581,Xbox 360 Store
502241,Steam
502241,GOG
502241,PlayStation Store
502241,Xbox Store
502241,Epic Games
502241,App Store
554705,GOG
554705,Steam
558980,Nintendo Store
558980,Steam
563420,PlayStation Store
563420,Steam
563420,Nintendo Store
563420,Xbox Store
9850,Steam
9850,Xbox Store
79236,App Store
79236,Steam
13902,GOG
13902,Steam
60841,Steam
60841,Epic Games
29228,GOG
29228,Nintendo Store
29228,Xbox Store
29228,PlayStation Store
29228,Steam
19565,Steam
19565,Xbox 360 Store
47043,Steam
47043,Google Play
47043,App Store
47043,itch.io
14974,Steam
14974,App Store
568931,Nintendo Store
568931,GOG
568931,Steam
568931,itch.io
449160,App Store
449160,Steam
128,App Store
128,Steam
128,Nintendo Store
1070,Nintendo Store
1070,Xbox Store
1070,Steam
18479,Steam
793647,PlayStation Store
793647,Epic Games
793647,Steam
14575,Steam
14575,GOG
2552,App Store
2552,Xbox Store
2552,PlayStation Store
2552,Steam
2552,Nintendo Store
2552,Xbox 360 Store
2552,Google Play
14720,Nintendo Store
14720,Steam
14720,GOG
9218,Steam
9218,Google Play
9218,App Store
4751,PlayStation Store
4751,Steam
4751,GOG
58815,PlayStation Store
58815,Steam
3145,Xbox 360 Store
3145,Xbox Store
3145,Steam
19519,Steam
19519,GOG
17608,Steam
43362,PlayStation Store
43362,GOG
43362,Steam
43362,Epic Games
16167,Steam
2749,Steam
2749,Xbox Store
2749,GOG
2749,PlayStation Store
2749,itch.io
2686,PlayStation Store
2686,GOG
2686,Xbox Store
2686,Steam
2686,Nintendo Store
2686,Google Play
2686,App Store
2686,Epic Games
22193,Steam
62499,Google Play
62499,GOG
62499,PlayStation Store
62499,Nintendo Store
62499,Xbox Store
62499,App Store
62499,Steam
62499,Epic Games
12341,Steam
12341,GOG
3364,PlayStation Store
3364,GOG
3364,Xbox Store
3364,Nintendo Store
3364,Steam
20218,Steam
9028,App Store
9028,Steam
9028,Google Play
236804,PlayStation Store
236804,Nintendo Store
236804,Steam
2970,App Store
2970,GOG
2970,Google Play
2042,Steam
2042,Google Play
2042,App Store
868085,Google Play
868085,App Store
868085,Steam
22960,App Store
22960,GOG
22960,Google Play
275636,GOG
275636,Xbox Store
275636,PlayStation Store
275636,Steam
290085,GOG
290085,Steam
290085,Xbox Store
4808,PlayStation Store
4808,Steam
4808,GOG
4808,Google Play
4808,Nintendo Store
4808,App Store
9687,PlayStation Store
9687,Xbox Store
9687,Steam
9687,GOG
9687,Nintendo Store
9687,itch.io
11192,App Store
11192,Steam
11192,GOG
44972,PlayStation Store
44972,Steam
318347,Steam
318347,PlayStation Store
318347,Epic Games
318347,Xbox Store
28601,Xbox 360 Store
28601,Steam
4187,PlayStation Store
33,PlayStation Store
33,Steam
33,Nintendo Store
33,Xbox Store
282834,App Store
282834,GOG
282834,Steam
282834,Nintendo Store
46431,Xbox Store
15198,Steam
15198,GOG
398409,Epic Games
398409,Steam
398409,GOG
398409,PlayStation Store
17374,Steam
3396,Nintendo Store
3396,PlayStation Store
3396,GOG
3396,Steam
3396,Xbox 360 Store
3396,Xbox Store
3396,App Store
9626,Steam
6937,Steam
6937,GOG
6937,itch.io
6937,Google Play
6937,App Store
21246,Steam
5663,Xbox Store
5663,App Store
5663,PlayStation Store
5663,Xbox 360 Store
5663,Nintendo Store
62558,Steam
257206,PlayStation Store
257206,GOG
257206,Steam
257206,Xbox Store
17674,GOG
17674,Steam
17674,itch.io
13530,Google Play
13530,Steam
13530,App Store
25096,Nintendo Store
47118,PlayStation Store
47118,Steam
47118,Nintendo Store
47118,Xbox Store
47118,Epic Games
45433,Steam
131,PlayStation Store
131,Epic Games
131,Steam
131,GOG
131,Nintendo Store
791636,Steam
791636,PlayStation Store
47392,Steam
21787,Steam
367179,Steam
367179,Xbox Store
367179,PlayStation Store
367179,Nintendo Store
14895,App Store
14895,Steam
272427,Steam
14085,Steam
14085,PlayStation Store
14085,Xbox Store
14085,GOG
10337,Steam
10337,GOG
10337,App Store
51595,App Store
51595,Steam
428966,Epic Games
428966,Steam
428966,GOG
62627,GOG
62627,Steam
62627,Epic Games
939,Nintendo Store
939,PlayStation Store
939,Steam
939,Xbox Store
58540,GOG
58540,Steam
58540,Xbox Store
292944,App Store
292944,Steam
5363,Not Specified
11845,Steam
15022,Steam
1374,PlayStation Store
1374,Xbox Store
1374,Steam
1374,Nintendo Store
1374,Google Play
1374,App Store
16867,Steam
5604,PlayStation Store
5604,Steam
5604,Xbox 360 Store
371825,PlayStation Store
371825,Xbox Store
371825,Steam
371825,Nintendo Store
64526,Steam
64526,Xbox Store
64526,PlayStation Store
959,GOG
959,Nintendo Store
959,Xbox Store
959,Steam
959,PlayStation Store
10580,PlayStation Store
10580,Epic Games
10580,GOG
10580,Nintendo Store
10580,Steam
10580,Xbox Store
14390,Steam
10661,PlayStation Store
10661,Epic Games
10661,Steam
10661,GOG
9430,App Store
9430,Steam
8622,Steam
8622,Google Play
8622,App Store
51321,PlayStation Store
20259,Steam
270721,Steam
270721,GOG
270721,PlayStation Store
270721,Xbox Store
270721,Epic Games
13969,Steam
58811,PlayStation Store
58811,Nintendo Store
58811,Steam
58811,Epic Games
58811,Xbox Store
58811,GOG
28074,Epic Games
28074,Steam
28074,PlayStation Store
28074,Nintendo Store
53478,PlayStation Store
22879,GOG
17376,Steam
7153,Steam
7153,Nintendo Store
7153,PlayStation Store
7153,Xbox Store
7153,App Store
17851,Steam
44683,Epic Games
44683,GOG
44683,Steam
2737,Steam
2737,Google Play
2737,App Store
21175,Steam
36367,Xbox Store
36367,Nintendo Store
36367,GOG
36367,Steam
36367,PlayStation Store
36367,Epic Games
27230,Xbox Store
27230,Steam
27230,PlayStation Store
27230,Xbox 360 Store
27230,Nintendo Store
27944,PlayStation Store
27944,Nintendo Store
27944,Steam
27944,GOG
27944,Xbox Store
662316,Steam
662316,PlayStation Store
350505,Steam
350505,PlayStation Store
350505,Epic Games
14391,Steam
16761,PlayStation Store
16761,Xbox Store
16761,Nintendo Store
16761,itch.io
16761,Steam
16761,GOG
16761,Epic Games
3922,PlayStation Store
3922,Xbox Store
3922,Xbox 360 Store
2918,PlayStation Store
2918,Steam
17830,Steam
17830,Xbox 360 Store
59028,Steam
59028,itch.io
835,PlayStation Store
835,GOG
835,Steam
835,Nintendo Store
835,Xbox Store
23599,Not Specified
616679,Epic Games
616679,Steam
616679,GOG
44277,Steam
44277,App Store
14784,Nintendo Store
14784,GOG
14784,Steam
14784,Xbox 360 Store
62422,Steam
62422,GOG
1020,PlayStation Store
1020,GOG
1020,Xbox Store
1020,Steam
14166,Steam
817,Epic Games
817,PlayStation Store
817,Xbox Store
817,Steam
817,GOG
817,Nintendo Store
10829,Steam
10829,PlayStation Store
10829,Xbox Store
14948,Steam
14948,GOG
14948,Nintendo Store
14948,App Store
14948,Google Play
15294,Steam
15294,GOG
52383,PlayStation Store
52383,GOG
52383,Nintendo Store
52383,Xbox Store
52383,Steam
58618,Steam
452657,App Store
452657,Steam
452657,Epic Games
452657,PlayStation Store
16223,Steam
301539,GOG
301539,Steam
301539,Nintendo Store
301539,Xbox Store
366882,Steam
22828,PlayStation Store
22828,Google Play
22828,GOG
22828,Xbox 360 Store
560733,Xbox Store
560733,PlayStation Store
560733,Nintendo Store
17424,Steam
22098,Steam
22098,GOG
13172,Nintendo Store
13172,Steam
13172,Xbox Store
13172,PlayStation Store
13172,App Store
9963,PlayStation Store
9963,Steam
9963,GOG
9963,Xbox Store
17462,Steam
17462,PlayStation Store
17777,Steam
17777,Epic Games
45704,Steam
45704,GOG
23390,PlayStation Store
23390,Nintendo Store
23390,Steam
23390,Xbox Store
23390,GOG
23390,App Store
545028,Steam
545028,GOG
502117,Steam
502117,PlayStation Store
502117,Nintendo Store
502117,Xbox Store
17365,Steam
17365,PlayStation Store
11026,Steam
9733,Steam
9733,GOG
9733,App Store
9733,Nintendo Store
9733,Google Play
10082,PlayStation Store
10082,Xbox Store
10082,Steam
10082,itch.io
4302,PlayStation Store
4587,Steam
4587,PlayStation Store
4587,Nintendo Store
4587,Xbox 360 Store
14671,Steam
23114,GOG
23114,Steam
15075,Steam
3801,PlayStation Store
3801,Steam
3801,Xbox 360 Store
18601,Steam
18601,GOG
18601,Nintendo Store
18601,itch.io
18601,PlayStation Store
18601,Xbox Store
18601,Epic Games
16752,Steam
47430,Steam
411,PlayStation Store
411,Steam
411,Xbox Store
20770,GOG
20770,Steam
327258,Steam
327258,PlayStation Store
327258,Xbox Store
1366,PlayStation Store
1366,Xbox Store
1366,Steam
1366,GOG
1366,Nintendo Store
1366,itch.io
10981,PlayStation Store
10981,Nintendo Store
10981,Steam
10981,GOG
10981,Xbox Store
4052,PlayStation Store
44707,Steam
761405,Steam
10029,PlayStation Store
10029,Steam
10029,Xbox Store
20407,Steam
2774,PlayStation Store
2774,App Store
2774,GOG
2774,Steam
2774,Xbox Store
2774,Google Play
2774,Nintendo Store
9913,PlayStation Store
9913,Steam
9913,Xbox Store
9913,Nintendo Store
59613,Steam
59613,PlayStation Store
22067,Xbox Store
22067,PlayStation Store
22067,Steam
17606,Steam
4606,PlayStation Store
4606,Steam
4606,Xbox 360 Store
12061,Steam
18728,Steam
398401,Xbox Store
398401,Steam
19570,GOG
19570,Steam
42145,Not Specified
313783,Nintendo Store
313783,Steam
313783,GOG
313783,Epic Games
28414,Xbox 360 Store
22936,GOG
22936,Steam
14930,App Store
14930,Steam
14930,PlayStation Store
14930,Google Play
9883,Steam
9883,App Store
19483,Steam
19483,GOG
42912,Steam
42912,Xbox Store
56183,Not Specified
9155,Steam
9155,GOG
9155,App Store
605674,Xbox Store
605674,App Store
605674,PlayStation Store
605674,Steam
614962,Steam
614962,Xbox Store
614962,Epic Games
614962,PlayStation Store
21777,Steam
300682,Steam
11747,Steam
11747,GOG
7147,App Store
7147,Steam
7147,Google Play
27015,Nintendo Store
10397,Steam
10397,Xbox Store
20985,Steam
11617,Steam
11617,itch.io
484554,Steam
484554,Nintendo Store
484554,itch.io
484554,GOG
1863,GOG
1863,Steam
1863,Xbox Store
10186,Steam
10186,Nintendo Store
10186,PlayStation Store
10186,Xbox Store
325089,Xbox Store
325089,GOG
325089,PlayStation Store
325089,Steam
12687,Epic Games
12687,Steam
12687,GOG
14123,Steam
19426,Steam
20970,Steam
20970,GOG
13965,PlayStation Store
13965,Steam
13965,Xbox Store
20249,Steam
9944,Steam
10228,Nintendo Store
10228,PlayStation Store
10228,Steam
10228,Xbox Store
4385,PlayStation Store
4385,Nintendo Store
4385,Xbox 360 Store
2709,PlayStation Store
2709,Steam
2709,Google Play
59266,Steam
59266,Xbox Store
59266,GOG
20720,Steam
2674,PlayStation Store
2674,Xbox Store
2674,App Store
16869,Steam
14636,Steam
13949,Steam
13949,itch.io
4560,PlayStation Store
4560,Steam
30261,Steam
30261,GOG
10454,Steam
10454,Nintendo Store
10454,itch.io
23598,Steam
23598,Epic Games
47490,PlayStation Store
47490,Xbox Store
47490,Steam
47490,Google Play
47490,App Store
47490,GOG
432527,Steam
432527,Xbox Store
432527,PlayStation Store
18340,Steam
21521,GOG
21521,Steam
17778,Steam
11831,PlayStation Store
11831,Steam
11831,Xbox Store
10227,Steam
251594,Epic Games
251594,Steam
251594,GOG
13372,Steam
12264,Steam
14667,Steam
17373,Steam
17373,Google Play
779,PlayStation Store
779,Xbox Store
779,Google Play
779,App Store
16698,Epic Games
16698,Steam
16698,GOG
13759,Steam
28478,Steam
28478,Xbox Store
28478,Xbox 360 Store
11564,Steam
254562,itch.io
254562,Steam
13405,App Store
13405,Google Play
13405,PlayStation Store
13405,GOG
13405,Steam
13405,Xbox Store
13405,Nintendo Store
13405,itch.io
13405,Epic Games
17878,Steam
19620,Steam
16969,Steam
650608,GOG
650608,Steam
69,Epic Games
69,Xbox Store
69,PlayStation Store
11313,Steam
61206,GOG
61206,PlayStation Store
61206,Xbox Store
61206,Epic Games
61206,Nintendo Store
61206,Steam
60704,GOG
60704,PlayStation Store
60704,Steam
60704,Xbox Store
60704,Epic Games
18135,Steam
244700,Steam
19372,PlayStation Store
19372,Steam
19372,Xbox 360 Store
22055,GOG
22055,Steam
22055,itch.io
22055,PlayStation Store
22055,Nintendo Store
22055,Xbox Store
22055,App Store
22055,Google Play
28473,Steam
28473,Xbox 360 Store
635220,Xbox Store
635220,Steam
707256,Epic Games
707256,Steam
427733,Steam
427733,Xbox Store
427733,Nintendo Store
427733,PlayStation Store
427733,App Store
19509,Steam
19509,GOG
19601,GOG
19601,Steam
51047,Steam
16215,Xbox Store
16215,Steam
10252,Epic Games
10252,PlayStation Store
10252,App Store
10252,Steam
10252,GOG
10252,Google Play
15949,Steam
15949,App Store
6400,Steam
6400,GOG
6400,Google Play
6400,App Store
12120,Steam
3485,Steam
3485,PlayStation Store
16295,GOG
16295,Steam
61051,Steam
42233,Xbox Store
282825,Nintendo Store
16096,Steam
16096,PlayStation Store
1460,App Store
1460,Steam
1460,Google Play
28040,PlayStation Store
28040,App Store
28040,Google Play
28040,Nintendo Store
28040,Steam
28040,GOG
15056,itch.io
15056,Nintendo Store
15056,GOG
15056,PlayStation Store
15056,Steam
15056,Xbox Store
7091,GOG
7091,Steam
7091,Google Play
7091,App Store
21670,Steam
21670,itch.io
327203,Steam
327203,Epic Games
327203,PlayStation Store
327203,Xbox Store
259932,Steam
259932,Xbox Store
259932,PlayStation Store
2317,Steam
2317,PlayStation Store
2317,Xbox Store
2317,Google Play
2317,App Store
430464,Xbox Store
430464,PlayStation Store
430464,Nintendo Store
430464,Steam
430464,GOG
3550,PlayStation Store
3550,Xbox 360 Store
3550,Xbox Store
14698,Steam
14698,GOG
308157,Epic Games
308157,Steam
3699,GOG
3699,Xbox Store
3699,PlayStation Store
3699,Steam
3699,Xbox 360 Store
362928,Steam
362928,GOG
362928,PlayStation Store
362928,Xbox Store
362928,Epic Games
72757,Steam
72757,GOG
72757,Xbox Store
72757,itch.io
72757,PlayStation Store
72757,Epic Games
272421,Steam
2288,PlayStation Store
2288,Steam
2288,Nintendo Store
60542,Steam
16186,Steam
19096,Steam
19096,GOG
52800,App Store
52800,Nintendo Store
52800,PlayStation Store
52800,Google Play
52800,Steam
20020,Steam
241146,GOG
241146,Steam
241146,PlayStation Store
25064,Xbox Store
25064,Nintendo Store
25064,Xbox 360 Store
2495,Steam
2495,GOG
2495,App Store
2495,Google Play
13252,PlayStation Store
13252,Xbox Store
13252,GOG
13252,Steam
13252,Nintendo Store
14637,Steam
14637,itch.io
424978,Steam
18207,Steam
18207,GOG
18207,PlayStation Store
9526,PlayStation Store
9526,Steam
9526,Nintendo Store
9526,Xbox Store
292844,Steam
292844,GOG
60474,PlayStation Store
60474,Steam
60474,Xbox Store
59677,Nintendo Store
59677,Steam
59677,Xbox Store
59677,PlayStation Store
13345,Steam
43534,Epic Games
43534,PlayStation Store
43534,Steam
43534,GOG
5674,PlayStation Store
5674,Steam
5674,Xbox 360 Store
12782,Steam
45409,GOG
45409,Steam
3942,Nintendo Store
3942,PlayStation Store
3942,Steam
3937,GOG
3937,Xbox Store
3937,PlayStation Store
3937,Steam
3937,Xbox 360 Store
20851,Steam
20851,Nintendo Store
20851,Google Play
20851,App Store
20851,PlayStation Store
20851,itch.io
16160,Xbox 360 Store
16160,GOG
16160,Steam
285712,Steam
23498,Epic Games
23498,Xbox Store
23498,PlayStation Store
23498,Steam
41389,App Store
41389,Steam
11941,Steam
11044,Steam
11044,App Store
45342,Epic Games
45342,Steam
45342,GOG
10349,Steam
16437,GOG
16437,Steam
16612,Steam
14527,Steam
14527,GOG
24030,Nintendo Store
62359,PlayStation Store
62359,Xbox Store
62359,Steam
1236,PlayStation Store
1236,Steam
1236,GOG
1236,Nintendo Store
1236,Xbox Store
1236,Google Play
1236,Epic Games
1236,App Store
10373,Steam
115,PlayStation Store
115,Steam
11385,PlayStation Store
11385,Nintendo Store
11385,Steam
11385,Xbox Store
19093,Epic Games
19093,Steam
19093,itch.io
19093,App Store
19093,GOG
59248,Not Specified
37357,Xbox 360 Store
37357,Xbox Store
37357,Steam
37357,Nintendo Store
16342,Steam
16342,GOG
2937,Epic Games
2937,itch.io
2937,PlayStation Store
2937,Steam
2937,GOG
21751,Steam
49069,Steam
49069,GOG
42858,Xbox Store
261296,GOG
261296,PlayStation Store
261296,Nintendo Store
261296,Steam
261296,itch.io
13434,GOG
13434,Steam
325034,GOG
325034,Xbox Store
325034,PlayStation Store
325034,Nintendo Store
325034,Steam
9920,Steam
9920,GOG
5542,PlayStation Store
21262,Steam
21262,GOG
11159,Steam
11159,GOG
12879,Steam
13339,Steam
28412,Xbox Store
28412,Xbox 360 Store
16790,Steam
29391,Steam
29391,GOG
17509,Steam
17869,Steam
1892,App Store
1892,PlayStation Store
1892,Steam
1892,Google Play
1892,Nintendo Store
62864,Steam
20059,Steam
558984,Xbox Store
558984,Nintendo Store
558984,Steam
558984,PlayStation Store
21350,Steam
3675,PlayStation Store
3675,Steam
375279,Steam
375279,GOG
375279,Xbox Store
375279,PlayStation Store
121,PlayStation Store
121,App Store
121,Steam
121,Xbox 360 Store
121,Xbox Store
709004,Steam
709004,PlayStation Store
428564,Epic Games
428564,Xbox Store
428564,PlayStation Store
428564,Nintendo Store
428564,Steam
428839,Nintendo Store
428839,Steam
428839,Epic Games
14105,Steam
295123,App Store
295123,GOG
295123,Steam
12955,PlayStation Store
12955,Steam
16825,Steam
16825,GOG
4193,PlayStation Store
4193,Steam
4193,Xbox 360 Store
10969,GOG
10969,Steam
10969,Nintendo Store
9980,Steam
16224,Steam
16224,Xbox 360 Store
236697,Nintendo Store
16311,App Store
16311,GOG
16311,Steam
21320,Steam
362860,Epic Games
362860,Steam
362860,GOG
362860,Xbox Store
362860,PlayStation Store
362860,Nintendo Store
362860,itch.io
720,PlayStation Store
720,Steam
720,GOG
720,Xbox Store
10081,PlayStation Store
10081,App Store
10081,Steam
10081,Nintendo Store
1105,PlayStation Store
1105,Nintendo Store
1105,Steam
1105,Xbox Store
349679,GOG
349679,Steam
3433,Xbox Store
3642,PlayStation Store
3642,Steam
3642,Xbox 360 Store
18002,GOG
18002,Steam
16943,Nintendo Store
16943,GOG
16943,Steam
16711,Steam
16711,GOG
16711,PlayStation Store
16711,Xbox Store
18276,GOG
18276,Steam
12732,Steam
214,PlayStation Store
214,Steam
214,Nintendo Store
14933,Steam
13605,GOG
13605,Steam
387247,Steam
387247,GOG
19579,Steam
8798,App Store
8798,Steam
10004,PlayStation Store
10004,Steam
10004,GOG
10004,Nintendo Store
10004,Xbox Store
10004,Epic Games
2343,App Store
2343,Steam
19320,Steam
19320,GOG
10667,Epic Games
10667,Steam
10667,GOG
3458,PlayStation Store
3458,Steam
3458,Xbox 360 Store
3458,Xbox Store
13977,Steam
274757,PlayStation Store
274757,App Store
274757,Nintendo Store
274757,Steam
274757,Xbox Store
842402,Epic Games
842402,PlayStation Store
842402,GOG
842402,Steam
45424,PlayStation Store
45424,Steam
45424,GOG
45424,Nintendo Store
45424,Xbox Store
647552,Steam
647552,PlayStation Store
647552,Xbox Store
16467,Steam
16467,GOG
46080,PlayStation Store
46080,Nintendo Store
46080,Steam
46080,GOG
46080,Xbox Store
15967,Steam
485010,Steam
4588,PlayStation Store
4588,Steam
4588,Xbox 360 Store
52370,PlayStation Store
52370,Xbox 360 Store
62423,App Store
62423,Nintendo Store
62423,Steam
62423,itch.io
62423,GOG
62505,GOG
62505,Steam
62505,Xbox Store
62505,Epic Games
3403,Xbox 360 Store
3403,PlayStation Store
3403,Xbox Store
10992,Steam
2058,PlayStation Store
19705,Steam
19705,GOG
4228,GOG
4228,Steam
46404,Steam
3666,Nintendo Store
3666,PlayStation Store
3666,GOG
3666,Steam
10611,Nintendo Store
10611,Steam
10611,Xbox Store
51690,Steam
309190,Steam
64491,itch.io
64491,App Store
64491,Steam
64491,Epic Games
64491,GOG
12241,App Store
12241,Google Play
12241,PlayStation Store
12241,Steam
12241,GOG
12241,Nintendo Store
12241,Xbox Store
28454,Xbox Store
28454,Steam
28454,GOG
28454,Xbox 360 Store
9962,Steam
5445,PlayStation Store
5445,Steam
10446,Nintendo Store
10446,Steam
10446,GOG
10446,Xbox Store
10446,PlayStation Store
15850,Steam
15850,GOG
12246,Steam
3941,PlayStation Store
3197,PlayStation Store
3197,Steam
3197,Nintendo Store
13504,Steam
309738,Steam
309738,GOG
309738,Epic Games
6321,App Store
6321,Steam
6321,GOG
6321,Google Play
43050,PlayStation Store
43050,Xbox Store
43050,Steam
43050,GOG
451,Epic Games
451,PlayStation Store
451,Xbox Store
451,Steam
451,GOG
451,Nintendo Store
19624,GOG
19624,Steam
14885,Steam
20270,Steam
13054,Steam
1303,App Store
1303,Xbox Store
1303,Steam
1303,Xbox 360 Store
55445,GOG
3905,Epic Games
3905,PlayStation Store
3905,Steam
3905,Nintendo Store
3905,App Store
3905,GOG
4853,PlayStation Store
181,Google Play
181,App Store
5131,PlayStation Store
5131,Steam
5131,GOG
15272,Steam
15272,GOG
15272,Epic Games
4936,PlayStation Store
17753,Steam
9716,Steam
9716,App Store
49353,Steam
49353,Nintendo Store
19374,GOG
19374,Steam
283973,Xbox Store
283973,Xbox 360 Store
58878,PlayStation Store
58878,Steam
58878,Nintendo Store
58878,Xbox Store
16073,Steam
249,PlayStation Store
249,Nintendo Store
249,Steam
249,GOG
249,Xbox Store
12039,Steam
12039,GOG
12039,Xbox Store
2909,PlayStation Store
2909,Nintendo Store
2909,Steam
2909,GOG
2909,Epic Games
17177,PlayStation Store
17177,Steam
20804,Steam
359373,Steam
359373,PlayStation Store
359373,Nintendo Store
7477,itch.io
7477,Steam
7477,GOG
7477,App Store
7477,Google Play
611184,Steam
611184,Xbox Store
3240,PlayStation Store
3240,Xbox Store
3240,Steam
37430,Steam
30789,GOG
30789,Steam
53473,Not Specified
21229,Steam
10008,PlayStation Store
10008,App Store
10008,Steam
10008,GOG
13533,PlayStation Store
13533,Steam
13533,Xbox Store
13533,GOG
13533,Epic Games
16175,Steam
3627,PlayStation Store
3627,Steam
3627,Google Play
3627,App Store
51551,GOG
51551,Steam
51551,Epic Games
174,GOG
174,PlayStation Store
174,Steam
174,Xbox Store
174,Nintendo Store
174,Google Play
6608,Xbox Store
6608,Steam
6608,GOG
13482,Steam
19353,Steam
11890,PlayStation Store
11890,Steam
11890,Xbox Store
11890,Nintendo Store
447815,Steam
447815,GOG
563419,PlayStation Store
563419,Steam
563419,GOG
563419,Epic Games
21285,GOG
21285,Steam
14385,Steam
187,PlayStation Store
187,Nintendo Store
187,Xbox Store
187,Steam
187,GOG
16777,Steam
16777,GOG
16777,Nintendo Store
15615,Steam
15615,Google Play
4098,PlayStation Store
412477,Epic Games
412477,Steam
412477,Nintendo Store
412477,Xbox Store
45455,Steam
45455,Xbox Store
7619,Epic Games
7619,Nintendo Store
7619,Steam
7619,GOG
7619,App Store
566454,Steam
566454,Xbox Store
566454,PlayStation Store
2416,PlayStation Store
2416,Nintendo Store
2416,Xbox Store
2416,Steam
2416,Google Play
32126,Not Specified
61060,itch.io
61060,Steam
61060,GOG
44741,Steam
44741,Xbox Store
44741,PlayStation Store
349286,PlayStation Store
349286,Xbox Store
349286,Steam
59636,Epic Games
59636,PlayStation Store
59636,Nintendo Store
59636,Steam
59636,GOG
59636,itch.io
59636,Xbox Store
61152,Steam
61152,PlayStation Store
61152,Xbox Store
3557,PlayStation Store
3557,Xbox Store
3557,Steam
63845,GOG
63845,Steam
9754,Steam
12143,Steam
12143,PlayStation Store
12143,Nintendo Store
12143,App Store
22627,Steam
22627,Xbox Store
22627,Nintendo Store
14589,Steam
14589,GOG
14589,Google Play
19300,Steam
4345,Xbox 360 Store
4345,PlayStation Store
4345,Steam
4345,Xbox Store
349439,App Store
349439,Steam
5717,App Store
5717,Xbox Store
5717,Steam
5717,Xbox 360 Store
5717,PlayStation Store
5717,Nintendo Store
59288,Xbox Store
59288,Steam
59288,GOG
19189,Steam
2350,Steam
2350,PlayStation Store
10404,Xbox Store
10404,PlayStation Store
10404,Nintendo Store
10404,GOG
10404,Steam
10404,App Store
7039,Steam
7039,Xbox Store
244784,GOG
244784,PlayStation Store
244784,Xbox Store
244784,Nintendo Store
244784,App Store
244784,Steam
51877,PlayStation Store
51877,Steam
51877,GOG
22572,Steam
22572,PlayStation Store
22572,Xbox Store
22572,GOG
22572,Epic Games
15314,Epic Games
15314,Steam
15314,GOG
236851,Epic Games
236851,PlayStation Store
236851,Xbox Store
236851,GOG
236851,Steam
57596,PlayStation Store
15396,Steam
388,PlayStation Store
388,Xbox Store
388,Steam
388,GOG
388,Nintendo Store
45239,Steam
4666,PlayStation Store
4666,Xbox Store
4666,Xbox 360 Store
29109,Xbox 360 Store
29109,PlayStation Store
481,PlayStation Store
481,Xbox Store
481,Steam
481,GOG
16259,App Store
16259,Steam
16259,GOG
5574,PlayStation Store
25924,Nintendo Store
101,PlayStation Store
101,Xbox Store
101,Steam
101,GOG
101,App Store
16791,Steam
10993,Epic Games
10993,Nintendo Store
10993,Steam
10993,PlayStation Store
10993,Xbox Store
3518,PlayStation Store
3518,Steam
3518,Xbox 360 Store
17097,Xbox Store
17097,PlayStation Store
17097,Steam
17097,GOG
17097,Nintendo Store
17097,itch.io
17097,App Store
9805,Steam
19548,GOG
19548,Steam
9731,Steam
846303,GOG
846303,PlayStation Store
846303,Steam
398412,PlayStation Store
398412,Xbox Store
398412,Epic Games
398412,Steam
60755,Steam
20348,Steam
20233,Steam
21610,Steam
17327,PlayStation Store
17327,GOG
17327,Steam
17327,Xbox Store
17327,Nintendo Store
50575,PlayStation Store
50575,GOG
50575,Steam
50575,Xbox Store
839,PlayStation Store
839,Xbox Store
839,Nintendo Store
37791,Steam
75030,Steam
75030,App Store
3662,Xbox Store
3662,PlayStation Store
3662,App Store
3662,Google Play
134,PlayStation Store
134,Steam
134,GOG
134,Nintendo Store
37873,Steam
16361,Steam
16361,Xbox 360 Store
2136,PlayStation Store
2136,Xbox Store
2136,Steam
2136,GOG
391400,GOG
391400,Steam
391400,Xbox Store
14675,App Store
14675,Xbox Store
14675,GOG
14675,Steam
14675,Google Play
14675,PlayStation Store
14675,Nintendo Store
3137,PlayStation Store
28850,App Store
28850,Xbox 360 Store
23762,Nintendo Store
620,PlayStation Store
620,Steam
620,Nintendo Store
620,Google Play
620,App Store
1744,Epic Games
1744,App Store
1744,Xbox Store
1744,PlayStation Store
1744,Steam
1744,itch.io
1744,Nintendo Store
1744,GOG
37972,Steam
43252,PlayStation Store
43252,Xbox Store
43252,Steam
43252,GOG
58736,PlayStation Store
58736,Steam
58736,Xbox Store
11163,Steam
10511,Steam
59601,Steam
59601,PlayStation Store
59601,Xbox Store
59601,Epic Games
46870,itch.io
46870,Steam
44890,PlayStation Store
44890,Steam
44890,GOG
15030,Steam
15030,GOG
16435,GOG
16435,Steam
13688,Steam
14892,Nintendo Store
14892,Steam
1012,Not Specified
428198,Steam
43608,Nintendo Store
43608,GOG
43608,Steam
43608,PlayStation Store
43608,Xbox Store
43608,Epic Games
5076,PlayStation Store
5076,Steam
5076,App Store
11800,Steam
59796,Xbox Store
59796,PlayStation Store
59796,Nintendo Store
59796,Epic Games
59796,Steam
59796,GOG
302836,PlayStation Store
302836,Nintendo Store
302836,Steam
302836,Xbox Store
9896,App Store
9896,Steam
9896,GOG
9896,Xbox Store
9896,PlayStation Store
46403,PlayStation Store
46403,Xbox Store
46403,Nintendo Store
46403,Steam
21371,GOG
21371,Steam
18000,Epic Games
18000,Steam
18000,GOG
15730,GOG
15730,itch.io
15730,PlayStation Store
15730,Steam
16668,Steam
16668,GOG
370290,Steam
370290,GOG
10950,Steam
60012,Epic Games
60012,Steam
60012,GOG
28958,Xbox 360 Store
9672,Steam
2764,PlayStation Store
2764,Xbox Store
2764,Steam
2764,GOG
2764,Google Play
2764,itch.io
2764,App Store
13527,Nintendo Store
13527,Steam
13527,PlayStation Store
13527,Xbox Store
13527,GOG
13527,Epic Games
30406,GOG
2012,PlayStation Store
2012,Steam
2012,Google Play
2012,itch.io
2012,App Store
499258,GOG
499258,Steam
16905,Steam
244741,PlayStation Store
244741,Xbox Store
244741,Nintendo Store
244741,Steam
47594,PlayStation Store
47594,App Store
47594,Nintendo Store
47594,itch.io
47594,Xbox Store
47594,Steam
47594,GOG
47594,Epic Games
10156,Steam
11364,itch.io
11364,Epic Games
11364,Steam
11364,Nintendo Store
11364,GOG
9785,Steam
2266,PlayStation Store
2266,Xbox Store
2266,Steam
254542,PlayStation Store
22695,GOG
15689,Steam
10513,Steam
19994,Steam
19994,GOG
301549,GOG
301549,Steam
301549,Xbox Store
18452,Steam
12735,Steam
12735,Google Play
397481,Nintendo Store
397481,Steam
397481,Xbox Store
397481,PlayStation Store
397481,App Store
60634,Steam
60634,Google Play
60634,itch.io
60634,App Store
573124,Steam
573124,Epic Games
573124,GOG
573124,PlayStation Store
573124,Xbox Store
604,Xbox Store
604,PlayStation Store
604,Steam
244806,Epic Games
244806,PlayStation Store
244806,App Store
244806,Xbox Store
244806,Steam
244806,Nintendo Store
10354,Steam
5926,App Store
5926,Steam
5926,GOG
349367,GOG
349367,Epic Games
349367,Steam
40302,Xbox 360 Store
20966,Steam
20966,GOG
17980,Steam
17980,GOG
2003,Steam
2003,Google Play
2003,App Store
3111,Xbox Store
3111,Steam
3111,Xbox 360 Store
38197,Steam
38491,Steam
38491,App Store
10516,Steam
10516,GOG
20250,Steam
18435,Steam
528657,Steam
528657,Xbox Store
18741,Steam
18741,GOG
38418,Steam
38418,App Store
4002,PlayStation Store
4002,Steam
4002,Xbox 360 Store
47381,App Store
47381,Xbox Store
47381,PlayStation Store
47381,Steam
47381,GOG
38456,Steam
38456,App Store
326221,Xbox Store
326221,Nintendo Store
326221,Epic Games
326221,Steam
326221,GOG
17977,Steam
17977,Google Play
17977,App Store
10976,Steam
17947,Steam
17947,Google Play
17947,App Store
319120,GOG
319120,Steam
319120,Nintendo Store
319120,Epic Games
319120,Xbox Store
11184,Steam
5611,PlayStation Store
5611,Nintendo Store
5611,Xbox 360 Store
10509,Steam
22041,Steam
22041,Xbox Store
2272,App Store
2272,Steam
2272,Google Play
29593,GOG
416034,Epic Games
416034,Steam
416034,Nintendo Store
416034,GOG
481908,Steam
481908,PlayStation Store
52372,Not Specified
16710,App Store
16710,Steam
16710,GOG
362933,Steam
362933,GOG
362933,Epic Games
18851,App Store
18851,Steam
537744,Steam
28495,Xbox Store
28495,Xbox 360 Store
5677,PlayStation Store
5677,Xbox 360 Store
2858,GOG
2858,Xbox Store
2858,PlayStation Store
2858,Steam
2858,Nintendo Store
2858,Xbox 360 Store
2858,Epic Games
1509,Nintendo Store
1509,Xbox Store
1509,PlayStation Store
1509,Steam
1509,itch.io
52176,GOG
52176,Steam
52176,Nintendo Store
52176,App Store
52176,Google Play
282882,GOG
282882,PlayStation Store
282882,Xbox Store
282882,App Store
282882,Steam
10357,Steam
17921,Steam
46165,Xbox Store
46165,Nintendo Store
46165,PlayStation Store
46165,Steam
46165,GOG
61645,Xbox Store
61645,Steam
61645,PlayStation Store
61645,App Store
9576,Steam
3291,PlayStation Store
3291,Xbox Store
3291,Steam
3291,GOG
3291,Nintendo Store
18232,Steam
4284,PlayStation Store
4284,Xbox 360 Store
15389,Steam
428741,Steam
428741,GOG
23760,Nintendo Store
4037,Nintendo Store
4037,PlayStation Store
4037,Steam
19881,Steam
18097,Steam
18097,GOG
2480,PlayStation Store
2480,Xbox Store
2480,Steam
2480,App Store
2480,Epic Games
8062,App Store
8062,Steam
362941,Steam
362941,PlayStation Store
362941,Xbox Store
362941,Epic Games
362941,GOG
61900,Xbox Store
61900,Nintendo Store
61900,Steam
61900,GOG
3855,Xbox Store
51292,Steam
10557,PlayStation Store
10557,Xbox Store
10557,Steam
61377,GOG
61377,itch.io
61377,Steam
61377,Nintendo Store
19677,GOG
19677,Steam
19677,App Store
15479,Steam
24940,Nintendo Store
274815,Steam
29227,Nintendo Store
29227,Xbox Store
29227,GOG
29227,PlayStation Store
29227,Steam
29227,Epic Games
479671,Steam
591,Steam
591,Google Play
591,App Store
16990,Steam
28604,Xbox Store
28604,Xbox 360 Store
323081,GOG
323081,Steam
323081,Epic Games
2321,Steam
2321,GOG
2321,Google Play
2321,App Store
19360,PlayStation Store
19360,Steam
19360,Xbox 360 Store
19360,itch.io
18143,App Store
18143,Steam
18143,Nintendo Store
18704,Steam
18704,GOG
58950,Google Play
58950,Steam
2229,PlayStation Store
2229,Xbox Store
2229,GOG
2229,Steam
12136,Steam
12136,PlayStation Store
12136,Xbox Store
17470,PlayStation Store
17470,Steam
17470,Nintendo Store
17470,Google Play
17470,App Store
17470,Xbox Store
10053,Steam
21563,Steam
21563,itch.io
56092,Not Specified
21448,GOG
21448,Steam
350684,Steam
350684,GOG
350684,Xbox Store
350684,Epic Games
14685,GOG
14685,PlayStation Store
14685,Steam
176,App Store
176,Steam
176,Google Play
176,PlayStation Store
29131,Xbox 360 Store
482920,Epic Games
482920,GOG
482920,Steam
17121,Steam
17121,GOG
62409,Epic Games
62409,itch.io
62409,GOG
62409,Nintendo Store
62409,Steam
17516,Steam
10068,Steam
10068,PlayStation Store
10068,Xbox Store
12678,Steam
14064,GOG
14064,Steam
8757,App Store
8757,Steam
9438,Steam
18367,App Store
18367,Steam
18367,GOG
18367,Google Play
968329,Steam
430439,Steam
430439,GOG
29203,Steam
29203,PlayStation Store
5699,Xbox 360 Store
5699,Steam
19467,Steam
10594,Steam
10594,App Store
10594,Google Play
59340,GOG
59340,Steam
277988,Epic Games
277988,GOG
277988,Xbox Store
277988,Steam
277988,PlayStation Store
10670,Steam
6800,App Store
6800,Steam
14511,Steam
14511,App Store
14511,Google Play
10198,Steam
10198,GOG
58497,PlayStation Store
58497,Xbox Store
58497,Nintendo Store
58497,Steam
1058,Xbox Store
1058,PlayStation Store
1058,Steam
1058,Nintendo Store
11061,Nintendo Store
11061,PlayStation Store
11061,Xbox Store
11061,Steam
11061,GOG
49185,Steam
35629,GOG
35629,Steam
35629,Xbox Store
35629,Xbox 360 Store
5540,PlayStation Store
5540,Nintendo Store
426096,Epic Games
426096,Xbox Store
426096,PlayStation Store
426096,Steam
426096,GOG
14017,Steam
419295,Steam
12157,Steam
12157,PlayStation Store
9527,Steam
16172,Steam
303614,Steam
15077,Steam
17754,GOG
17754,Steam
2384,Steam
2384,Xbox Store
2384,PlayStation Store
19606,GOG
19606,Steam
56,PlayStation Store
56,Xbox Store
56,App Store
56,GOG
56,Steam
56,Google Play
56,Nintendo Store
18324,Steam
10575,Steam
10575,Nintendo Store
372603,Steam
372603,GOG
471029,Steam
28510,Xbox 360 Store
990,PlayStation Store
990,Steam
15488,Steam
259827,Steam
6145,Xbox Store
6145,App Store
6145,PlayStation Store
6145,Steam
6145,GOG
6145,Nintendo Store
10025,Steam
5304,Xbox Store
5304,PlayStation Store
5304,Xbox 360 Store
17618,Steam
2188,Steam
2188,Google Play
2188,App Store
29383,GOG
29383,Steam
19626,Steam
19626,GOG
19626,Google Play
19626,App Store
30243,Not Specified
23069,GOG
3704,PlayStation Store
3704,Steam
16629,GOG
16629,Steam
16381,PlayStation Store
16381,Steam
16381,Xbox Store
446323,itch.io
446323,Steam
857690,Epic Games
857690,Steam
18693,Steam
364,PlayStation Store
364,Steam
364,GOG
364,Google Play
364,App Store
15406,PlayStation Store
15406,Steam
15406,GOG
15406,Nintendo Store
15406,Xbox Store
15406,Epic Games
379453,Steam
379453,PlayStation Store
13773,Steam
5603,PlayStation Store
5603,Steam
5603,Xbox Store
5603,Nintendo Store
11499,Steam
16450,Steam
29826,GOG
29826,Steam
10202,Steam
602,Steam
602,Google Play
602,App Store
419905,Epic Games
419905,Nintendo Store
419905,Steam
419905,Xbox Store
419905,GOG
304320,App Store
304320,Xbox Store
304320,Nintendo Store
304320,PlayStation Store
304320,GOG
304320,Steam
323125,GOG
323125,Steam
654591,Nintendo Store
654591,Xbox Store
654591,Epic Games
654591,PlayStation Store
670703,GOG
670703,Steam
670703,Epic Games
20282,Steam
371847,Epic Games
371847,PlayStation Store
371847,Xbox Store
371847,Steam
371847,GOG
371847,Nintendo Store
871264,Steam
3340,PlayStation Store
3340,Xbox Store
3340,Steam
3340,Nintendo Store
995,Nintendo Store
995,App Store
995,Steam
995,GOG
995,Google Play
13468,Steam
11799,Steam
47466,GOG
47466,Steam
8098,Xbox Store
10166,Steam
9860,Steam
22228,Epic Games
22228,Steam
22228,GOG
58769,Steam
2284,GOG
2284,PlayStation Store
2284,Steam
2284,Xbox Store
372700,Steam
372700,GOG
372700,PlayStation Store
372700,Xbox Store
372700,Nintendo Store
372700,App Store
372700,Epic Games
11778,PlayStation Store
11778,Steam
11778,GOG
11778,Nintendo Store
11778,itch.io
11778,Google Play
11778,App Store
244694,PlayStation Store
244694,Nintendo Store
8813,App Store
8813,Steam
19608,GOG
19608,Steam
19608,App Store
5606,PlayStation Store
5606,Xbox 360 Store
5606,App Store
5606,Steam
5606,GOG
5606,Nintendo Store
5606,Xbox Store
19610,Steam
4582,PlayStation Store
4582,App Store
275703,Steam
861287,PlayStation Store
861287,Steam
27036,Nintendo Store
59115,App Store
59115,Google Play
59115,Steam
59115,Xbox Store
59115,PlayStation Store
59115,Nintendo Store
12720,Steam
430275,Steam
430275,Xbox Store
430275,PlayStation Store
430275,Nintendo Store
430275,GOG
61153,itch.io
61153,Steam
705002,Steam
14178,PlayStation Store
14178,Steam
14178,Nintendo Store
16426,GOG
16426,Steam
15311,Steam
15311,GOG
4555,PlayStation Store
4555,Steam
4555,GOG
1142,PlayStation Store
18743,Steam
18743,GOG
455515,Epic Games
455515,Steam
455515,PlayStation Store
455515,Xbox Store
30198,Steam
30198,GOG
349557,itch.io
349557,Steam
47379,Nintendo Store
47379,Steam
47379,itch.io
47379,App Store
23011,GOG
11193,Steam
11193,GOG
14638,Steam
57918,Not Specified
672365,Steam
319132,GOG
319132,Steam
319132,Xbox Store
4183,PlayStation Store
4183,Steam
4183,Xbox 360 Store
4183,App Store
532168,Steam
532168,Epic Games
4561,PlayStation Store
4561,Xbox 360 Store
3454,PlayStation Store
3454,Steam
3454,Google Play
630676,Steam
630676,PlayStation Store
630676,Xbox Store
151232,Steam
151232,GOG
151232,itch.io
151232,Nintendo Store
21503,Steam
10826,Steam
362874,Steam
362874,Nintendo Store
362874,GOG
362874,Xbox Store
57842,Not Specified
1271,Xbox Store
1271,PlayStation Store
1271,Steam
1271,GOG
1271,Nintendo Store
304216,GOG
304216,App Store
304216,PlayStation Store
304216,Xbox Store
304216,Nintendo Store
304216,Steam
17807,Steam
17807,GOG
58771,PlayStation Store
58771,Steam
58771,Nintendo Store
58771,Xbox Store
58771,GOG
19370,Steam
19370,GOG
20848,Steam
18399,GOG
18399,Steam
357891,GOG
357891,Xbox Store
357891,Steam
357891,itch.io
16932,Steam
16932,Google Play
16932,App Store
241088,Xbox Store
241088,PlayStation Store
241088,Steam
59883,PlayStation Store
59883,Steam
5950,Not Specified
316859,Epic Games
316859,PlayStation Store
316859,Nintendo Store
316859,Xbox Store
316859,Steam
22702,Steam
22702,GOG
12899,Steam
12899,GOG
16503,Steam
10753,Steam
10753,Nintendo Store
494382,Steam
494382,PlayStation Store
19576,Steam
19576,GOG
292843,Nintendo Store
9690,Steam
9690,GOG
9690,Xbox Store
9690,PlayStation Store
9690,Nintendo Store
9690,App Store
14520,Steam
11548,Steam
11548,GOG
58896,PlayStation Store
58896,Nintendo Store
58896,Google Play
58896,Steam
58896,Xbox 360 Store
58896,App Store
19379,Steam
11484,Steam
11484,GOG
14639,Steam
297287,GOG
297287,PlayStation Store
297287,Xbox Store
297287,Steam
236801,GOG
236801,Steam
236801,Epic Games
37751,Not Specified
45691,Xbox Store
45691,Steam
45691,PlayStation Store
17423,Steam
3822,PlayStation Store
14473,Steam
58312,App Store
58312,PlayStation Store
58312,GOG
58312,Steam
58312,Google Play
18540,Steam
21097,GOG
21097,Steam
42393,PlayStation Store
471031,GOG
471031,Steam
367176,Steam
367176,App Store
367176,Nintendo Store
366110,Epic Games
366110,Steam
59059,PlayStation Store
59059,Steam
59059,Xbox Store
415171,PlayStation Store
415171,Epic Games
1480,Xbox Store
1480,Steam
1480,PlayStation Store
704730,Steam
3639,PlayStation Store
12201,Steam
59347,Steam
249994,GOG
249994,Nintendo Store
249994,App Store
249994,Steam
5398,PlayStation Store
15574,Steam
9651,Steam
4903,Xbox 360 Store
4903,PlayStation Store
4903,App Store
19382,Steam
19382,GOG
19382,Xbox 360 Store
15337,Steam
17450,GOG
17450,Steam
647611,Epic Games
647611,Steam
647611,Xbox Store
647611,App Store
4618,PlayStation Store
4618,Steam
4618,Xbox 360 Store
19236,Steam
19236,GOG
50616,App Store
50616,PlayStation Store
50616,Nintendo Store
50616,Steam
50616,itch.io
50616,GOG
50616,Epic Games
22965,PlayStation Store
22965,GOG
22965,Steam
16868,Steam
1071,PlayStation Store
1071,Steam
308098,Steam
308098,Xbox Store
650604,PlayStation Store
650604,Steam
650604,Epic Games
670693,Steam
670693,Xbox Store
670693,Nintendo Store
670693,PlayStation Store
26316,Not Specified
707254,GOG
707254,Epic Games
707254,Steam
8318,Steam
8318,GOG
8318,Google Play
8318,App Store
29225,Steam
29225,GOG
19287,Steam
59350,Steam
28539,Xbox 360 Store
11403,Steam
42857,Steam
42857,Xbox Store
42857,PlayStation Store
42857,Epic Games
367183,itch.io
367183,Epic Games
367183,Steam
367183,GOG
29069,Xbox 360 Store
9385,Steam
9385,Google Play
9385,App Store
13483,Steam
13483,itch.io
259883,Epic Games
259883,Xbox Store
259883,PlayStation Store
259883,GOG
259883,Steam
3182,PlayStation Store
3182,Steam
3182,Xbox Store
51584,Steam
51584,App Store
10179,Steam
14936,Steam
5640,PlayStation Store
11593,PlayStation Store
11593,Steam
11593,itch.io
11593,Nintendo Store
11593,Xbox Store
59348,Xbox Store
59348,Steam
59348,Nintendo Store
59348,GOG
59348,PlayStation Store
59348,Epic Games
39035,Not Specified
12751,PlayStation Store
12751,Steam
12751,GOG
12751,Xbox 360 Store
11706,PlayStation Store
11706,App Store
11706,Steam
11706,GOG
16008,Steam
561,Steam
561,PlayStation Store
561,Xbox 360 Store
561,Xbox Store
58498,PlayStation Store
58498,Nintendo Store
58498,Xbox Store
58498,Steam
367044,Steam
367044,GOG
28505,Xbox Store
28505,Xbox 360 Store
916,Steam
916,itch.io
916,Google Play
916,App Store
2404,App Store
2404,Steam
18110,Steam
60546,Steam
13008,Steam
13008,itch.io
13008,Nintendo Store
3165,PlayStation Store
3165,Steam
3165,Nintendo Store
3165,Xbox Store
322240,Steam
322240,itch.io
322240,Xbox Store
42889,PlayStation Store
42889,Steam
11984,Steam
28460,Xbox 360 Store
3467,PlayStation Store
3467,Steam
16225,Steam
21631,Steam
2634,PlayStation Store
25965,Nintendo Store
25965,Xbox 360 Store
387345,GOG
387345,PlayStation Store
387345,Steam
387345,Xbox Store
481913,Epic Games
481913,Steam
16431,GOG
16431,Steam
20850,Steam
20850,Google Play
20850,App Store
20850,GOG
60864,Steam
11098,PlayStation Store
11098,GOG
11098,Xbox Store
11098,Steam
11098,Google Play
11098,App Store
15553,Steam
15553,GOG
23613,PlayStation Store
23613,GOG
23613,Steam
44469,Steam
274761,Epic Games
274761,Steam
44735,App Store
44735,Steam
44735,Epic Games
10174,Steam
3917,PlayStation Store
3917,Steam
10824,Steam
10824,GOG
13289,Steam
327210,GOG
327210,Steam
4199,PlayStation Store
50775,Steam
19442,Epic Games
19442,GOG
19442,Steam
20358,Steam
28595,Xbox Store
28595,Xbox 360 Store
1237,Steam
1237,Google Play
1237,App Store
389851,Epic Games
389851,Steam
389851,GOG
389851,Xbox Store
42138,Not Specified
22426,Steam
50919,Steam
10304,Steam
10304,App Store
10304,Google Play
627521,Google Play
627521,Steam
327208,Nintendo Store
327208,PlayStation Store
327208,Xbox Store
327208,Steam
327208,Epic Games
11383,Epic Games
11383,Nintendo Store
11383,Steam
11383,GOG
11383,App Store
11383,Xbox Store
16378,Xbox Store
16378,PlayStation Store
16378,Steam
16378,GOG
327232,Google Play
327232,Xbox Store
327232,Steam
327232,PlayStation Store
327232,Nintendo Store
327232,App Store
518596,Steam
518596,PlayStation Store
518596,Epic Games
4678,PlayStation Store
4678,Steam
4678,Nintendo Store
4678,Xbox 360 Store
4678,App Store
17808,itch.io
17808,Steam
11838,Steam
11728,Steam
11728,GOG
11728,Nintendo Store
11728,App Store
11728,Epic Games
15079,GOG
15079,Steam
21305,Steam
21312,GOG
21312,Steam
15854,Steam
15854,GOG
18699,GOG
18699,Steam
13796,Google Play
13796,Steam
9656,Steam
9656,PlayStation Store
9656,Xbox Store
14503,Steam
17186,Steam
387329,Steam
387329,Nintendo Store
387329,GOG
387329,Xbox Store
4507,PlayStation Store
49382,Steam
49382,GOG
4679,Xbox Store
4679,PlayStation Store
4679,Xbox 360 Store
10607,Steam
10607,GOG
28254,Xbox 360 Store
28254,PlayStation Store
9696,Nintendo Store
9696,App Store
9696,Steam
9696,Google Play
9696,Xbox Store
374507,Steam
374507,PlayStation Store
28448,Steam
28448,Xbox 360 Store
323051,Nintendo Store
323051,PlayStation Store
323051,Steam
323051,GOG
19669,Steam
23669,GOG
13121,GOG
13121,Steam
13121,App Store
3640,Steam
3640,PlayStation Store
288747,Steam
288747,GOG
16210,Steam
16210,GOG
17187,Steam
14154,PlayStation Store
14154,Steam
14154,Xbox Store
801567,Steam
21530,Steam
16178,Steam
268363,Nintendo Store
268363,PlayStation Store
268363,Steam
268363,GOG
27418,Nintendo Store
21668,App Store
21668,Google Play
21668,Steam
1602,App Store
1602,Google Play
9504,Steam
499,PlayStation Store
499,Steam
499,Xbox Store
499,App Store
499,Google Play
423950,GOG
423950,Steam
423950,App Store
17810,Steam
17810,GOG
12797,PlayStation Store
12797,App Store
12797,Steam
12797,Nintendo Store
12797,Xbox Store
3206,PlayStation Store
3206,Steam
3206,Nintendo Store
257194,Nintendo Store
257194,Xbox Store
257194,PlayStation Store
257194,GOG
257194,Steam
3861,PlayStation Store
3861,Steam
3861,Nintendo Store
3861,Xbox 360 Store
10020,PlayStation Store
10020,Steam
9849,Steam
52336,Xbox Store
52336,Steam
2770,Steam
2770,Xbox 360 Store
2770,PlayStation Store
10928,Steam
261232,Steam
261232,Nintendo Store
261232,GOG
261232,Epic Games
17538,Steam
19585,Steam
19585,GOG
18342,Xbox Store
18342,Steam
18342,Xbox 360 Store
16373,Steam
16373,GOG
35358,Not Specified
29185,Nintendo Store
351436,App Store
351436,Xbox Store
351436,PlayStation Store
351436,GOG
351436,Nintendo Store
351436,Steam
351436,Epic Games
29051,Xbox Store
29051,Xbox 360 Store
244869,GOG
244869,Xbox Store
244869,PlayStation Store
244869,Steam
6315,GOG
6315,Steam
6315,Google Play
6315,App Store
17372,GOG
17372,Steam
27312,Nintendo Store
262465,GOG
262465,Steam
11473,Steam
62920,GOG
62920,Xbox Store
62920,Nintendo Store
62920,Steam
19476,Steam
993875,Epic Games
993875,Xbox Store
993875,PlayStation Store
993875,Steam
9726,Steam
2705,PlayStation Store
2705,Steam
2705,Xbox Store
17082,PlayStation Store
17082,Steam
17082,Xbox Store
17082,Nintendo Store
2196,PlayStation Store
2196,Steam
28483,Xbox Store
28483,Xbox 360 Store
49268,Steam
49268,GOG
966349,Epic Games
966349,Steam
21113,Steam
846499,Steam
59094,Steam
484842,Steam
484842,itch.io
4470,PlayStation Store
263537,GOG
263537,App Store
263537,Steam
263537,Google Play
263537,itch.io
586054,Steam
586054,Nintendo Store
297322,Steam
4511,PlayStation Store
4511,Xbox Store
4511,Steam
4511,Xbox 360 Store
4511,GOG
257377,Xbox Store
257377,Steam
42047,Steam
27936,Nintendo Store
19455,Steam
16120,Steam
13657,Steam
13657,GOG
290894,Nintendo Store
290894,GOG
290894,Steam
290894,Xbox Store
290894,Epic Games
290894,PlayStation Store
18793,Steam
5981,PlayStation Store
5981,Steam
5981,Xbox Store
3323,PlayStation Store
3323,Steam
539,App Store
539,Steam
539,Google Play
364812,Steam
364812,Xbox Store
364812,PlayStation Store
61442,Steam
61442,itch.io
2838,Xbox Store
2838,Steam
2838,PlayStation Store
2838,Nintendo Store
2838,Google Play
41128,Not Specified
284763,GOG
284763,Xbox Store
284763,PlayStation Store
284763,Nintendo Store
284763,Steam
284763,Epic Games
845261,Steam
845261,PlayStation Store
845261,Epic Games
20120,Steam
20120,Google Play
21098,GOG
21098,Steam
376929,Steam
376929,Nintendo Store
17780,Steam
1009,PlayStation Store
1009,Xbox Store
3035,Steam
3035,itch.io
3035,App Store
21615,Steam
21615,GOG
61536,App Store
61536,Google Play
61536,Steam
58818,PlayStation Store
58818,Epic Games
20986,Steam
20986,GOG
17793,Steam
3857,PlayStation Store
3857,Steam
12410,Steam
9437,Epic Games
9437,Steam
20302,Steam
499331,Epic Games
499331,Steam
499331,PlayStation Store
13027,Steam
19080,Steam
21510,Steam
616688,GOG
616688,Steam
258,PlayStation Store
258,Xbox Store
681463,Steam
979524,Steam
299545,GOG
299545,Steam
366884,GOG
366884,Steam
366884,PlayStation Store
366884,Xbox Store
366884,Nintendo Store
416811,GOG
416811,Steam
45416,Steam
45416,App Store
13114,Steam
13114,GOG
14988,Steam
14988,Nintendo Store
1922,PlayStation Store
1922,App Store
1922,Steam
1922,Google Play
375223,Steam
375223,Xbox Store
375223,GOG
27977,Nintendo Store
4471,Xbox Store
4471,PlayStation Store
4471,Steam
4471,Nintendo Store
4471,Xbox 360 Store
4471,GOG
39080,Not Specified
49498,PlayStation Store
49498,Steam
484939,Epic Games
484939,Steam
484939,GOG
484939,Xbox Store
484939,PlayStation Store
28399,Xbox 360 Store
274849,GOG
274849,Steam
730,App Store
730,Steam
730,Nintendo Store
11508,Steam
11508,GOG
427653,GOG
427653,Steam
638650,Epic Games
638650,Steam
638650,PlayStation Store
28855,Xbox 360 Store
9678,Steam
7978,App Store
7978,Steam
23214,Nintendo Store
23214,Google Play
23214,Steam
23214,Xbox 360 Store
23214,Xbox Store
23214,PlayStation Store
23214,App Store
16184,Steam
6508,App Store
6508,Steam
6508,Xbox Store
6508,Google Play
21808,Steam
19899,Nintendo Store
19899,Steam
10204,Steam
263587,GOG
263587,itch.io
263587,Steam
7784,Steam
7784,GOG
7784,Google Play
7784,App Store
15034,Steam
284674,Nintendo Store
284674,Xbox Store
284674,Epic Games
284674,PlayStation Store
284674,Steam
20109,Steam
11665,Steam
369,PlayStation Store
369,App Store
369,Nintendo Store
369,Steam
369,Google Play
40035,PlayStation Store
40035,Steam
40035,Nintendo Store
40035,Xbox Store
60685,App Store
60685,Steam
60685,GOG
35314,Not Specified
8001,App Store
8001,Steam
8001,Nintendo Store
8001,Google Play
20723,Steam
20723,Nintendo Store
20723,Google Play
20723,App Store
19703,GOG
19703,Steam
384504,Steam
384504,GOG
384504,Epic Games
514902,PlayStation Store
514902,GOG
514902,Steam
514902,Xbox Store
514902,App Store
59640,PlayStation Store
59640,Xbox Store
59640,Nintendo Store
59640,Steam
59640,Epic Games
10811,Steam
14621,GOG
14621,Steam
62419,Nintendo Store
62419,GOG
62419,PlayStation Store
62419,Xbox Store
62419,Steam
58765,Epic Games
58765,Xbox Store
58765,PlayStation Store
58765,GOG
58765,Nintendo Store
58765,Steam
21140,Steam
50328,Steam
50328,GOG
16716,App Store
16716,Steam
16716,GOG
306147,Steam
306147,Xbox Store
17917,GOG
17917,Steam
21322,Steam
21322,Nintendo Store
19046,Steam
19046,GOG
21411,Steam
20159,Xbox 360 Store
20159,Steam
301576,Xbox Store
301576,Steam
301576,GOG
301576,Nintendo Store
18758,Steam
44763,PlayStation Store
44763,Google Play
44763,App Store
10121,Steam
10121,Xbox 360 Store
22415,Steam
23341,Steam
23341,Xbox Store
23341,Xbox 360 Store
28757,Xbox 360 Store
1801,App Store
1801,Steam
1801,Xbox Store
57666,GOG
19445,Steam
22869,GOG
22869,Steam
349844,itch.io
349844,Steam
14355,Steam
369237,App Store
369237,Google Play
369237,Steam
369237,Nintendo Store
49950,Steam
49950,GOG
49950,Google Play
49950,App Store
13776,Steam
18794,PlayStation Store
18794,Steam
18794,Nintendo Store
32247,Steam
32247,GOG
58209,itch.io
58209,Steam
18795,PlayStation Store
18795,Steam
18795,Nintendo Store
48894,Steam
349109,Xbox Store
349109,PlayStation Store
349109,Steam
349109,App Store
59641,Xbox Store
59641,Nintendo Store
59641,Steam
38146,Steam
19678,Steam
18797,PlayStation Store
18797,Steam
18797,Nintendo Store
47361,Steam
47361,GOG
275606,Steam
275606,Xbox Store
39759,Not Specified
407565,GOG
407565,itch.io
407565,Steam
18796,PlayStation Store
18796,Steam
18796,Nintendo Store
20041,Steam
45737,Steam
16043,Steam
2713,PlayStation Store
2713,Steam
2713,Xbox Store
3163,PlayStation Store
3163,Xbox Store
3163,Steam
14913,Steam
5776,Steam
5776,Nintendo Store
5776,App Store
330427,Steam
330427,GOG
20995,Steam
614965,Steam
614965,Epic Games
614965,Xbox Store
614965,PlayStation Store
301518,PlayStation Store
301518,Xbox Store
301518,Nintendo Store
301518,Steam
372505,itch.io
372505,Steam
372505,App Store
452636,PlayStation Store
452636,Xbox Store
452636,Steam
452636,Epic Games
16131,Steam
43004,Steam
43004,PlayStation Store
43004,Xbox Store
58606,Nintendo Store
10366,Steam
28620,Xbox 360 Store
10403,Steam
59602,Google Play
59602,PlayStation Store
59602,Steam
59602,App Store
59602,Nintendo Store
59602,Xbox Store
49355,GOG
49355,Steam
49355,Xbox Store
430498,Steam
430498,GOG
430498,Xbox Store
4329,PlayStation Store
4329,GOG
4329,Steam
4329,Xbox 360 Store
244721,Steam
14115,Nintendo Store
14115,Epic Games
14115,Steam
18541,Steam
1731,PlayStation Store
1731,Xbox Store
1731,Steam
3446,PlayStation Store
3446,Steam
3446,Nintendo Store
18001,Steam
18001,GOG
219972,App Store
219972,Steam
219972,Google Play
16952,Steam
13051,Steam
13051,GOG
18064,Steam
10847,Steam
62849,GOG
62849,PlayStation Store
62849,Xbox Store
62849,Nintendo Store
62849,Steam
27969,Nintendo Store
366891,Nintendo Store
366891,Steam
366891,GOG
366891,Xbox Store
366891,PlayStation Store
62069,GOG
62069,Steam
62069,Xbox Store
62069,Nintendo Store
16954,Steam
59200,Xbox Store
59200,Steam
59200,PlayStation Store
27022,Nintendo Store
484852,Steam
484852,GOG
9543,PlayStation Store
9543,Steam
9543,GOG
9543,Xbox Store
9543,Nintendo Store
9543,Google Play
9543,App Store
8777,Xbox Store
8777,PlayStation Store
8777,Steam
8777,App Store
8777,Google Play
8777,Nintendo Store
8433,Xbox Store
264828,PlayStation Store
264828,Nintendo Store
264828,Steam
264828,Xbox Store
264828,GOG
9837,Steam
19457,Epic Games
19457,Steam
32595,Not Specified
327202,Steam
327202,Xbox Store
41054,Not Specified
20836,Steam
20836,GOG
799323,Epic Games
799323,Google Play
799323,App Store
799323,Steam
10016,itch.io
10016,Steam
10276,Epic Games
10276,Nintendo Store
10276,Xbox Store
10276,Steam
10276,PlayStation Store
295090,Nintendo Store
295090,Steam
295090,Xbox Store
10005,PlayStation Store
10005,GOG
10005,Xbox Store
10005,Steam
10005,App Store
949868,Steam
5093,PlayStation Store
22158,Steam
22158,GOG
18337,Steam
2271,App Store
2271,PlayStation Store
2271,Nintendo Store
2271,Xbox 360 Store
3424,PlayStation Store
3424,Xbox Store
3424,Steam
3424,Nintendo Store
21170,Steam
976564,Steam
12030,Steam
21403,Steam
15825,Steam
579524,itch.io
579524,Steam
579524,Epic Games
579524,GOG
44482,PlayStation Store
44482,Steam
44482,GOG
44482,Nintendo Store
44482,Xbox Store
19619,Steam
19619,GOG
11755,Steam
11755,GOG
11755,App Store
314402,itch.io
314402,Steam
23501,GOG
23501,Xbox Store
23501,PlayStation Store
23501,Nintendo Store
23501,Steam
50694,Xbox Store
50694,Steam
50694,PlayStation Store
50694,Google Play
50694,App Store
50694,Nintendo Store
384491,GOG
384491,Epic Games
384491,Xbox Store
384491,Steam
13861,Steam
13861,GOG
877,PlayStation Store
877,Steam
19567,PlayStation Store
19567,Steam
19567,Xbox 360 Store
17609,Steam
17609,App Store
17609,Google Play
16532,itch.io
16532,Steam
16532,Xbox Store
16532,PlayStation Store
288586,Steam
288586,PlayStation Store
288586,Xbox Store
288586,GOG
288586,Nintendo Store
288586,Epic Games
10328,Nintendo Store
10328,PlayStation Store
10328,Steam
10328,GOG
316865,Steam
316865,GOG
8946,App Store
8946,Steam
10190,Steam
47359,Epic Games
47359,itch.io
47359,Steam
47359,GOG
47359,App Store
6961,Nintendo Store
6961,GOG
6961,Steam
6961,Google Play
6961,App Store
282807,PlayStation Store
282807,Steam
282807,Nintendo Store
15969,Steam
15969,GOG
15969,PlayStation Store
10558,Steam
10558,Xbox Store
2614,PlayStation Store
2614,Xbox Store
1189,PlayStation Store
1189,Steam
1189,GOG
1189,Nintendo Store
16551,Steam
10412,App Store
10412,Steam
2145,Xbox Store
2145,Steam
2145,Nintendo Store
2145,Xbox 360 Store
5424,PlayStation Store
5424,Steam
14614,Steam
10231,Steam
61904,Steam
359247,Steam
14722,Steam
17735,Steam
17735,GOG
17735,Epic Games
369160,Steam
369160,Nintendo Store
41462,Not Specified
61046,Steam
11807,PlayStation Store
11807,Steam
11807,Nintendo Store
12629,Steam
55348,Not Specified
20837,Steam
20837,Nintendo Store
20837,Google Play
20837,App Store
20837,itch.io
17912,Steam
455566,Steam
455566,Nintendo Store
455566,PlayStation Store
455566,Xbox Store
47525,Xbox Store
47525,Steam
298413,Steam
19551,Steam
19551,GOG
19551,App Store
4209,PlayStation Store
20879,Steam
20084,Steam
1679,Steam
1679,Google Play
1679,App Store
905,PlayStation Store
905,Steam
905,GOG
44431,Steam
44431,App Store
557828,Google Play
557828,App Store
557828,Steam
19004,Steam
1222,App Store
1222,Steam
51357,App Store
51357,Xbox Store
51357,PlayStation Store
51357,Steam
4274,PlayStation Store
4274,Steam
4274,Nintendo Store
4274,Xbox 360 Store
49333,Steam
914,Epic Games
914,PlayStation Store
914,Steam
914,Nintendo Store
914,GOG
914,Xbox Store
914,App Store
40774,Steam
53471,Nintendo Store
3120,PlayStation Store
3120,Steam
13086,Steam
11157,Steam
37130,Not Specified
11813,PlayStation Store
11813,Steam
11813,GOG
11813,Xbox Store
14782,Steam
427882,Steam
20717,Steam
54381,Epic Games
54381,Nintendo Store
54381,Steam
54381,PlayStation Store
19649,Steam
244787,Steam
244787,GOG
10398,PlayStation Store
10398,Xbox Store
10398,Steam
10398,itch.io
408286,PlayStation Store
15862,Steam
26824,Nintendo Store
411611,GOG
411611,PlayStation Store
411611,Steam
411611,Xbox Store
19274,Epic Games
19274,PlayStation Store
19274,Steam
19274,Xbox Store
25663,GOG
25663,Steam
25663,Epic Games
25663,Nintendo Store
19616,GOG
19616,Steam
12749,Steam
14258,GOG
14258,Steam
21208,Steam
14843,Steam
13120,Steam
24881,Nintendo Store
24881,Xbox 360 Store
24881,Google Play
24881,App Store
14265,Nintendo Store
14265,Steam
14265,itch.io
14265,App Store
418467,Xbox Store
418467,PlayStation Store
20203,Steam
20203,itch.io
349250,GOG
349250,Steam
2443,PlayStation Store
2443,Steam
2443,GOG
62036,Steam
62036,Nintendo Store
17953,Steam
17848,Steam
17848,itch.io
14726,Steam
14726,Xbox 360 Store
236714,GOG
236714,App Store
236714,Steam
37627,Steam
37627,PlayStation Store
37627,Xbox 360 Store
19110,GOG
19110,Steam
274670,Nintendo Store
274670,App Store
274670,PlayStation Store
274670,Xbox Store
274670,Steam
60736,Steam
60736,PlayStation Store
60736,Nintendo Store
16718,App Store
16718,Steam
16173,Steam
18397,Steam
18397,itch.io
18397,App Store
10842,App Store
10842,PlayStation Store
10842,Steam
10842,Xbox Store
442839,Xbox Store
442839,Steam
442839,GOG
442839,PlayStation Store
3590,Xbox 360 Store
3590,Steam
833441,Epic Games
833441,Google Play
833441,Steam
833441,App Store
3002,Xbox 360 Store
3002,App Store
52389,Nintendo Store
52389,Steam
19670,Steam
50351,itch.io
50351,Steam
50351,App Store
50351,Google Play
50351,GOG
19348,Steam
19348,GOG
294128,App Store
294128,GOG
294128,Steam
19235,Steam
19235,GOG
21055,Steam
3085,PlayStation Store
3085,Steam
407547,Steam
407547,Nintendo Store
407547,PlayStation Store
407547,Xbox Store
2243,App Store
2243,Steam
2243,Google Play
21683,Steam
375231,Steam
375231,App Store
1082,App Store
1082,Steam
2802,App Store
2802,PlayStation Store
2802,Steam
2802,GOG
20202,Steam
388968,Steam
388968,GOG
12233,Steam
11194,GOG
11194,Xbox 360 Store
11194,Steam
1818,Xbox Store
1818,Steam
1818,PlayStation Store
1818,Nintendo Store
17996,Steam
49375,Steam
12014,Steam
29223,Steam
29223,Epic Games
29223,Xbox Store
29223,PlayStation Store
3519,App Store
3519,PlayStation Store
3519,Steam
3519,Google Play
17217,Steam
18398,Steam
20311,Steam
28326,Xbox Store
28326,Xbox 360 Store
10251,PlayStation Store
10251,Steam
10251,GOG
10251,Xbox Store
10278,Steam
12121,Steam
15268,Steam
11260,Steam
18698,GOG
18698,Steam
29908,Nintendo Store
29908,Google Play
656,PlayStation Store
656,App Store
656,Steam
656,GOG
656,Xbox Store
3480,PlayStation Store
428083,Steam
9585,PlayStation Store
9585,Steam
9585,GOG
9585,Nintendo Store
9585,Xbox Store
52337,Epic Games
52337,Nintendo Store
52337,Steam
3369,PlayStation Store
3369,Xbox Store
3369,Steam
455598,Steam
455598,Xbox Store
455598,PlayStation Store
455598,Nintendo Store
45972,Xbox Store
45972,Steam
45972,PlayStation Store
17081,Steam
299557,Steam
299557,itch.io
9771,Steam
13190,Steam
13190,GOG
345,Steam
345,GOG
345,PlayStation Store
345,Xbox Store
345,Nintendo Store
345,Google Play
345,App Store
2289,GOG
2289,App Store
2289,Steam
2289,PlayStation Store
2289,Nintendo Store
286579,Steam
28534,Xbox Store
28534,Xbox 360 Store
10549,PlayStation Store
10549,Xbox Store
10549,Steam
10549,GOG
10549,Nintendo Store
20915,PlayStation Store
20915,Steam
20915,GOG
377011,Steam
377011,GOG
377011,PlayStation Store
377011,Xbox Store
31080,Steam
21716,Steam
4137,PlayStation Store
4137,Steam
4137,Nintendo Store
59155,PlayStation Store
17474,Steam
53207,PlayStation Store
53207,Steam
53207,Nintendo Store
53207,Xbox 360 Store
17785,Steam
17785,GOG
19634,Steam
8577,Google Play
8577,Xbox Store
8577,PlayStation Store
8577,Nintendo Store
8577,Steam
8577,App Store
14547,Steam
13377,Steam
15349,App Store
15349,Steam
15349,Google Play
372595,Steam
372595,PlayStation Store
372595,Xbox Store
372595,Nintendo Store
372595,Epic Games
485203,Nintendo Store
485203,Xbox Store
485203,Steam
485203,GOG
485203,PlayStation Store
15068,Steam
20305,Steam
15941,Steam
22903,GOG
22903,Steam
1204,Steam
1204,Xbox 360 Store
1204,Google Play
1204,App Store
586936,Google Play
586936,itch.io
586936,Steam
586936,App Store
2219,App Store
2219,PlayStation Store
2219,Xbox Store
2219,Steam
2219,Xbox 360 Store
2219,Google Play
279603,Xbox Store
279603,PlayStation Store
279603,Steam
21793,Steam
258385,Steam
2780,PlayStation Store
2780,Xbox Store
59986,GOG
59986,Steam
16122,Steam
16122,GOG
16709,App Store
16709,Steam
16709,Xbox Store
388947,GOG
388947,Steam
388947,itch.io
11950,PlayStation Store
11950,Steam
11950,Nintendo Store
11950,Google Play
11950,App Store
18718,Xbox Store
18718,Steam
18718,Xbox 360 Store
59314,Steam
59314,Epic Games
370222,Steam
370222,App Store
370222,Google Play
370222,GOG
16171,Steam
2374,PlayStation Store
2374,Xbox Store
2374,Steam
21816,Steam
249966,Not Specified
440084,GOG
440084,Steam
440084,Epic Games
440084,PlayStation Store
21725,Steam
21725,GOG
19338,Epic Games
19338,PlayStation Store
19338,Steam
19338,Xbox Store
21379,Steam
14896,Steam
64143,Epic Games
64143,Steam
64143,GOG
64143,PlayStation Store
64143,Nintendo Store
64143,Xbox Store
10722,Steam
295015,Nintendo Store
295015,GOG
295015,PlayStation Store
295015,Xbox Store
295015,Steam
19381,Steam
19381,GOG
1159,PlayStation Store
10831,Steam
462677,Steam
462677,GOG
462677,PlayStation Store
15724,Steam
14430,itch.io
14430,Steam
19416,Steam
22395,Steam
6319,Steam
6319,Nintendo Store
6319,App Store
6319,Google Play
7849,Steam
7849,Google Play
7849,App Store
7849,Nintendo Store
22104,Epic Games
22104,GOG
22104,Steam
22104,Xbox Store
16189,Xbox Store
16189,PlayStation Store
16189,Steam
16189,GOG
16189,Nintendo Store
316821,Steam
9798,Steam
12144,GOG
12144,Steam
6256,PlayStation Store
6256,App Store
6256,Steam
6256,GOG
6256,Nintendo Store
6256,Google Play
6256,Xbox Store
20965,Steam
581213,GOG
581213,Steam
10745,PlayStation Store
10745,Nintendo Store
10745,Xbox Store
10745,Steam
292840,Nintendo Store
4431,PlayStation Store
4431,Steam
4431,Xbox 360 Store
4431,Google Play
370243,Steam
370243,GOG
233858,PlayStation Store
233858,Nintendo Store
233858,Steam
23748,Nintendo Store
17597,Epic Games
17597,Xbox Store
17597,Steam
17597,Xbox 360 Store
17597,Nintendo Store
17597,PlayStation Store
362895,Steam
3977,PlayStation Store
3977,Steam
3977,Xbox 360 Store
3645,PlayStation Store
3645,Nintendo Store
3645,Steam
3645,GOG
31476,Not Specified
28082,PlayStation Store
28082,Epic Games
28082,Steam
28082,Nintendo Store
14099,Steam
11899,Steam
5610,PlayStation Store
5610,Xbox 360 Store
1555,App Store
1555,Steam
1555,Google Play
614967,PlayStation Store
614967,GOG
614967,Steam
614967,Nintendo Store
598872,Epic Games
598872,Steam
598872,GOG
16898,Steam
16119,Steam
427490,PlayStation Store
427490,Steam
427490,Nintendo Store
28264,Xbox 360 Store
718135,Steam
10226,Steam
20309,PlayStation Store
20309,Steam
20309,Xbox 360 Store
555994,Steam
555994,Xbox Store
555994,Epic Games
18739,Steam
18739,GOG
60860,Xbox Store
60860,PlayStation Store
60860,Steam
27571,Nintendo Store
514890,Steam
20241,Steam
18407,Steam
16174,Steam
16174,itch.io
14097,Steam
25131,Nintendo Store
20830,Steam
14264,Steam
14264,itch.io
14264,App Store
14264,Nintendo Store
45869,Steam
45869,PlayStation Store
45869,Nintendo Store
45869,Xbox Store
573119,Epic Games
573119,Steam
573119,GOG
12636,App Store
12636,Steam
12636,GOG
40468,Xbox Store
40468,Steam
40468,PlayStation Store
40468,Nintendo Store
20523,itch.io
20523,Steam
19672,Steam
19672,GOG
19672,Nintendo Store
19672,Xbox 360 Store
23263,Steam
23263,Xbox Store
23263,PlayStation Store
23263,Nintendo Store
16293,Steam
10720,Steam
50228,Steam
299569,App Store
299569,GOG
299569,Xbox Store
299569,Steam
299569,PlayStation Store
299569,Epic Games
622495,Nintendo Store
18288,Steam
60037,Epic Games
60037,PlayStation Store
60037,Steam
60037,Nintendo Store
60037,Xbox Store
281880,PlayStation Store
281880,App Store
281880,Xbox Store
281880,Steam
281880,Nintendo Store
10751,Steam
10751,GOG
16465,Steam
16296,Steam
16111,Steam
46502,PlayStation Store
46502,Steam
20168,Steam
1099,PlayStation Store
1099,Steam
315987,App Store
315987,GOG
315987,Xbox Store
315987,PlayStation Store
315987,Steam
1412,App Store
1412,Steam
14881,GOG
14881,Steam
20803,Steam
20803,Nintendo Store
316936,itch.io
316936,PlayStation Store
316936,Xbox Store
316936,Steam
31542,Steam
31542,GOG
262433,PlayStation Store
262433,Xbox Store
262433,Steam
40,Epic Games
40,itch.io
40,PlayStation Store
40,Steam
40,GOG
40,App Store
4468,PlayStation Store
53456,Xbox 360 Store
53456,Steam
53456,GOG
16453,Steam
19637,Steam
48987,Steam
48987,GOG
14018,Steam
14018,Xbox 360 Store
576497,GOG
576497,Steam
576497,Epic Games
370204,Steam
370204,App Store
620042,Nintendo Store
620042,Epic Games
620042,Steam
620042,GOG
28024,Nintendo Store
17788,Steam
17788,GOG
44839,Xbox Store
44839,PlayStation Store
44839,itch.io
44839,GOG
44839,Steam
44839,Epic Games
20379,Steam
452648,PlayStation Store
11946,Nintendo Store
11946,Steam
316910,PlayStation Store
316910,Xbox Store
316910,Steam
1091,Steam
1091,GOG
1091,Epic Games
1091,Google Play
1091,App Store
1081,PlayStation Store
1081,Steam
17790,Steam
17790,GOG
61725,Steam
61725,Xbox Store
49631,Steam
384557,GOG
384557,Steam
46480,GOG
46480,Nintendo Store
46480,Xbox Store
46480,PlayStation Store
46480,Steam
330615,Nintendo Store
9838,Epic Games
9838,Steam
7016,App Store
7016,Steam
7016,Google Play
4307,PlayStation Store
4307,Steam
4307,Xbox 360 Store
10057,Steam
51854,GOG
51854,Epic Games
51854,Steam
12908,Steam
7190,App Store
7190,Steam
7190,itch.io
213624,Epic Games
213624,GOG
213624,itch.io
213624,Steam
15958,Steam
15958,GOG
15958,PlayStation Store
15958,App Store
28207,Xbox 360 Store
36777,Xbox 360 Store
36777,Xbox Store
970321,Steam
400298,Xbox 360 Store
400298,PlayStation Store
216364,Steam
15164,Steam
20964,Steam
2222,Xbox Store
2222,Steam
2222,PlayStation Store
3980,PlayStation Store
3980,Steam
16266,Steam
16266,GOG
50580,Steam
50580,Nintendo Store
45827,Nintendo Store
45827,PlayStation Store
45827,Xbox Store
45827,App Store
45827,GOG
45827,Steam
349870,Steam
5665,GOG
5665,PlayStation Store
5665,Xbox 360 Store
9607,Steam
17929,Steam
14356,Steam
14803,Steam
22413,Steam
10435,Steam
22641,GOG
22641,Steam
59184,Not Specified
21823,Steam
2496,PlayStation Store
2496,App Store
2496,Xbox Store
2496,itch.io
2496,Steam
2496,GOG
14011,App Store
14011,Steam
14011,Xbox 360 Store
14011,GOG
14100,Steam
343595,Steam
343595,PlayStation Store
343595,Xbox Store
343595,Xbox 360 Store
17922,Nintendo Store
17922,PlayStation Store
17922,Steam
17922,GOG
3731,Xbox Store
3731,PlayStation Store
3731,Nintendo Store
3731,Xbox 360 Store
51175,Steam
475071,Steam
475071,GOG
20426,Nintendo Store
20426,Xbox Store
20426,PlayStation Store
20426,Steam
51327,PlayStation Store
51327,Xbox Store
51327,Nintendo Store
51327,Steam
327209,GOG
327209,Epic Games
327209,Steam
530497,GOG
530497,Steam
11212,Steam
11212,Xbox Store
791,PlayStation Store
791,Steam
791,Nintendo Store
791,Xbox Store
19769,Steam
11387,Xbox Store
11387,Steam
11387,Xbox 360 Store
11387,PlayStation Store
3830,PlayStation Store
22651,GOG
22651,Steam
53239,Steam
53239,GOG
14435,Steam
24072,Nintendo Store
13792,Steam
366889,Steam
366889,Xbox Store
366889,PlayStation Store
37898,PlayStation Store
37898,Xbox 360 Store
486727,Nintendo Store
486727,Epic Games
486727,Steam
486727,Xbox Store
486727,GOG
486727,PlayStation Store
2796,PlayStation Store
2796,Steam
2796,GOG
2796,Nintendo Store
2796,Xbox Store
16116,Steam
19278,Steam
19278,GOG
22475,Steam
840,Steam
840,App Store
840,PlayStation Store
840,Nintendo Store
311644,GOG
311644,Nintendo Store
311644,Steam
532482,Steam
614961,GOG
614961,Steam
60594,Epic Games
60594,Steam
635386,Steam
635386,GOG
14417,Steam
14417,itch.io
9998,Steam
14354,Steam
560792,Steam
10613,Steam
10613,Nintendo Store
19268,Steam
61717,Xbox Store
61717,PlayStation Store
61717,Steam
61717,App Store
20418,Steam
20418,GOG
16917,Steam
79210,Steam
79210,App Store
79210,Google Play
474,Steam
474,PlayStation Store
474,Xbox Store
474,Nintendo Store
10376,Steam
10376,Xbox 360 Store
12914,Steam
607,PlayStation Store
607,Steam
607,Xbox Store
607,Nintendo Store
14485,Steam
21958,PlayStation Store
28570,Xbox Store
28570,Xbox 360 Store
20227,Steam
20114,Steam
10612,Steam
10612,PlayStation Store
10612,GOG
19104,Steam
7229,PlayStation Store
7229,Xbox Store
7229,Steam
7229,Nintendo Store
7229,Google Play
308092,Nintendo Store
308092,PlayStation Store
308092,GOG
308092,Steam
308092,Xbox Store
308092,Epic Games
21054,Steam
319138,PlayStation Store
319138,Nintendo Store
319138,Steam
319138,Xbox Store
51328,Steam
51328,PlayStation Store
51328,Xbox Store
15381,PlayStation Store
15381,Steam
16828,Xbox Store
16828,PlayStation Store
16828,Steam
9932,Steam
9932,Nintendo Store
17257,Nintendo Store
17257,GOG
17257,Steam
17952,App Store
17952,Steam
17952,Google Play
25142,Nintendo Store
25142,Xbox 360 Store
25142,PlayStation Store
11502,Steam
4957,PlayStation Store
4957,GOG
20332,Steam
20332,itch.io
61889,Steam
51573,PlayStation Store
51573,Xbox Store
51573,Steam
35020,GOG
2096,Xbox 360 Store
2096,Xbox Store
2096,Steam
22852,GOG
22852,Steam
22852,App Store
22014,PlayStation Store
22014,Steam
22014,GOG
22014,itch.io
22014,Xbox Store
17946,Steam
17946,Xbox 360 Store
18740,Steam
18740,GOG
46602,App Store
46602,Steam
46602,GOG
10107,Steam
4859,PlayStation Store
4859,Steam
4859,GOG
19708,Steam
19708,itch.io
15491,Steam
9529,PlayStation Store
9529,Steam
19732,Steam
12146,Steam
12146,Xbox Store
12146,GOG
12146,PlayStation Store
12146,Nintendo Store
9441,Steam
9441,PlayStation Store
2258,Xbox Store
2258,Steam
2258,GOG
2258,App Store
487916,Nintendo Store
104,Steam
104,PlayStation Store
104,GOG
104,Xbox Store
16850,Steam
5644,PlayStation Store
5644,Nintendo Store
5644,Xbox 360 Store
16308,GOG
16308,Nintendo Store
16308,Steam
16308,PlayStation Store
16308,Xbox Store
20333,Steam
51507,PlayStation Store
51507,App Store
51507,Nintendo Store
51507,Steam
51507,Xbox Store
51507,GOG
18418,Steam
43753,Nintendo Store
5512,PlayStation Store
5512,Xbox 360 Store
52371,Not Specified
44,PlayStation Store
44,Steam
44,Xbox Store
42370,GOG
42370,Steam
16849,Steam
10552,Steam
13852,Steam
13852,GOG
13852,App Store
13852,Google Play
563395,Steam
19522,Steam
22019,itch.io
22019,Steam
22019,App Store
22019,Nintendo Store
22019,GOG
22019,Google Play
16725,Steam
16726,GOG
16726,Steam
619806,Epic Games
619806,Steam
18716,Steam
5651,PlayStation Store
5651,Xbox 360 Store
6298,GOG
6298,Steam
6298,Google Play
6298,App Store
13276,Steam
13276,Google Play
18608,Steam
18608,itch.io
19006,Steam
19006,Google Play
19006,Nintendo Store
9673,Epic Games
9673,PlayStation Store
9673,itch.io
9673,Steam
9673,Nintendo Store
802000,GOG
802000,Steam
367081,Steam
367081,GOG
45545,PlayStation Store
45545,Nintendo Store
45545,Steam
45545,GOG
58086,PlayStation Store
58086,Xbox Store
58086,Nintendo Store
58086,Steam
58086,App Store
427787,Steam
14337,Steam
2881,PlayStation Store
2881,Steam
2881,Xbox Store
38482,PlayStation Store
38482,Xbox 360 Store
387232,Nintendo Store
387232,PlayStation Store
387232,Xbox Store
387232,Steam
387232,GOG
16106,Steam
14796,Steam
14796,Xbox Store
14796,PlayStation Store
14796,Nintendo Store
14796,GOG
10668,PlayStation Store
10668,Steam
10668,Nintendo Store
10668,Xbox Store
17534,Steam
387309,Steam
21586,Steam
817970,Steam
21691,Steam
9555,Steam
9555,GOG
804753,Steam
19602,Steam
56088,Steam
16613,PlayStation Store
16613,Nintendo Store
16613,Steam
36999,Steam
36999,PlayStation Store
22704,PlayStation Store
22704,GOG
22704,Xbox 360 Store
5571,Steam
5571,Xbox 360 Store
5571,PlayStation Store
18615,Steam
10047,Steam
15335,Steam
29204,PlayStation Store
9324,PlayStation Store
9324,Steam
9324,Nintendo Store
9324,Xbox Store
9324,App Store
14701,Steam
864991,Google Play
864991,App Store
864991,Steam
56222,Not Specified
18654,Steam
19520,Steam
19520,Xbox 360 Store
19520,Xbox Store
15404,Steam
15404,GOG
15404,PlayStation Store
9931,Steam
20017,Steam
20589,Steam
613490,GOG
484828,Steam
484828,GOG
484828,App Store
484828,Nintendo Store
787607,Steam
14019,Steam
14019,Xbox 360 Store
10791,GOG
10791,Steam
22394,Steam
165,Epic Games
165,Xbox Store
165,Nintendo Store
165,Steam
165,GOG
165,App Store
165,Google Play
10095,Steam
10095,itch.io
10095,Xbox Store
10095,Nintendo Store
10095,PlayStation Store
20906,Steam
2476,PlayStation Store
2476,Steam
2476,GOG
2476,App Store
2476,Google Play
7452,Steam
7452,App Store
7452,itch.io
20660,Steam
20736,Steam
20736,Nintendo Store
586208,Xbox Store
586208,Steam
586208,PlayStation Store
61622,Steam
19555,Steam
18045,Steam
18045,itch.io
301573,itch.io
301573,PlayStation Store
301573,Xbox Store
301573,Steam
20813,PlayStation Store
20813,Steam
20813,GOG
20813,Xbox 360 Store
12356,Steam
22918,App Store
22918,GOG
22918,Steam
398402,Epic Games
398402,PlayStation Store
398402,Steam
2309,PlayStation Store
22416,GOG
22416,Epic Games
22416,Steam
64173,Xbox Store
64173,Nintendo Store
64173,PlayStation Store
64173,Steam
64173,GOG
64173,Epic Games
64173,itch.io
622,Steam
622,PlayStation Store
622,Xbox Store
622,Google Play
622,Xbox 360 Store
622,App Store
23973,Nintendo Store
6588,Steam
6588,App Store
264758,GOG
264758,Steam
264758,Epic Games
20312,Steam
1425,PlayStation Store
1425,Steam
1425,Nintendo Store
3512,PlayStation Store
3512,Steam
3512,Google Play
14012,Steam
17765,Steam
17765,GOG
19351,Steam
20982,Steam
12772,PlayStation Store
12772,Xbox Store
12772,Nintendo Store
12772,Steam
19547,GOG
19547,Steam
3667,PlayStation Store
3667,Steam
3667,Xbox 360 Store
514899,GOG
514899,Steam
21820,Steam
651,PlayStation Store
651,Steam
651,Google Play
651,App Store
377825,Steam
377825,GOG
15954,Steam
2138,App Store
2138,Steam
13520,Steam
17535,Steam
4267,PlayStation Store
4267,Steam
4267,Xbox 360 Store
31759,App Store
31759,Steam
31759,Google Play
53432,Not Specified
10345,Steam
11248,PlayStation Store
11248,App Store
11248,Steam
11248,Google Play
11248,Xbox Store
11248,Nintendo Store
1767,App Store
1767,Steam
1767,Google Play
51230,Steam
22161,GOG
22161,Steam
42236,PlayStation Store
42236,Steam
42236,Xbox Store
353464,Epic Games
353464,Steam
353464,GOG
9770,Nintendo Store
9770,PlayStation Store
9770,Xbox 360 Store
9770,Xbox Store
9770,Steam
23313,PlayStation Store
23313,Xbox Store
23313,Nintendo Store
23313,Steam
14402,Steam
30525,GOG
30525,Steam
517399,Xbox Store
517399,Steam
517399,PlayStation Store
58501,Steam
58501,PlayStation Store
15576,Steam
3911,PlayStation Store
15235,Steam
3579,PlayStation Store
3579,Xbox Store
3579,Nintendo Store
3579,Steam
10519,Steam
10519,Google Play
9502,Steam
9502,GOG
20481,Steam
9747,Steam
35985,GOG
12381,Steam
3560,Xbox Store
16766,Steam
350126,GOG
350126,Steam
14724,PlayStation Store
14724,Nintendo Store
14724,Steam
14724,Xbox Store
452647,Xbox Store
452647,PlayStation Store
452647,Steam
452647,Nintendo Store
452647,Epic Games
9501,Steam
52390,Nintendo Store
52390,Steam
28540,Xbox Store
28540,PlayStation Store
28540,Xbox 360 Store
491834,Steam
491834,GOG
398405,Steam
20154,Steam
349515,Steam
16149,Steam
39141,Steam
39141,GOG
13169,Steam
332787,Steam
51179,Steam
2408,itch.io
2408,Steam
2408,Xbox Store
18846,Steam
17614,Steam
14432,Steam
12116,Steam
12116,Google Play
12116,App Store
18318,Steam
18318,Xbox Store
18318,PlayStation Store
18318,Nintendo Store
552923,Steam
552923,Epic Games
18629,GOG
18629,Steam
32122,PlayStation Store
32122,Steam
13285,Steam
12530,Steam
366865,Steam
366865,Xbox Store
960912,Steam
17539,Steam
600924,PlayStation Store
600924,Steam
600924,Xbox Store
20987,GOG
20987,Steam
18847,Steam
19541,Steam
19541,GOG
254604,GOG
254604,Steam
4409,PlayStation Store
4409,Xbox 360 Store
12109,Steam
473484,Steam
473484,PlayStation Store
473484,Xbox Store
473484,Nintendo Store
12140,PlayStation Store
12140,Steam
12140,Nintendo Store
12140,Xbox Store
12140,GOG
936663,itch.io
16404,Steam
22092,Xbox Store
22092,PlayStation Store
22092,GOG
22092,Steam
22092,Nintendo Store
38542,Steam
38542,App Store
17012,Steam
51124,App Store
51124,Xbox Store
51124,PlayStation Store
51124,Steam
51124,GOG
51124,Google Play
28571,Xbox Store
28571,Xbox 360 Store
30744,GOG
30744,Steam
35325,Not Specified
28075,GOG
28075,Xbox Store
28075,Nintendo Store
28075,Steam
28075,PlayStation Store
58807,Steam
58807,Nintendo Store
2532,PlayStation Store
2532,Xbox Store
2532,Steam
19454,GOG
19454,Steam
856178,Steam
404481,Xbox Store
404481,Steam
404481,Epic Games
404481,PlayStation Store
21151,Steam
21538,Steam
427780,Steam
18632,Steam
18632,GOG
44064,Steam
17095,Steam
616686,Epic Games
616686,Nintendo Store
616686,PlayStation Store
616686,Steam
616686,Xbox Store
957,App Store
957,Nintendo Store
957,Google Play
596,Xbox Store
596,PlayStation Store
596,Xbox 360 Store
4294,Steam
4294,PlayStation Store
19810,Steam
5137,PlayStation Store
46543,GOG
46543,Steam
650597,Steam
650597,Xbox Store
41083,Not Specified
16166,Steam
19639,Steam
19639,Xbox 360 Store
16011,Steam
514892,Steam
514892,GOG
868086,PlayStation Store
868086,Steam
127659,Not Specified
261887,PlayStation Store
261887,Steam
261887,App Store
261887,Nintendo Store
261887,Xbox Store
261887,Epic Games
321226,Xbox Store
321226,Steam
3087,Steam
3087,GOG
3087,App Store
57179,Nintendo Store
57179,Xbox 360 Store
650598,Steam
650598,Xbox Store
20128,itch.io
20128,Steam
351827,Epic Games
351827,PlayStation Store
351827,Nintendo Store
351827,Xbox Store
351827,App Store
351827,Google Play
17245,Steam
15725,Steam
300737,GOG
300737,Steam
300737,Xbox Store
370143,Steam
370143,GOG
324199,Steam
324199,GOG
13288,Steam
392306,GOG
392306,Steam
392306,Nintendo Store
392306,App Store
2869,PlayStation Store
2869,Xbox Store
2869,Steam
2869,Nintendo Store
10643,Steam
10643,GOG
22388,Steam
1638,Epic Games
1638,PlayStation Store
1638,Steam
1638,Google Play
1638,App Store
28435,Xbox 360 Store
28435,Xbox Store
19681,Steam
302857,PlayStation Store
302857,Xbox Store
302857,Steam
302857,Nintendo Store
11389,Steam
11389,itch.io
3650,PlayStation Store
3650,GOG
3650,Steam
3650,Nintendo Store
3650,Xbox 360 Store
21068,itch.io
21068,GOG
21068,Steam
16270,Steam
28315,Xbox 360 Store
249973,Steam
249973,GOG
49354,PlayStation Store
49354,Xbox Store
49354,GOG
49354,Nintendo Store
49354,Steam
51177,Steam
51177,GOG
17324,Steam
1601,PlayStation Store
1601,Xbox Store
1601,Steam
1601,GOG
1601,Nintendo Store
28515,Xbox 360 Store
28515,PlayStation Store
430254,Steam
18263,Steam
17449,Nintendo Store
17449,Steam
2112,PlayStation Store
2112,Steam
2112,GOG
2112,Xbox Store
2112,Google Play
3335,PlayStation Store
50372,Steam
20984,Steam
60670,GOG
60670,Steam
59356,Steam
1347,PlayStation Store
1347,Xbox 360 Store
1347,Steam
1347,Xbox Store
13711,Steam
16071,Steam
20300,Steam
20725,Steam
59,Xbox Store
59,PlayStation Store
59,Steam
55775,Not Specified
21546,Steam
19614,PlayStation Store
19614,Steam
13972,Steam
1253,Xbox Store
1253,PlayStation Store
1253,Steam
1253,App Store
17926,App Store
17926,Steam
43624,itch.io
43624,PlayStation Store
43624,Xbox Store
43624,Steam
17528,Steam
17528,GOG
2820,Xbox Store
2820,PlayStation Store
2820,Steam
49788,Steam
949,Steam
949,Google Play
949,Nintendo Store
949,App Store
9283,App Store
9283,Steam
9283,Nintendo Store
9283,GOG
9283,PlayStation Store
9283,Xbox Store
9283,Google Play
47242,Steam
18742,App Store
18742,Steam
18742,GOG
484531,GOG
484531,Steam
795463,Epic Games
795463,GOG
795463,Steam
667350,Steam
667350,itch.io
667350,Nintendo Store
14002,Steam
14002,GOG
11372,Steam
19466,Steam
9549,Steam
9549,GOG
9549,Xbox Store
9549,PlayStation Store
9422,Xbox Store
9422,PlayStation Store
9422,Steam
9422,Google Play
9422,App Store
9422,Nintendo Store
19525,Steam
45957,Not Specified
4538,PlayStation Store
5484,PlayStation Store
28447,Xbox 360 Store
566660,GOG
566660,Steam
427620,Steam
14551,Steam
18112,Steam
18112,Google Play
514900,GOG
514900,Steam
428072,Epic Games
428072,Steam
3862,PlayStation Store
3862,Steam
3862,Xbox 360 Store
18626,GOG
18626,Steam
17548,Steam
17548,Nintendo Store
19924,Steam
17005,Steam
17005,PlayStation Store
17005,Xbox 360 Store
17005,Nintendo Store
13217,GOG
13217,Steam
283985,Not Specified
18302,Steam
18302,Xbox 360 Store
61767,Google Play
61767,App Store
61767,Steam
19289,Steam
290897,Nintendo Store
290897,Xbox Store
290897,GOG
290897,PlayStation Store
290897,Steam
28437,Xbox Store
28437,Xbox 360 Store
586199,Steam
586199,PlayStation Store
586199,Epic Games
58816,PlayStation Store
58816,Xbox Store
58816,Steam
58816,Epic Games
6954,App Store
6954,Steam
6954,GOG
6954,Google Play
61332,Nintendo Store
61332,itch.io
61332,GOG
61332,Steam
5621,PlayStation Store
5621,Xbox 360 Store
17025,Steam
17025,GOG
17025,Xbox Store
18798,Steam
28021,Xbox Store
28021,PlayStation Store
28021,Nintendo Store
28021,Steam
18144,Steam
41457,Not Specified
11134,Steam
11134,GOG
59688,Steam
59688,GOG
20759,Steam
472,Steam
472,PlayStation Store
472,Xbox Store
472,Epic Games
19929,Steam
17039,Steam
20123,Steam
1816,Steam
1816,PlayStation Store
43358,Xbox 360 Store
13639,Nintendo Store
13639,Steam
13639,PlayStation Store
13639,App Store
292817,Steam
292817,Epic Games
292817,PlayStation Store
10367,Steam
763608,Steam
763608,itch.io
20032,App Store
20032,Steam
3820,PlayStation Store
14468,Steam
388943,Nintendo Store
388943,Steam
388943,Xbox Store
388943,Google Play
388943,Epic Games
20805,GOG
20805,Steam
13020,Steam
16130,Steam
20971,Steam
20969,Steam
20969,GOG
17120,Steam
3540,Xbox Store
3540,Steam
3540,Xbox 360 Store
20874,Steam
16692,Steam
16692,GOG
402508,PlayStation Store
402508,Steam
402508,Nintendo Store
402508,Xbox Store
402508,Epic Games
19481,Epic Games
19481,GOG
19481,Steam
23060,GOG
23060,PlayStation Store
23060,Steam
59261,Steam
59261,Nintendo Store
59261,PlayStation Store
59261,Xbox Store
43832,itch.io
43832,Steam
43832,GOG
43832,Nintendo Store
17602,Steam
23292,GOG
23292,Steam
13734,Steam
350787,PlayStation Store
350787,GOG
350787,Xbox Store
350787,Steam
648,PlayStation Store
648,Steam
683246,GOG
683246,Steam
683246,itch.io
683246,Epic Games
367194,PlayStation Store
367194,Xbox Store
367194,Epic Games
367194,Nintendo Store
367194,Steam
29324,Nintendo Store
29324,App Store
29324,Steam
29324,PlayStation Store
28533,Xbox 360 Store
28533,Xbox Store
44328,GOG
44328,Steam
19407,Steam
17248,Steam
4476,PlayStation Store
19294,Steam
19294,Nintendo Store
2942,PlayStation Store
2942,Steam
2942,GOG
3954,PlayStation Store
3954,App Store
61073,Xbox Store
61073,Steam
61073,Nintendo Store
7695,Steam
7695,Google Play
7695,Nintendo Store
7695,App Store
17202,Steam
4632,PlayStation Store
4632,Steam
11814,App Store
11814,Steam
11814,GOG
11814,Google Play
32575,Not Specified
1352,PlayStation Store
1352,GOG
1352,Steam
1352,Nintendo Store
10660,Steam
484718,Steam
484718,Nintendo Store
801623,Steam
462688,Epic Games
462688,Xbox Store
462688,PlayStation Store
462688,Steam
462688,GOG
17339,Steam
9936,PlayStation Store
9936,Steam
9936,Nintendo Store
9936,Xbox Store
19716,Steam
15923,Steam
19740,Steam
834,App Store
834,GOG
834,PlayStation Store
834,Steam
834,Nintendo Store
834,Xbox Store
834,Google Play
17731,Steam
17731,GOG
380786,itch.io
380786,Steam
380786,App Store
380786,GOG
16563,Nintendo Store
16563,Steam
631942,GOG
631942,Steam
631942,Epic Games
631942,Xbox Store
631942,PlayStation Store
692669,GOG
692669,Steam
60586,Steam
60586,GOG
15855,Steam
15855,GOG
10168,Steam
17640,Steam
286485,App Store
286485,GOG
286485,Nintendo Store
286485,Steam
23300,Steam
6446,Steam
6446,PlayStation Store
6446,Nintendo Store
6446,App Store
53762,Not Specified
19754,Steam
490752,Steam
490752,PlayStation Store
490752,Xbox Store
490752,Epic Games
4247,PlayStation Store
4247,Xbox 360 Store
18702,Steam
527422,Steam
20003,Steam
19404,Steam
270769,Steam
27102,Nintendo Store
49284,Steam
49284,GOG
58607,App Store
58607,Nintendo Store
58607,Google Play
58607,Steam
58607,Xbox Store
19490,Steam
7090,Steam
7090,App Store
301516,Steam
10363,Steam
14267,Steam
14267,itch.io
14267,App Store
21308,Steam
11682,Steam
17835,GOG
17835,Steam
21687,GOG
21687,Steam
487911,Steam
487911,PlayStation Store
487911,Xbox Store
41336,Not Specified
538,App Store
538,Steam
538,Nintendo Store
28554,Xbox Store
28554,Xbox 360 Store
678660,GOG
678660,Epic Games
678660,Steam
11748,GOG
11748,App Store
11748,Steam
15362,Steam
15362,GOG
15362,PlayStation Store
15362,Nintendo Store
3611,PlayStation Store
3611,Steam
3611,Nintendo Store
4188,PlayStation Store
4188,Steam
4188,Nintendo Store
4188,Xbox 360 Store
370260,Steam
370260,Epic Games
573277,Epic Games
573277,GOG
573277,Steam
3200,PlayStation Store
3200,GOG
3200,Steam
3200,Google Play
51383,Nintendo Store
51383,Xbox Store
51383,Steam
51383,PlayStation Store
4219,PlayStation Store
4219,Xbox 360 Store
471028,GOG
471028,Steam
17752,Steam
593228,Steam
593228,GOG
593228,Xbox Store
45644,App Store
45644,Steam
45644,Nintendo Store
3118,PlayStation Store
3118,Xbox Store
3118,Steam
16402,Steam
1520,Xbox Store
1520,PlayStation Store
1520,Steam
5511,Xbox Store
5511,PlayStation Store
5511,Xbox 360 Store
242,App Store
242,Xbox Store
242,Google Play
14305,Steam
19648,Steam
19648,Xbox 360 Store
13654,Steam
306082,Steam
20331,Steam
12059,Steam
545029,Steam
545029,PlayStation Store
545029,Xbox Store
51079,Steam
37907,Steam
4888,Xbox 360 Store
4888,PlayStation Store
4888,App Store
17549,Xbox Store
17549,PlayStation Store
17549,Nintendo Store
17549,Steam
17549,GOG
4145,PlayStation Store
7335,Steam
7335,Xbox Store
16060,Steam
782340,Steam
782340,GOG
19731,Steam
46801,Steam
10158,Steam
10158,GOG
6842,PlayStation Store
6842,Xbox Store
6842,Steam
6842,Nintendo Store
28520,Xbox Store
28520,Xbox 360 Store
17035,Steam
17035,PlayStation Store
17035,Xbox Store
12839,Steam
10902,Steam
32330,Steam
32330,Nintendo Store
19493,Steam
3833,Xbox Store
3833,PlayStation Store
3833,Steam
3833,Xbox 360 Store
10110,PlayStation Store
10110,Epic Games
10110,GOG
10110,Steam
10110,Xbox Store
3464,PlayStation Store
3464,Steam
38805,Steam
38805,Nintendo Store
2283,App Store
2283,Steam
2283,Google Play
20239,Steam
2974,Xbox Store
2974,Nintendo Store
2974,PlayStation Store
2974,Steam
264764,Steam
447825,GOG
447825,Epic Games
447825,Steam
10417,App Store
10417,Steam
10417,Google Play
24761,Nintendo Store
56123,Not Specified
38931,Steam
38931,Nintendo Store
12076,Steam
39093,Steam
39093,Nintendo Store
528689,Steam
528689,GOG
881537,Google Play
881537,App Store
881537,Steam
44057,PlayStation Store
44057,Steam
18631,GOG
18631,Steam
49790,itch.io
49790,Steam
14550,Steam
16454,Steam
14772,PlayStation Store
14772,Xbox Store
14772,Nintendo Store
14772,Steam
14772,GOG
20895,Steam
58948,Steam
12300,Steam
12300,App Store
800,PlayStation Store
800,Steam
800,Nintendo Store
21166,GOG
21166,Steam
14922,Steam
2356,PlayStation Store
19605,Steam
19605,GOG
16555,Steam
16555,itch.io
16739,GOG
16739,Steam
52623,Not Specified
5561,PlayStation Store
5561,Steam
5561,Xbox 360 Store
11819,Steam
8000,App Store
8000,Steam
8000,Google Play
20112,Steam
20661,Steam
9820,PlayStation Store
9820,Epic Games
9820,Steam
9820,Nintendo Store
9820,Xbox Store
12291,Steam
51176,Steam
899,PlayStation Store
899,Nintendo Store
899,Steam
10872,Nintendo Store
10872,Steam
10872,GOG
19702,Steam
4499,PlayStation Store
1660,Steam
1660,Google Play
1660,App Store
12748,Steam
51174,Steam
29170,PlayStation Store
29170,Steam
943,App Store
943,PlayStation Store
943,Steam
943,Xbox Store
455599,Xbox Store
455599,PlayStation Store
455599,Steam
505871,Steam
505871,PlayStation Store
505871,Xbox Store
505871,Epic Games
19188,Steam
21876,App Store
51431,Steam
51431,App Store
51431,Google Play
11077,Steam
14288,Steam
14288,GOG
18858,Steam
41012,Not Specified
20357,Steam
4036,Steam
4036,Xbox 360 Store
17744,Steam
40214,Not Specified
20236,Steam
17685,Steam
17799,GOG
17799,Steam
22024,App Store
22024,Steam
22024,Google Play
22024,Nintendo Store
2949,PlayStation Store
2949,Steam
2949,Nintendo Store
8764,Steam
8764,Nintendo Store
8764,Google Play
8764,App Store
13892,Steam
981,Xbox Store
981,Steam
981,PlayStation Store
3565,PlayStation Store
3565,Steam
258363,Steam
18294,Steam
368145,itch.io
368145,GOG
368145,Steam
47613,PlayStation Store
47613,Steam
47613,Xbox Store
47613,Nintendo Store
6929,PlayStation Store
6929,Steam
6929,App Store
6929,Xbox Store
6929,GOG
6929,Google Play
6929,Nintendo Store
16827,Steam
19742,Steam
19658,GOG
19658,Steam
25173,Nintendo Store
4026,PlayStation Store
428053,Steam
428053,Xbox Store
10116,Steam
10116,GOG
27975,Nintendo Store
19163,GOG
19163,Steam
55526,Steam
15728,Steam
8595,App Store
8595,Steam
25856,Nintendo Store
12240,itch.io
12240,Steam
25414,Nintendo Store
15032,Steam
484912,Xbox Store
484912,Nintendo Store
484912,Steam
21561,Steam
58725,Epic Games
58725,PlayStation Store
58725,Xbox Store
58725,Steam
17198,Steam
20321,Steam
19218,Steam
5675,PlayStation Store
5675,Nintendo Store
5675,Xbox 360 Store
17167,Steam
530503,Steam
530503,GOG
530503,App Store
19041,Steam
261316,PlayStation Store
4435,PlayStation Store
11342,Steam
461649,PlayStation Store
461649,Xbox Store
461649,Epic Games
23754,Nintendo Store
23754,Steam
23754,Xbox 360 Store
264721,Xbox Store
264721,PlayStation Store
264721,Steam
264721,GOG
736427,Steam
677165,Epic Games
677165,GOG
677165,Steam
12668,Steam
12668,GOG
12668,PlayStation Store
12869,Steam
14560,Steam
14068,App Store
14068,Steam
14068,Google Play
13875,Steam
15896,Steam
15896,Google Play
59142,Steam
59142,PlayStation Store
59142,Nintendo Store
59142,Xbox Store
16747,Steam
5541,PlayStation Store
5541,Steam
5541,Nintendo Store
366852,Nintendo Store
366852,Xbox Store
366852,Steam
327244,PlayStation Store
327244,Steam
327244,Nintendo Store
327244,App Store
44725,Steam
44725,Nintendo Store
11448,Steam
67623,Google Play
67623,Xbox Store
67623,Steam
67623,App Store
6240,App Store
6240,Steam
20492,Steam
28218,Xbox Store
28218,Xbox 360 Store
11829,Steam
52037,Steam
52037,GOG
364801,PlayStation Store
364801,Xbox 360 Store
19518,Steam
19518,Xbox 360 Store
275,PlayStation Store
275,App Store
275,GOG
275,Xbox Store
275,Steam
275,Google Play
17522,GOG
17522,Steam
18905,Epic Games
18905,PlayStation Store
18905,Nintendo Store
18905,Xbox Store
18905,Steam
2771,App Store
2771,Steam
10935,Steam
3188,PlayStation Store
3188,Steam
702341,Steam
702341,itch.io
23768,Nintendo Store
16959,Steam
11547,Steam
11547,GOG
27976,Nintendo Store
16415,Google Play
21319,Steam
14026,Steam
14026,App Store
244879,PlayStation Store
762618,App Store
762618,Google Play
762618,GOG
762618,Steam
762618,Nintendo Store
1812,PlayStation Store
1812,Xbox Store
1812,Steam
891238,Steam
891238,Epic Games
244698,Steam
244698,Nintendo Store
244698,Google Play
244698,App Store
41656,Google Play
39465,Not Specified
59624,PlayStation Store
59624,Nintendo Store
59624,Steam
59624,Xbox Store
12743,PlayStation Store
12743,Steam
12743,GOG
12743,Xbox Store
12743,App Store
2977,PlayStation Store
12384,Steam
3505,Steam
3505,PlayStation Store
11713,Steam
426094,Steam
426094,PlayStation Store
426094,Nintendo Store
426094,GOG
426094,Xbox Store
44762,PlayStation Store
44762,App Store
44762,Google Play
19526,Steam
19526,GOG
13271,Steam
20930,Steam
2586,PlayStation Store
2586,Xbox Store
2586,Steam
2586,Nintendo Store
52181,PlayStation Store
52181,Xbox Store
52181,Steam
15761,Steam
16847,Steam
21357,Steam
21357,GOG
22437,Steam
9700,Steam
638655,Xbox Store
638655,Steam
638655,PlayStation Store
21359,Steam
3985,Steam
3985,Nintendo Store
3985,Xbox 360 Store
3985,PlayStation Store
3985,Xbox Store
28159,PlayStation Store
28159,Epic Games
28159,Xbox Store
28159,Nintendo Store
28159,Steam
28159,GOG
28159,App Store
21658,Steam
24673,Nintendo Store
24673,Xbox 360 Store
801638,Steam
21925,PlayStation Store
384521,Steam
384521,GOG
384521,Epic Games
24981,Xbox 360 Store
24981,Nintendo Store
309763,Steam
26472,Nintendo Store
14285,Steam
54435,Nintendo Store
18286,Steam
579,Google Play
579,App Store
452633,PlayStation Store
20298,Steam
15019,Steam
22817,Steam
22817,GOG
58826,Nintendo Store
21400,GOG
21400,Epic Games
21400,Steam
21400,Nintendo Store
19391,GOG
19391,Steam
14406,Epic Games
14406,Steam
14406,Nintendo Store
20192,Steam
13163,Steam
3389,Nintendo Store
3389,App Store
3389,PlayStation Store
3389,Xbox Store
3389,Steam
3389,Google Play
5873,Steam
5873,GOG
5873,App Store
521,App Store
521,PlayStation Store
521,Xbox Store
521,Steam
521,Nintendo Store
1111,PlayStation Store
1111,Xbox Store
50198,Nintendo Store
50198,GOG
50198,Steam
50198,PlayStation Store
14274,Steam
14274,Nintendo Store
13496,GOG
13496,PlayStation Store
13496,Xbox Store
13496,Steam
14022,Steam
27978,Nintendo Store
290066,Steam
371831,Nintendo Store
9643,Steam
4,Steam
4,PlayStation Store
4,Google Play
4,App Store
4,Xbox Store
35573,Not Specified
58334,PlayStation Store
58334,Nintendo Store
58334,Steam
58334,Xbox Store
17863,Steam
17863,GOG
27953,Nintendo Store
20132,PlayStation Store
20132,Xbox Store
20132,Steam
20132,Nintendo Store
10444,Steam
9558,Steam
16138,Steam
16138,PlayStation Store
16138,Nintendo Store
16138,Xbox Store
12417,Steam
15090,Steam
2527,PlayStation Store
2527,Xbox Store
2527,Steam
494379,Epic Games
494379,Steam
494379,GOG
619533,GOG
619533,Steam
18395,Steam
26293,Nintendo Store
26293,Xbox 360 Store
21533,Steam
812,Steam
812,Google Play
812,App Store
10103,GOG
10103,Steam
15306,Steam
61735,Steam
61735,Xbox Store
17122,Steam
2366,Xbox Store
2366,PlayStation Store
2366,Steam
2366,Nintendo Store
750344,Not Specified
2064,PlayStation Store
2064,Xbox Store
2064,Steam
17517,Steam
17517,GOG
17658,GOG
17658,Steam
13104,Steam
705258,Xbox Store
705258,Nintendo Store
705258,Steam
10094,Steam
10094,Xbox Store
20756,Steam
7594,App Store
7594,Steam
7594,Google Play
38218,Not Specified
327238,PlayStation Store
327238,Xbox Store
327238,Nintendo Store
327238,Steam
20,Steam
20,PlayStation Store
20,Xbox 360 Store
2157,App Store
2157,Steam
5682,PlayStation Store
5593,PlayStation Store
5593,Steam
5593,Xbox 360 Store
22445,Steam
5415,PlayStation Store
5415,GOG
5415,Nintendo Store
428012,Steam
14069,Steam
349677,Steam
17567,PlayStation Store
17567,Steam
17567,Xbox Store
10514,Steam
10514,GOG
892902,PlayStation Store
892902,Steam
22740,GOG
22740,Steam
602328,Steam
6058,App Store
6058,Steam
372678,App Store
372678,Steam
372678,itch.io
304188,Xbox Store
304188,PlayStation Store
304188,Steam
580974,Steam
60847,Nintendo Store
60847,Steam
60847,itch.io
60847,PlayStation Store
52825,PlayStation Store
14255,Steam
19468,Steam
2202,Steam
2202,App Store
2202,Google Play
2473,Nintendo Store
2473,PlayStation Store
2473,Steam
38860,Steam
1019,Steam
1019,PlayStation Store
1019,Xbox Store
1019,Nintendo Store
216357,Xbox Store
216357,PlayStation Store
216357,GOG
216357,Steam
672441,Steam
28222,Xbox Store
28222,Xbox 360 Store
38808,Steam
38808,PlayStation Store
38808,Xbox 360 Store
14836,Steam
17833,Steam
23409,Steam
19623,Steam
3515,Xbox 360 Store
3515,PlayStation Store
15126,App Store
15126,Steam
15350,Steam
15350,GOG
15350,Xbox Store
576408,GOG
576408,Steam
576408,App Store
440082,Steam
440082,Epic Games
3621,PlayStation Store
3621,Google Play
3621,Steam
3621,App Store
8830,App Store
8830,Steam
2098,itch.io
2098,Steam
2098,GOG
2098,Google Play
2098,App Store
97766,App Store
97766,itch.io
97766,Steam
97766,Google Play
16715,Steam
40129,GOG
40129,Steam
12251,Steam
19562,Steam
19562,GOG
36357,Steam
43422,Epic Games
43422,Steam
43422,GOG
2095,App Store
2095,Steam
5645,PlayStation Store
5645,Nintendo Store
5645,Xbox 360 Store
235,itch.io
235,Xbox Store
235,Steam
235,Nintendo Store
12703,Steam
705616,Steam
3305,PlayStation Store
21504,Steam
304921,PlayStation Store
304921,Nintendo Store
304921,Steam
304921,GOG
304921,Xbox Store
34947,Xbox 360 Store
20974,Steam
19165,Steam
1630,PlayStation Store
1630,Steam
1630,Google Play
1630,App Store
15124,Steam
15124,GOG
15124,PlayStation Store
15124,Xbox Store
18744,Steam
18744,GOG
5654,PlayStation Store
5654,Xbox 360 Store
4261,PlayStation Store
241056,Steam
241056,itch.io
241056,Epic Games
20911,Steam
20911,itch.io
19552,Steam
16375,Steam
16375,GOG
490123,Steam
490123,PlayStation Store
1547,App Store
1547,Xbox Store
1547,PlayStation Store
1547,Steam
1547,Nintendo Store
1547,Google Play
1905,App Store
1905,Steam
1905,Nintendo Store
816326,Nintendo Store
816326,Steam
816326,GOG
37084,Steam
14394,Steam
40344,Steam
21488,Steam
21488,GOG
4058,App Store
4058,PlayStation Store
4058,Google Play
681398,Epic Games
681398,Steam
681398,PlayStation Store
13218,Steam
13218,GOG
19794,Steam
24493,Nintendo Store
13248,Steam
15392,Xbox Store
15392,PlayStation Store
15392,Steam
15392,GOG
2524,PlayStation Store
2524,Steam
2524,Xbox Store
21596,GOG
21596,Steam
17293,Steam
17293,Xbox 360 Store
12232,Steam
12232,Epic Games
11188,Steam
11188,Google Play
52005,Epic Games
52005,App Store
52005,Steam
52005,GOG
52005,itch.io
52005,Nintendo Store
823690,Steam
20972,Steam
20133,Steam
816311,Steam
3224,App Store
3224,PlayStation Store
3224,Steam
3224,Google Play
420000,Steam
420000,itch.io
842395,App Store
842395,PlayStation Store
842395,Steam
842395,Xbox Store
842395,Epic Games
842395,Nintendo Store
2744,App Store
2744,Steam
57967,GOG
19617,Steam
300689,GOG
300689,Nintendo Store
300689,Steam
300689,Xbox Store
682502,Xbox Store
682502,PlayStation Store
682502,Steam
22969,GOG
22969,App Store
22969,Steam
452640,PlayStation Store
257195,Xbox Store
257195,Nintendo Store
257195,PlayStation Store
257195,Steam
51835,PlayStation Store
9608,Steam
921,App Store
921,Steam
921,Google Play
9774,Steam
9774,PlayStation Store
23244,PlayStation Store
23244,Steam
23244,Nintendo Store
23244,Xbox Store
401818,Epic Games
401818,App Store
401818,Steam
28062,Steam
3956,PlayStation Store
3956,Steam
3956,Xbox 360 Store
31724,Not Specified
1571,Nintendo Store
1571,Google Play
1571,App Store
1571,Steam
11354,Steam
22439,Steam
22439,Google Play
2900,GOG
2900,Steam
2900,PlayStation Store
17034,Steam
15073,Steam
11555,Steam
46089,Steam
46089,PlayStation Store
46089,itch.io
46089,Xbox Store
5598,PlayStation Store
5598,Xbox 360 Store
2037,PlayStation Store
2037,Xbox Store
2037,Steam
15243,Steam
14384,PlayStation Store
14384,Steam
14384,Nintendo Store
40432,Not Specified
10015,Steam
4195,PlayStation Store
4195,Xbox Store
4195,Nintendo Store
4195,Xbox 360 Store
19373,Steam
19508,Steam
16374,Steam
16374,GOG
16714,Steam
24877,Nintendo Store
24877,Xbox 360 Store
797882,Steam
44295,Steam
44295,GOG
44295,Nintendo Store
975393,Xbox Store
975393,Steam
471,App Store
471,Steam
471,Google Play
18264,Steam
704789,Nintendo Store
704789,PlayStation Store
704789,Steam
1712,PlayStation Store
1712,Steam
1712,Xbox Store
7344,App Store
7344,Steam
7344,Google Play
637473,Epic Games
637473,Steam
637473,GOG
6819,Nintendo Store
6819,Steam
6819,Xbox Store
35326,PlayStation Store
35326,Xbox 360 Store
35326,Xbox Store
3213,PlayStation Store
3213,Steam
15323,Steam
428066,GOG
428066,Google Play
428066,Epic Games
428066,Steam
1943,PlayStation Store
1943,Xbox Store
1943,Steam
17052,Steam
14106,Steam
56097,Not Specified
2851,App Store
2851,Steam
2851,Google Play
47283,Steam
47283,Xbox Store
47283,PlayStation Store
9984,Steam
10157,Steam
10157,GOG
7757,Steam
7757,App Store
18722,Steam
10150,Steam
17624,Steam
22577,Steam
983210,Epic Games
983210,Steam
983210,PlayStation Store
983210,Xbox Store
21945,Not Specified
22060,PlayStation Store
22060,Steam
58998,PlayStation Store
58998,Nintendo Store
58998,Xbox Store
58998,Steam
19304,Steam
23943,Nintendo Store
59064,PlayStation Store
59064,Xbox Store
59064,Steam
795370,Epic Games
795370,PlayStation Store
795370,Steam
510043,Steam
510043,GOG
17414,Steam
1637,App Store
1637,Steam
57885,Xbox Store
57885,PlayStation Store
10940,PlayStation Store
10940,Xbox Store
10940,GOG
10940,Steam
10940,Nintendo Store
485195,Steam
29207,Steam
22230,GOG
22230,Steam
37413,Steam
37413,Xbox 360 Store
18544,PlayStation Store
18544,Xbox Store
18544,Steam
18544,GOG
18544,Nintendo Store
14559,Steam
2367,PlayStation Store
2367,Xbox Store
2367,Steam
2367,Google Play
2367,App Store
2395,Epic Games
2395,Steam
2395,Nintendo Store
2395,App Store
2395,itch.io
2395,Google Play
2395,Xbox Store
10871,Steam
14088,Steam
20676,Steam
13367,Steam
13367,App Store
28774,Xbox 360 Store
894472,Steam
37967,Steam
14731,PlayStation Store
14731,Steam
14731,GOG
14731,Xbox Store
14731,Epic Games
17315,Steam
18271,Steam
497993,Steam
23451,Steam
602357,PlayStation Store
602357,Steam
25282,Nintendo Store
25282,Xbox 360 Store
25282,PlayStation Store
20253,Steam
20253,Nintendo Store
20253,Google Play
14015,Steam
1201,Xbox Store
1201,PlayStation Store
1201,Steam
14353,Steam
58632,Not Specified
58993,PlayStation Store
58993,Steam
58993,GOG
58993,Xbox Store
58993,Nintendo Store
35995,Steam
14646,Steam
19690,GOG
19690,Steam
11559,Steam
586195,GOG
586195,Steam
17526,Steam
574766,Epic Games
574766,PlayStation Store
574766,Steam
29259,PlayStation Store
29259,Nintendo Store
29259,Steam
29259,GOG
29259,Xbox Store
3135,Xbox 360 Store
3135,PlayStation Store
3135,Steam
3135,Xbox Store
19622,GOG
19622,Steam
327212,GOG
327212,Steam
327212,Nintendo Store
327212,PlayStation Store
327212,Xbox Store
327212,Epic Games
18344,Steam
10112,PlayStation Store
10112,Steam
349334,PlayStation Store
349334,Steam
60765,Steam
16362,Steam
666,PlayStation Store
666,Xbox Store
666,Steam
962011,Xbox Store
962011,Nintendo Store
962011,PlayStation Store
962011,Epic Games
15987,Nintendo Store
15987,GOG
15987,Steam
15987,App Store
15987,Google Play
20923,Steam
21085,Steam
22489,Steam
24933,Nintendo Store
23033,GOG
262437,Nintendo Store
262437,Steam
262437,Xbox Store
12781,Steam
9873,Steam
9873,GOG
60862,Epic Games
60862,Steam
60862,GOG
810322,itch.io
810322,Steam
810322,GOG
19618,Steam
44255,PlayStation Store
44255,Xbox Store
44255,Steam
44255,Nintendo Store
44255,Epic Games
17558,Steam
17024,App Store
17024,Steam
1067,PlayStation Store
269475,GOG
269475,Steam
269475,PlayStation Store
269475,Xbox Store
269475,Nintendo Store
269475,App Store
627634,Epic Games
627634,App Store
627634,GOG
627634,Steam
627634,itch.io
24478,Nintendo Store
17100,Steam
28551,Xbox 360 Store
24079,Not Specified
17456,Steam
17456,App Store
17456,Nintendo Store
665016,GOG
665016,Steam
343593,PlayStation Store
343593,Xbox Store
18285,Steam
10113,Steam
10113,GOG
14200,Nintendo Store
14200,PlayStation Store
14200,GOG
14200,itch.io
14200,Steam
830255,Steam
18348,Steam
18201,Steam
18201,GOG
18201,PlayStation Store
18201,App Store
18201,Xbox 360 Store
18396,PlayStation Store
18396,Steam
18396,Nintendo Store
57519,Not Specified
4365,GOG
4365,Steam
4365,PlayStation Store
2852,PlayStation Store
2852,Nintendo Store
2852,Steam
484875,Steam
11102,Steam
864212,itch.io
28807,Xbox Store
28807,Xbox 360 Store
319239,Steam
956,PlayStation Store
956,Xbox Store
956,Steam
956,Nintendo Store
956,Xbox 360 Store
16414,Steam
19058,Steam
19058,GOG
3573,PlayStation Store
3573,Xbox 360 Store
3573,Steam
2742,Xbox Store
2742,Steam
2742,PlayStation Store
22003,Steam
428121,Steam
428121,GOG
58803,PlayStation Store
58803,Steam
58803,Xbox Store
12574,Steam
13733,Steam
2777,PlayStation Store
2777,Steam
18339,Steam
10123,Steam
10123,Xbox 360 Store
52342,GOG
52342,Xbox Store
52342,PlayStation Store
52342,Steam
52342,Nintendo Store
11323,Steam
18289,Steam
4649,Steam
4649,Xbox 360 Store
15089,Steam
16985,Steam
1516,App Store
1516,Steam
1516,Xbox 360 Store
1516,Nintendo Store
58876,PlayStation Store
58876,Xbox Store
58876,Steam
14822,Steam
616693,GOG
616693,Epic Games
616693,Steam
9580,Steam
2386,Xbox Store
2386,PlayStation Store
2386,Steam
2386,GOG
2386,Nintendo Store
2386,Xbox 360 Store
19293,GOG
19293,Steam
15856,Steam
20581,Steam
14398,Steam
20292,Steam
20292,Google Play
20292,App Store
440072,GOG
440072,Steam
440072,itch.io
608549,Steam
28464,Xbox 360 Store
62534,Steam
20919,Steam
23246,Xbox Store
23246,PlayStation Store
23246,Steam
23246,GOG
29030,Xbox 360 Store
37,PlayStation Store
37,Steam
15905,Steam
13683,Steam
9875,App Store
9875,Steam
564761,Nintendo Store
227846,Steam
227846,App Store
227846,Google Play
398406,GOG
398406,Nintendo Store
398406,PlayStation Store
398406,Epic Games
398406,Steam
4059,PlayStation Store
16915,Steam
14886,Steam
9971,Steam
14954,Xbox 360 Store
14954,PlayStation Store
14954,Steam
14954,GOG
22821,GOG
13632,Steam
29277,PlayStation Store
29277,App Store
29277,Steam
29277,Xbox Store
29277,Nintendo Store
29277,Google Play
29277,GOG
15490,Steam
15490,Xbox Store
21089,Steam
20394,Steam
274766,Epic Games
274766,PlayStation Store
274766,Steam
274766,App Store
17594,Steam
19574,Steam
36355,Not Specified
3339,PlayStation Store
3339,Steam
3339,GOG
319109,PlayStation Store
319109,Epic Games
319109,Steam
17105,Steam
19664,Steam
19664,GOG
19664,Nintendo Store
19664,App Store
16928,Steam
16928,itch.io
16928,App Store
37369,Not Specified
22151,Steam
22151,Xbox 360 Store
537743,Steam
537743,Nintendo Store
537743,Xbox Store
622489,PlayStation Store
622489,Epic Games
622489,Steam
622489,GOG
10322,Steam
5055,Xbox 360 Store
3247,PlayStation Store
3247,Steam
19495,GOG
19495,Steam
4438,PlayStation Store
428704,GOG
428704,Steam
10555,Steam
10555,GOG
326233,Xbox Store
326233,Steam
11366,Steam
11357,Steam
20307,Steam
15791,Steam
27968,Nintendo Store
19176,Steam
14544,GOG
14544,Steam
14544,Google Play
14544,App Store
35374,Not Specified
155,Xbox Store
155,GOG
155,Steam
155,PlayStation Store
155,Nintendo Store
50737,Nintendo Store
11949,Steam
14171,Steam
28480,Xbox Store
28480,Xbox 360 Store
10529,Steam
16099,Steam
16099,Nintendo Store
12585,Steam
12585,App Store
21169,Steam
9801,Steam
9801,PlayStation Store
21219,Steam
11091,Steam
11091,Nintendo Store
962137,GOG
962137,PlayStation Store
962137,Steam
14357,Steam
14357,itch.io
18234,Steam
6303,Steam
6303,Google Play
6303,App Store
17937,Steam
17937,GOG
59317,Steam
59317,Nintendo Store
59317,Google Play
59317,Xbox Store
59317,App Store
18275,Steam
18275,Xbox 360 Store
388383,Xbox Store
388383,Epic Games
388383,PlayStation Store
388383,Steam
388383,Nintendo Store
50970,PlayStation Store
50970,Steam
50970,Xbox Store
50970,Nintendo Store
43712,PlayStation Store
43712,Steam
43712,GOG
3174,PlayStation Store
3174,Steam
50050,Epic Games
50050,Steam
19524,Xbox Store
19524,Steam
19524,Xbox 360 Store
375199,App Store
375199,Steam
20470,App Store
20470,Steam
14087,Steam
17188,Steam
1210,Steam
1210,Xbox Store
19935,Steam
27023,Nintendo Store
14729,Steam
19642,PlayStation Store
19642,Xbox Store
19642,Steam
19642,Google Play
19642,App Store
19642,Nintendo Store
20990,Steam
12460,Steam
20883,Steam
18647,Steam
309739,Google Play
309739,App Store
309739,Xbox Store
35402,Steam
19829,Steam
21980,App Store
21980,Steam
16164,Steam
297208,Nintendo Store
297208,Steam
297208,PlayStation Store
11405,Steam
59894,GOG
59894,App Store
59894,Nintendo Store
59894,Steam
59894,Epic Games
16243,Steam
5382,PlayStation Store
5382,Steam
27057,Nintendo Store
754881,Steam
754881,GOG
19588,Steam
3384,App Store
3384,PlayStation Store
3384,Steam
3384,Nintendo Store
2155,App Store
2155,Steam
2155,Google Play
16114,Steam
22547,Steam
15672,Steam
17007,Steam
60884,Nintendo Store
60884,Xbox Store
60884,Steam
60884,GOG
60884,PlayStation Store
3282,Nintendo Store
3282,Steam
3282,GOG
3282,PlayStation Store
9730,Steam
9730,Xbox Store
9730,PlayStation Store
9730,Nintendo Store
20515,Steam
20515,itch.io
9684,PlayStation Store
9684,Epic Games
9684,Steam
9684,Xbox Store
9684,Nintendo Store
11329,Steam
11329,PlayStation Store
42044,Not Specified
14928,Steam
13749,Steam
28544,Xbox Store
28544,Xbox 360 Store
6214,GOG
6214,Google Play
6214,App Store
3622,Xbox 360 Store
3622,Steam
3622,PlayStation Store
292838,Not Specified
19292,Steam
19292,GOG
19292,App Store
59343,PlayStation Store
9638,Epic Games
9638,Steam
9638,itch.io
20212,Steam
16880,Steam
14010,Steam
331454,Nintendo Store
521738,Epic Games
521738,Steam
521738,itch.io
10396,Steam
16406,Steam
11109,Steam
6313,App Store
6313,Steam
6313,Google Play
15500,Steam
4392,PlayStation Store
4392,Steam
4392,Nintendo Store
3888,PlayStation Store
3888,Xbox 360 Store
12025,Steam
376934,Steam
376934,PlayStation Store
21577,Steam
21577,Nintendo Store
571,PlayStation Store
571,Nintendo Store
571,Steam
571,Google Play
571,App Store
571,Xbox Store
962495,Not Specified
328004,GOG
328004,Nintendo Store
328004,Steam
328004,PlayStation Store
328004,Xbox Store
13011,Steam
13011,Nintendo Store
13011,App Store
13011,Google Play
13011,GOG
902,GOG
902,Xbox Store
902,App Store
902,Google Play
19460,Steam
19686,Steam
19686,Xbox 360 Store
20291,Steam
10532,Steam
10532,PlayStation Store
10532,Xbox Store
16170,Steam
46066,Steam
46066,Nintendo Store
1283,GOG
1283,Steam
1283,App Store
1283,Google Play
9472,Steam
492223,Steam
492223,Epic Games
492223,Xbox Store
492223,PlayStation Store
27974,Nintendo Store
398407,Steam
398407,Epic Games
398407,Xbox Store
16009,Steam
16009,GOG
5648,PlayStation Store
5648,Steam
5648,Xbox 360 Store
3586,PlayStation Store
3586,Steam
3756,PlayStation Store
3756,Steam
3756,Nintendo Store
18037,Steam
11071,Steam
12935,Steam
28573,Xbox Store
28573,Xbox 360 Store
3828,PlayStation Store
3828,Steam
12475,Steam
1311,Steam
1311,App Store
1311,Google Play
11251,Steam
18625,GOG
18625,Steam
13127,Steam
529784,Epic Games
529784,Steam
11786,App Store
11786,Steam
7074,Steam
7074,App Store
7074,Epic Games
7074,Google Play
17792,Steam
17792,GOG
23741,Steam
23741,App Store
23741,Google Play
2088,Steam
2088,GOG
2088,Google Play
2088,App Store
7010,App Store
7010,Google Play
7010,Steam
17556,Xbox 360 Store
17556,PlayStation Store
17556,Steam
26223,Nintendo Store
26223,Xbox 360 Store
26223,Steam
25986,Nintendo Store
25986,Xbox 360 Store
494484,GOG
494484,Steam
494484,Epic Games
2090,PlayStation Store
2090,Xbox 360 Store
2090,Google Play
2090,App Store
4377,GOG
4377,Nintendo Store
4377,App Store
4377,Steam
4377,Xbox Store
17639,Steam
650621,GOG
650621,Steam
650621,Xbox Store
650621,PlayStation Store
650621,Nintendo Store
15771,Steam
10369,Steam
695867,Steam
695867,GOG
28915,Xbox 360 Store
17410,itch.io
17410,Epic Games
17410,Steam
17410,GOG
485041,Steam
11876,Steam
284762,Steam
12272,Steam
9887,Steam
32672,GOG
32672,Steam
12258,GOG
12258,Steam
12258,PlayStation Store
12258,Nintendo Store
10810,GOG
10810,Steam
11654,Steam
22896,GOG
20956,Steam
850702,Steam
17908,Steam
17942,Steam
17942,App Store
17942,GOG
22485,Steam
10573,itch.io
10573,Steam
10573,GOG
58561,Xbox Store
58561,Steam
15666,Steam
60718,PlayStation Store
60718,Steam
17587,GOG
17587,Steam
508496,Steam
508496,GOG
17009,Steam
6032,GOG
6032,App Store
6032,Xbox Store
6032,Steam
6032,PlayStation Store
6032,Google Play
6032,Nintendo Store
46749,Nintendo Store
46749,PlayStation Store
46749,GOG
46749,Steam
4107,PlayStation Store
740,PlayStation Store
740,Xbox Store
740,Steam
740,App Store
2812,PlayStation Store
2812,Steam
2812,GOG
2812,Xbox Store
14768,Steam
367112,Steam
367112,App Store
367112,Google Play
367112,GOG
975600,Steam
28226,Xbox Store
28226,Xbox 360 Store
28409,Xbox Store
28409,Xbox 360 Store
14615,Nintendo Store
14615,Steam
14615,PlayStation Store
14615,GOG
1822,PlayStation Store
1822,Xbox Store
1822,Steam
1822,Google Play
1822,App Store
15145,Steam
15660,Steam
58568,Steam
23032,GOG
13523,Steam
60869,Epic Games
60869,Google Play
60869,App Store
60869,Steam
60869,GOG
3527,PlayStation Store
22982,GOG
22982,Steam
22466,Steam
14025,Steam
611593,Steam
245719,Steam
245719,Epic Games
245719,App Store
245719,Google Play
73,PlayStation Store
73,App Store
73,Steam
73,Google Play
255842,Xbox Store
255842,PlayStation Store
255842,Nintendo Store
255842,Steam
255842,GOG
38604,Steam
18369,Steam
269,App Store
269,Xbox Store
269,Steam
269,PlayStation Store
269,Nintendo Store
14696,Steam
14696,GOG
29501,Not Specified
51350,Google Play
51350,GOG
51350,App Store
51350,Steam
14126,Steam
646277,Steam
994603,Epic Games
994603,Steam
994603,PlayStation Store
3503,PlayStation Store
3503,Steam
18600,Steam
10450,Steam
10450,Google Play
29033,Xbox 360 Store
19435,Steam
650648,Epic Games
650648,Steam
650648,Xbox Store
13424,Steam
19192,Steam
19192,GOG
12907,Steam
4180,PlayStation Store
4180,Steam
4180,Nintendo Store
4180,Xbox 360 Store
4180,Xbox Store
301528,GOG
301528,Nintendo Store
301528,itch.io
301528,Steam
23188,Steam
22803,GOG
20927,Steam
20927,itch.io
372593,Steam
372593,Google Play
372593,App Store
14448,Steam
14448,GOG
41607,PlayStation Store
41607,Xbox 360 Store
41607,Steam
15009,Nintendo Store
15009,Steam
15009,Google Play
20765,Steam
51209,Steam
4669,PlayStation Store
4669,Steam
38298,Xbox Store
38298,PlayStation Store
38298,Xbox 360 Store
391401,Steam
391401,Nintendo Store
391401,Xbox Store
391401,PlayStation Store
23742,Nintendo Store
23419,PlayStation Store
23419,Steam
23419,Xbox Store
23419,App Store
491003,Steam
552,PlayStation Store
20287,Steam
28814,Xbox 360 Store
13575,App Store
13575,Steam
10178,Steam
10178,GOG
10578,Steam
20205,Steam
14086,Steam
19173,GOG
19173,Steam
302,App Store
302,Xbox Store
302,PlayStation Store
302,Steam
302,Nintendo Store
11033,Steam
11033,Google Play
302822,Xbox Store
302822,GOG
302822,PlayStation Store
302822,Steam
302822,Nintendo Store
302822,Epic Games
5290,Not Specified
281841,PlayStation Store
281841,Xbox Store
281841,Steam
281841,Nintendo Store
16638,Steam
331267,Steam
3141,PlayStation Store
3141,Steam
3141,Nintendo Store
3507,Xbox 360 Store
3507,Xbox Store
52387,PlayStation Store
52387,Nintendo Store
52387,Xbox Store
52387,Steam
20864,Steam
4946,PlayStation Store
21368,Steam
26076,Nintendo Store
38703,Not Specified
1017,PlayStation Store
1017,Xbox Store
1017,Steam
1017,App Store
1017,Nintendo Store
15257,Steam
16413,Steam
40929,Xbox 360 Store
13994,App Store
13994,Steam
22774,GOG
22774,Steam
22774,Google Play
10311,Steam
10311,GOG
485218,PlayStation Store
485218,Nintendo Store
485218,Epic Games
485218,Steam
485218,Xbox Store
485218,GOG
17577,GOG
17577,Steam
49894,PlayStation Store
49894,Nintendo Store
49894,Xbox Store
49894,GOG
49894,Steam
366843,Epic Games
366843,GOG
366843,PlayStation Store
366843,Steam
20451,Steam
20451,Google Play
12400,Steam
46240,GOG
46240,PlayStation Store
46240,Steam
46240,Xbox Store
46240,Nintendo Store
15121,Steam
15121,GOG
40864,Steam
19596,GOG
19596,Steam
25398,Nintendo Store
25398,Xbox 360 Store
275629,Steam
275629,App Store
24687,Nintendo Store
619744,GOG
619744,Steam
302825,GOG
302825,PlayStation Store
302825,Steam
302825,Nintendo Store
302825,Epic Games
23129,GOG
892962,Steam
9166,Steam
9166,Google Play
9166,App Store
18448,Steam
15927,Steam
15927,Google Play
702386,Steam
288661,Steam
288661,Epic Games
288661,Google Play
288661,Nintendo Store
288661,itch.io
288661,App Store
19643,Steam
20513,Steam
484971,Nintendo Store
484971,Steam
484971,GOG
465,PlayStation Store
465,Xbox Store
465,Steam
465,GOG
465,App Store
667657,Nintendo Store
17050,Steam
510,PlayStation Store
510,Steam
510,Google Play
510,App Store
5163,PlayStation Store
17084,Steam
16573,Steam
16573,itch.io
11919,Steam
19472,Steam
502238,Steam
502238,GOG
21413,Steam
17040,Steam
14549,Steam
10817,GOG
10817,Steam
10817,Nintendo Store
10817,App Store
10817,Google Play
413,PlayStation Store
413,Xbox Store
413,Steam
3730,PlayStation Store
302302,GOG
302302,PlayStation Store
302302,App Store
302302,Epic Games
302302,Steam
302302,Xbox Store
28536,Xbox 360 Store
9666,Steam
49302,GOG
49302,Steam
12293,Steam
12293,itch.io
19604,Steam
19604,App Store
19604,GOG
56083,Steam
56083,GOG
17421,Steam
292957,Steam
292957,itch.io
20329,Steam
19285,Steam
19285,GOG
20248,Steam
20961,Steam
53251,Nintendo Store
366883,Steam
366883,GOG
12738,Steam
22980,GOG
22980,Steam
524,PlayStation Store
524,Steam
524,Xbox Store
20761,Steam
20761,App Store
20761,Google Play
17997,Steam
283965,Not Specified
36649,GOG
36649,Steam
254545,Steam
254545,GOG
16133,Steam
14700,Steam
27819,Nintendo Store
27819,PlayStation Store
9865,App Store
9865,Steam
60249,Steam
747,Xbox Store
13325,PlayStation Store
13325,Steam
4760,PlayStation Store
4760,Xbox 360 Store
4760,Xbox Store
4760,Steam
19385,Steam
9941,Steam
9941,Google Play
9941,App Store
11146,Steam
62381,GOG
62381,Xbox Store
62381,Steam
62381,PlayStation Store
62381,Epic Games
62381,Nintendo Store
1442,PlayStation Store
1442,Xbox Store
1442,Steam
1442,GOG
1442,Nintendo Store
7660,GOG
7660,Steam
7660,Google Play
7660,App Store
10315,PlayStation Store
10315,Steam
10315,Nintendo Store
10315,Xbox Store
10315,GOG
704788,Xbox Store
704788,Steam
14806,Steam
471019,Epic Games
471019,Steam
471019,App Store
471019,GOG
471019,Xbox Store
471019,PlayStation Store
12052,Steam
12052,itch.io
215,Steam
215,Google Play
215,App Store
20988,Steam
20988,PlayStation Store
20988,itch.io
14491,Steam
14491,GOG
2241,Steam
2241,GOG
2241,Google Play
2241,App Store
32186,Not Specified
3926,PlayStation Store
3926,Steam
3926,Nintendo Store
14999,Steam
20416,Steam
427971,Steam
427971,GOG
427971,Nintendo Store
427971,Epic Games
353919,PlayStation Store
353919,Steam
9939,Nintendo Store
9939,App Store
9939,Steam
9939,GOG
9939,PlayStation Store
9939,Xbox Store
40471,Steam
52312,Nintendo Store
16929,Steam
605610,Steam
22444,App Store
22444,Steam
2471,PlayStation Store
2471,Steam
2471,Nintendo Store
2471,Xbox Store
10887,Steam
10887,GOG
10887,Xbox Store
10887,PlayStation Store
10887,Nintendo Store
5200,PlayStation Store
5200,Nintendo Store
5200,App Store
5200,Google Play
21314,Steam
28451,Xbox Store
28451,Xbox 360 Store
722618,Steam
50744,Steam
50744,GOG
50744,App Store
27711,Nintendo Store
4343,PlayStation Store
4343,Steam
553116,App Store
553116,itch.io
553116,Steam
638642,Xbox Store
638642,PlayStation Store
638642,Xbox 360 Store
23850,Nintendo Store
11110,Steam
21754,Steam
16025,Steam
16025,GOG
392250,App Store
392250,Steam
22,PlayStation Store
428960,Steam
16212,Steam
8760,Steam
8760,Google Play
8760,App Store
15231,Steam
13528,App Store
13528,Steam
13528,Google Play
13689,Steam
13689,itch.io
51091,Steam
51091,GOG
21245,Steam
25166,Nintendo Store
25166,Xbox 360 Store
742771,Steam
45230,Steam
891532,Not Specified
21264,Steam
63549,itch.io
63549,Steam
505839,Google Play
505839,Steam
505839,GOG
505839,itch.io
505839,App Store
18256,Steam
324,PlayStation Store
324,Steam
23767,Nintendo Store
3991,Steam
3991,PlayStation Store
3991,Xbox 360 Store
15698,Steam
67508,App Store
67508,Google Play
29176,Steam
15997,Steam
23474,Steam
1178,Xbox Store
1178,PlayStation Store
1178,Steam
1178,Nintendo Store
16423,GOG
16423,Steam
3802,PlayStation Store
3802,Xbox Store
3802,Nintendo Store
804751,PlayStation Store
804751,Steam
804751,Nintendo Store
16428,GOG
16428,Steam
16956,GOG
16956,Steam
25057,Nintendo Store
4353,Steam
4353,Xbox 360 Store
4353,PlayStation Store
13772,Steam
13860,Steam
13860,itch.io
16970,Google Play
16970,App Store
16970,Steam
21824,Steam
17532,Steam
586042,App Store
586042,Steam
586042,Nintendo Store
19662,Steam
19966,GOG
19966,PlayStation Store
19966,Steam
19966,Xbox Store
19966,Google Play
19966,App Store
20617,GOG
20617,Steam
3788,PlayStation Store
3788,Xbox 360 Store
3788,itch.io
4494,PlayStation Store
4494,Steam
20171,Steam
12564,Steam
20061,App Store
20061,Google Play
20061,Steam
19308,GOG
19308,Steam
1312,PlayStation Store
1312,App Store
1312,Xbox Store
1312,Steam
1312,Nintendo Store
1312,Google Play
3190,Xbox Store
3190,Steam
17053,Steam
18086,Steam
638647,Steam
638647,GOG
638647,Nintendo Store
14104,Steam
4265,Xbox Store
4265,PlayStation Store
4265,Nintendo Store
4265,Steam
16697,Steam
45,PlayStation Store
45,Steam
45,GOG
45,Nintendo Store
12882,Steam
457728,PlayStation Store
457728,Steam
20857,Steam
20857,GOG
6627,Steam
6627,GOG
6627,PlayStation Store
6627,Xbox Store
339241,Steam
22957,GOG
15912,Steam
14279,Steam
14279,itch.io
162987,itch.io
28455,Xbox Store
28455,Xbox 360 Store
516122,Nintendo Store
516122,Steam
23668,Steam
19631,Steam
10700,Steam
1727,GOG
1727,Xbox Store
1727,Steam
3535,PlayStation Store
3535,Steam
3535,GOG
15397,Steam
43930,Epic Games
43930,Steam
43930,itch.io
43930,GOG
13192,Steam
40433,Steam
19969,Steam
19969,Xbox Store
19969,PlayStation Store
19969,Google Play
19969,GOG
19969,Nintendo Store
19969,App Store
471025,Steam
15796,Steam
16957,Steam
391403,Steam
20769,Steam
334309,PlayStation Store
3324,PlayStation Store
3324,Steam
3324,GOG
484894,Steam
19505,Steam
19505,Xbox 360 Store
11542,Steam
17611,Steam
484577,Steam
484577,GOG
34779,GOG
34779,Steam
34779,Epic Games
16521,Steam
16521,GOG
14136,GOG
14136,Steam
542578,Steam
46592,Steam
46592,Xbox Store
29060,Xbox 360 Store
3331,Steam
3331,PlayStation Store
375291,Steam
375291,PlayStation Store
375291,Xbox Store
11958,Steam
11958,PlayStation Store
11958,Xbox Store
11958,Nintendo Store
60618,PlayStation Store
60618,GOG
60618,Steam
60618,Nintendo Store
60618,Xbox Store
60618,App Store
60792,Steam
12552,Steam
19298,Steam
12177,PlayStation Store
12177,Steam
30362,Not Specified
15149,Steam
490449,Steam
2800,PlayStation Store
22379,Steam
18939,Steam
3496,Xbox Store
3496,PlayStation Store
3496,Steam
3496,Xbox 360 Store
6220,Steam
6220,App Store
6220,Google Play
18597,GOG
18597,Steam
19177,Steam
19177,App Store
19177,Google Play
15684,Steam
19561,Steam
4645,PlayStation Store
4645,Steam
4645,Xbox 360 Store
476122,Steam
476122,PlayStation Store
19756,Steam
17629,PlayStation Store
17629,Steam
17629,Xbox Store
17629,Google Play
15589,Steam
852781,App Store
852781,Steam
11524,Steam
19553,Steam
6744,App Store
6744,Steam
6744,Google Play
567,Xbox Store
573125,Steam
479634,itch.io
479634,Steam
43621,Not Specified
17987,Steam
17891,Steam
17891,GOG
10764,Steam
10764,Google Play
10764,App Store
11733,Steam
11733,itch.io
57799,Not Specified
3074,Steam
3074,Google Play
3074,App Store
18856,Xbox Store
18856,Steam
18856,PlayStation Store
16012,Steam
16012,Xbox Store
17981,Steam
17981,GOG
279590,Not Specified
277925,Steam
277925,Epic Games
277925,itch.io
277925,GOG
14103,Steam
11382,Steam
32697,Not Specified
2103,App Store
2103,Steam
2103,Google Play
42714,Google Play
42714,Xbox 360 Store
42714,Xbox Store
42714,App Store
42714,Steam
19288,Steam
19288,GOG
27939,Nintendo Store
16568,Steam
3899,PlayStation Store
962024,Steam
962024,GOG
14770,Steam
20373,Steam
30501,Steam
15970,Steam
15970,GOG
12075,PlayStation Store
12075,Steam
12075,GOG
12075,Nintendo Store
12075,Xbox Store
25119,Nintendo Store
25119,Xbox 360 Store
2049,PlayStation Store
2049,Nintendo Store
2049,App Store
17879,Steam
2372,Xbox Store
2372,PlayStation Store
2372,GOG
980502,Steam
980502,GOG
56165,Not Specified
20648,Steam
18292,Steam
18292,Google Play
18292,Nintendo Store
18292,App Store
16206,Steam
17853,Steam
13702,Steam
53714,Not Specified
21673,Steam
5590,PlayStation Store
10793,Steam
9547,Steam
6616,Xbox Store
13973,Steam
350543,Steam
5933,App Store
5933,Steam
3322,PlayStation Store
3322,Xbox Store
3322,Steam
3322,Xbox 360 Store
5467,PlayStation Store
5467,Steam
5467,GOG
15420,Steam
802435,Steam
802435,PlayStation Store
17839,Steam
12274,Steam
12988,Steam
12988,Xbox 360 Store
16769,Steam
928,PlayStation Store
928,Xbox Store
928,Steam
928,Nintendo Store
21446,Steam
3239,Xbox Store
3239,Steam
3239,PlayStation Store
3239,Nintendo Store
25909,Nintendo Store
722688,GOG
722688,Steam
722688,Epic Games
522982,Steam
522982,Epic Games
17385,GOG
17385,Steam
54531,Not Specified
4648,PlayStation Store
4648,App Store
4648,Steam
4648,Nintendo Store
4648,Xbox 360 Store
10924,Steam
16169,Steam
5397,Steam
5397,PlayStation Store
5397,Xbox 360 Store
319155,Steam
12001,Steam
479670,Epic Games
479670,Steam
479670,Xbox Store
479670,PlayStation Store
44662,Steam
10813,Steam
10813,GOG
16735,Steam
16735,Google Play
12007,Steam
18413,Steam
18924,Steam
21056,Steam
60645,Xbox Store
60645,PlayStation Store
60645,Steam
60645,Epic Games
14236,Steam
962676,PlayStation Store
962676,Steam
29429,GOG
53377,Not Specified
37136,Steam
16795,Steam
25373,Nintendo Store
25373,Steam
11561,PlayStation Store
11561,Steam
11561,Nintendo Store
11561,Xbox Store
9636,PlayStation Store
9636,Steam
9636,Nintendo Store
17749,Steam
41458,Epic Games
41458,Steam
17139,Steam
17139,GOG
502171,Steam
502171,App Store
48,PlayStation Store
25137,Nintendo Store
19700,Steam
19700,GOG
15784,Steam
27390,Nintendo Store
43772,Xbox Store
43772,Steam
484886,Steam
28485,Xbox Store
28485,Xbox 360 Store
17610,Steam
21112,Steam
21112,itch.io
10089,Steam
14277,Steam
10201,Steam
18870,Steam
17475,Steam
8042,App Store
8042,Steam
8042,itch.io
8042,Google Play
8042,Epic Games
25618,Steam
25618,Xbox 360 Store
25618,GOG
25618,Nintendo Store
25618,Xbox Store
12458,Steam
19178,Steam
364990,Steam
364990,PlayStation Store
364990,itch.io
61131,Steam
61131,itch.io
18268,Steam
18268,itch.io
3803,PlayStation Store
3803,Steam
3803,GOG
3379,PlayStation Store
3379,Nintendo Store
3379,Xbox Store
19399,Steam
261226,Not Specified
211,App Store
211,Nintendo Store
211,Xbox 360 Store
211,Google Play
29590,GOG
304206,Nintendo Store
304206,GOG
304206,Steam
27970,Nintendo Store
7598,Steam
7598,itch.io
7598,App Store
7598,Google Play
20845,Steam
13947,Steam
5757,Steam
5757,Nintendo Store
5757,Google Play
5757,App Store
14,PlayStation Store
14,App Store
14,Xbox Store
14,Steam
14,GOG
14,Nintendo Store
11552,Steam
11552,GOG
468,Nintendo Store
468,Steam
468,GOG
468,Google Play
468,App Store
13516,Steam
13516,Nintendo Store
13516,PlayStation Store
10952,Steam
6708,PlayStation Store
6708,Steam
6708,Nintendo Store
6708,Xbox Store
6708,App Store
18915,Steam
44630,Steam
44630,Nintendo Store
44630,PlayStation Store
20356,Steam
17739,App Store
17739,Steam
1269,Epic Games
1269,App Store
1269,PlayStation Store
1269,Steam
1269,Nintendo Store
1269,Xbox Store
4203,Steam
4203,Nintendo Store
4203,PlayStation Store
4203,GOG
10806,GOG
10806,Steam
50824,Steam
50824,itch.io
11849,Steam
61585,Nintendo Store
61585,GOG
61585,Steam
61585,App Store
61585,Google Play
27509,Xbox 360 Store
27509,Nintendo Store
15993,GOG
15993,Steam
25658,Nintendo Store
799381,Nintendo Store
799381,Steam
799381,itch.io
799381,GOG
934079,Epic Games
934079,PlayStation Store
934079,Steam
40689,Not Specified
54403,Not Specified
5535,PlayStation Store
5535,Xbox 360 Store
13758,Steam
337023,itch.io
337023,Epic Games
337023,Xbox Store
337023,PlayStation Store
337023,Steam
337023,App Store
337023,Nintendo Store
20943,Steam
619867,Epic Games
619867,Steam
284700,App Store
284700,GOG
284700,Steam
284700,Xbox Store
13398,PlayStation Store
13398,Steam
13398,Xbox Store
11392,Steam
11392,GOG
11392,Nintendo Store
11392,Xbox Store
11392,PlayStation Store
14740,App Store
14740,Steam
4755,PlayStation Store
4755,Steam
4755,GOG
9867,PlayStation Store
9867,Steam
20490,Steam
12411,Steam
9519,Steam
19461,GOG
19461,Steam
9930,Steam
16514,Steam
17767,Steam
46063,Steam
57880,Xbox 360 Store
57880,PlayStation Store
57880,Steam
557738,App Store
557738,Steam
22220,Steam
22220,Xbox Store
22220,PlayStation Store
5212,PlayStation Store
5212,Steam
59319,PlayStation Store
59319,Steam
12271,Steam
19478,Steam
18605,Steam
885,PlayStation Store
885,Steam
885,itch.io
14745,Steam
36850,Not Specified
61849,GOG
61849,Steam
61849,App Store
644781,Steam
644781,App Store
11513,Steam
11513,GOG
388313,Epic Games
373521,GOG
373521,Steam
14257,Steam
14257,App Store
320375,Steam
58862,Not Specified
44746,Nintendo Store
44746,Steam
16930,Steam
30504,Not Specified
15757,Steam
795,PlayStation Store
795,Steam
16559,Steam
3248,PlayStation Store
3248,Steam
14142,GOG
14142,Steam
10788,Steam
19636,Steam
359267,Steam
359267,PlayStation Store
359267,Xbox Store
20116,Steam
17021,Steam
16579,Steam
3204,PlayStation Store
3204,Xbox Store
3204,Xbox 360 Store
2383,App Store
2383,PlayStation Store
2383,Steam
2383,Xbox 360 Store
11232,Steam
11232,GOG
12617,Steam
497976,Steam
497976,GOG
708999,Steam
708999,App Store
708999,PlayStation Store
708999,Xbox Store
17671,Steam
1956,App Store
1956,Steam
1956,GOG
1956,Google Play
304191,PlayStation Store
304191,Xbox Store
304191,GOG
304191,Steam
61275,GOG
61275,Steam
61275,Nintendo Store
61275,Xbox Store
61275,PlayStation Store
61275,Epic Games
776325,Steam
1033,PlayStation Store
1033,Xbox Store
1033,Nintendo Store
1033,Steam
1033,Google Play
1033,App Store
12502,Steam
10067,Steam
2085,Xbox Store
2085,PlayStation Store
2085,Nintendo Store
2085,GOG
2085,Steam
2085,itch.io
2085,Google Play
2085,App Store
45429,App Store
45429,Steam
45429,Xbox Store
45429,Nintendo Store
45429,PlayStation Store
39604,Xbox 360 Store
39604,Steam
18860,Steam
484827,Steam
484827,Xbox Store
16419,GOG
16419,Steam
19319,GOG
19319,Steam
12824,Steam
12824,Google Play
12824,App Store
18262,Steam
19970,Steam
19970,PlayStation Store
19970,Xbox Store
19970,GOG
10897,GOG
10897,Steam
20925,Steam
6875,App Store
6875,GOG
6875,Nintendo Store
6875,Steam
17011,Steam
17011,itch.io
19698,GOG
19698,Steam
378575,Steam
378575,PlayStation Store
378575,Xbox Store
378575,Epic Games
16126,Steam
17798,GOG
17798,Steam
10877,GOG
10877,Steam
389,Steam
389,App Store
367083,Steam
367083,GOG
367083,itch.io
21490,App Store
21490,Google Play
21490,GOG
21490,Steam
528725,Steam
36455,Steam
27913,PlayStation Store
27913,Steam
27913,Nintendo Store
18199,Steam
21449,Steam
21449,GOG
3430,PlayStation Store
3430,Steam
28355,Xbox 360 Store
302303,Steam
270713,Xbox Store
270713,Xbox 360 Store
18720,Xbox Store
18720,Steam
18720,Xbox 360 Store
18720,GOG
2645,Steam
2645,Google Play
2645,App Store
376899,PlayStation Store
376899,Epic Games
376899,Xbox Store
376899,Steam
376899,GOG
32402,Not Specified
19746,Steam
650607,Epic Games
650607,Xbox Store
650607,PlayStation Store
960873,Epic Games
960873,Nintendo Store
960873,Steam
960873,PlayStation Store
20774,Steam
9444,Steam
53381,Not Specified
20178,Steam
13414,Nintendo Store
13414,Steam
633,App Store
633,Google Play
42240,PlayStation Store
16775,Steam
18404,Steam
18987,Steam
18987,itch.io
16410,GOG
16410,Steam
4675,PlayStation Store
4675,Steam
21461,Steam
725781,Steam
46866,Steam
46866,GOG
21515,Steam
21515,GOG
17254,GOG
17254,Steam
4130,PlayStation Store
4130,Steam
4130,Xbox 360 Store
42234,Not Specified
14856,Steam
19688,GOG
19688,Steam
58927,PlayStation Store
58927,Xbox Store
58927,Steam
185388,itch.io
238390,Nintendo Store
22876,GOG
11693,PlayStation Store
11693,Steam
611,PlayStation Store
611,Steam
611,GOG
611,Xbox Store
20009,Steam
20798,Steam
20798,GOG
64111,itch.io
64111,App Store
64111,Steam
64111,Google Play
15889,Steam
974482,Steam
974482,itch.io
28462,Xbox Store
28462,Xbox 360 Store
19179,Steam
19179,Nintendo Store
19179,Google Play
19179,App Store
19179,itch.io
18430,Steam
37851,Not Specified
31482,Not Specified
16797,Steam
579580,Steam
11355,Steam
52512,Nintendo Store
380862,Steam
380862,Nintendo Store
380862,GOG
380862,Epic Games
19674,GOG
19674,Steam
21678,Steam
540036,Steam
61847,Steam
61847,GOG
21078,Steam
11541,Steam
469031,Epic Games
469031,App Store
469031,Steam
13638,Steam
13638,itch.io
10640,Steam
10640,GOG
485079,Steam
485079,PlayStation Store
485079,Xbox Store
12503,Steam
13043,App Store
13043,Nintendo Store
13043,Steam
2930,App Store
2930,Steam
2930,Nintendo Store
21280,Steam
21280,GOG
325032,GOG
325032,Steam
3447,itch.io
3447,PlayStation Store
3447,Steam
3447,Google Play
366844,PlayStation Store
366844,Steam
366844,Nintendo Store
383496,Steam
383496,GOG
19277,Steam
19277,Xbox 360 Store
2232,App Store
2232,Steam
2232,Google Play
4416,PlayStation Store
20110,Steam
806954,GOG
806954,Steam
28274,App Store
28274,Xbox 360 Store
53945,GOG
21272,Steam
9942,Steam
9942,GOG
9942,Epic Games
9594,Steam
616675,Steam
12254,Steam
302974,Nintendo Store
16527,Steam
12200,Steam
19858,Steam
19858,Google Play
20584,Steam
17811,Steam
16412,Steam
37059,Steam
1479,App Store
1479,Steam
13532,Steam
22373,Nintendo Store
22373,PlayStation Store
22373,Steam
29099,Xbox 360 Store
1698,PlayStation Store
1698,Xbox Store
15074,Steam
14278,Steam
17283,Steam
20100,Steam
1577,Steam
1577,PlayStation Store
1577,Google Play
1577,App Store
22441,Steam
504,PlayStation Store
504,App Store
504,Xbox Store
504,Steam
504,Google Play
17282,Steam
972995,Not Specified
17657,Steam
4775,PlayStation Store
15930,Steam
327206,Steam
19367,Steam
19367,GOG
19367,Nintendo Store
62553,itch.io
62553,Steam
10383,Steam
10383,GOG
10383,App Store
720937,Steam
720937,GOG
56114,PlayStation Store
47155,Steam
47155,App Store
11498,Steam
11498,GOG
11498,PlayStation Store
3372,Steam
3372,PlayStation Store
51326,Epic Games
51326,GOG
51326,Xbox Store
51326,Steam
19845,Steam
36542,GOG
438,PlayStation Store
438,Steam
438,Nintendo Store
438,Xbox Store
17069,Steam
19172,GOG
19172,Steam
708980,Steam
13974,Steam
12491,GOG
12491,Steam
12491,Xbox Store
19286,Steam
19286,GOG
19286,Nintendo Store
47396,PlayStation Store
47396,GOG
47396,App Store
47396,Xbox Store
47396,Steam
47396,Nintendo Store
14565,Steam
53205,Nintendo Store
10138,Steam
11991,Steam
5649,PlayStation Store
5649,Steam
5649,Xbox 360 Store
6905,App Store
6905,Steam
6905,Nintendo Store
17029,Steam
23260,PlayStation Store
23260,App Store
23260,Steam
23260,Xbox Store
23260,Nintendo Store
23260,GOG
23260,Google Play
15461,Steam
2487,PlayStation Store
2487,Nintendo Store
2487,Xbox Store
2487,Steam
2487,GOG
46180,PlayStation Store
46180,Epic Games
46180,Steam
46180,App Store
46180,Nintendo Store
36096,Not Specified
898351,Xbox Store
898351,PlayStation Store
898351,Steam
23004,GOG
23004,Steam
23004,Xbox Store
23004,Xbox 360 Store
686812,GOG
686812,App Store
686812,Steam
686812,Nintendo Store
686812,Epic Games
20647,Steam
24948,Not Specified
471011,Steam
471011,Nintendo Store
471011,PlayStation Store
487914,Nintendo Store
383546,Xbox Store
383546,Steam
383546,PlayStation Store
383546,Nintendo Store
383546,GOG
7563,App Store
7563,Steam
16834,Steam
16834,GOG
11722,Steam
17860,GOG
17860,Steam
24392,Nintendo Store
24392,Xbox 360 Store
10298,Steam
3602,Xbox Store
3602,Xbox 360 Store
303589,Steam
303589,GOG
19356,Steam
19356,Xbox 360 Store
39053,GOG
39053,Steam
14854,itch.io
14854,Steam
11459,Steam
11459,PlayStation Store
12329,Steam
3943,PlayStation Store
35963,GOG
25449,Not Specified
12051,Steam
50410,Steam
21236,Steam
270730,Steam
22902,GOG
45958,Steam
9055,Nintendo Store
9055,Steam
9055,Google Play
9055,App Store
59081,Steam
59081,Google Play
59081,App Store
2,PlayStation Store
2,Steam
2,Nintendo Store
2,Xbox Store
91642,GOG
91642,Steam
91642,itch.io
36941,Steam
36941,GOG
19531,App Store
19531,Steam
19531,Google Play
52217,PlayStation Store
52217,itch.io
52217,Steam
52217,Xbox Store
375197,App Store
375197,Nintendo Store
375197,Steam
375197,GOG
375197,PlayStation Store
375197,Xbox Store
53803,Nintendo Store
3829,PlayStation Store
3829,GOG
3829,Steam
21703,Steam
619898,Steam
619898,Epic Games
12792,Steam
428303,Steam
555,Xbox Store
555,PlayStation Store
555,Nintendo Store
555,Steam
3057,PlayStation Store
3057,Steam
16276,Steam
14643,Steam
14023,GOG
14023,Steam
14023,Xbox 360 Store
20587,Steam
38731,Not Specified
10844,Steam
17027,Steam
46153,Google Play
46153,App Store
46153,Nintendo Store
46153,Steam
46153,Epic Games
46153,Xbox Store
46153,PlayStation Store
364807,GOG
364807,Steam
364807,Nintendo Store
364807,Epic Games
364807,Xbox Store
14509,itch.io
14509,Steam
144,App Store
144,Google Play
13036,Steam
19316,Steam
421711,PlayStation Store
421711,Steam
421711,Epic Games
51333,Nintendo Store
41647,Not Specified
9709,Steam
17140,Steam
17140,GOG
58170,PlayStation Store
58170,Nintendo Store
17033,Steam
14942,itch.io
14942,Steam
965470,Steam
22478,Steam
13152,Steam
16257,Steam
15439,Steam
15439,Nintendo Store
43759,PlayStation Store
43759,Nintendo Store
43759,Steam
43759,Xbox Store
18270,Steam
18270,App Store
29696,Steam
7019,Xbox Store
7019,Steam
7019,PlayStation Store
7019,Google Play
17725,Steam
50603,Steam
53180,Nintendo Store
1723,Xbox Store
1723,PlayStation Store
1723,Steam
20104,Steam
35351,Not Specified
17933,Steam
20320,Steam
5836,App Store
5836,Steam
5836,GOG
5836,Google Play
15436,Steam
18874,Nintendo Store
18874,Steam
14813,itch.io
14813,Steam
17396,Steam
10761,Steam
17771,PlayStation Store
17771,Xbox Store
17771,Steam
193,PlayStation Store
193,App Store
193,Google Play
14853,Steam
14853,itch.io
17031,Steam
10424,PlayStation Store
10424,Steam
10424,Nintendo Store
14697,Steam
22374,Steam
22374,PlayStation Store
22374,Nintendo Store
22374,Xbox Store
783865,GOG
783865,Steam
16926,Steam
23763,Not Specified
959953,App Store
959953,Steam
484913,Steam
17430,Steam
20103,Steam
455579,Steam
455579,PlayStation Store
455579,Xbox Store
455579,Epic Games
2474,Steam
2474,App Store
2474,Google Play
19821,PlayStation Store
19821,Steam
19821,Nintendo Store
19821,Xbox Store
15800,Steam
22796,GOG
13889,Steam
19193,Steam
19193,GOG
19193,Nintendo Store
44460,PlayStation Store
44460,Xbox Store
44460,Nintendo Store
44460,Steam
351,PlayStation Store
351,Steam
351,Xbox Store
351,Google Play
351,App Store
16858,Steam
45868,PlayStation Store
45868,Nintendo Store
45868,Steam
45868,Xbox Store
45868,GOG
22910,GOG
19853,Steam
18141,GOG
18141,Steam
10084,Steam
10084,Nintendo Store
15652,Steam
52335,Not Specified
200,PlayStation Store
200,Xbox Store
200,Steam
200,itch.io
49909,Steam
12137,Steam
50796,Not Specified
17779,Steam
18023,Steam
304273,GOG
304273,Steam
1486,PlayStation Store
1486,Steam
1486,Nintendo Store
1486,Google Play
1486,App Store
10644,Steam
10644,GOG
13844,Steam
15494,Steam
15494,GOG
19737,Nintendo Store
19737,Steam
861285,GOG
861285,Steam
782343,Epic Games
782343,Steam
782343,GOG
553075,GOG
553075,Epic Games
553075,Steam
13324,Steam
9667,App Store
9667,Steam
9667,itch.io
42288,Xbox 360 Store
12482,Steam
3856,PlayStation Store
29091,Xbox 360 Store
1120,PlayStation Store
1120,Xbox Store
20137,App Store
20137,Steam
15472,GOG
15472,Steam
1230,Epic Games
1230,App Store
1230,PlayStation Store
1230,Xbox Store
1230,Steam
1230,Nintendo Store
9818,Epic Games
9818,Steam
58928,PlayStation Store
58928,Xbox Store
5545,Xbox Store
5545,Steam
5545,App Store
5545,PlayStation Store
5545,Nintendo Store
5545,Xbox 360 Store
18719,Steam
18719,GOG
50971,Nintendo Store
1872,PlayStation Store
1872,Xbox Store
1872,Steam
421699,Steam
288559,PlayStation Store
11424,Steam
58819,Steam
491512,App Store
491512,Steam
19689,Steam
19689,Xbox 360 Store
15527,Steam
9468,PlayStation Store
9468,Steam
9468,Nintendo Store
1454,PlayStation Store
1454,Xbox 360 Store
1454,Xbox Store
22629,Steam
4628,PlayStation Store
4628,Xbox 360 Store
301514,Steam
301514,Epic Games
455580,Xbox Store
455580,Nintendo Store
455580,Epic Games
455580,Steam
1125,PlayStation Store
1125,Xbox Store
1125,Steam
1125,Xbox 360 Store
19629,Steam
22409,Steam
36189,Not Specified
13139,Steam
18160,PlayStation Store
18160,Steam
18160,Nintendo Store
18160,Xbox Store
288635,Xbox Store
288635,Xbox 360 Store
12159,Steam
12159,Nintendo Store
12159,GOG
12159,Xbox Store
17098,Steam
21637,GOG
21637,Steam
720950,GOG
19871,PlayStation Store
19871,Steam
37032,Not Specified
9844,Steam
3584,PlayStation Store
3584,Xbox 360 Store
370216,Steam
18230,Steam
455513,Steam
455513,GOG
12917,Steam
17881,Steam
42120,Xbox 360 Store
19557,Steam
19557,App Store
19557,GOG
18555,PlayStation Store
18555,Steam
18555,Xbox Store
18555,GOG
31495,App Store
22576,Steam
16508,itch.io
16508,Steam
28471,Xbox 360 Store
558974,Nintendo Store
8093,App Store
8093,Steam
8093,Nintendo Store
375282,Steam
375282,Epic Games
375282,App Store
18675,Steam
428178,PlayStation Store
428178,Steam
428178,Epic Games
428178,GOG
428178,Xbox Store
428178,Nintendo Store
21616,GOG
21616,Steam
58351,PlayStation Store
58351,Steam
58351,Nintendo Store
1055,itch.io
1055,Steam
1055,Google Play
1055,App Store
279033,Steam
279033,App Store
279033,Google Play
18296,Steam
19755,Steam
34811,Google Play
34811,App Store
14153,Steam
17634,Steam
20121,Steam
437062,Nintendo Store
437062,PlayStation Store
437062,Steam
13591,Steam
313748,App Store
313748,Steam
313748,Xbox Store
61004,App Store
61004,Steam
60633,Steam
14659,Steam
13716,Steam
4529,PlayStation Store
4529,Nintendo Store
4529,Xbox 360 Store
4529,Steam
4529,GOG
4529,Xbox Store
22318,Steam
368,Steam
368,Google Play
368,App Store
571696,GOG
571696,Steam
796094,Steam
13186,App Store
13186,Steam
16220,App Store
16220,Steam
35818,Not Specified
5686,Xbox 360 Store
5686,PlayStation Store
5686,Nintendo Store
36858,Not Specified
616690,Steam
616690,GOG
46058,GOG
46058,Steam
15343,Steam
302977,App Store
302977,itch.io
302977,GOG
302977,PlayStation Store
302977,Xbox Store
302977,Steam
302977,Nintendo Store
302977,Epic Games
17212,Steam
14004,Steam
22872,GOG
58920,App Store
58920,Steam
11544,Steam
50119,Nintendo Store
50119,Steam
50119,Xbox Store
61584,PlayStation Store
61584,Steam
285650,Xbox Store
617209,Steam
277932,Steam
277932,GOG
452664,GOG
452664,Steam
452664,Xbox Store
570171,GOG
570171,Nintendo Store
570171,Steam
914795,Steam
992,PlayStation Store
992,Steam
17260,Steam
17260,Google Play
17992,App Store
17992,Steam
2430,PlayStation Store
2430,Steam
37923,Steam
2506,PlayStation Store
16529,Steam
53461,Nintendo Store
776267,Steam
39187,Steam
48930,PlayStation Store
48930,Steam
16558,Steam
23308,Xbox Store
23308,PlayStation Store
38991,Xbox 360 Store
18079,Steam
18079,App Store
18079,Nintendo Store
331009,Not Specified
387244,Steam
36390,Not Specified
12690,Steam
17045,Steam
17045,GOG
26174,Xbox 360 Store
26174,Nintendo Store
16298,Steam
969003,Steam
14652,Steam
28526,Xbox 360 Store
28458,Steam
28458,Xbox 360 Store
44215,PlayStation Store
44215,Xbox Store
44215,Steam
20007,Steam
17939,Steam
295094,PlayStation Store
295094,Steam
295094,Xbox Store
20023,App Store
20023,Xbox Store
20023,Steam
20023,Google Play
571689,Steam
571689,GOG
963212,Xbox Store
963212,PlayStation Store
963212,Steam
387242,Steam
387242,itch.io
387242,GOG
5591,PlayStation Store
5591,Steam
5591,Xbox 360 Store
22346,Steam
11100,Steam
9846,Steam
9846,Xbox Store
5143,GOG
5143,PlayStation Store
419293,GOG
419293,Nintendo Store
419293,Xbox Store
419293,PlayStation Store
419293,Steam
5160,PlayStation Store
1515,App Store
1515,Steam
1515,GOG
62238,GOG
62238,Steam
62238,Nintendo Store
20355,Steam
20355,Google Play
19849,Steam
13908,App Store
13908,itch.io
13908,Steam
13908,GOG
14102,Steam
520350,Steam
520350,Epic Games
520350,PlayStation Store
520350,Xbox Store
520350,App Store
19344,Steam
428046,Steam
13492,Steam
13492,itch.io
827,App Store
827,Steam
827,Google Play
19918,Steam
20107,Steam
19651,PlayStation Store
19651,Xbox 360 Store
19651,Steam
18995,Steam
11906,Steam
11906,App Store
17141,GOG
17141,Steam
266205,PlayStation Store
266205,GOG
266205,Xbox Store
266205,Nintendo Store
266205,Steam
17895,GOG
17895,Steam
3749,PlayStation Store
3749,Steam
3749,Xbox 360 Store
20197,Steam
15445,GOG
15445,Steam
20651,App Store
20651,Steam
44791,PlayStation Store
16628,App Store
16628,GOG
16628,Google Play
16628,Steam
2928,PlayStation Store
2928,Xbox Store
2928,Steam
2928,Nintendo Store
21241,Steam
11023,Steam
15334,Steam
269532,App Store
269532,Steam
13612,App Store
13612,Steam
13612,Google Play
27159,Nintendo Store
28383,Xbox 360 Store
14741,Steam
311735,GOG
311735,Steam
311735,App Store
10561,Steam
981791,Steam
981791,App Store
981791,Epic Games
17541,Steam
51622,Steam
678592,Xbox Store
678592,Nintendo Store
678592,Steam
16598,Steam
969496,Steam
19498,Epic Games
19498,GOG
19498,Steam
8096,Steam
8096,App Store
5883,Steam
5883,Nintendo Store
5883,Google Play
5883,App Store
21460,Steam
12394,Steam
15593,Steam
6320,App Store
6320,Steam
7087,GOG
7087,Steam
7087,App Store
18341,Steam
5567,PlayStation Store
5567,Xbox 360 Store
16522,Steam
428077,Steam
4391,PlayStation Store
4391,Steam
4391,Xbox 360 Store
4391,Nintendo Store
254576,Steam
15964,Steam
15964,itch.io
257385,Steam
537745,Steam
537745,GOG
20214,Steam
16447,GOG
16447,Steam
51489,Xbox Store
51489,PlayStation Store
3525,PlayStation Store
3525,Steam
3525,Xbox 360 Store
14577,Steam
22427,Steam
3275,Xbox Store
3275,Xbox 360 Store
14090,Steam
15968,Nintendo Store
15968,PlayStation Store
15968,GOG
15968,Steam
536941,Steam
11615,Nintendo Store
11615,Steam
11615,PlayStation Store
14769,Steam
20772,GOG
20772,Steam
892898,Xbox Store
892898,PlayStation Store
892898,Epic Games
892898,Steam
46979,Steam
20198,Steam
16910,Steam
25178,Nintendo Store
20780,Steam
28292,Xbox 360 Store
13033,Steam
442866,Nintendo Store
28392,Steam
28392,Epic Games
28392,Xbox 360 Store
42257,Not Specified
13125,Steam
3007,App Store
3007,PlayStation Store
274763,Steam
49376,GOG
49376,Steam
49376,Xbox Store
15795,Steam
12974,Steam
17786,Steam
17786,GOG
22792,GOG
269354,Steam
269354,App Store
269354,itch.io
32232,itch.io
32232,App Store
32232,GOG
32232,Google Play
19575,Steam
19575,GOG
13239,Steam
18282,Steam
58701,PlayStation Store
58701,Xbox Store
28546,Xbox 360 Store
28546,PlayStation Store
19529,Steam
19529,GOG
20663,Steam
257237,PlayStation Store
17709,Steam
19260,Steam
270757,GOG
270757,Steam
442869,PlayStation Store
442869,Xbox Store
442869,Steam
442869,Nintendo Store
16195,Steam
16195,PlayStation Store
2564,PlayStation Store
17943,GOG
17943,Steam
15476,Steam
19242,Steam
14079,PlayStation Store
14079,Steam
14079,GOG
14079,Xbox Store
1916,Xbox Store
1916,Steam
1916,PlayStation Store
1916,Google Play
1916,App Store
1916,Nintendo Store
911543,PlayStation Store
911543,Epic Games
911543,Steam
911543,GOG
254547,Steam
254547,GOG
10636,Steam
17821,Steam
427892,Steam
674334,GOG
674334,Steam
674334,Xbox Store
804768,Steam
16643,Steam
3778,PlayStation Store
3778,Steam
15897,Steam
15897,itch.io
772603,Steam
24138,Nintendo Store
9762,Steam
2071,Steam
2071,PlayStation Store
6579,Steam
6579,Google Play
6579,App Store
16509,Steam
1505,Xbox Store
1505,Steam
16459,Steam
14880,Steam
14880,GOG
14691,Steam
14691,Nintendo Store
14691,Google Play
14691,App Store
650667,Epic Games
650667,Nintendo Store
650667,Steam
650667,GOG
966216,Steam
966216,Epic Games
966216,Nintendo Store
19171,Steam
19171,GOG
9851,Steam
9851,GOG
29839,Not Specified
16054,Steam
748636,Google Play
748636,App Store
748636,Steam
28170,Steam
964000,Steam
6628,PlayStation Store
6628,itch.io
6628,Steam
6628,Xbox Store
961200,GOG
961200,Steam
961200,PlayStation Store
961200,Epic Games
16433,GOG
16433,Steam
311820,Steam
311820,App Store
311820,Google Play
4885,PlayStation Store
4885,Steam
4885,Xbox 360 Store
44377,PlayStation Store
44377,Steam
44377,Nintendo Store
44377,Xbox Store
44377,Epic Games
304182,PlayStation Store
304182,Nintendo Store
304182,Steam
304182,Xbox Store
304182,App Store
304182,GOG
46232,PlayStation Store
46232,Nintendo Store
46232,Steam
17619,Steam
392411,Steam
18528,itch.io
18528,Steam
17797,GOG
17797,Steam
18630,GOG
18630,Steam
13160,Steam
50771,Steam
8665,App Store
8665,Steam
3176,PlayStation Store
3176,Steam
3176,Nintendo Store
4004,PlayStation Store
4004,Steam
13277,App Store
13277,Steam
13277,itch.io
26042,Nintendo Store
647625,Steam
647625,Xbox Store
351003,GOG
351003,Steam
295080,Steam
295080,GOG
3593,PlayStation Store
3593,Xbox Store
3593,Xbox 360 Store
2105,Steam
2105,App Store
802170,Steam
62351,PlayStation Store
62351,Steam
1300,App Store
1300,Steam
1300,Google Play
12034,Steam
23522,Steam
12592,Steam
15173,Steam
15303,Steam
15303,itch.io
7527,Steam
7527,Google Play
7527,App Store
7527,GOG
802455,Steam
415364,itch.io
415364,Steam
415364,GOG
415364,Xbox Store
373511,Nintendo Store
4774,PlayStation Store
4774,Xbox 360 Store
231,PlayStation Store
231,Steam
21147,Steam
52879,Not Specified
836798,GOG
836798,Steam
18547,Steam
20467,Steam
5145,PlayStation Store
5145,Steam
62657,Epic Games
62657,PlayStation Store
62657,Steam
62657,Nintendo Store
62657,Xbox Store
24961,Nintendo Store
14975,Steam
14975,Nintendo Store
14975,Google Play
14975,App Store
3227,PlayStation Store
3227,Steam
326219,Steam
326219,Xbox Store
326219,PlayStation Store
326219,GOG
326219,Epic Games
17497,Nintendo Store
17497,Steam
17497,App Store
16900,Steam
3873,PlayStation Store
3873,Nintendo Store
840789,Steam
409543,itch.io
409543,Steam
20095,Steam
5808,Steam
5808,App Store
5808,Google Play
3034,PlayStation Store
3034,Xbox Store
15665,Steam
15508,Steam
7548,App Store
7548,Steam
9809,Steam
9809,GOG
10114,Steam
10114,GOG
10114,Nintendo Store
61148,GOG
61148,PlayStation Store
61148,Steam
65336,Steam
19589,Steam
19589,GOG
619944,Steam
22959,GOG
22959,Steam
60247,GOG
60247,Steam
618732,Steam
19571,Steam
19571,Xbox 360 Store
20111,Steam
20111,itch.io
16632,Steam
47463,PlayStation Store
47463,Steam
47463,Xbox Store
13607,Steam
15679,Steam
2407,PlayStation Store
51170,GOG
51170,Steam
17397,Steam
9435,PlayStation Store
9435,Steam
9435,Xbox Store
29276,Steam
17168,Nintendo Store
17168,App Store
17168,PlayStation Store
17168,Steam
19282,Steam
19282,GOG
21727,Steam
20638,Steam
14941,Steam
14941,itch.io
849517,GOG
849517,Xbox Store
849517,PlayStation Store
849517,Steam
496696,Steam
62506,Steam
62506,GOG
62506,Xbox Store
53460,Nintendo Store
399391,GOG
399391,Steam
247058,Steam
247058,PlayStation Store
247058,Xbox Store
247058,GOG
247058,Epic Games
247058,Nintendo Store
362880,Nintendo Store
362880,PlayStation Store
362880,GOG
362880,Steam
18456,Steam
20902,Steam
830039,GOG
830039,Steam
17492,Steam
17492,GOG
21047,Steam
16574,Steam
17592,Steam
576532,Xbox Store
576532,Steam
576532,Nintendo Store
576532,PlayStation Store
576532,Epic Games
21031,Steam
758571,GOG
758571,Steam
21432,Steam
11932,Steam
28696,Xbox 360 Store
11241,Steam
53747,Not Specified
616677,Steam
616677,Epic Games
616677,PlayStation Store
17296,Steam
17296,itch.io
17296,Xbox Store
9866,Steam
5607,Nintendo Store
5607,Xbox 360 Store
667649,Xbox Store
667649,Epic Games
667649,PlayStation Store
667649,GOG
667649,Steam
647660,GOG
647660,Steam
647660,Epic Games
17259,Steam
4495,Steam
4495,PlayStation Store
4495,Xbox 360 Store
12441,Steam
53506,Not Specified
10792,Steam
17144,Steam
2682,PlayStation Store
2682,Steam
393544,Steam
34801,Not Specified
525,App Store
525,PlayStation Store
525,Xbox Store
525,Google Play
9535,Xbox Store
9535,Steam
9535,GOG
3357,PlayStation Store
3357,Steam
20089,Steam
20089,Google Play
13545,Steam
13545,GOG
14226,Steam
14226,GOG
23400,Steam
13838,Steam
18816,Steam
29066,Xbox Store
29066,Xbox 360 Store
17886,Steam
17886,GOG
4802,PlayStation Store
4802,Nintendo Store
17143,Steam
17143,GOG
60769,Nintendo Store
60769,Steam
60769,Xbox Store
10541,Steam
10541,App Store
15667,Steam
15667,GOG
327216,Steam
327216,Epic Games
327216,Xbox Store
327216,PlayStation Store
30799,Google Play
30799,App Store
22463,Steam
17383,Steam
17383,Google Play
16767,Steam
4472,PlayStation Store
62406,App Store
62406,PlayStation Store
62406,Nintendo Store
62406,Xbox Store
62406,Epic Games
62406,Steam
15512,GOG
15512,Steam
616687,Steam
13006,Steam
244726,Not Specified
13494,Steam
30025,Google Play
30025,App Store
1287,Nintendo Store
1287,PlayStation Store
1287,Xbox Store
1287,Steam
1287,GOG
13486,Steam
16690,Steam
31397,Not Specified
21159,Steam
19517,Steam
19517,Xbox 360 Store
9517,Steam
17580,GOG
17580,Steam
18829,Steam
46930,App Store
46930,Xbox Store
46930,Steam
46930,Google Play
16327,App Store
16327,Steam
13473,PlayStation Store
13473,Steam
13473,Nintendo Store
13473,Xbox Store
18273,Steam
18273,App Store
15843,Steam
15843,GOG
22402,Steam
22402,GOG
19170,GOG
19170,Steam
4742,PlayStation Store
37212,Not Specified
18496,Steam
51335,PlayStation Store
51335,GOG
51335,Steam
51335,Nintendo Store
16139,Steam
23570,Steam
578182,Xbox Store
578182,PlayStation Store
578182,Steam
578182,GOG
311787,PlayStation Store
311787,Xbox Store
11280,Steam
406002,PlayStation Store
406002,Steam
406002,Xbox Store
406002,Nintendo Store
24170,Nintendo Store
313802,Steam
313802,GOG
313802,Xbox Store
270657,Steam
481889,Steam
481889,GOG
24182,Nintendo Store
840776,Steam
690727,Steam
16418,Steam
9848,Steam
383623,Steam
383623,Nintendo Store
17489,Steam
17489,GOG
595,Steam
595,PlayStation Store
595,Nintendo Store
244746,PlayStation Store
244746,Steam
244746,Nintendo Store
244746,Xbox Store
23216,PlayStation Store
28386,Steam
28386,Xbox 360 Store
15542,PlayStation Store
15542,Steam
15542,GOG
15542,Nintendo Store
15542,Xbox Store
17872,Steam
255825,PlayStation Store
255825,Nintendo Store
255825,Steam
2636,Steam
2636,PlayStation Store
2636,itch.io
59227,PlayStation Store
18930,Steam
457730,Steam
457730,PlayStation Store
457730,Xbox Store
12181,Steam
12058,Nintendo Store
12058,Steam
16601,Steam
2009,Steam
2009,Google Play
2009,App Store
15405,Steam
52169,Not Specified
21591,Steam
23189,Steam
23189,GOG
15630,Steam
18034,Steam
18034,Google Play
23630,Steam
53378,Xbox 360 Store
28971,Xbox 360 Store
16425,Steam
12286,PlayStation Store
12286,App Store
12286,Xbox Store
12286,Steam
12286,GOG
12286,Nintendo Store
1379,PlayStation Store
1379,GOG
1379,Steam
768,Steam
768,App Store
334539,Steam
334539,Epic Games
334539,GOG
17635,Steam
59765,Steam
59765,GOG
59765,Epic Games
59765,PlayStation Store
5328,Steam
46689,Steam
13762,Steam
13762,itch.io
62775,GOG
62775,itch.io
62775,Steam
59868,Steam
4462,PlayStation Store
14552,Steam
17003,App Store
17003,Steam
18696,Steam
18696,Nintendo Store
40205,PlayStation Store
40205,Xbox 360 Store
341329,itch.io
341329,Steam
16876,Steam
1616,Steam
1616,Google Play
1616,App Store
19499,PlayStation Store
19499,Steam
19499,Xbox 360 Store
19499,Nintendo Store
354377,App Store
354377,Steam
15205,Steam
15205,GOG
45944,Steam
14407,Steam
14407,App Store
60871,Steam
60871,App Store
60871,Google Play
22540,Steam
484816,Nintendo Store
484816,PlayStation Store
484816,Xbox Store
484816,Steam
263566,GOG
263566,PlayStation Store
263566,Xbox Store
263566,Steam
13456,Steam
20745,Steam
881441,GOG
881441,itch.io
881441,Steam
881441,App Store
881441,Google Play
16307,App Store
16307,Steam
3199,PlayStation Store
3199,Xbox Store
3199,Steam
2061,PlayStation Store
2061,Xbox Store
2061,Steam
2061,Google Play
2061,App Store
18878,Steam
650646,Steam
650646,PlayStation Store
650646,Xbox Store
29279,Steam
807136,Epic Games
807136,Steam
807136,GOG
16317,Steam
11119,Steam
15715,Steam
13195,Steam
18548,Steam
9321,Nintendo Store
9321,Google Play
9321,App Store
9321,Steam
48926,Steam
59304,Google Play
59304,Steam
59304,App Store
20809,Steam
20809,Google Play
20402,Steam
11645,Steam
11645,GOG
18493,Steam
16105,Steam
43755,Nintendo Store
720945,Steam
720945,Epic Games
720945,GOG
47171,Steam
18239,GOG
18239,Steam
9794,Steam
9794,GOG
586059,GOG
586059,Steam
93803,itch.io
93803,Steam
22678,GOG
850698,PlayStation Store
850698,Steam
23497,Steam
23497,GOG
5498,PlayStation Store
5498,App Store
23833,Nintendo Store
16322,Steam
52799,PlayStation Store
18033,Steam
18033,Nintendo Store
18033,App Store
20122,Steam
20122,GOG
20122,App Store
811874,GOG
811874,Steam
22870,GOG
692,Nintendo Store
692,Steam
692,GOG
692,App Store
1864,App Store
1864,Google Play
44425,Steam
589198,GOG
589198,Steam
9593,Xbox Store
9593,Steam
9593,PlayStation Store
522975,Steam
522975,PlayStation Store
522975,Epic Games
522975,Nintendo Store
3851,Xbox Store
3851,Xbox 360 Store
3126,PlayStation Store
17957,Steam
18627,Steam
11013,Steam
4454,PlayStation Store
619475,Steam
619475,Xbox Store
619475,GOG
15767,Steam
15767,Google Play
15767,App Store
20875,App Store
20875,Steam
16933,Steam
776260,PlayStation Store
776260,Epic Games
776260,Steam
19051,Steam
19051,GOG
41273,Steam
15882,GOG
15882,Steam
20271,Steam
44190,Steam
11568,Steam
42235,Not Specified
28537,Xbox 360 Store
238395,Xbox 360 Store
238395,PlayStation Store
238395,Nintendo Store
238395,Xbox Store
18078,Steam
17695,Steam
21087,Steam
20161,Steam
20161,itch.io
244882,PlayStation Store
244882,Xbox Store
60782,GOG
60782,Steam
6078,App Store
6078,Steam
16452,Steam
16452,GOG
16239,Steam
7919,App Store
7919,Steam
11918,Steam
16320,App Store
16320,Steam
494394,Nintendo Store
494394,Steam
21249,Steam
21249,Xbox 360 Store
21249,App Store
12297,Steam
17593,Steam
20846,Steam
60808,Steam
14655,Steam
23208,Steam
23208,Google Play
23208,App Store
11300,Steam
5596,PlayStation Store
19456,App Store
19456,Steam
19456,GOG
64275,Steam
850705,PlayStation Store
850705,Steam
16998,Steam
13821,Steam
10395,Steam
10395,GOG
25557,Nintendo Store
58825,Steam
58825,Nintendo Store
58825,Epic Games
14760,Steam
14760,GOG
720949,GOG
720949,Steam
15874,Steam
18871,Steam
309900,PlayStation Store
309900,Xbox Store
17866,Steam
20914,Steam
14007,Steam
14007,GOG
20421,Steam
39530,Not Specified
3173,Xbox Store
20179,Steam
2193,Xbox Store
2193,Steam
52949,App Store
52949,PlayStation Store
49079,PlayStation Store
49079,Steam
27967,Nintendo Store
16853,Steam
16853,PlayStation Store
23516,App Store
23516,Steam
1539,Xbox Store
1539,Steam
19683,Steam
19683,GOG
62520,Steam
62520,Nintendo Store
62520,Xbox Store
62520,PlayStation Store
20106,Steam
21216,Steam
16524,Steam
16524,GOG
4006,PlayStation Store
4006,Xbox 360 Store
4006,Xbox Store
5715,Xbox Store
5715,Xbox 360 Store
16842,Steam
19474,Steam
19659,Steam
19659,itch.io
573126,Steam
3431,PlayStation Store
3431,Xbox Store
3431,Nintendo Store
3431,Xbox 360 Store
12003,Steam
15315,Steam
8602,PlayStation Store
8602,Steam
8602,Nintendo Store
8602,Xbox 360 Store
8602,Google Play
8602,App Store
355232,Steam
355232,App Store
3221,Nintendo Store
3221,PlayStation Store
3221,Steam
20726,Steam
248400,Xbox Store
248400,PlayStation Store
19998,GOG
19998,PlayStation Store
19998,Nintendo Store
19998,Xbox Store
19998,itch.io
19998,Steam
35646,Not Specified
44522,itch.io
44522,Steam
20294,Steam
17537,Steam
23592,Steam
44765,PlayStation Store
367056,Steam
367056,Nintendo Store
367056,Xbox Store
367056,GOG
367056,PlayStation Store
666416,Steam
18306,Steam
50739,Steam
50739,Epic Games
13686,Steam
13686,Xbox Store
13686,PlayStation Store
28347,Xbox 360 Store
58866,Steam
21293,Steam
21293,Nintendo Store
2382,PlayStation Store
2382,Steam
2382,Xbox 360 Store
17963,Steam
17091,Steam
403795,Steam
403795,GOG
12827,Steam
2397,PlayStation Store
2397,Steam
2397,App Store
2397,Nintendo Store
15946,Steam
608685,Steam
618709,Steam
618709,Epic Games
16963,Steam
15069,Steam
9772,Steam
678642,Steam
678642,Xbox Store
22458,Steam
22458,Nintendo Store
3806,PlayStation Store
3806,Steam
10408,Steam
10408,PlayStation Store
10408,Xbox Store
20322,Steam
26226,Nintendo Store
60189,Steam
18115,Steam
46181,PlayStation Store
46181,Steam
46181,Xbox Store
46181,Nintendo Store
21696,Steam
21696,App Store
16324,App Store
16324,Steam
4447,PlayStation Store
275672,Steam
15521,Steam
19791,Steam
270722,Steam
270722,Xbox Store
270722,GOG
4140,PlayStation Store
60631,Steam
19704,Steam
19704,GOG
52332,Not Specified
21012,Steam
21012,Xbox 360 Store
14825,Steam
44961,Steam
3032,PlayStation Store
3032,Steam
3032,Xbox Store
61916,Steam
61916,itch.io
10153,App Store
10153,Steam
21560,Steam
19687,Steam
1328,PlayStation Store
1328,Xbox Store
4983,GOG
4983,PlayStation Store
4983,Steam
20172,Steam
17669,Steam
60178,Steam
59704,Steam
20613,Steam
10768,Steam
16460,Steam
16770,Steam
4296,PlayStation Store
4296,Steam
4296,GOG
58772,Steam
16927,Steam
481904,Epic Games
481904,GOG
481904,PlayStation Store
481904,Steam
481904,Nintendo Store
21458,Steam
21458,App Store
1206,PlayStation Store
1206,Xbox Store
1206,Steam
18154,Steam
27988,Nintendo Store
27988,Xbox 360 Store
27988,App Store
19488,Steam
20508,Steam
19376,Steam
16505,Steam
16772,Steam
16937,GOG
16937,Steam
50350,Steam
983381,PlayStation Store
983381,Steam
17072,Steam
618663,Steam
11605,Steam
11605,GOG
16310,Steam
15595,Steam
710,PlayStation Store
710,Steam
9921,Steam
9921,Google Play
9921,App Store
60101,Steam
60101,Nintendo Store
60101,App Store
60101,PlayStation Store
19146,Steam
4362,PlayStation Store
21674,Steam
11969,Steam
60833,Steam
60833,GOG
19401,Steam
19401,GOG
484814,itch.io
484814,Steam
743,App Store
743,Steam
743,Google Play
323064,Epic Games
323064,Nintendo Store
323064,Steam
21805,Steam
14755,Steam
14755,GOG
17648,Steam
10126,GOG
10126,Steam
23658,App Store
23658,Steam
16984,Steam
962108,Steam
962108,GOG
2330,PlayStation Store
2330,Steam
11809,Steam
11809,Google Play
11809,App Store
20884,Steam
619776,GOG
619776,Steam
19975,App Store
19975,Steam
19975,Google Play
18088,Steam
18088,Google Play
9958,Steam
19807,Steam
19340,Steam
19395,Steam
19395,GOG
2899,Google Play
2899,App Store
2899,Steam
2899,Nintendo Store
16340,Steam
9946,Steam
20213,Steam
19652,Steam
36797,Xbox 360 Store
3551,GOG
3551,PlayStation Store
3551,Steam
62529,Steam
17544,Xbox Store
17544,PlayStation Store
17544,Steam
28730,Xbox 360 Store
313805,Steam
479678,Epic Games
479678,PlayStation Store
479678,Xbox Store
479678,Steam
16316,Steam
19841,Steam
370201,Steam
370201,GOG
24101,Nintendo Store
24101,Xbox 360 Store
16315,Steam
20472,Steam
19480,Steam
27255,Nintendo Store
16519,Steam
16519,itch.io
16318,Steam
27256,Nintendo Store
22461,Steam
22461,App Store
118982,itch.io
49158,Google Play
49158,App Store
49158,Steam
50686,Steam
16717,Steam
5463,Nintendo Store
5463,PlayStation Store
5463,App Store
908,PlayStation Store
908,Steam
21655,Steam
16023,PlayStation Store
16023,Steam
16023,GOG
16023,Nintendo Store
20632,Steam
428357,Steam
13611,Steam
28224,Xbox 360 Store
21105,Steam
20368,Steam
28541,Xbox 360 Store
13365,Steam
5205,PlayStation Store
5205,Nintendo Store
19641,Steam
10335,Steam
388371,Google Play
388371,App Store
388371,Steam
16326,Steam
15708,Steam
752182,Steam
41534,Steam
14554,Steam
14554,Nintendo Store
633425,Steam
633425,Epic Games
20245,Steam
15093,Steam
44573,PlayStation Store
44573,Steam
44573,Nintendo Store
16446,Steam
11336,Steam
674190,GOG
674190,Steam
674190,Xbox Store
674190,PlayStation Store
223,PlayStation Store
223,Xbox Store
223,Steam
223,Google Play
223,App Store
223,Nintendo Store
12744,PlayStation Store
12744,Steam
12744,Xbox Store
12909,Steam
16102,Steam
16102,GOG
53939,PlayStation Store
53939,Nintendo Store
19790,Steam
15006,Steam
21522,Steam
19582,Steam
3117,PlayStation Store
3117,Xbox Store
3117,Nintendo Store
4207,PlayStation Store
18335,Steam
4546,PlayStation Store
4546,Xbox Store
280639,Steam
598884,App Store
598884,Google Play
598884,Steam
21427,GOG
21427,Steam
11330,Steam
21982,Steam
16456,Steam
21195,Steam
21195,App Store
21030,Steam
6898,App Store
6898,Xbox Store
6898,Steam
6898,PlayStation Store
6898,Nintendo Store
6898,Google Play
59011,GOG
59011,Steam
12183,GOG
12183,Steam
15282,Steam
15415,Steam
18333,Steam
36013,Not Specified
18310,Steam
23473,Steam
11721,PlayStation Store
11721,Steam
11721,Nintendo Store
11721,Xbox Store
11721,App Store
11721,itch.io
11721,Google Play
52936,Not Specified
11558,PlayStation Store
11558,Steam
11558,Xbox Store
16314,Steam
18837,Steam
20021,Steam
392384,Steam
12944,Nintendo Store
12944,Steam
12944,App Store
16074,Xbox Store
16074,Steam
16074,PlayStation Store
16074,Xbox 360 Store
19977,Steam
5709,PlayStation Store
5709,Xbox 360 Store
45265,Epic Games
45265,PlayStation Store
45265,GOG
45265,Steam
45265,itch.io
45265,Xbox Store
19527,Steam
19527,GOG
16321,App Store
16321,Steam
11263,Steam
17043,Steam
37451,Xbox 360 Store
15804,Steam
647762,itch.io
647762,Steam
12212,Steam
12212,GOG
2837,PlayStation Store
2837,Steam
2837,GOG
2837,Xbox Store
23860,Nintendo Store
17142,Steam
17142,GOG
13521,Steam
18334,Steam
10912,Steam
16401,Steam
13105,Steam
10634,Steam
12867,Steam
12867,itch.io
493449,Steam
493449,GOG
493449,PlayStation Store
493449,Xbox Store
613493,Steam
15178,Steam
16328,Steam
60843,Xbox Store
60843,PlayStation Store
60843,Steam
60843,GOG
831883,GOG
831883,Steam
14259,Steam
14259,App Store
36523,Steam
23875,Nintendo Store
960332,Steam
20942,Steam
13275,Steam
16325,Steam
915,PlayStation Store
915,Xbox Store
915,Steam
59833,Steam
49493,PlayStation Store
49493,Nintendo Store
49493,Xbox Store
49493,Steam
49493,GOG
53938,Nintendo Store
53938,PlayStation Store
278022,itch.io
278022,Steam
50888,Steam
50888,Google Play
50888,App Store
17016,Steam
17862,Steam
19168,Steam
58999,PlayStation Store
58999,Nintendo Store
58999,Xbox Store
58999,Steam
20819,Steam
18066,Steam
18066,itch.io
17627,Steam
17627,GOG
13576,App Store
13576,Steam
28840,Xbox 360 Store
12437,Steam
311780,GOG
311780,itch.io
311780,Steam
576504,GOG
576504,Steam
576504,itch.io
16596,Steam
16596,PlayStation Store
20790,Steam
21660,Steam
17836,Steam
10188,Steam
10188,GOG
4073,PlayStation Store
4073,Xbox 360 Store
1544,PlayStation Store
1544,Xbox Store
1544,Steam
17391,Steam
19346,Steam
16396,Steam
16738,Steam
16738,GOG
14057,Steam
896703,Steam
4363,Xbox Store
4363,PlayStation Store
4363,Xbox 360 Store
334520,Steam
27058,Nintendo Store
10922,Nintendo Store
10922,Steam
10922,GOG
18298,Steam
16309,Steam
49305,Steam
49305,PlayStation Store
57422,App Store
57422,Nintendo Store
736257,Nintendo Store
14684,Steam
869,Steam
869,GOG
869,Google Play
869,App Store
18238,Steam
21029,Steam
20739,Steam
669325,Nintendo Store
669325,Steam
669325,Xbox Store
74668,Steam
74668,App Store
74668,Google Play
13682,Steam
13682,Google Play
13682,App Store
20732,PlayStation Store
20732,Steam
1218,Xbox Store
1218,Steam
1218,PlayStation Store
17964,Steam
21273,Steam
51609,Nintendo Store
6093,Steam
6093,Nintendo Store
6093,Google Play
6093,App Store
16312,Steam
4553,Xbox Store
4553,PlayStation Store
4553,Xbox 360 Store
684,PlayStation Store
684,Steam
20040,Steam
644752,Steam
644752,App Store
528836,itch.io
528836,Steam
20777,Steam
44585,PlayStation Store
44585,Steam
44585,Nintendo Store
44585,GOG
45636,Steam
13845,Steam
21217,Steam
21217,GOG
16319,Steam
288671,GOG
288671,Steam
16323,Steam
17893,Steam
17893,App Store
251512,PlayStation Store
251512,Xbox Store
251512,Steam
251512,Nintendo Store
17734,Steam
19741,Steam
9030,App Store
9030,Steam
9030,Google Play
1608,App Store
1608,Steam
1608,Google Play
1608,itch.io
13975,Steam
20690,Steam
13233,Steam
6434,App Store
6434,Steam
14293,Steam
18560,Steam
727317,GOG
727317,Steam
60973,GOG
60973,Steam
16705,Steam
19532,Steam
286525,PlayStation Store
286525,GOG
286525,Steam
286525,Xbox Store
1121,Steam
1121,PlayStation Store
1121,Google Play
1121,App Store
22468,Steam
3536,PlayStation Store
3536,Steam
3536,Xbox 360 Store
17002,Steam
3054,PlayStation Store
3054,Nintendo Store
395971,GOG
395971,Steam
395971,Nintendo Store
395971,Epic Games
395971,PlayStation Store
1740,PlayStation Store
1740,Xbox Store
1740,Steam
4313,PlayStation Store
5360,GOG
21628,Steam
22391,Steam
58559,PlayStation Store
58559,Xbox Store
801101,GOG
801101,Epic Games
801101,Steam
16925,Steam
39785,Xbox 360 Store
505782,Steam
20139,Steam
11113,Steam
11113,GOG
11113,Xbox Store
514894,Steam
19394,Steam
19394,GOG
593358,Epic Games
593358,Steam
593358,GOG
19082,Steam
17404,Steam
677262,Xbox Store
677262,Steam
742,Xbox Store
742,PlayStation Store
42930,PlayStation Store
42930,Xbox Store
18982,Steam
17411,Steam
14925,Steam
11002,Steam
27984,Nintendo Store
16313,Steam
61664,Steam
61664,Nintendo Store
61664,PlayStation Store
61664,Xbox Store
20800,Steam
11750,Steam
12065,Steam
558972,Steam
558972,Nintendo Store
1428,PlayStation Store
1428,Steam
59898,Steam
59898,GOG
752097,PlayStation Store
752097,Steam
31454,Steam
31454,GOG
51673,Not Specified
301511,Not Specified
38642,Steam
20296,Steam
258398,itch.io
258398,Nintendo Store
258398,GOG
258398,PlayStation Store
258398,Xbox Store
258398,Steam
21556,Steam
21015,Steam
20936,Steam
20936,Google Play
20936,App Store
386,Xbox Store
386,PlayStation Store
386,Steam
386,Google Play
19611,GOG
19611,Steam
23513,App Store
23513,Steam
23513,Google Play
21296,Steam
268426,Steam
61290,Steam
61290,GOG
19656,Steam
22953,GOG
10502,Steam
18074,Steam
19275,Steam
359700,Steam
359700,PlayStation Store
49534,Epic Games
49534,Nintendo Store
49534,PlayStation Store
49534,Steam
49534,Xbox Store
23739,PlayStation Store
23739,Nintendo Store
23739,Xbox 360 Store
23739,Steam
17951,Steam
60899,GOG
60899,Nintendo Store
60899,Steam
58929,PlayStation Store
58929,Xbox Store
58929,Steam
58929,Nintendo Store
51320,PlayStation Store
51320,Nintendo Store
51320,Xbox Store
51320,Steam
3626,PlayStation Store
3626,Steam
13609,Steam
13609,GOG
18660,Steam
21565,Steam
20730,Steam
9760,Steam
41162,Not Specified
650626,Steam
650626,GOG
23241,Steam
19418,Steam
19418,GOG
14613,Steam
801842,Steam
801842,GOG
18506,Nintendo Store
18506,Steam
20900,Steam
3707,PlayStation Store
3707,Steam
18308,Steam
11128,PlayStation Store
11128,Steam
11128,GOG
11128,Xbox Store
19697,Steam
19697,GOG
52434,Not Specified
23608,Steam
19852,Steam
19852,itch.io
241164,PlayStation Store
241164,Steam
9554,Steam
10159,Steam
56050,Not Specified
10002,Steam
1127,PlayStation Store
1127,Xbox Store
1127,Steam
59349,PlayStation Store
59349,Epic Games
16743,Steam
17441,Steam
29115,Xbox 360 Store
299550,GOG
299550,Xbox Store
299550,Steam
299550,Epic Games
38995,Xbox 360 Store
57879,PlayStation Store
57879,Xbox Store
57879,Steam
10086,Steam
4815,PlayStation Store
4815,Steam
45420,Steam
50275,Steam
5340,PlayStation Store
5340,GOG
21520,App Store
21520,Steam
21520,GOG
21520,Google Play
44508,Nintendo Store
44508,Steam
44508,itch.io
13752,Steam
21483,Steam
17504,Steam
18063,Steam
13662,Steam
13662,Google Play
11911,Steam
11911,Google Play
570172,PlayStation Store
570172,Xbox Store
570172,Nintendo Store
570172,Epic Games
570172,GOG
570172,Steam
18872,App Store
18872,Steam
795479,GOG
795479,PlayStation Store
795479,Steam
18295,Steam
19343,GOG
19343,Steam
37305,Not Specified
19877,Steam
52213,GOG
52213,PlayStation Store
52213,Xbox Store
52213,Steam
471717,Nintendo Store
471717,Steam
471717,itch.io
18553,Steam
53748,Not Specified
21069,Steam
4011,PlayStation Store
18602,Steam
283970,Not Specified
4985,PlayStation Store
4985,Xbox 360 Store
4985,Steam
20710,Steam
21974,GOG
21974,Steam
49335,Steam
5063,PlayStation Store
5063,Nintendo Store
5063,Xbox 360 Store
5063,Xbox Store
18360,Steam
18360,Google Play
18360,App Store
45034,Steam
681570,GOG
681570,Xbox Store
681570,Nintendo Store
681570,Steam
14510,Steam
52106,Not Specified
19583,Steam
10443,GOG
10443,PlayStation Store
10443,Nintendo Store
10443,Steam
12747,Steam
60551,PlayStation Store
60551,Nintendo Store
60551,App Store
60551,GOG
60551,Steam
60551,Xbox Store
5386,PlayStation Store
5386,Steam
59644,Nintendo Store
59644,Steam
17846,Steam
17846,Google Play
17846,App Store
5294,PlayStation Store
5294,Steam
5294,Xbox 360 Store
2172,App Store
2172,PlayStation Store
2172,Steam
2172,GOG
2172,Nintendo Store
2172,Xbox Store
15190,Steam
60731,PlayStation Store
60731,Steam
60731,Xbox Store
60731,Nintendo Store
21578,Steam
60771,App Store
60771,Steam
60771,Nintendo Store
60771,GOG
60771,Xbox Store
60771,PlayStation Store
60771,Google Play
17077,PlayStation Store
17077,Steam
17077,Nintendo Store
12746,Steam
12746,Google Play
12746,App Store
25310,Nintendo Store
25310,PlayStation Store
615052,Steam
24808,Nintendo Store
21032,Steam
19968,Steam
19968,Google Play
58849,Steam
58849,Nintendo Store
58849,Xbox Store
18864,Steam
471018,PlayStation Store
471018,GOG
471018,Nintendo Store
471018,Steam
17704,Steam
980664,Steam
10570,Steam
17884,Steam
16936,GOG
16936,Steam
11346,Steam
21259,Steam
692220,Steam
692220,Epic Games
484881,Steam
484881,GOG
776273,Steam
6830,App Store
6830,Steam
6830,Google Play
7694,App Store
7694,Steam
7694,Google Play
2983,PlayStation Store
16647,Steam
16647,GOG
281889,Steam
15240,Steam
30407,App Store
257277,Steam
61699,Steam
3998,PlayStation Store
3998,Steam
17733,Steam
17733,itch.io
484823,Steam
43946,Nintendo Store
43946,Steam
43946,Google Play
43946,App Store
43946,GOG
257242,Steam
257242,Xbox Store
257242,Nintendo Store
14804,Steam
17036,Steam
655,Steam
655,Google Play
655,App Store
22159,Steam
952122,Steam
952122,GOG
297249,Steam
297249,GOG
52937,Not Specified
17439,Steam
502212,Steam
552995,Steam
26914,Nintendo Store
26914,Xbox 360 Store
484832,Steam
824,PlayStation Store
824,Steam
349437,GOG
349437,Steam
21671,Steam
21671,App Store
13244,Xbox Store
13244,Steam
13244,PlayStation Store
14070,App Store
14070,Steam
14070,GOG
17512,Steam
12710,Steam
11865,Nintendo Store
11865,Steam
18620,Steam
19904,Steam
19904,itch.io
7161,Steam
7161,App Store
364870,Steam
364870,PlayStation Store
14275,Steam
23385,PlayStation Store
23385,Nintendo Store
23385,Steam
23385,Xbox Store
341619,Steam
341619,Nintendo Store
341619,PlayStation Store
28345,Xbox 360 Store
53196,Not Specified
21323,Steam
20565,Steam
49873,Steam
17244,Steam
10719,Steam
10719,GOG
10506,Steam
9622,PlayStation Store
9622,Steam
9622,Xbox Store
9622,Nintendo Store
9622,itch.io
3381,PlayStation Store
3381,Google Play
3381,App Store
19976,App Store
19976,Steam
19976,Google Play
13730,Steam
17076,Steam
566447,Epic Games
566447,Steam
566447,GOG
47595,Steam
28569,Xbox 360 Store
747505,Nintendo Store
427972,Steam
461648,Steam
17525,Steam
19788,Steam
20619,Steam
20619,itch.io
4211,Nintendo Store
982,Not Specified
19783,Steam
6419,App Store
6419,Steam
6419,Google Play
11352,Steam
11352,GOG
11352,PlayStation Store
11352,Xbox Store
49697,Steam
49697,Google Play
60997,Steam
17944,Steam
18068,Steam
18068,itch.io
29243,GOG
29243,PlayStation Store
29243,Xbox Store
29243,Steam
2178,PlayStation Store
2178,Steam
2178,Nintendo Store
13495,PlayStation Store
13495,Steam
17621,Steam
11444,Steam
578186,Steam
18729,Steam
19556,GOG
19556,Steam
9959,Steam
9959,itch.io
9959,Xbox Store
12736,Steam
17723,Steam
380836,App Store
380836,Steam
380836,PlayStation Store
380836,Xbox Store
380836,GOG
49417,Steam
49417,GOG
50688,Steam
21414,Steam
21414,Google Play
21414,App Store
255831,Steam
4273,PlayStation Store
4273,Nintendo Store
4273,Xbox 360 Store
17781,PlayStation Store
17781,Xbox Store
17781,Steam
17781,Nintendo Store
16781,Steam
16781,GOG
16781,Nintendo Store
12525,Steam
12236,Steam
27564,Nintendo Store
11554,Steam
33696,Steam
14688,Steam
14688,GOG
21295,Steam
19421,Steam
46893,PlayStation Store
46893,Nintendo Store
46893,Xbox 360 Store
46893,Xbox Store
74084,App Store
74084,Google Play
605663,Steam
16483,GOG
16483,Steam
23494,itch.io
23494,App Store
23494,Steam
9957,Steam
19789,Steam
302940,GOG
302940,Xbox Store
302940,PlayStation Store
302940,Nintendo Store
302940,Steam
59035,Nintendo Store
59035,GOG
59035,Steam
59035,Epic Games
450238,Steam
450238,PlayStation Store
450238,Xbox Store
14657,Steam
540031,Steam
20643,Steam
59193,PlayStation Store
59193,Steam
59739,PlayStation Store
59739,Xbox Store
59739,Nintendo Store
59739,Steam
19184,Steam
334431,Nintendo Store
17750,Steam
19143,Steam
19164,Steam
19313,GOG
19313,Steam
19313,App Store
570173,GOG
570173,Steam
52872,GOG
52872,PlayStation Store
15763,Steam
404489,GOG
404489,Steam
28312,Xbox Store
28312,Xbox 360 Store
22812,Steam
22812,GOG
21387,Steam
3872,Xbox 360 Store
18015,Steam
20670,Steam
496652,Steam
496652,GOG
16780,Steam
16780,GOG
16780,Nintendo Store
977470,PlayStation Store
977470,Xbox Store
977470,Steam
43516,Steam
15648,Steam
15732,App Store
15732,Steam
15732,Xbox Store
15732,PlayStation Store
10044,Steam
6760,Steam
6760,Google Play
6760,App Store
19578,Steam
61111,Steam
255897,App Store
255897,Steam
255897,Google Play
576518,PlayStation Store
576518,Xbox Store
349671,Steam
20362,Steam
484951,Steam
13307,GOG
13307,Steam
18661,Steam
398416,Epic Games
398416,Steam
398416,Xbox Store
262507,Steam
3142,PlayStation Store
3142,Xbox Store
3142,Steam
3142,Xbox 360 Store
544033,Steam
13976,Steam
13976,Nintendo Store
61200,Epic Games
61200,Steam
21203,Steam
21203,Nintendo Store
13019,Xbox Store
13019,PlayStation Store
13019,Steam
437050,Steam
437050,PlayStation Store
437050,Xbox Store
3127,GOG
3127,PlayStation Store
3127,Xbox Store
3127,Steam
3127,Nintendo Store
3127,Xbox 360 Store
284755,GOG
284755,App Store
284755,Steam
20476,Steam
8308,Steam
8308,Google Play
8308,App Store
736275,PlayStation Store
736275,Epic Games
736275,Steam
736275,Nintendo Store
13774,Steam
21040,Steam
6361,Steam
6361,App Store
17740,Steam
17251,GOG
17251,Steam
17251,Google Play
19676,Steam
12248,Steam
759884,Xbox Store
759884,PlayStation Store
759884,Epic Games
759884,Steam
16831,Steam
16831,GOG
16831,itch.io
288699,Steam
288699,Nintendo Store
288699,Xbox Store
11063,Steam
241070,Steam
306139,GOG
306139,PlayStation Store
306139,Xbox Store
306139,Nintendo Store
306139,Steam
9748,Steam
969106,Steam
20855,Steam
367125,Steam
367125,GOG
16989,Steam
407553,GOG
407553,Xbox Store
407553,Steam
51435,GOG
51435,Steam
51435,Nintendo Store
51435,Epic Games
51435,Xbox Store
51435,PlayStation Store
678680,Steam
678680,GOG
20593,Steam
14599,Steam
5721,Xbox Store
11332,Steam
19820,Steam
15,PlayStation Store
15,Xbox Store
15,Steam
13747,Steam
22962,GOG
11575,Steam
12261,PlayStation Store
12261,Steam
12261,Nintendo Store
32560,Steam
56191,Not Specified
35948,Not Specified
24792,Nintendo Store
24792,Google Play
24792,App Store
616762,Steam
616762,Xbox Store
616762,PlayStation Store
616762,Epic Games
17653,Steam
493453,PlayStation Store
493453,GOG
493453,Steam
493453,Xbox Store
19406,Steam
44609,Steam
2459,Steam
2459,PlayStation Store
20916,Steam
3243,PlayStation Store
3243,Steam
3243,GOG
3243,Xbox 360 Store
3243,Nintendo Store
15885,Steam
18900,Steam
16783,Steam
16783,GOG
16783,Nintendo Store
21656,GOG
21656,Steam
20502,Steam
288800,PlayStation Store
288800,Steam
288800,Nintendo Store
288800,Xbox Store
932691,Google Play
932691,Steam
28771,Nintendo Store
28771,Xbox 360 Store
19492,Steam
973786,Steam
60901,Steam
32110,GOG
54646,Xbox Store
54646,PlayStation Store
54646,Steam
54646,Nintendo Store
54646,GOG
54646,App Store
54646,Google Play
2629,PlayStation Store
2629,Steam
17852,Steam
17852,itch.io
9854,Steam
15735,Steam
327242,GOG
327242,Steam
327242,Nintendo Store
327242,PlayStation Store
327242,Xbox Store
418471,PlayStation Store
418471,Xbox Store
418471,Steam
418471,Google Play
418471,App Store
418471,Nintendo Store
418471,GOG
290899,Steam
378573,Steam
378573,Epic Games
378573,PlayStation Store
378573,Xbox Store
288664,Xbox 360 Store
61213,Steam
42238,Xbox Store
42238,Steam
25116,Nintendo Store
633406,Steam
962020,Steam
1158,Steam
1158,Google Play
1158,App Store
30057,GOG
16923,Steam
17727,Steam
13534,Steam
19169,Steam
11182,Steam
13302,Steam
15297,Steam
379536,GOG
379536,Steam
17230,Steam
5241,PlayStation Store
5241,Nintendo Store
5241,Xbox 360 Store
20977,Steam
3633,PlayStation Store
3633,Steam
3633,Xbox Store
9597,Steam
20600,Steam
42039,Not Specified
44187,PlayStation Store
44187,Steam
44187,GOG
44187,Nintendo Store
44187,Xbox Store
804850,PlayStation Store
804850,Steam
804850,GOG
10718,Steam
750298,itch.io
750298,Steam
11318,Steam
20448,Steam
416810,Steam
416810,Epic Games
416810,GOG
416810,Xbox Store
416810,PlayStation Store
416810,Nintendo Store
20151,Steam
50324,GOG
50324,Steam
50324,PlayStation Store
50324,Xbox Store
10787,Steam
12193,Steam
12193,Nintendo Store
21157,Steam
59691,Steam
41776,Not Specified
10291,Epic Games
10291,PlayStation Store
10291,Steam
10291,Nintendo Store
10291,Xbox Store
17900,Steam
41839,Steam
45567,Steam
19034,Steam
30748,Not Specified
10619,Steam
20921,Steam
18896,Steam
284018,Steam
46471,PlayStation Store
46471,Steam
46471,GOG
46471,Xbox Store
46471,Nintendo Store
28979,Xbox 360 Store
19824,Steam
15866,Steam
16416,Steam
58824,Nintendo Store
44120,Not Specified
536886,Steam
536886,Epic Games
536886,Xbox Store
19194,Steam
303,PlayStation Store
303,Steam
5000,PlayStation Store
5000,Xbox Store
5000,Xbox 360 Store
12939,Steam
62615,Epic Games
62615,GOG
62615,Steam
62615,PlayStation Store
5381,PlayStation Store
17595,App Store
17595,Google Play
17595,Steam
19241,Steam
19241,GOG
20599,Steam
2152,PlayStation Store
2152,Xbox Store
2152,Steam
2152,Nintendo Store
2152,App Store
2152,Google Play
5505,PlayStation Store
5505,Nintendo Store
5505,Xbox 360 Store
10299,Steam
20601,Steam
11948,Steam
20588,Steam
4461,PlayStation Store
21354,Steam
50921,Steam
299615,Epic Games
299615,GOG
299615,Steam
299615,Xbox Store
16884,GOG
16884,Steam
349458,Steam
4067,PlayStation Store
13238,Steam
54751,Xbox 360 Store
43854,Steam
10633,Steam
490417,Nintendo Store
50404,Steam
22433,Steam
15656,Steam
15656,App Store
15656,Google Play
330884,PlayStation Store
330884,Xbox Store
52662,GOG
52662,Steam
611699,Steam
362871,Steam
362871,PlayStation Store
362871,Xbox Store
23156,GOG
23156,Steam
16707,PlayStation Store
16707,Xbox Store
16707,Steam
16707,GOG
16707,Nintendo Store
5970,GOG
5970,Xbox 360 Store
5970,Google Play
5970,Nintendo Store
5970,App Store
262384,Not Specified
54520,Not Specified
16994,Steam
9869,Steam
18682,Steam
18279,Steam
18279,Nintendo Store
20073,Steam
20073,Nintendo Store
975605,Steam
20434,Steam
349634,PlayStation Store
349634,Steam
359354,Steam
359354,App Store
359354,Nintendo Store
17601,Steam
4318,PlayStation Store
4318,GOG
4318,Steam
277920,itch.io
277920,Xbox Store
277920,PlayStation Store
277920,Steam
338387,Steam
338387,Nintendo Store
338387,PlayStation Store
2441,PlayStation Store
49715,Steam
20299,Steam
923014,Nintendo Store
18646,Steam
401804,Nintendo Store
401804,GOG
401804,PlayStation Store
401804,Steam
1207,PlayStation Store
1207,Steam
1207,Nintendo Store
42336,Not Specified
14155,Steam
22808,GOG
20176,Steam
56124,Not Specified
12306,Steam
3847,PlayStation Store
3847,Xbox Store
3847,Nintendo Store
3847,Xbox 360 Store
19613,Steam
19613,itch.io
961204,PlayStation Store
961204,Steam
19358,Steam
19694,Steam
16062,Steam
61061,Steam
61061,PlayStation Store
61061,Xbox Store
11017,Steam
61408,GOG
61408,Steam
61408,itch.io
428354,Steam
428354,App Store
428354,Google Play
36848,Steam
36848,PlayStation Store
36848,GOG
36848,Xbox Store
36848,Nintendo Store
14027,Steam
20310,Steam
20310,itch.io
359317,Steam
880,PlayStation Store
880,Steam
11731,PlayStation Store
11731,App Store
11731,Steam
11731,Google Play
11731,Xbox Store
2684,Xbox Store
2684,PlayStation Store
2684,Steam
2684,GOG
44506,Xbox Store
44506,PlayStation Store
44506,Steam
62964,Steam
62964,itch.io
758591,Steam
758591,GOG
364976,Steam
10101,Steam
10101,PlayStation Store
10101,Xbox Store
21316,Steam
59010,GOG
59010,Steam
2895,PlayStation Store
2895,Steam
18767,Steam
59816,GOG
59816,Steam
251599,Steam
251599,PlayStation Store
19693,Steam
19693,Nintendo Store
27168,Nintendo Store
485193,Steam
362937,Steam
362937,GOG
362937,Nintendo Store
362937,PlayStation Store
362937,Xbox Store
21652,Steam
13790,Steam
10997,PlayStation Store
10997,Steam
10997,GOG
10997,Nintendo Store
10997,Xbox Store
9992,Steam
9992,GOG
23264,Steam
45613,Steam
45613,Nintendo Store
54311,Not Specified
10128,Steam
10128,PlayStation Store
17678,Steam
17678,GOG
20182,Steam
775904,Steam
775904,itch.io
39354,Steam
53804,Not Specified
987039,Steam
718197,Steam
17615,Steam
17615,GOG
22259,Steam
10782,Nintendo Store
10782,Xbox Store
10782,PlayStation Store
10782,Steam
10782,App Store
3689,PlayStation Store
14449,Steam
14449,PlayStation Store
5506,PlayStation Store
21408,Steam
19843,Steam
532167,Steam
532167,PlayStation Store
532167,Epic Games
21742,Epic Games
21742,Steam
21742,GOG
23225,Steam
477,Steam
477,PlayStation Store
20435,Steam
11769,Steam
20816,Steam
15162,Steam
6561,PlayStation Store
6561,GOG
6561,Xbox Store
6561,Steam
6561,Google Play
6561,App Store
3417,PlayStation Store
3417,Steam
3417,Nintendo Store
3417,Xbox Store
3417,Google Play
3417,App Store
20909,Steam
20909,itch.io
351773,Xbox Store
351773,Steam
26002,Nintendo Store
20699,Steam
686816,Nintendo Store
686816,Google Play
686816,App Store
686816,Xbox Store
686816,PlayStation Store
686816,Epic Games
686816,Steam
686816,GOG
23034,GOG
56976,Not Specified
16286,itch.io
16286,Steam
28336,Xbox 360 Store
517383,GOG
517383,Steam
517383,Epic Games
517383,PlayStation Store
517383,Xbox Store
581066,Steam
21718,Steam
54096,Not Specified
645,PlayStation Store
645,Xbox Store
645,Steam
645,GOG
645,App Store
28363,Xbox 360 Store
9552,Steam
16621,Steam
20488,Steam
19067,Steam
15740,Steam
362901,Steam
37384,Steam
11732,Steam
4283,PlayStation Store
11999,Steam
11047,Steam
43737,Steam
11716,Steam
743401,Not Specified
17890,Steam
45603,Steam
674259,Steam
674259,GOG
573193,Steam
573193,App Store
14522,Steam
7089,Steam
7089,App Store
28978,Xbox 360 Store
17074,Steam
8277,App Store
8277,Steam
8277,Google Play
28374,Xbox 360 Store
302917,Steam
3793,PlayStation Store
3793,Steam
3793,Xbox 360 Store
3793,Google Play
20858,Steam
20858,GOG
20858,PlayStation Store
16511,Steam
16511,GOG
17979,Steam
631947,GOG
631947,Steam
484950,Steam
51128,GOG
51128,Steam
840781,PlayStation Store
840781,GOG
840781,Steam
15360,Steam
35590,PlayStation Store
35590,Steam
4175,PlayStation Store
2814,PlayStation Store
2814,Steam
2814,Xbox Store
12803,Steam
842463,Steam
29037,Xbox 360 Store
1389,Steam
1389,App Store
20840,Steam
1025,PlayStation Store
1025,Steam
54380,Nintendo Store
368992,Steam
21608,Steam
1317,App Store
20996,PlayStation Store
20996,Steam
20996,Xbox Store
13835,GOG
13835,Xbox Store
13835,PlayStation Store
13835,Nintendo Store
13835,Steam
22871,GOG
9577,PlayStation Store
9577,Nintendo Store
9577,Steam
9577,GOG
9577,Xbox Store
427462,Epic Games
427462,PlayStation Store
427462,Steam
18152,Steam
9822,Steam
17815,Steam
15214,Steam
19539,Steam
3680,PlayStation Store
2104,PlayStation Store
2880,PlayStation Store
20423,Steam
20119,Steam
9565,Steam
3113,Xbox Store
3113,Steam
3113,Nintendo Store
30469,GOG
30469,Steam
20349,Steam
20349,Google Play
20349,App Store
20797,Steam
14716,Steam
14716,itch.io
11243,Steam
17136,Steam
17136,Xbox 360 Store
17136,GOG
19066,Steam
23154,GOG
23154,Steam
60069,Steam
619344,Steam
619344,Xbox Store
619344,Epic Games
21698,Steam
52815,Not Specified
15339,Steam
16865,Steam
59354,PlayStation Store
59354,Xbox Store
59354,Steam
59354,Nintendo Store
14950,Steam
14950,Nintendo Store
14950,GOG
678695,Nintendo Store
678695,PlayStation Store
678695,GOG
678695,Steam
678695,Epic Games
18354,Steam
79838,Google Play
79838,Steam
29239,PlayStation Store
29239,Epic Games
29239,Steam
3538,PlayStation Store
3538,Xbox Store
3538,Nintendo Store
3538,Xbox 360 Store
678655,Epic Games
678655,Steam
678655,GOG
129,App Store
129,Google Play
129,Xbox Store
129,PlayStation Store
129,Nintendo Store
129,Steam
442850,Epic Games
442850,GOG
442850,Steam
43968,Steam
34997,Google Play
34997,App Store
212,Google Play
212,App Store
418,Steam
418,Google Play
418,App Store
11803,Steam
11803,Xbox Store
11803,Nintendo Store
2281,PlayStation Store
9874,PlayStation Store
9874,Steam
9874,Xbox Store
274764,Not Specified
12,Xbox Store
12,Steam
12,Nintendo Store
12,Epic Games
40841,Not Specified
906504,Steam
10411,Steam
10411,Google Play
10411,App Store
42144,Not Specified
38091,Nintendo Store
21672,Steam
20978,Steam
49976,Steam
359221,Steam
7007,App Store
7007,Steam
12881,Steam
9503,Steam
11416,Steam
11416,Xbox Store
2246,PlayStation Store
2246,Nintendo Store
61549,Steam
18029,Steam
14051,GOG
14051,App Store
14051,Epic Games
14051,itch.io
14051,Steam
15270,Steam
15270,itch.io
508546,Steam
508546,Xbox Store
508546,PlayStation Store
938122,GOG
938122,Steam
20437,Steam
12656,Steam
492017,Steam
375281,itch.io
375281,Epic Games
375281,Steam
375281,Nintendo Store
375281,App Store
375281,Xbox Store
375281,GOG
26154,Nintendo Store
26154,Xbox 360 Store
20484,Steam
1769,App Store
1769,Steam
61629,PlayStation Store
61629,Xbox Store
61629,Steam
61629,Nintendo Store
11230,Steam
59848,Steam
248481,GOG
248481,PlayStation Store
248481,Xbox Store
248481,Nintendo Store
248481,Steam
248481,App Store
2752,PlayStation Store
2752,Steam
36582,GOG
60752,Xbox Store
60752,Steam
460512,Steam
460512,PlayStation Store
460512,Xbox Store
19159,Steam
19159,GOG
3625,PlayStation Store
484837,Steam
308,Nintendo Store
308,PlayStation Store
308,Xbox Store
308,Steam
19443,Steam
18834,Steam
11078,Steam
11365,Steam
11365,GOG
54481,Not Specified
9601,Steam
327256,Nintendo Store
327256,Steam
327256,PlayStation Store
327256,Xbox Store
15510,GOG
15510,Steam
52295,PlayStation Store
973539,PlayStation Store
973539,Xbox Store
973539,Steam
21409,itch.io
21409,Steam
21409,Google Play
47330,Steam
47330,Xbox Store
58763,Steam
58763,Xbox Store
272509,PlayStation Store
272509,Xbox Store
272509,Steam
18114,Steam
15155,Steam
14470,Steam
672323,App Store
672323,Nintendo Store
672323,Steam
10750,Steam
18738,Steam
368994,Xbox Store
368994,PlayStation Store
368994,Steam
368994,Nintendo Store
13328,App Store
13328,Nintendo Store
13328,Google Play
13328,Steam
12834,Steam
15988,Steam
15988,itch.io
3945,PlayStation Store
3945,Steam
3945,Nintendo Store
3945,Xbox 360 Store
680065,Epic Games
680065,Steam
44995,Steam
45319,Steam
830178,Steam
29154,Xbox 360 Store
286584,PlayStation Store
286584,Xbox Store
286584,Epic Games
286584,Steam
286584,Nintendo Store
5452,Steam
5452,PlayStation Store
635365,Google Play
635365,Steam
635365,App Store
58297,GOG
5327,PlayStation Store
59369,PlayStation Store
59369,App Store
59369,Google Play
11234,Steam
20618,Steam
20618,itch.io
52293,PlayStation Store
52293,App Store
52293,Google Play
52293,Steam
52293,Nintendo Store
52293,Xbox Store
5458,Steam
5458,PlayStation Store
15351,PlayStation Store
15351,Xbox Store
15351,Nintendo Store
15351,Steam
17531,App Store
17531,Steam
22331,Steam
1619,GOG
1619,PlayStation Store
1619,Steam
1619,Nintendo Store
1619,Google Play
1619,Xbox Store
1619,App Store
484668,Steam
20210,Steam
24442,Nintendo Store
24442,Steam
57794,Not Specified
484813,Steam
43464,App Store
43464,Steam
20666,Steam
12180,Steam
378625,App Store
378625,Google Play
10679,Xbox Store
10679,Nintendo Store
10679,Steam
10679,GOG
10679,PlayStation Store
12000,Steam
622518,Steam
622518,GOG
622518,Epic Games
51092,Steam
51092,GOG
60261,Steam
28269,Xbox 360 Store
21657,Steam
326988,Steam
45561,App Store
45561,Steam
45561,Nintendo Store
45561,Google Play
10996,Steam
16941,Steam
327211,Steam
327211,PlayStation Store
327211,App Store
327211,Epic Games
327211,Google Play
19190,PlayStation Store
19190,App Store
19190,Steam
19190,Xbox Store
19190,Google Play
19190,GOG
721077,Epic Games
721077,Nintendo Store
721077,Steam
721077,GOG
17605,Steam
20817,Steam
53129,PlayStation Store
53129,App Store
53129,Nintendo Store
53129,Steam
53129,Xbox 360 Store
3306,Xbox Store
3306,Steam
3306,Nintendo Store
301619,Steam
22493,Steam
14117,Steam
386511,Steam
386511,GOG
650649,Steam
26188,PlayStation Store
26188,Nintendo Store
31298,App Store
722617,Epic Games
722617,Steam
16819,Steam
16819,Nintendo Store
36018,Steam
236733,Nintendo Store
236733,PlayStation Store
236733,Steam
14799,Steam
4433,PlayStation Store
4433,Xbox 360 Store
18895,Steam
17712,Steam
18283,Steam
18283,Xbox 360 Store
50313,Steam
50313,GOG
50313,PlayStation Store
288681,GOG
288681,Steam
19450,Steam
22001,Steam
306030,Steam
614952,App Store
614952,Steam
614952,GOG
28700,Xbox 360 Store
43752,PlayStation Store
43752,Xbox Store
20886,GOG
20886,Steam
10127,Steam
10127,GOG
484501,Nintendo Store
484501,Epic Games
484501,PlayStation Store
484501,Xbox Store
19546,Steam
19546,App Store
10360,Steam
24329,Nintendo Store
28561,PlayStation Store
28561,Xbox 360 Store
28561,Xbox Store
60191,Xbox 360 Store
60191,Steam
18067,Steam
12480,Steam
16528,Steam
12134,Steam
17249,Steam
13472,Steam
13472,PlayStation Store
17116,Steam
16660,Steam
20784,Steam
18132,Steam
18132,Nintendo Store
18132,App Store
20629,Steam
57944,Not Specified
28438,Xbox 360 Store
11538,Steam
11538,Xbox Store
18269,Steam
18269,Nintendo Store
359291,Steam
11634,Steam
5716,App Store
5716,Xbox Store
5716,Steam
5716,PlayStation Store
5716,Google Play
1239,Xbox Store
1239,PlayStation Store
1239,Steam
1239,Google Play
1239,App Store
997,App Store
997,Steam
997,GOG
997,Google Play
1115,PlayStation Store
1115,Xbox Store
8586,Xbox Store
8586,Steam
850683,PlayStation Store
850683,Steam
850683,Nintendo Store
65163,Steam
7712,Xbox 360 Store
7712,Xbox Store
589,PlayStation Store
589,Xbox Store
589,Steam
589,GOG
21952,PlayStation Store
21952,Nintendo Store
21952,Xbox 360 Store
21767,Steam
52170,PlayStation Store
52170,Steam
18669,Steam
17864,GOG
17864,Steam
331090,PlayStation Store
331090,Steam
20390,Steam
24227,Xbox 360 Store
24227,Nintendo Store
21310,Steam
12385,Steam
14174,Steam
13553,Steam
20506,Steam
49057,Steam
49057,Nintendo Store
49057,PlayStation Store
49057,Google Play
49057,App Store
49057,Xbox Store
959976,Nintendo Store
959976,Steam
17042,Steam
26055,Nintendo Store
295014,Steam
295014,Epic Games
4061,PlayStation Store
4061,Xbox 360 Store
29787,GOG
29787,Steam
1613,Xbox Store
1613,PlayStation Store
1613,Steam
254652,Steam
254652,Xbox Store
7886,Steam
7886,Google Play
7886,App Store
18343,Steam
322364,Steam
322364,Epic Games
52996,Not Specified
21636,Steam
10702,Steam
10702,GOG
20767,Steam
695797,Xbox Store
38701,Steam
10295,Steam
10295,GOG
10295,PlayStation Store
10295,Nintendo Store
10295,Xbox Store
1459,PlayStation Store
1459,Xbox Store
1459,Steam
1459,Nintendo Store
2943,PlayStation Store
2943,Steam
2943,App Store
11317,Steam
19934,Steam
17222,Steam
62654,Steam
53088,Steam
53088,GOG
53088,Nintendo Store
10790,Steam
5662,PlayStation Store
5662,Nintendo Store
5662,Xbox 360 Store
756587,Steam
694432,Steam
694432,Nintendo Store
694432,GOG
30520,Not Specified
810294,Steam
323093,Steam
25465,Nintendo Store
25465,Xbox 360 Store
263580,Steam
17856,Steam
365,PlayStation Store
365,Xbox Store
365,Steam
382765,Steam
20235,Steam
52080,Steam
52080,PlayStation Store
52080,Xbox Store
52080,GOG
52080,Nintendo Store
397479,Steam
397479,Nintendo Store
397479,Epic Games
60957,GOG
60957,Steam
60957,Nintendo Store
60957,Xbox Store
7797,App Store
7797,Steam
17596,Steam
17720,Steam
44828,Steam
12895,Steam
40201,Xbox 360 Store
10377,PlayStation Store
10377,Steam
10377,Xbox Store
10377,GOG
10377,Nintendo Store
2334,PlayStation Store
743389,Steam
11088,Steam
989947,Steam
29232,Steam
29232,Xbox Store
29232,PlayStation Store
20775,Steam
3544,Steam
3544,PlayStation Store
29149,Xbox Store
29149,Xbox 360 Store
32029,GOG
32029,Steam
18266,Steam
15428,App Store
15428,Steam
5378,PlayStation Store
5378,Steam
5378,Nintendo Store
51205,Google Play
51205,Steam
21758,Steam
12131,Steam
67478,Google Play
67478,App Store
3000,App Store
3000,Steam
3000,Nintendo Store
3000,Google Play
3000,GOG
43903,Steam
836447,Nintendo Store
836447,Xbox Store
836447,PlayStation Store
836447,Epic Games
836447,Steam
13543,Steam
13543,itch.io
19238,Steam
801122,Xbox Store
801122,PlayStation Store
801122,Steam
801122,GOG
16731,Steam
21600,Steam
18873,Steam
18873,Google Play
18873,App Store
46568,Nintendo Store
46568,Steam
14686,Steam
13078,Xbox Store
13078,GOG
13078,Steam
13078,Nintendo Store
614960,Steam
614960,GOG
614960,Epic Games
10678,Steam
963,PlayStation Store
963,App Store
963,Steam
2400,PlayStation Store
2400,Steam
10305,Steam
10305,Google Play
16942,Steam
378580,Steam
378580,Google Play
812168,Steam
699114,GOG
699114,Steam
24508,Nintendo Store
16830,Steam
16830,itch.io
248474,App Store
248474,Steam
248474,Xbox Store
248474,GOG
248474,PlayStation Store
248474,Epic Games
248474,Nintendo Store
20226,Steam
17958,Steam
16544,Steam
17889,App Store
17889,Steam
17889,Google Play
16609,Steam
16609,GOG
54095,Not Specified
366894,GOG
366894,PlayStation Store
366894,Xbox Store
366894,Steam
366894,Nintendo Store
19814,Steam
20625,Steam
9839,Steam
2718,App Store
2718,PlayStation Store
2718,Nintendo Store
2740,Not Specified
58939,GOG
58939,App Store
58939,Steam
58939,Nintendo Store
58939,Xbox Store
58939,Epic Games
46533,PlayStation Store
46533,Steam
46533,Nintendo Store
46533,GOG
46533,Xbox Store
4167,PlayStation Store
32965,Not Specified
385406,Steam
385406,PlayStation Store
385406,Xbox Store
14949,Steam
14949,GOG
14949,Nintendo Store
3808,Nintendo Store
3808,App Store
14474,Steam
17664,Steam
53781,Not Specified
22985,Google Play
22985,GOG
22985,Steam
18558,PlayStation Store
18558,Steam
18558,Xbox Store
18558,GOG
18558,Google Play
18558,App Store
10500,Steam
10500,Xbox Store
282828,Steam
282828,PlayStation Store
282828,Nintendo Store
244877,Steam
966910,Steam
22476,Steam
51323,Nintendo Store
15810,Steam
28390,Xbox 360 Store
724095,GOG
724095,Steam
724095,itch.io
17484,Steam
564763,Nintendo Store
15265,Steam
44175,Steam
44175,itch.io
57954,PlayStation Store
387292,Steam
21512,Steam
4131,PlayStation Store
4131,Steam
4131,Nintendo Store
59923,Steam
450231,Steam
450231,GOG
2340,PlayStation Store
2340,Steam
2340,GOG
2340,Nintendo Store
2340,Xbox Store
2340,itch.io
5501,PlayStation Store
45693,App Store
45693,Steam
45693,Nintendo Store
45693,itch.io
45693,Google Play
45693,GOG
44184,PlayStation Store
44184,Steam
42455,Not Specified
57518,Not Specified
56196,GOG
56196,Steam
16570,Steam
16570,Xbox Store
52214,PlayStation Store
52214,Steam
17046,Steam
52048,PlayStation Store
52048,Nintendo Store
52048,Steam
52048,Xbox Store
22440,Steam
19657,Steam
537742,Steam
537742,GOG
537742,Epic Games
255293,PlayStation Store
255293,Nintendo Store
255293,Steam
255293,Xbox Store
255293,GOG
17225,Steam
23572,Steam
23572,Nintendo Store
10043,Steam
16631,Steam
17553,Steam
52142,Steam
52142,Xbox Store
52142,Nintendo Store
52142,PlayStation Store
17542,Steam
21352,Steam
20016,Steam
934643,Epic Games
934643,Steam
934643,GOG
35763,Not Specified
17196,Steam
21511,Steam
38663,Steam
15344,Steam
15344,GOG
22563,Steam
22563,PlayStation Store
32986,Steam
32986,GOG
593319,Steam
62526,Steam
58959,Steam
21213,Steam
21213,PlayStation Store
21213,Nintendo Store
14567,Steam
836443,PlayStation Store
836443,GOG
836443,Nintendo Store
836443,Steam
11095,Steam
327214,Xbox Store
327214,Nintendo Store
327214,PlayStation Store
600944,Steam
22096,Steam
966221,Epic Games
966221,Xbox Store
966221,GOG
966221,PlayStation Store
966221,Nintendo Store
966221,Steam
10891,GOG
10891,Steam
27235,Nintendo Store
2192,App Store
2192,Steam
2192,Google Play
9994,Steam
17716,Steam
20153,Steam
61899,Xbox Store
61899,PlayStation Store
61899,Nintendo Store
61899,Steam
61899,App Store
61899,Google Play
14809,Steam
19072,GOG
19072,Steam
18573,Steam
142,PlayStation Store
142,Steam
43970,Steam
20401,Steam
45942,Steam
18065,Steam
17533,Steam
14788,Steam
14788,GOG
21023,Steam
6656,App Store
6656,Xbox 360 Store
29305,Steam
13070,PlayStation Store
13070,Steam
7830,App Store
7830,Steam
18151,Steam
50000,GOG
50000,Steam
376118,Steam
9714,Steam
962025,PlayStation Store
962025,Steam
704793,Steam
704793,PlayStation Store
704793,Epic Games
27392,Nintendo Store
13417,Steam
17285,Steam
13857,Steam
26468,Nintendo Store
26468,Xbox 360 Store
54346,Not Specified
10733,Steam
21524,Steam
21524,GOG
965471,itch.io
965471,Steam
10780,Steam
830232,Steam
272526,Steam
846314,Steam
4281,PlayStation Store
13805,Steam
292845,Steam
292845,Nintendo Store
50825,Steam
262498,Steam
45552,Steam
45552,Xbox Store
45552,PlayStation Store
18309,Steam
799269,GOG
799269,Steam
460519,Steam
3264,Xbox Store
22699,GOG
973835,Steam
7950,Steam
7950,Google Play
7950,App Store
14753,Steam
19485,Steam
5698,Xbox 360 Store
5698,Nintendo Store
58005,PlayStation Store
15569,PlayStation Store
15569,Nintendo Store
15569,Steam
51293,PlayStation Store
51293,Nintendo Store
51293,Steam
13426,Steam
14764,Steam
14764,App Store
52995,Not Specified
14957,App Store
14957,Steam
14957,GOG
36758,Not Specified
21626,Steam
51601,App Store
51601,GOG
51601,Nintendo Store
51601,Google Play
51601,Epic Games
9954,Steam
452607,Steam
452607,GOG
18305,Steam
17722,Steam
502191,GOG
502191,Epic Games
502191,Steam
51978,Xbox Store
51978,PlayStation Store
51978,Steam
51978,GOG
51978,Epic Games
5329,Steam
5329,Xbox 360 Store
331319,Xbox 360 Store
581204,Steam
511723,itch.io
511723,Steam
830059,Steam
983212,Steam
581025,App Store
581025,Steam
19504,Steam
20062,Steam
13413,Steam
57841,PlayStation Store
261261,App Store
261261,Steam
14516,GOG
14516,PlayStation Store
14516,Nintendo Store
14516,Steam
21654,Steam
2068,Nintendo Store
2068,Xbox Store
2068,itch.io
2068,PlayStation Store
2068,Steam
16939,Steam
53435,Not Specified
21100,Steam
10880,Steam
492294,GOG
492294,Steam
492294,Xbox Store
14112,Steam
43885,Steam
20932,Steam
11337,Steam
51531,Nintendo Store
51531,Xbox Store
51531,Steam
23849,Not Specified
4225,PlayStation Store
4225,Nintendo Store
21050,Steam
271414,Steam
271414,GOG
271414,PlayStation Store
271414,Xbox Store
20718,Steam
302881,Epic Games
302881,GOG
302881,Xbox Store
302881,PlayStation Store
302881,Steam
302881,App Store
19396,Steam
20408,Steam
28583,Xbox 360 Store
51857,Steam
11837,Steam
10351,App Store
10351,Steam
10351,Xbox Store
10351,PlayStation Store
10351,Nintendo Store
16052,Steam
16132,GOG
16132,Steam
61326,Steam
19730,Steam
19730,App Store
9691,Steam
9691,Xbox Store
840866,Steam
21963,Steam
471034,PlayStation Store
471034,Steam
485138,Steam
25256,Nintendo Store
25256,Xbox 360 Store
21822,Steam
11896,Steam
17498,Steam
50076,Steam
37818,GOG
37818,Steam
21487,Steam
28380,Xbox 360 Store
3255,PlayStation Store
3255,Steam
333,PlayStation Store
333,Steam
333,Nintendo Store
333,Xbox Store
13013,Steam
15719,Steam
12590,Steam
701,Steam
701,App Store
701,Epic Games
1044,App Store
1044,Steam
1044,Google Play
10741,Steam
5401,PlayStation Store
28795,Steam
28795,Xbox 360 Store
28225,Xbox 360 Store
28225,Xbox Store
20596,Steam
863724,Steam
20812,Steam
12457,Steam
20098,Steam
17820,Steam
58285,PlayStation Store
58285,Nintendo Store
58285,Steam
58285,Xbox Store
677164,Nintendo Store
677164,Xbox Store
677164,PlayStation Store
216298,PlayStation Store
216298,Xbox Store
216298,Steam
987537,Steam
20473,Steam
304329,Steam
304329,Xbox Store
304329,Nintendo Store
304329,PlayStation Store
304329,GOG
857636,Steam
857636,PlayStation Store
857636,Epic Games
14478,Steam
14478,PlayStation Store
364882,Steam
364882,GOG
45222,Steam
385481,Steam
385481,GOG
20711,Steam
20560,Steam
294,App Store
294,Steam
294,Google Play
294,Epic Games
294,itch.io
14168,Steam
268403,Nintendo Store
268403,Steam
268403,PlayStation Store
268403,Xbox Store
13294,Steam
19489,Steam
13714,Steam
14427,Steam
14427,Nintendo Store
12428,Steam
244828,Steam
4150,PlayStation Store
19612,GOG
19612,Steam
846505,Steam
45291,PlayStation Store
45291,GOG
45291,Steam
805004,Steam
805004,App Store
24059,Nintendo Store
978865,GOG
978865,Xbox Store
978865,PlayStation Store
978865,Steam
59202,Not Specified
264744,Steam
264744,GOG
15200,Steam
274789,GOG
274789,Nintendo Store
274789,PlayStation Store
274789,Xbox Store
274789,Steam
274789,Epic Games
276685,Steam
21704,Steam
10334,PlayStation Store
10334,Steam
10334,Nintendo Store
10334,Xbox Store
622517,Epic Games
622517,Steam
20928,Steam
20928,Google Play
20928,App Store
428874,Steam
428874,GOG
428874,Epic Games
3412,PlayStation Store
12295,Steam
12295,App Store
387334,GOG
387334,Steam
16852,Steam
3791,PlayStation Store
959855,Steam
8662,Steam
8662,itch.io
8662,Google Play
8662,App Store
8662,GOG
40887,Xbox 360 Store
14455,Steam
23761,Nintendo Store
708981,GOG
708981,Nintendo Store
708981,Steam
708981,Xbox Store
532487,Steam
5600,PlayStation Store
13863,Steam
59911,Steam
20652,Steam
20652,itch.io
13044,Steam
46018,Nintendo Store
46018,Steam
46018,GOG
46018,itch.io
541282,Steam
49080,Steam
8332,App Store
8332,Steam
46742,Nintendo Store
46742,PlayStation Store
46742,Steam
46742,GOG
13630,Steam
20748,Steam
19917,Steam
21954,Xbox 360 Store
21954,PlayStation Store
21954,Nintendo Store
9632,Steam
10886,Steam
1171,PlayStation Store
1171,Steam
1171,Xbox Store
1171,GOG
15197,Steam
15197,itch.io
409574,GOG
409574,Epic Games
409574,PlayStation Store
409574,Xbox Store
409574,Steam
778212,Steam
21529,Steam
22313,Steam
20801,Steam
17644,GOG
17644,Steam
17644,Google Play
25396,Google Play
25396,Nintendo Store
25396,App Store
13819,Steam
21380,Steam
9521,PlayStation Store
9521,Steam
9521,Xbox Store
40434,Steam
804851,PlayStation Store
804851,Steam
804851,GOG
15374,Nintendo Store
15374,Steam
15374,GOG
15374,itch.io
625837,Xbox Store
625837,Steam
625837,PlayStation Store
813655,Epic Games
813655,Steam
23746,Nintendo Store
288604,Xbox 360 Store
11993,Steam
46286,GOG
46286,Steam
46286,itch.io
20201,Steam
13870,Steam
13870,GOG
50370,Steam
13739,Steam
13739,GOG
32797,Not Specified
12913,Steam
830052,Steam
11712,Steam
16055,Steam
2935,Steam
2935,PlayStation Store
2935,GOG
18332,itch.io
18332,Nintendo Store
18332,Steam
22700,GOG
16740,Steam
16740,GOG
21931,PlayStation Store
15981,Steam
16607,Steam
379605,GOG
379605,Steam
379605,Xbox Store
379605,PlayStation Store
816363,Steam
15289,Steam
15289,GOG
57679,PlayStation Store
7290,Steam
7290,GOG
7290,Google Play
7290,App Store
16497,Steam
12006,itch.io
12006,Steam
13715,Steam
18014,Steam
4554,PlayStation Store
4554,Steam
4554,GOG
45902,Steam
45902,Xbox Store
45902,Nintendo Store
45902,PlayStation Store
15702,Xbox Store
15702,Nintendo Store
15702,PlayStation Store
15702,Steam
20162,Steam
39120,Xbox 360 Store
13291,Steam
21543,Steam
21543,Nintendo Store
49604,Steam
430320,Epic Games
430320,Steam
430320,Nintendo Store
430320,PlayStation Store
471020,GOG
471020,Steam
14477,App Store
14477,Steam
14477,Google Play
20768,Steam
50176,Steam
816324,Steam
4641,PlayStation Store
4641,Xbox 360 Store
319153,Steam
16432,Steam
13727,Steam
11106,Steam
11106,GOG
502116,Epic Games
502116,Steam
45712,Steam
61486,Steam
51213,Steam
51213,Nintendo Store
51213,GOG
18645,Steam
427445,Steam
21516,Steam
21516,itch.io
18824,Steam
18861,Steam
14300,Steam
22455,Steam
5084,GOG
5084,PlayStation Store
399411,Steam
399411,App Store
399411,Google Play
21465,Steam
702395,Google Play
702395,App Store
702395,Steam
16088,Steam
16088,Google Play
10601,Steam
1318,Nintendo Store
1318,PlayStation Store
1318,Xbox Store
1318,Steam
1644,PlayStation Store
1644,Xbox Store
1644,Nintendo Store
20691,Steam
16422,GOG
16422,Steam
445453,GOG
445453,Nintendo Store
445453,App Store
445453,Steam
445453,PlayStation Store
445453,Xbox Store
15518,Steam
16205,Steam
22820,GOG
323075,GOG
323075,Steam
270660,Steam
14674,Steam
9956,Steam
419937,Steam
419937,GOG
20136,Steam
17918,Steam
502155,Steam
9572,Steam
496757,Steam
496757,Epic Games
14037,App Store
14037,Steam
14037,Google Play
21471,Steam
518615,GOG
518615,Steam
518615,Epic Games
9892,Steam
9892,GOG
9751,PlayStation Store
9751,Steam
9751,Xbox Store
22371,Steam
36577,Not Specified
21494,Steam
10392,Steam
16608,Steam
18659,Steam
16592,Steam
11072,Steam
23740,Nintendo Store
309893,Steam
309893,GOG
416036,Epic Games
416036,Steam
416036,Xbox Store
416036,Nintendo Store
416036,PlayStation Store
5350,PlayStation Store
5350,GOG
17813,Steam
10974,Steam
9899,GOG
9899,Steam
9899,Epic Games
35176,Google Play
35176,Steam
20341,Steam
25230,Nintendo Store
548157,Steam
9591,Steam
9591,PlayStation Store
9439,Steam
262346,PlayStation Store
1537,PlayStation Store
1537,Nintendo Store
1537,Steam
1537,Xbox Store
18944,Steam
18944,Google Play
1448,App Store
1448,Google Play
15473,Steam
438620,GOG
438620,Steam
18590,Steam
60894,Steam
25548,Nintendo Store
25548,Xbox 360 Store
339957,Steam
339957,Xbox Store
339957,PlayStation Store
477316,Xbox Store
477316,Steam
477316,PlayStation Store
5641,PlayStation Store
3658,Xbox 360 Store
3658,Xbox Store
3658,Steam
3658,Nintendo Store
55132,PlayStation Store
55132,Nintendo Store
10003,Steam
18498,Steam
19972,Steam
19972,Google Play
18172,Steam
2612,Steam
2612,PlayStation Store
15080,Steam
23755,App Store
23755,Google Play
23755,Nintendo Store
45188,Steam
447808,GOG
447808,Steam
447808,Xbox Store
10566,Steam
494383,Steam
494383,PlayStation Store
41700,Not Specified
398403,Nintendo Store
398403,Steam
382755,Steam
37221,Not Specified
19663,Steam
20949,Steam
19865,Steam
971515,Steam
11105,Steam
4479,Xbox 360 Store
4479,Nintendo Store
20621,Steam
10608,Steam
22477,Steam
22708,GOG
15435,Steam
15435,GOG
19878,Steam
53973,Not Specified
21666,Steam
262390,itch.io
262390,Nintendo Store
262390,Steam
41738,Steam
41738,PlayStation Store
44728,Steam
522990,Steam
19055,Steam
19055,PlayStation Store
364954,Epic Games
364954,Steam
364954,GOG
627556,Steam
295125,PlayStation Store
295125,Steam
295125,GOG
60629,Steam
415180,Nintendo Store
415180,Steam
415180,Xbox Store
415180,App Store
415180,PlayStation Store
15563,Steam
850708,Steam
850708,PlayStation Store
23738,PlayStation Store
23738,Nintendo Store
23738,Xbox 360 Store
16274,Steam
17147,Steam
5373,PlayStation Store
5373,Steam
5373,Xbox 360 Store
28964,Xbox 360 Store
987121,Steam
987121,itch.io
11169,Steam
11169,GOG
22998,GOG
30112,Not Specified
16757,Steam
16297,Steam
5605,PlayStation Store
5605,Xbox 360 Store
17280,Steam
19368,Steam
57475,Google Play
57475,App Store
39405,PlayStation Store
14475,Steam
351828,Epic Games
351828,PlayStation Store
351828,App Store
351828,Google Play
351828,Xbox Store
351828,Nintendo Store
32674,Not Specified
23007,GOG
23007,Steam
2004,App Store
2004,PlayStation Store
2004,Nintendo Store
19996,App Store
19996,PlayStation Store
19996,Nintendo Store
19996,Xbox Store
19996,Steam
19996,Google Play
22728,GOG
21430,Steam
5568,PlayStation Store
5568,Steam
5568,Xbox 360 Store
2249,PlayStation Store
522978,Epic Games
522978,Steam
522978,GOG
522978,Xbox Store
522978,PlayStation Store
16924,PlayStation Store
16924,Xbox Store
16924,Steam
16924,Google Play
16924,App Store
23935,Nintendo Store
1543,Xbox Store
1543,PlayStation Store
1543,Steam
1543,Nintendo Store
60732,Steam
14654,Steam
14584,Steam
3484,PlayStation Store
388314,Epic Games
57891,App Store
57891,Google Play
4496,PlayStation Store
4496,Steam
4496,Xbox 360 Store
47444,Steam
17047,Steam
9777,Steam
292945,PlayStation Store
292945,Xbox Store
292945,Nintendo Store
292945,Steam
11420,App Store
11420,Steam
10508,Steam
51149,Steam
51149,GOG
383800,App Store
383800,Steam
383800,Epic Games
8611,Steam
8611,App Store
8611,Google Play
9864,Steam
61218,PlayStation Store
61218,Nintendo Store
61218,Xbox Store
61218,Steam
27519,Nintendo Store
21375,Steam
15379,Steam
376982,Steam
41456,Steam
41456,PlayStation Store
357246,Not Specified
982711,GOG
982711,Steam
428391,Steam
49282,Steam
50733,PlayStation Store
50733,Steam
50733,App Store
16588,Steam
49800,Epic Games
49800,Steam
49800,Google Play
14870,Steam
14870,Nintendo Store
267710,Steam
267710,App Store
267710,Google Play
267710,GOG
481905,Epic Games
481905,Nintendo Store
481905,Steam
481905,GOG
787592,Xbox 360 Store
787592,Xbox Store
4406,PlayStation Store
4406,Steam
4406,Xbox 360 Store
746,PlayStation Store
19916,Steam
16741,Steam
16741,GOG
17523,Steam
3252,PlayStation Store
3252,Xbox Store
3252,Steam
3252,GOG
3252,Nintendo Store
18133,Steam
30669,Not Specified
311642,Steam
311642,GOG
311642,Google Play
945034,Steam
945034,GOG
5684,Xbox 360 Store
718167,Steam
17796,Steam
19875,Steam
13112,Steam
13112,GOG
16875,Steam
485118,Steam
681467,Steam
973289,App Store
973289,Steam
21361,Steam
32781,GOG
496649,Steam
496649,Nintendo Store
496649,PlayStation Store
496649,Xbox Store
9620,Steam
19684,Steam
19684,itch.io
15898,Steam
20910,Steam
18261,Steam
13475,Steam
364872,Steam
364872,PlayStation Store
364872,Xbox Store
16946,Steam
1914,App Store
1914,Nintendo Store
1914,Google Play
20727,Steam
19534,Steam
13109,Steam
19125,Steam
11700,Steam
16920,Steam
19479,Steam
18942,Steam
282899,Steam
912009,PlayStation Store
912009,Epic Games
912009,GOG
912009,Steam
28577,Xbox 360 Store
16863,Steam
16863,Google Play
16863,App Store
11084,Steam
10152,Steam
10343,Steam
10343,GOG
16152,itch.io
16152,Steam
60907,Nintendo Store
60907,Steam
60907,Xbox Store
290928,GOG
290928,Steam
290928,Epic Games
19477,Steam
19477,GOG
52935,Not Specified
16893,Steam
30162,Steam
30162,GOG
46633,Steam
7062,Steam
7062,Google Play
7062,App Store
27324,Google Play
27324,Nintendo Store
27324,App Store
50755,PlayStation Store
50755,Steam
50755,Xbox Store
11536,Steam
616671,Steam
21092,Steam
16633,Steam
20907,Steam
25100,Nintendo Store
21135,Steam
20436,Steam
10124,Steam
21121,Steam
983925,Steam
17986,Steam
17986,Nintendo Store
257342,Steam
257342,itch.io
17714,Steam
17714,GOG
17714,App Store
21741,Steam
17948,Steam
45417,Steam
45417,Xbox Store
45417,Nintendo Store
45417,PlayStation Store
14627,Steam
739606,Steam
428775,Steam
428775,Xbox Store
428775,GOG
6625,Nintendo Store
6625,Xbox Store
6625,Steam
11328,Steam
972403,Steam
3418,PlayStation Store
3418,Steam
19245,Steam
532418,Steam
10708,Steam
485219,PlayStation Store
485219,Steam
24033,Not Specified
10339,Steam
10339,App Store
844372,Steam
5559,PlayStation Store
19113,Steam
10614,Steam
449165,Steam
449165,GOG
449165,Epic Games
755616,GOG
755616,Steam
755616,itch.io
10736,Steam
10903,Steam
18368,Steam
29082,Xbox 360 Store
21141,Steam
21476,Steam
21476,App Store
19008,App Store
19008,Steam
19008,Google Play
20471,Steam
16473,GOG
16473,Steam
35225,Not Specified
14553,Steam
14553,Google Play
1540,Xbox Store
1540,Steam
1540,PlayStation Store
30459,Steam
30459,Nintendo Store
30459,GOG
30459,Xbox Store
30459,PlayStation Store
3353,PlayStation Store
3353,Xbox Store
3353,Steam
3353,Xbox 360 Store
10635,PlayStation Store
10635,Steam
50572,PlayStation Store
50572,GOG
50572,Steam
50572,Xbox Store
18265,Steam
801553,Epic Games
801553,Steam
13129,Steam
61315,Steam
41627,App Store
41627,Google Play
53290,Nintendo Store
9679,Steam
13555,Steam
40002,PlayStation Store
14966,Steam
383515,App Store
383515,Google Play
383515,Epic Games
45560,Steam
14761,Steam
19079,Steam
19079,GOG
216268,GOG
216268,Steam
961310,Xbox Store
961310,PlayStation Store
961310,Steam
20217,Steam
20217,GOG
17584,Steam
62145,Steam
530345,Xbox Store
530345,Nintendo Store
530345,Epic Games
530345,Steam
11210,GOG
11210,Steam
4872,Xbox 360 Store
4872,PlayStation Store
674321,Steam
11174,Steam
21732,Steam
481917,PlayStation Store
481917,Xbox Store
481917,Steam
481917,Epic Games
327236,Steam
327236,Nintendo Store
4227,PlayStation Store
4227,Steam
4227,Google Play
4227,Nintendo Store
4227,App Store
12378,Steam
4074,PlayStation Store
4074,GOG
4074,Steam
8368,App Store
8368,Steam
8368,GOG
8368,Google Play
15528,Steam
16187,Steam
11325,Steam
36787,Xbox 360 Store
36787,Steam
778221,Epic Games
778221,Steam
778221,GOG
389007,Steam
833450,Google Play
833450,App Store
833450,Steam
19154,Steam
19154,GOG
442852,Steam
442852,PlayStation Store
442852,Xbox Store
442852,Epic Games
566464,PlayStation Store
566464,Nintendo Store
566464,Steam
566464,GOG
15700,Steam
13862,GOG
13862,Steam
1810,Steam
1810,Nintendo Store
1810,App Store
1898,Xbox Store
1898,Xbox 360 Store
50615,Steam
53108,Not Specified
20167,Steam
20167,Nintendo Store
19842,Steam
872266,Nintendo Store
872266,Steam
872266,Epic Games
743568,Not Specified
14495,Steam
22811,GOG
11734,Steam
11734,Google Play
3001,PlayStation Store
19185,Steam
20702,Steam
11310,Steam
11310,GOG
16836,Steam
20881,Steam
427906,Steam
22909,GOG
22909,Steam
681396,Steam
21263,Steam
1046,Xbox Store
1046,Steam
1046,Nintendo Store
17496,Steam
413866,Steam
413866,GOG
25460,Not Specified
23361,PlayStation Store
23361,Steam
28496,Xbox 360 Store
277931,Steam
277931,GOG
3093,PlayStation Store
3093,Steam
3093,Nintendo Store
12671,Steam
462685,Nintendo Store
462685,Xbox Store
462685,Steam
462685,Epic Games
276653,Xbox Store
276653,Nintendo Store
276653,itch.io
276653,GOG
276653,Steam
3703,Steam
3703,PlayStation Store
18501,Steam
23488,Steam
23488,GOG
23642,Steam
23642,Nintendo Store
20799,Steam
12626,Steam
20500,Steam
9819,GOG
9819,Steam
9819,Nintendo Store
9819,PlayStation Store
45662,PlayStation Store
45662,Steam
336535,Xbox Store
336535,PlayStation Store
17418,Steam
306034,itch.io
306034,Steam
45057,GOG
45057,Steam
44213,Steam
44213,GOG
44213,Google Play
44213,App Store
9275,App Store
9275,Steam
57177,Not Specified
23507,Steam
21267,Steam
19009,Steam
19009,App Store
19009,Google Play
19463,Steam
45408,Steam
17340,Steam
879558,GOG
879558,Nintendo Store
879558,Steam
485209,Steam
13281,Steam
13281,PlayStation Store
13281,Google Play
13281,App Store
13281,Nintendo Store
13281,Xbox Store
20215,Steam
16919,Steam
28109,PlayStation Store
28109,Steam
21789,Steam
370239,Steam
20539,Steam
787775,Steam
787775,GOG
971889,Xbox Store
971889,Nintendo Store
971889,GOG
971889,Steam
44316,Steam
44316,itch.io
1628,Google Play
1628,App Store
16748,Steam
19028,Steam
7764,App Store
7764,Steam
854351,Steam
19290,GOG
19290,Steam
23051,Steam
23051,GOG
563370,Steam
563370,GOG
563370,itch.io
21817,Steam
281878,Steam
14668,Steam
625,App Store
625,Steam
625,Nintendo Store
625,Xbox 360 Store
625,Google Play
50567,Steam
50567,Nintendo Store
50567,Google Play
50567,App Store
17434,Steam
17434,GOG
21509,Steam
16640,Steam
607397,Steam
607397,itch.io
17431,Steam
17431,Xbox 360 Store
17431,PlayStation Store
17431,Xbox Store
412478,Steam
412478,Epic Games
688753,Steam
688753,Epic Games
688753,GOG
20829,Steam
20829,Google Play
15985,Nintendo Store
15985,GOG
15985,Steam
15985,App Store
10006,Steam
6316,App Store
6316,Steam
14694,Steam
9727,Steam
19032,Steam
20190,Steam
520300,Steam
520300,PlayStation Store
678558,App Store
678558,Steam
22289,Steam
22289,GOG
9510,Steam
9919,PlayStation Store
9919,Xbox Store
9919,Nintendo Store
9919,Steam
963612,GOG
963612,Steam
18664,Steam
46899,Google Play
46899,Steam
46899,App Store
22403,Steam
7728,Steam
7728,GOG
7728,Google Play
7728,App Store
22807,GOG
16727,Steam
16727,itch.io
50141,Steam
30175,Steam
30175,GOG
589194,Steam
589194,GOG
681395,Steam
63573,Steam
63573,Xbox Store
63573,PlayStation Store
3425,PlayStation Store
3425,Steam
20275,Steam
10217,Steam
21484,GOG
21484,Steam
9983,Steam
9983,GOG
9983,itch.io
644661,Nintendo Store
644661,PlayStation Store
644661,Steam
19073,Steam
19073,GOG
60128,Steam
11080,PlayStation Store
11080,Steam
19981,Steam
18048,Steam
27828,Nintendo Store
62493,Steam
44818,Nintendo Store
44818,Steam
44818,GOG
10458,Steam
10458,GOG
10458,Google Play
59146,PlayStation Store
987515,Steam
19031,Steam
21191,Steam
830182,Google Play
830182,itch.io
830182,Epic Games
830182,GOG
830182,Steam
263631,PlayStation Store
263631,Xbox Store
10646,App Store
10646,Steam
10646,Google Play
46161,Nintendo Store
244699,Steam
244699,Xbox Store
244699,PlayStation Store
428862,Steam
17112,Steam
17112,Google Play
370162,Epic Games
370162,Steam
370162,Xbox Store
370162,PlayStation Store
370162,GOG
20967,Steam
20967,Google Play
20967,App Store
20024,Steam
20024,Google Play
11597,Steam
20363,Steam
982603,Steam
960484,Epic Games
960484,Steam
960484,GOG
27617,Nintendo Store
36393,PlayStation Store
36393,Xbox Store
36393,Steam
13622,Steam
18823,Steam
18823,GOG
50295,Steam
50295,App Store
286572,PlayStation Store
286572,Xbox Store
286572,Nintendo Store
286572,Steam
17858,Steam
62783,Nintendo Store
62783,GOG
62783,Steam
926851,Steam
926851,GOG
62524,Steam
30655,Not Specified
425200,Steam
425200,itch.io
425200,Epic Games
975425,Steam
975425,GOG
269343,App Store
269343,Google Play
269343,Steam
544024,Steam
13681,Steam
13681,Google Play
13681,App Store
891228,PlayStation Store
966589,PlayStation Store
966589,Steam
46142,Steam
46142,App Store
647549,Epic Games
647549,PlayStation Store
647549,Steam
18876,Steam
60041,Steam
17148,Steam
16591,Steam
15848,Steam
32925,Steam
14120,Steam
18935,Steam
11415,PlayStation Store
11415,Steam
20735,Steam
20735,App Store
457900,Steam
457900,GOG
457900,Epic Games
378582,PlayStation Store
378582,Nintendo Store
378582,Steam
28797,Xbox 360 Store
61197,Steam
11086,Steam
21540,Steam
963218,Steam
963218,PlayStation Store
258386,PlayStation Store
258386,Steam
238785,GOG
238785,Nintendo Store
238785,App Store
238785,Steam
28307,Xbox 360 Store
21564,App Store
21564,Steam
21564,GOG
43828,Steam
21211,Steam
63641,Steam
19123,Steam
19123,GOG
3685,Steam
3685,PlayStation Store
795440,Steam
967003,Steam
20015,Steam
20015,Google Play
28726,Xbox 360 Store
58770,GOG
58770,Steam
403796,Steam
783873,GOG
783873,Steam
945130,Epic Games
945130,PlayStation Store
945130,Steam
37329,Not Specified
24558,App Store
24558,Google Play
24558,Nintendo Store
327225,Steam
327225,PlayStation Store
53357,Not Specified
46491,Steam
27930,PlayStation Store
27930,Nintendo Store
27930,Steam
27930,Epic Games
64551,Steam
64551,PlayStation Store
64551,Xbox Store
64551,GOG
64551,Epic Games
13067,Steam
20010,Steam
54074,Not Specified
61257,Steam
254410,itch.io
254410,Steam
16176,Steam
20240,Steam
6454,App Store
6454,Steam
18585,Steam
563269,GOG
563269,Steam
563269,Xbox Store
563269,Epic Games
5791,App Store
5791,Steam
5791,Xbox 360 Store
290009,PlayStation Store
290009,Xbox Store
290009,Nintendo Store
715706,itch.io
376908,Xbox Store
376908,Steam
376908,GOG
376908,Nintendo Store
376908,PlayStation Store
9893,Steam
288865,Steam
288865,App Store
288865,Google Play
17758,Steam
17914,Steam
15846,Steam
21587,Steam
21587,itch.io
10109,Nintendo Store
10109,Steam
9884,Steam
13477,Steam
13477,App Store
21638,Steam
15559,Steam
20610,Steam
350748,Steam
350748,GOG
16691,Steam
19869,Steam
19869,GOG
44699,Steam
16981,Steam
21271,Steam
19937,Steam
28764,Xbox 360 Store
5315,Xbox 360 Store
5315,PlayStation Store
5315,Steam
5315,Nintendo Store
5315,GOG
5315,Xbox Store
3414,PlayStation Store
28313,Xbox 360 Store
41339,Steam
14893,Steam
14893,itch.io
16778,Steam
16778,GOG
16778,Nintendo Store
46322,PlayStation Store
46322,Epic Games
46322,Steam
4533,PlayStation Store
59733,Steam
19094,Steam
19471,Steam
15868,Steam
816420,Steam
17048,Steam
59125,Not Specified
32785,Not Specified
21570,Steam
586197,Epic Games
586197,GOG
586197,Steam
586197,Nintendo Store
21762,Steam
22016,Steam
13610,Steam
15386,PlayStation Store
15386,Steam
15386,Nintendo Store
15386,Xbox Store
10913,Steam
11183,Steam
16594,Steam
10430,Steam
262419,Steam
618,Steam
618,Google Play
618,App Store
2089,PlayStation Store
2089,Xbox Store
2089,Steam
2089,App Store
6044,App Store
6044,Steam
6044,Google Play
5623,PlayStation Store
5623,Nintendo Store
15614,Steam
581177,Steam
30194,Steam
30194,GOG
43426,Not Specified
10556,Steam
10556,PlayStation Store
10556,Nintendo Store
17557,Steam
21525,Steam
10576,Steam
10576,Xbox Store
10576,PlayStation Store
28411,Xbox 360 Store
60547,App Store
60547,Steam
25198,Nintendo Store
45245,PlayStation Store
45245,Epic Games
45245,Google Play
45245,Xbox Store
45245,Nintendo Store
45245,Steam
45245,App Store
276032,Google Play
276032,App Store
4050,PlayStation Store
419941,GOG
419941,Steam
688844,Steam
447828,GOG
447828,Steam
485154,Steam
52891,Not Specified
12376,Steam
378578,Steam
282818,Epic Games
25153,Nintendo Store
5769,App Store
5769,Steam
5769,Google Play
22382,Steam
12871,PlayStation Store
12871,Steam
45867,PlayStation Store
45867,GOG
45867,Nintendo Store
45867,Xbox Store
45867,itch.io
18679,Steam
10225,Steam
461747,Steam
461747,Epic Games
15599,Steam
776391,GOG
776391,Steam
4350,PlayStation Store
4350,Nintendo Store
4350,Xbox 360 Store
45872,Steam
45872,Google Play
19965,App Store
19965,Steam
19965,Google Play
28417,Xbox 360 Store
54097,Not Specified
4531,PlayStation Store
13183,Steam
984858,Steam
11333,Steam
244717,PlayStation Store
244717,Steam
1084,PlayStation Store
286581,Steam
286581,Epic Games
799267,PlayStation Store
799267,Steam
428894,Steam
428894,Xbox Store
428894,PlayStation Store
11165,Steam
11165,PlayStation Store
11165,Xbox Store
11165,Nintendo Store
12112,Steam
949931,Steam
17038,Steam
2987,PlayStation Store
46167,Steam
63189,PlayStation Store
63189,Xbox Store
63189,Epic Games
63189,Nintendo Store
63189,GOG
63189,Steam
63189,App Store
14197,Steam
46698,Steam
961206,PlayStation Store
961206,Steam
13155,App Store
13155,Steam
13155,Google Play
41606,Xbox 360 Store
601,Xbox Store
9661,Steam
5690,Steam
5690,Nintendo Store
5690,Xbox 360 Store
303875,Steam
303875,itch.io
13083,Steam
47109,App Store
47109,Steam
21083,itch.io
21083,Steam
106419,itch.io
23606,Steam
285682,Steam
10012,Steam
21651,Steam
21651,Xbox Store
21651,PlayStation Store
10173,PlayStation Store
10173,Steam
18328,Steam
875,PlayStation Store
875,Steam
21347,Steam
21347,GOG
17413,Steam
21601,Steam
21601,Nintendo Store
3143,PlayStation Store
3143,Steam
326273,GOG
326273,Epic Games
326273,Steam
56122,Not Specified
28970,Xbox 360 Store
15018,Steam
489293,Steam
489293,GOG
797945,GOG
797945,Steam
297286,PlayStation Store
297286,GOG
297286,Steam
28542,Xbox Store
28542,Xbox 360 Store
28542,PlayStation Store
836466,Epic Games
836466,Steam
15798,Steam
14221,Steam
49371,Steam
861280,Steam
615054,Steam
428872,GOG
428872,Steam
428872,itch.io
46311,Steam
826879,Steam
826879,GOG
10799,PlayStation Store
10799,Xbox Store
10799,Nintendo Store
10799,Steam
405997,Steam
18099,Steam
18099,Nintendo Store
28356,Xbox 360 Store
680044,Steam
680044,itch.io
23756,Nintendo Store
25854,Nintendo Store
25854,Xbox 360 Store
12202,Steam
12202,Google Play
12202,App Store
19027,Steam
19317,Steam
4848,PlayStation Store
4848,Steam
17524,Steam
17524,GOG
18058,App Store
18058,Steam
18058,Google Play
18089,Steam
44847,Steam
44847,Nintendo Store
46270,App Store
46270,Xbox Store
46270,PlayStation Store
46270,Steam
46270,Google Play
23490,Steam
23490,PlayStation Store
23490,Xbox Store
11842,Steam
11759,Steam
20808,Steam
20808,itch.io
17041,Steam
15524,Steam
19131,Steam
15753,Steam
17823,Steam
251513,Steam
485114,Steam
485114,App Store
16997,Steam
11386,Steam
11386,GOG
16648,Steam
16648,itch.io
14644,Steam
11846,Steam
49283,App Store
49283,Steam
971,App Store
971,PlayStation Store
971,Steam
971,Google Play
413099,Steam
413099,App Store
413099,GOG
36968,Not Specified
708998,Steam
708998,PlayStation Store
49105,PlayStation Store
49105,Steam
49105,Nintendo Store
49105,GOG
49105,Xbox Store
23759,Nintendo Store
16694,Steam
28883,Xbox 360 Store
16744,Steam
21042,Steam
542682,Steam
523065,Steam
59707,PlayStation Store
59707,Xbox Store
59707,Steam
59707,GOG
51579,Steam
49706,Steam
49706,Google Play
9650,Steam
9952,Steam
3178,App Store
3178,Xbox Store
3178,PlayStation Store
3178,Steam
3178,Google Play
3178,Nintendo Store
3129,App Store
3129,PlayStation Store
3129,Steam
3129,GOG
21021,Steam
21021,itch.io
244808,Steam
244808,itch.io
3201,PlayStation Store
3201,App Store
3201,Steam
99733,itch.io
99733,Steam
22354,PlayStation Store
22354,Nintendo Store
22354,Steam
23283,GOG
23283,Steam
50454,PlayStation Store
20912,Steam
14207,Steam
584,PlayStation Store
584,Steam
13968,Steam
13813,Steam
4176,PlayStation Store
4176,Xbox 360 Store
938003,Steam
532388,Steam
19765,Steam
52831,Not Specified
840930,Steam
10045,Steam
563317,Steam
17578,Steam
17578,itch.io
19025,Steam
22776,GOG
14963,Steam
14963,PlayStation Store
14963,Xbox Store
10333,Steam
12433,Steam
15622,Steam
393192,itch.io
393192,Steam
67684,App Store
67684,Steam
67684,Google Play
302823,Epic Games
302823,Nintendo Store
302823,Steam
44039,Steam
10998,Steam
10998,Xbox Store
19798,Steam
613542,Steam
42045,Not Specified
60098,Steam
485043,Steam
443,PlayStation Store
443,Steam
443,App Store
443,Google Play
62068,Steam
62068,Xbox Store
62068,Nintendo Store
62068,Epic Games
350615,Steam
991790,Steam
22268,Steam
16304,Steam
3963,PlayStation Store
3963,Steam
3963,Xbox 360 Store
59233,Xbox Store
61944,Steam
21953,PlayStation Store
21953,Nintendo Store
21953,Xbox 360 Store
15831,App Store
15831,Steam
29077,Xbox 360 Store
44468,Nintendo Store
44468,Steam
9764,Steam
964791,Steam
846466,Steam
13059,Steam
12681,Steam
61823,Steam
16272,Steam
10523,Steam
846442,Steam
11374,Steam
60397,Steam
15154,Steam
59121,Not Specified
21737,Steam
2415,PlayStation Store
2415,GOG
2415,Nintendo Store
2415,Steam
10146,Steam
11861,Steam
11861,GOG
690708,Google Play
690708,Steam
690708,App Store
17330,Steam
58976,PlayStation Store
914783,GOG
914783,Steam
27124,Nintendo Store
484976,GOG
484976,Steam
15455,Steam
4214,PlayStation Store
22881,GOG
47513,Steam
460527,GOG
460527,Steam
312613,Not Specified
274759,Nintendo Store
627562,Steam
56174,Not Specified
898354,Steam
898354,PlayStation Store
898354,Epic Games
926709,Steam
17612,Steam
36789,Steam
21772,Steam
24768,Nintendo Store
24768,Steam
26946,Nintendo Store
43861,Steam
59132,Not Specified
61161,Steam
11653,Steam
11175,Steam
2902,PlayStation Store
353492,Steam
16906,Steam
16906,Google Play
16906,App Store
427946,itch.io
427946,Steam
54541,PlayStation Store
11011,Steam
5117,PlayStation Store
20022,Steam
20022,Google Play
10034,Steam
19026,Steam
10176,PlayStation Store
10176,Steam
10176,App Store
10176,Google Play
10176,Xbox Store
20045,App Store
20045,Steam
22133,Steam
31859,Not Specified
397469,PlayStation Store
397469,Nintendo Store
397469,Steam
397469,Xbox Store
2513,Xbox Store
2513,PlayStation Store
2513,Steam
21800,Steam
21800,itch.io
20115,Steam
818051,Steam
484659,Steam
7576,App Store
7576,Steam
16072,Steam
9583,Steam
12002,Steam
15677,GOG
15677,Steam
15677,itch.io
4564,PlayStation Store
4564,Xbox 360 Store
15909,Steam
428128,Steam
8655,App Store
8655,Steam
24107,Nintendo Store
19244,Steam
13742,Steam
19158,Steam
44916,Steam
25512,Nintendo Store
284756,GOG
284756,Nintendo Store
284756,Steam
52467,Not Specified
587621,Steam
320083,Epic Games
320083,Nintendo Store
320083,Steam
320083,GOG
320083,PlayStation Store
964285,PlayStation Store
964285,Steam
15546,Steam
15546,Nintendo Store
15546,Google Play
15546,App Store
21783,Steam
4141,Xbox Store
4141,PlayStation Store
4141,Xbox 360 Store
3665,PlayStation Store
21385,Steam
973391,Steam
2530,PlayStation Store
2530,Xbox Store
2530,Steam
5477,PlayStation Store
10189,Steam
21574,Steam
16409,Steam
16409,GOG
16903,App Store
16903,GOG
16903,Steam
23392,Steam
53940,Not Specified
35354,Not Specified
17160,Steam
51246,PlayStation Store
19497,Steam
17763,Steam
6938,App Store
6938,Steam
495432,itch.io
495432,GOG
495432,Steam
495432,Epic Games
302935,Steam
25021,Nintendo Store
3006,App Store
3006,Steam
4634,PlayStation Store
12113,Steam
12113,Nintendo Store
12113,App Store
60493,Steam
554708,Steam
554708,GOG
15986,GOG
15986,Steam
22484,Steam
14248,Steam
428664,Nintendo Store
428664,Steam
428664,GOG
4410,PlayStation Store
12203,Steam
43868,Steam
51534,Steam
581147,Steam
285666,Steam
10420,Steam
28503,Xbox 360 Store
22030,Xbox Store
22030,PlayStation Store
22030,Steam
16820,Steam
16820,GOG
11756,App Store
11756,Steam
22022,Nintendo Store
22022,App Store
22022,Steam
22022,PlayStation Store
22022,Xbox Store
840782,PlayStation Store
840782,Steam
302921,Xbox Store
302921,Nintendo Store
302921,Steam
302921,App Store
22077,Steam
46792,Steam
46792,PlayStation Store
753932,Nintendo Store
753932,Steam
753932,PlayStation Store
19827,Steam
19010,App Store
19010,Steam
57540,Not Specified
14647,Steam
11275,Steam
10694,App Store
10694,Steam
61600,Steam
45664,PlayStation Store
45664,Xbox Store
45664,Nintendo Store
17058,Steam
19850,Steam
17479,Google Play
17479,App Store
17479,Steam
17479,Nintendo Store
17479,Xbox Store
12046,Steam
12046,Nintendo Store
61022,Steam
19361,GOG
19361,Epic Games
19361,Steam
9665,Steam
21418,Xbox 360 Store
21418,Steam
21418,Xbox Store
21812,Steam
19279,Steam
830271,Steam
830271,GOG
19124,Steam
251569,Steam
871182,Steam
19745,Steam
40406,Xbox 360 Store
304186,PlayStation Store
12036,Steam
45643,Steam
14904,itch.io
14904,Steam
14904,GOG
427621,Steam
493433,Steam
17566,Steam
63680,Steam
19654,Steam
47603,Steam
490877,Steam
667,Steam
667,App Store
667,Google Play
732437,GOG
732437,Steam
11858,Steam
11097,Steam
11097,App Store
16940,Steam
241044,Not Specified
21796,Steam
2581,Nintendo Store
2581,PlayStation Store
2581,Steam
16844,Steam
59329,PlayStation Store
59329,Xbox Store
59329,Steam
11158,PlayStation Store
11158,GOG
11158,Steam
11158,App Store
19433,Steam
804855,itch.io
804855,Steam
804855,GOG
46657,App Store
46657,Steam
46657,Nintendo Store
46657,Google Play
46657,GOG
15123,Steam
43989,Steam
31584,Steam
31584,GOG
19832,Steam
17377,Steam
18593,Steam
19362,Steam
52357,App Store
52357,Steam
43803,Steam
370240,Steam
370240,GOG
22152,Steam
22405,Steam
12031,Steam
4800,PlayStation Store
4800,Steam
4800,Xbox 360 Store
11586,Steam
18902,Steam
20898,Steam
10388,Steam
10388,Google Play
10388,App Store
59026,Steam
59026,Google Play
23468,Steam
331807,Xbox 360 Store
331807,PlayStation Store
331807,Nintendo Store
331807,Xbox Store
635275,Steam
51134,itch.io
51134,Steam
51134,Nintendo Store
9140,App Store
9140,Steam
3177,PlayStation Store
3177,Xbox Store
3177,Steam
15470,GOG
15470,PlayStation Store
15470,Xbox Store
15470,Steam
15470,itch.io
15470,Nintendo Store
21841,Steam
21841,App Store
13336,Steam
13783,Steam
19077,Steam
19077,GOG
712831,Steam
712831,Google Play
712831,App Store
46351,Steam
28288,Steam
21041,Steam
816323,Steam
49603,Steam
50679,Steam
651320,Xbox Store
651320,Nintendo Store
651320,PlayStation Store
651320,Steam
914904,Steam
914904,GOG
614973,GOG
614973,Steam
58115,PlayStation Store
58115,GOG
58115,Steam
58115,Nintendo Store
58115,Xbox Store
727318,Steam
16565,Steam
16565,Nintendo Store
16565,Google Play
18731,Steam
17408,Steam
4124,PlayStation Store
4124,Nintendo Store
4124,Xbox 360 Store
20094,Steam
3156,PlayStation Store
60567,GOG
60567,Steam
16742,Steam
16742,GOG
53146,GOG
53146,Steam
53146,Xbox Store
53146,PlayStation Store
53146,Nintendo Store
53146,Epic Games
14656,Xbox Store
14656,Steam
306089,Steam
306089,GOG
25190,Xbox 360 Store
25190,Nintendo Store
19090,Steam
9686,Steam
9765,Steam
4048,PlayStation Store
4048,Xbox 360 Store
18599,Steam
10648,App Store
10648,Steam
16881,Steam
51275,Steam
63507,Steam
21227,Steam
58780,GOG
58780,Steam
58780,Xbox Store
58780,PlayStation Store
49326,Nintendo Store
49326,App Store
49326,Google Play
20807,Steam
29114,Xbox 360 Store
704748,Steam
22449,Steam
532522,PlayStation Store
532522,Epic Games
752086,Steam
49868,Xbox 360 Store
29260,Steam
617120,Not Specified
58356,PlayStation Store
58356,GOG
58356,Steam
19393,Steam
12352,Steam
17067,PlayStation Store
17067,Steam
17067,Google Play
17067,Nintendo Store
17067,App Store
13076,Steam
433,PlayStation Store
433,Steam
17783,Steam
43852,Steam
985592,Steam
295102,Steam
295102,Epic Games
19775,Steam
459020,itch.io
459020,Steam
20696,Steam
24939,Nintendo Store
24939,Steam
12878,Steam
6665,Steam
6665,App Store
3448,PlayStation Store
3448,Steam
5309,PlayStation Store
5309,Nintendo Store
5309,Steam
5309,App Store
5309,Google Play
12479,Steam
11885,App Store
11885,GOG
11885,Steam
11885,Google Play
4118,PlayStation Store
10063,GOG
10063,Steam
10063,Nintendo Store
10063,Xbox Store
10063,PlayStation Store
19020,Google Play
19020,App Store
19020,Steam
15083,Steam
479677,Xbox Store
479677,Steam
479677,PlayStation Store
872778,PlayStation Store
872778,Steam
331809,Xbox 360 Store
761451,App Store
761451,itch.io
761451,Steam
761451,GOG
379456,Epic Games
379456,Steam
58495,PlayStation Store
58495,Steam
58495,Xbox Store
60533,Steam
395195,Steam
761348,Steam
761348,GOG
801512,Nintendo Store
801512,Steam
22149,Steam
22149,GOG
21956,PlayStation Store
21956,Nintendo Store
21956,Xbox 360 Store
3263,PlayStation Store
16018,Steam
15183,Steam
15183,Nintendo Store
13635,App Store
13635,Google Play
13635,Steam
28974,Xbox 360 Store
598946,GOG
598946,Steam
598946,itch.io
444384,Steam
444384,PlayStation Store
444384,Xbox Store
444384,App Store
61134,Steam
630693,Steam
34777,App Store
46907,PlayStation Store
46907,Steam
18830,Steam
16153,Steam
3999,App Store
3999,PlayStation Store
3999,Steam
3999,Nintendo Store
3999,Google Play
16891,Steam
14205,Steam
12037,Steam
59931,PlayStation Store
59931,Steam
59931,Xbox Store
44002,Steam
44002,Google Play
44002,App Store
3879,PlayStation Store
3879,Nintendo Store
327237,Steam
327237,PlayStation Store
327237,Xbox Store
327237,Nintendo Store
10312,Steam
10312,GOG
23041,GOG
58925,GOG
58925,Steam
21076,Steam
16996,Steam
18769,PlayStation Store
18769,Steam
40243,Nintendo Store
40243,Xbox 360 Store
65059,Steam
223378,App Store
223378,Nintendo Store
223378,Google Play
12542,Steam
63393,Xbox Store
63393,PlayStation Store
63393,GOG
63393,Steam
28597,Xbox 360 Store
11319,PlayStation Store
11319,Steam
13450,Steam
823653,Steam
373602,Steam
12554,Steam
7729,App Store
7729,Steam
17928,Steam
17928,GOG
12823,Steam
50311,Steam
50311,GOG
38710,Steam
19122,Steam
19122,GOG
51418,Steam
53380,Not Specified
284699,Steam
20639,Steam
12789,Steam
45589,Steam
4024,PlayStation Store
14683,Steam
9569,Steam
9569,GOG
9654,Steam
22082,App Store
22082,Steam
22082,Google Play
19831,Steam
32869,GOG
32869,Steam
23417,Google Play
23417,Nintendo Store
23417,PlayStation Store
23417,Xbox Store
23417,App Store
23417,Steam
471017,Steam
471017,GOG
279621,Steam
14776,Steam
21597,Steam
16590,Steam
17458,Steam
46271,Steam
46271,PlayStation Store
24975,Nintendo Store
9703,Steam
9703,GOG
11345,Steam
10567,Steam
10567,Google Play
12345,Steam
12345,itch.io
14715,Steam
14715,Nintendo Store
11253,Steam
4691,PlayStation Store
4691,Xbox 360 Store
485166,Steam
15583,Steam
241052,Steam
23504,Epic Games
23504,Steam
364972,Steam
364972,Xbox Store
364972,Epic Games
9973,Steam
9973,PlayStation Store
28491,Xbox 360 Store
379603,Steam
12219,Steam
10255,Steam
42151,itch.io
42151,GOG
42151,Steam
31572,Steam
353494,Steam
15007,Steam
593250,PlayStation Store
593250,Nintendo Store
593250,Steam
593250,GOG
593250,Epic Games
61165,Steam
415,App Store
415,Google Play
19267,Steam
20999,Steam
20999,GOG
21297,Steam
37249,PlayStation Store
37249,App Store
37249,Steam
18549,Steam
650650,Steam
650650,Nintendo Store
650650,GOG
650650,Xbox Store
21539,Steam
59344,PlayStation Store
59344,Steam
370125,GOG
370125,PlayStation Store
370125,Xbox Store
370125,Steam
60004,PlayStation Store
60004,Steam
49537,Steam
20400,Steam
43444,PlayStation Store
43444,Steam
43444,Google Play
43444,App Store
43444,Xbox Store
43444,Nintendo Store
427532,Steam
709170,Steam
245088,App Store
245088,Steam
19265,Steam
53467,Not Specified
16444,App Store
16444,Xbox 360 Store
16444,PlayStation Store
16444,Xbox Store
16444,Steam
16444,GOG
58613,Nintendo Store
58613,App Store
58613,Google Play
16421,Steam
18053,App Store
18053,Steam
1734,PlayStation Store
1734,Steam
1734,Xbox Store
14692,App Store
14692,Steam
14692,Google Play
17153,Steam
50711,PlayStation Store
261225,Google Play
261225,App Store
20266,Steam
14031,Steam
19014,Steam
426098,Steam
426098,Epic Games
57215,Not Specified
34818,Not Specified
49122,Steam
49122,GOG
14842,Steam
4019,PlayStation Store
13162,App Store
13162,Steam
13162,Google Play
65041,Nintendo Store
65041,Steam
57048,Not Specified
379485,Steam
53406,PlayStation Store
39964,PlayStation Store
300819,Steam
300819,App Store
451578,Epic Games
451578,PlayStation Store
451578,Xbox Store
451578,Steam
54742,Not Specified
502138,Steam
502138,Epic Games
502138,Xbox Store
309761,GOG
309761,Steam
309761,App Store
309761,Google Play
959748,GOG
959748,Steam
259811,Steam
28039,PlayStation Store
28039,App Store
28039,Steam
28039,GOG
28039,Xbox 360 Store
28039,Xbox Store
28039,Nintendo Store
28039,Google Play
20219,Steam
428789,GOG
428789,Steam
23620,Steam
989580,Steam
19671,Steam
972167,Steam
894601,Steam
894601,App Store
244847,Steam
19042,Steam
1349,App Store
1349,PlayStation Store
1349,Steam
14841,Steam
18403,Steam
3521,PlayStation Store
3521,Steam
3521,Xbox 360 Store
22423,Steam
9707,Steam
12102,Steam
5656,PlayStation Store
5656,Nintendo Store
5656,Xbox 360 Store
14469,Steam
327246,GOG
327246,PlayStation Store
327246,Xbox Store
327246,Steam
19013,Steam
17677,Steam
11211,Steam
15585,Steam
581137,Steam
10712,Steam
13140,Steam
21210,Steam
57840,Not Specified
10968,Steam
16443,Steam
20832,Steam
571756,GOG
571756,Steam
571756,App Store
18225,Steam
59041,Nintendo Store
59041,GOG
59041,Steam
19473,Steam
22248,Steam
15957,Steam
16476,Steam
18569,Steam
21222,Steam
22316,Steam
13879,Steam
13879,GOG
12377,Steam
4474,PlayStation Store
7612,Steam
7612,App Store
20791,Steam
484,App Store
484,Steam
484,Xbox 360 Store
40314,PlayStation Store
40314,Xbox Store
14071,Steam
59667,Steam
376898,Steam
710407,Steam
710407,itch.io
828,App Store
828,Steam
681578,Xbox Store
971652,Steam
10378,Steam
14817,Steam
19392,Steam
56053,Not Specified
10939,Steam
1001843,Xbox Store
1001843,PlayStation Store
1001843,Steam
23052,Steam
23052,GOG
13009,Steam
21606,Steam
673,PlayStation Store
673,App Store
673,GOG
673,Nintendo Store
673,Steam
673,itch.io
673,Xbox Store
673,Google Play
10944,Steam
484505,PlayStation Store
484505,Nintendo Store
484505,Steam
484505,Xbox Store
12745,Steam
12745,Google Play
18056,Steam
18056,App Store
480743,Nintendo Store
480743,App Store
480743,Steam
668024,itch.io
47059,App Store
47059,Steam
63,PlayStation Store
63,Nintendo Store
63,Xbox Store
63,Steam
15370,Steam
2079,GOG
2079,Steam
2079,App Store
2079,Google Play
581085,Steam
28215,Xbox 360 Store
60837,Steam
20882,Steam
18170,Steam
29063,Xbox 360 Store
51492,Steam
11723,Steam
11723,Xbox Store
11723,Nintendo Store
833436,App Store
833436,Epic Games
833436,GOG
833436,Nintendo Store
833436,Steam
53743,Nintendo Store
24356,Nintendo Store
17113,Steam
24075,Nintendo Store
605,Nintendo Store
605,App Store
605,Google Play
14976,Steam
17646,Steam
17646,GOG
17311,Steam
12753,Steam
19593,Steam
22746,GOG
558975,Nintendo Store
650635,Steam
1056,PlayStation Store
1056,Steam
1056,Xbox 360 Store
2736,PlayStation Store
2736,Steam
2736,Nintendo Store
912,PlayStation Store
912,Xbox Store
912,Steam
19870,Steam
19092,Steam
10596,Steam
614,PlayStation Store
614,Steam
614,Xbox Store
614,Nintendo Store
614,App Store
5343,PlayStation Store
16892,Steam
311743,Epic Games
311743,Steam
311743,GOG
10832,Steam
59755,Steam
18580,Steam
53191,Not Specified
3710,PlayStation Store
3710,Steam
3710,GOG
12380,Steam
816474,App Store
816474,Steam
513604,itch.io
15782,Steam
13355,Steam
20257,Steam
20257,GOG
16586,App Store
16586,Steam
16586,Google Play
27973,Nintendo Store
63739,PlayStation Store
63739,Nintendo Store
63739,Steam
14050,Steam
14050,Google Play
14050,App Store
622493,Xbox Store
622493,Steam
61738,Steam
61738,itch.io
54987,itch.io
54987,Steam
27620,Nintendo Store
61248,PlayStation Store
61248,Steam
61248,Nintendo Store
61248,Xbox Store
4619,PlayStation Store
4619,Steam
4619,App Store
4619,Google Play
19011,App Store
19011,Steam
19011,Google Play
27958,Nintendo Store
15631,Steam
4730,PlayStation Store
20306,Steam
20306,Nintendo Store
301536,Steam
44363,PlayStation Store
44363,Nintendo Store
44363,Steam
44363,GOG
44363,Xbox Store
44312,Steam
11111,Steam
826856,Steam
23388,Steam
23388,itch.io
4970,Not Specified
23460,Steam
22674,GOG
18178,Steam
45176,Steam
19030,Steam
9642,Steam
64073,Nintendo Store
64073,Steam
6609,Steam
6609,Nintendo Store
6609,Xbox Store
353491,Steam
19591,Steam
16768,Steam
60796,Steam
60796,Nintendo Store
19706,Steam
45812,Steam
52035,Steam
13840,Steam
58515,Google Play
58515,Steam
58515,App Store
29100,Xbox 360 Store
5405,PlayStation Store
15210,Steam
21420,Steam
380902,PlayStation Store
380902,Nintendo Store
380902,Steam
10984,Steam
351027,Epic Games
351027,Steam
27965,Google Play
27965,App Store
27965,Nintendo Store
20983,Steam
20983,Nintendo Store
14028,Steam
50625,App Store
50625,PlayStation Store
50625,Nintendo Store
50625,Steam
21353,Steam
351787,Steam
21002,Steam
17089,Steam
17089,GOG
18691,Steam
13412,Steam
13941,Steam
21605,Steam
21605,Xbox 360 Store
5276,PlayStation Store
30411,Steam
30411,GOG
9443,Steam
26090,Nintendo Store
13890,Steam
13890,itch.io
493455,Epic Games
493455,GOG
493455,PlayStation Store
493455,Xbox Store
493455,Steam
4266,PlayStation Store
9905,Steam
35183,Not Specified
10264,Nintendo Store
10264,Steam
22866,GOG
44800,Steam
44800,GOG
18552,Steam
31321,Not Specified
559041,Steam
868095,Epic Games
868095,Steam
20823,Google Play
20823,Steam
20823,Xbox 360 Store
20823,Nintendo Store
20823,App Store
23415,Steam
15783,Steam
15749,Steam
20252,Steam
20252,Xbox 360 Store
15049,Steam
507192,Steam
4253,Not Specified
9498,Nintendo Store
9498,Steam
18394,Steam
427484,Steam
23005,GOG
23005,Steam
19015,Steam
43857,Nintendo Store
43857,Epic Games
43857,Steam
60327,Steam
60327,GOG
8730,PlayStation Store
8730,Steam
8730,Nintendo Store
8730,Xbox Store
8730,App Store
49372,Steam
23636,App Store
23636,Steam
23636,Google Play
17784,Steam
50569,Steam
5352,PlayStation Store
23873,Nintendo Store
854488,Steam
44929,Steam
22020,Steam
22020,itch.io
26563,Nintendo Store
19890,Steam
44151,Steam
11517,Steam
17133,Steam
894577,Steam
15450,Steam
430311,Steam
941,PlayStation Store
941,Xbox Store
941,Steam
941,Nintendo Store
18376,Steam
18376,GOG
18376,PlayStation Store
18376,Xbox Store
51066,App Store
51066,Steam
51066,GOG
455517,Epic Games
455517,Steam
455517,GOG
578226,GOG
578226,Steam
578226,Epic Games
578226,Nintendo Store
578226,Xbox Store
61232,Steam
3659,PlayStation Store
3659,Steam
586185,Steam
586185,GOG
586185,Epic Games
455519,Steam
455519,GOG
455519,Epic Games
523169,Steam
523169,PlayStation Store
24916,Nintendo Store
24916,Xbox 360 Store
38511,Xbox 360 Store
635274,Steam
635274,GOG
914781,PlayStation Store
914781,Steam
9927,Steam
9624,Steam
9624,GOG
440,PlayStation Store
440,Steam
440,Xbox Store
17960,Steam
60632,itch.io
60632,Xbox Store
60632,Nintendo Store
60632,PlayStation Store
60632,Steam
46488,Steam
11240,Steam
17521,Steam
627623,Steam
627623,GOG
783847,Steam
45163,Steam
45163,itch.io
19017,Steam
282876,Steam
839131,Steam
372687,Steam
372687,PlayStation Store
372687,Nintendo Store
14693,itch.io
14693,Steam
664964,Steam
61190,Steam
61190,itch.io
2134,PlayStation Store
2134,Steam
2134,Nintendo Store
2134,GOG
10184,Steam
45998,Steam
60320,Steam
47366,Steam
14828,Steam
17855,Steam
45106,Steam
26005,PlayStation Store
26005,Nintendo Store
586123,Steam
20381,Steam
19024,App Store
19024,Steam
19024,Google Play
14778,Steam
484917,GOG
484917,Steam
14783,Steam
14783,itch.io
282931,Steam
13164,App Store
13164,Steam
13164,Google Play
12195,Steam
45301,Steam
14176,Steam
341613,GOG
341613,Steam
22311,Steam
16818,Steam
12519,Nintendo Store
12519,Steam
23565,Steam
23565,PlayStation Store
13659,Steam
45805,PlayStation Store
45805,Steam
59840,Steam
59840,Google Play
17390,Steam
257205,PlayStation Store
257205,Nintendo Store
257205,Steam
10956,Steam
10956,itch.io
63214,Steam
63214,itch.io
14480,Steam
427939,Steam
427939,itch.io
19033,Steam
485095,GOG
485095,Steam
15016,Steam
325020,Steam
19022,Steam
19022,Google Play
19022,App Store
863783,Steam
863783,GOG
611683,Steam
611683,GOG
611683,App Store
611683,Nintendo Store
1438,PlayStation Store
1438,Steam
62407,Steam
62407,itch.io
13411,Steam
15982,Steam
14840,Steam
17490,Steam
17490,App Store
16603,Steam
557729,GOG
557729,Steam
3229,Steam
3229,PlayStation Store
15211,Steam
21022,Steam
513062,Steam
49690,Steam
21358,Steam
21358,itch.io
46927,Steam
60392,Steam
46562,Steam
557754,Steam
64253,itch.io
64253,Steam
823666,Steam
15000,Steam
14642,Steam
10329,Steam
46746,Steam
46746,Nintendo Store
46746,Xbox Store
46746,PlayStation Store
46746,itch.io
23393,Steam
23393,Nintendo Store
46891,PlayStation Store
46891,Steam
46891,GOG
62101,Steam
326260,Steam
326260,itch.io
743757,Steam
19632,Steam
46429,PlayStation Store
46429,Steam
3720,PlayStation Store
3720,Steam
3720,Nintendo Store
844428,Steam
13708,Steam
13708,itch.io
18819,Steam
288591,Steam
62067,Steam
9725,Steam
9725,itch.io
709077,Steam
428052,Steam
428052,PlayStation Store
21441,Steam
21441,itch.io
20346,Steam
397507,App Store
397507,PlayStation Store
397507,Steam
427695,Steam
427695,GOG
64522,Steam
960085,Steam
960085,GOG
18565,Steam
638706,Steam
638706,GOG
46558,Steam
64630,Steam
64630,itch.io
16516,Steam
763330,Steam
763330,itch.io
722684,GOG
722684,Steam
901611,Steam
712559,Steam
302873,GOG
302873,Steam
302873,PlayStation Store
695861,GOG
695861,Steam
695861,itch.io
18020,Steam
16602,Steam
491628,Steam
484571,Steam
300764,Steam
300764,Xbox Store
17393,PlayStation Store
17393,Steam
63070,itch.io
63070,Steam
18488,Steam
14848,Steam
15973,Steam
21331,Steam
21331,itch.io
965406,Steam
12456,Steam
60348,Steam
60353,Steam
412977,itch.io
412977,Steam
17060,App Store
17060,Steam
20067,Steam
349960,GOG
349960,itch.io
349960,Steam
2510,PlayStation Store
2510,Steam
2510,Xbox Store
376949,Steam
11422,Steam
18576,Steam
427483,Steam
15482,Steam
20788,Steam
15100,Steam
15669,Steam
59761,Steam
783821,Steam
251503,itch.io
251503,Steam
44479,Steam
16026,Steam
266225,Steam
16606,Steam
59745,Steam
59745,itch.io
60816,Steam
43856,Steam
44693,Steam
684926,GOG
684926,Steam
823592,Steam
18211,Steam
18211,itch.io
16806,Steam
60250,Steam
1273,PlayStation Store
1273,Steam
646324,Steam
646324,itch.io
18466,Steam
18466,itch.io
62004,Steam
840855,GOG
840855,Nintendo Store
840855,PlayStation Store
840855,Steam
383633,Steam
548033,Steam
548033,Xbox Store
548033,PlayStation Store
548033,App Store
548033,Nintendo Store
3115,Nintendo Store
3115,PlayStation Store
49347,Steam
293455,Steam
293455,Nintendo Store
293455,Xbox Store
21131,Steam
10983,Steam
3438,PlayStation Store
3438,Steam
12739,Steam
11638,Steam
350692,Nintendo Store
350692,Steam
350692,Xbox Store
484530,Steam
484530,PlayStation Store
61409,Steam
61409,App Store
21183,Steam
702397,Steam
45179,Steam
64482,Steam
64482,itch.io
430252,Steam
430252,App Store
430252,Xbox Store
349536,GOG
349536,Steam
14756,Steam
14756,Nintendo Store
14756,Xbox Store
14756,PlayStation Store
47124,Steam
15626,Steam
333100,Steam
333100,PlayStation Store
20586,Steam
505873,Steam
425206,Steam
425206,PlayStation Store
717030,Steam
838141,Not Specified
319152,itch.io
319152,GOG
319152,Steam
319152,PlayStation Store
319152,Xbox Store
23441,Steam
62023,Steam
22347,Steam
51104,Steam
46290,Steam
20258,Steam
430246,Steam
640227,Steam
14479,Steam
14479,Nintendo Store
641710,Steam
21043,Steam
62470,Nintendo Store
62470,Xbox Store
62470,PlayStation Store
62470,Steam
62470,Google Play
326308,Steam
20665,Steam
395968,PlayStation Store
395968,Steam
395968,Nintendo Store
60087,Steam
60104,Steam
295024,Steam
19383,Steam
491934,Steam
13141,Steam
13141,App Store
328005,PlayStation Store
328005,Nintendo Store
328005,Steam
328005,GOG
10464,Steam
44278,Steam
60280,GOG
60280,Steam
60280,Xbox Store
60903,Steam
59764,Steam
20444,Steam
257281,Steam
322382,Steam
322382,GOG
62527,Steam
1085,PlayStation Store
1085,Steam
1085,Xbox Store
10066,Steam
894556,Steam
309765,Steam
462678,Steam
462678,GOG
62510,Steam
301603,Nintendo Store
301603,Steam
17389,Steam
17389,itch.io
15313,Steam
15313,itch.io
18814,Steam
18814,GOG
702376,Steam
62532,Steam
498007,GOG
498007,Steam
50056,Steam
46412,Steam
10620,Steam
64389,Steam
16089,Steam
21686,Steam
21686,itch.io
973376,Xbox Store
973376,PlayStation Store
973376,Steam
973315,Steam
4009,PlayStation Store
4009,Steam
47577,Steam
11456,App Store
11456,Steam
264671,Not Specified
743709,Steam
490697,Steam
21806,Steam
374563,Steam
955681,Steam
17692,Steam
17692,itch.io
62893,Steam
22115,Steam
43774,Steam
14665,Steam
968087,Steam
20393,Steam
52072,Steam
20160,Steam
15401,Steam
11479,Steam
469008,Steam
469008,Nintendo Store
316895,Steam
60276,Steam
60531,Steam
681502,Steam
681502,GOG
19809,Steam
492253,Steam
16470,Steam
46738,GOG
46738,Steam
46738,Google Play
46738,App Store
20682,Steam
650755,Steam
427935,GOG
427935,Steam
641750,Steam
641750,Xbox Store
641750,App Store
45781,Steam
347512,Steam
347512,Nintendo Store
10060,Steam
10060,PlayStation Store
638767,Steam
724096,GOG
724096,Epic Games
724096,PlayStation Store
724096,Steam
724096,Nintendo Store
63348,Steam
854494,Epic Games
854494,Nintendo Store
854494,Steam
854494,GOG
50910,Steam
335630,PlayStation Store
335630,Steam
62209,Nintendo Store
62209,Xbox Store
62209,PlayStation Store
62209,Steam
20155,Steam
681543,Steam
20280,Steam
615478,App Store
615478,GOG
615478,Steam
615478,Nintendo Store
615478,PlayStation Store
615478,Epic Games
17271,Steam
46996,Steam
16513,Nintendo Store
16513,itch.io
16513,PlayStation Store
16513,Xbox Store
16513,Steam
3691,PlayStation Store
3691,Steam
10977,Steam
10977,App Store
10353,Steam
400,PlayStation Store
400,Xbox Store
400,Steam
400,Google Play
400,App Store
566446,Steam
566446,Google Play
566446,GOG
566446,Xbox Store
10850,Steam
288781,Nintendo Store
288781,Steam
3299,PlayStation Store
3299,Steam
11519,Steam
19127,GOG
19127,Steam
4134,PlayStation Store
4134,GOG
4134,Steam
44964,Steam
17406,Steam
952107,Steam
22224,Steam
22074,Steam
22074,itch.io
692687,Steam
692687,Nintendo Store
692687,GOG
298439,Steam
19776,Steam
23345,Steam
23345,PlayStation Store
23345,GOG
838307,Not Specified
684945,GOG
684945,Steam
684945,itch.io
47412,Steam
17008,Steam
490938,Steam
490938,itch.io
17150,Steam
10210,Steam
10210,GOG
566445,PlayStation Store
566445,Xbox Store
566445,Nintendo Store
566445,Steam
13676,Steam
13676,PlayStation Store
484497,Steam
44730,Steam
52345,Steam
52345,PlayStation Store
52345,GOG
257386,Steam
681510,Steam
688900,Steam
15189,Steam
13004,Steam
490436,Steam
19335,Steam
19335,Google Play
49374,Steam
14234,Steam
428287,Steam
428287,Nintendo Store
428287,itch.io
428287,Xbox Store
428287,PlayStation Store
301629,Nintendo Store
301629,PlayStation Store
301629,Steam
938007,Nintendo Store
938007,Steam
459262,GOG
459262,Steam
721055,GOG
721055,Epic Games
721055,Steam
721055,itch.io
22380,PlayStation Store
22380,Steam
22380,Nintendo Store
22380,Xbox Store
46926,Steam
22244,Steam
702304,GOG
702304,Steam
684910,Steam
684910,GOG
684910,Epic Games
15880,Steam
46565,Steam
484878,Steam
18071,Steam
428202,GOG
428202,Steam
44796,Steam
301526,itch.io
301526,Steam
301526,App Store
807062,Steam
19931,Steam
743429,Not Specified
365138,GOG
365138,Steam
365138,App Store
505799,Steam
505799,PlayStation Store
59746,itch.io
59746,Steam
221568,App Store
221568,Steam
221568,Google Play
22594,Steam
16333,Steam
692596,Steam
692596,PlayStation Store
692596,Nintendo Store
61104,Steam
10267,Steam
16807,Steam
16807,App Store
576516,PlayStation Store
576516,Steam
452644,Steam
566555,Steam
51953,Steam
60828,Steam
528766,Steam
528766,GOG
962076,GOG
962076,Steam
11521,Steam
17306,Steam
586172,Steam
586172,itch.io
49802,App Store
49802,Nintendo Store
49802,Steam
49802,itch.io
649064,Steam
911506,Steam
17362,Steam
11963,Steam
29264,GOG
29264,itch.io
29264,Steam
59744,Steam
13360,Steam
481892,Steam
481892,App Store
481892,GOG
349268,Steam
76165,Steam
76165,App Store
13123,Steam
384524,Steam
21990,Steam
881160,Steam
102567,PlayStation Store
102567,Nintendo Store
102567,itch.io
102567,Steam
47367,Steam
308168,Steam
972166,Steam
972166,Epic Games
974481,Steam
974481,App Store
974481,Google Play
430379,Steam
430379,itch.io
428228,Steam
18983,Steam
62100,Steam
23736,Steam
963608,Steam
12168,Steam
427477,Steam
428169,Steam
380790,Not Specified
20134,Steam
765031,GOG
765031,Steam
518658,Steam
16251,App Store
16251,Steam
17673,Steam
14839,Steam
13452,Steam
47506,Steam
51279,Steam
14502,Steam
14762,Steam
917796,Steam
729286,Steam
729286,PlayStation Store
566567,Nintendo Store
566567,PlayStation Store
566567,Steam
826804,App Store
826804,Steam
11509,Steam
7649,Xbox Store
7649,Steam
7649,PlayStation Store
7649,GOG
962320,Steam
962320,App Store
830219,Steam
795414,GOG
795414,Steam
349986,Steam
13594,Steam
15978,Steam
14887,Steam
16610,Steam
789960,Steam
22200,Steam
375254,Steam
850691,Steam
850691,Nintendo Store
11388,Steam
11388,itch.io
10494,PlayStation Store
10494,Steam
10062,Steam
18473,itch.io
18473,Steam
13174,Steam
17388,Steam
651165,Steam
553044,Steam
553044,App Store
46460,Steam
416405,itch.io
416405,Steam
613503,Steam
542668,Steam
542668,App Store
1000286,Steam
961651,Steam
688894,Steam
830139,Steam
49047,Steam
16518,Steam
20185,Steam
405280,App Store
405280,Google Play
18406,Steam
18406,GOG
292854,Steam
60162,Steam
60162,GOG
743569,Not Specified
364814,Not Specified
61855,App Store
61855,Steam
44930,Steam
44930,GOG
12167,Steam
332203,Steam
332203,PlayStation Store
18412,Steam
23261,Steam
632022,Steam
704783,Google Play
704783,App Store
704783,GOG
704783,Steam
704783,Epic Games
11351,Steam
364809,Not Specified
17511,Steam
16329,Steam
16329,Nintendo Store
60417,Steam
22240,GOG
22240,Steam
22349,Steam
21072,Steam
15876,Steam
14920,Steam
13399,Steam
589151,Steam
589151,itch.io
15388,Steam
64252,Steam
791637,Steam
14888,Steam
428353,GOG
428353,Steam
428353,itch.io
326782,itch.io
14295,Steam
14295,Xbox Store
14295,itch.io
14295,PlayStation Store
972458,Steam
63592,Steam
576502,GOG
576502,Steam
576502,Epic Games
311674,Steam
428007,Steam
625752,Steam
17264,Steam
16810,Steam
16810,App Store
60129,Steam
15501,Steam
964419,Steam
422202,itch.io
422202,Steam
44263,PlayStation Store
44263,Xbox Store
44263,Nintendo Store
44263,Steam
50438,itch.io
50438,Steam
12253,Steam
44834,Steam
505829,Steam
505829,App Store
13287,Steam
571691,Steam
571691,Epic Games
944944,Steam
62498,Steam
62498,Google Play
15013,Steam
58745,itch.io
321317,PlayStation Store
321317,Nintendo Store
321317,Steam
16530,Steam
46252,Steam
46252,itch.io
428767,GOG
428767,Steam
325021,itch.io
325021,Steam
711056,Steam
664878,Steam
795517,GOG
795517,Steam
18227,Steam
427844,GOG
427844,Steam
427844,itch.io
14918,Steam
14918,App Store
44963,Steam
2479,PlayStation Store
2479,Steam
3683,Steam
513069,Steam
513069,PlayStation Store
12235,Steam
13060,Steam
923079,Steam
43955,Steam
542605,Steam
259846,Steam
259846,itch.io
309871,Steam
309871,GOG
62435,Steam
62435,GOG
441762,App Store
441762,Steam
838087,Not Specified
717427,Steam
717427,itch.io
725846,GOG
725846,Steam
61005,Steam
51156,Steam
51156,GOG
62181,Steam
18736,Steam
430295,GOG
430295,itch.io
430295,Epic Games
430295,Nintendo Store
430295,Steam
15596,PlayStation Store
15596,Nintendo Store
15596,Steam
60283,Steam
49019,Steam
18556,Steam
484914,Steam
635225,Steam
787599,Steam
530559,Steam
15584,Steam
542677,Steam
47414,Steam
919754,Steam
23235,Steam
10287,Steam
10465,Steam
10465,Google Play
10465,App Store
20279,Steam
428269,Steam
961114,Steam
826882,Steam
826882,GOG
589126,Steam
838131,Not Specified
304193,Nintendo Store
304193,Steam
16624,Steam
10111,Steam
484800,Steam
59588,Nintendo Store
59588,Steam
12265,Steam
12265,itch.io
412047,itch.io
412047,Steam
44062,Steam
19892,Steam
366853,Steam
366853,Nintendo Store
560770,Steam
349392,Epic Games
349392,Steam
349346,Steam
393542,Steam
14777,Steam
17134,PlayStation Store
17134,Steam
364926,Steam
364926,Nintendo Store
60093,Steam
60093,GOG
973891,Steam
973891,GOG
711052,Steam
975753,Nintendo Store
975753,Steam
697498,Steam
709133,Steam
16028,Steam
743770,Steam
616732,Steam
616732,itch.io
14098,Steam
43409,Epic Games
43409,Steam
43409,GOG
16520,Steam
60166,GOG
60166,Steam
63677,Steam
303590,GOG
303590,Steam
428955,GOG
428955,Steam
428955,Xbox Store
764958,Steam
874435,Steam
484509,Steam
484509,PlayStation Store
49043,Steam
60127,Steam
599014,Steam
638780,Steam
321292,Steam
28097,Steam
28097,App Store
11840,GOG
11840,Steam
960400,Steam
769380,Steam
14395,Steam
581181,Steam
12842,Steam
635239,Steam
251838,GOG
251838,Steam
13084,Steam
62968,Steam
916470,Steam
21194,Steam
49165,PlayStation Store
49165,Steam
50987,Steam
907436,Steam
288680,Steam
727404,Steam
427436,Steam
586055,Steam
586055,Nintendo Store
495622,Not Specified
641725,Steam
46221,Steam
945036,Steam
945036,GOG
976306,Steam
485160,Steam
244760,PlayStation Store
244760,Xbox Store
244760,itch.io
244760,Nintendo Store
244760,Steam
641820,Steam
678605,Steam
836456,PlayStation Store
836456,Nintendo Store
836456,Epic Games
836456,Steam
306143,App Store
306143,Steam
59015,Steam
59015,PlayStation Store
51255,Steam
428853,Steam
507165,Steam
500619,Steam
10911,Steam
969652,Steam
576475,GOG
576475,Steam
816357,GOG
816357,Steam
743461,GOG
743461,Steam
938001,Epic Games
938001,Steam
807126,Nintendo Store
807126,Steam
722632,Steam
490600,Steam
427489,GOG
427489,Steam
427489,Nintendo Store
651121,Steam
114320,itch.io
114320,Steam
16365,Steam
736200,Steam
736200,GOG
736200,Epic Games
816394,Steam
970016,Steam
695844,Steam
15558,Steam
444960,Steam
444960,itch.io
505820,Steam
62397,Steam
427692,Steam
392391,Steam
321340,PlayStation Store
321340,Nintendo Store
321340,Steam
879566,Steam
21995,Steam
60185,Steam
11408,Steam
16512,Steam
10599,Steam
18174,Steam
602333,Steam
968985,Steam
17240,Steam
9855,Steam
738133,GOG
738133,Steam
627513,Steam
62562,Steam
677171,Steam
976135,Steam
490639,Steam
64572,Steam
649057,Steam
669366,GOG
669366,Steam
49599,Nintendo Store
49599,Steam
22310,PlayStation Store
22310,GOG
22310,Steam
16022,Nintendo Store
16022,Steam
15451,Steam
428923,Steam
383626,Steam
59881,Steam
678537,Steam
490961,Steam
14775,Steam
868139,GOG
868139,Steam
12645,Steam
961932,Steam
615081,Epic Games
615081,GOG
615081,Steam
624392,Steam
62528,Steam
46748,Steam
244890,Steam
244890,PlayStation Store
722667,Steam
554727,Steam
586148,Steam
45118,Steam
19273,Steam
13751,Steam
871254,GOG
871254,Steam
59808,Steam
15109,Steam
576501,GOG
576501,Steam
576501,Epic Games
576501,itch.io
17571,Steam
12096,PlayStation Store
12096,Steam
12096,Xbox Store
60094,Steam
35822,Steam
45733,Steam
353479,Steam
708993,Not Specified
554726,Steam
285725,Steam
285725,GOG
554728,Steam
530526,Steam
836548,Steam
295120,Steam
428752,Steam
4557,PlayStation Store
11125,Steam
44157,Steam
650985,Steam
598889,GOG
598889,Steam
14596,Steam
59756,Steam
530533,Steam
13663,Steam
13663,itch.io
13663,Xbox Store
13663,PlayStation Store
49967,Steam
720989,Steam
961963,GOG
961963,Steam
752178,GOG
752178,Steam
44163,Steam
60105,Steam
534193,GOG
534193,Steam
17791,Steam
20195,Steam
968821,Steam
13075,Steam
12985,Steam
16079,Steam
694456,Steam
694456,App Store
694456,Google Play
10026,Steam
554725,Steam
939308,Steam
896616,Steam
13718,Nintendo Store
13718,Steam
484930,Steam
926729,Steam
14744,Steam
50916,Steam
277514,GOG
277514,Steam
12734,Steam
12196,Steam
15278,Steam
674311,Steam
372586,Steam
372586,GOG
372586,itch.io
333435,Not Specified
19147,Steam
534174,Steam
570093,Steam
46500,Steam
46953,Steam
16331,Steam
16331,Nintendo Store
44318,Steam
18537,Steam
47443,Steam
51892,Steam
51892,itch.io
934466,Steam
532492,GOG
532492,Steam
861402,Steam
838238,Steam
785778,Steam
60589,Steam
21997,Steam
427678,Steam
973865,Steam
48974,Steam
59216,Not Specified
505855,Steam
505855,PlayStation Store
505855,itch.io
722646,Steam
427597,Steam
779876,Steam
971242,Steam
15332,Steam
10675,Steam
292874,Steam
236848,Steam
236848,GOG
694383,Steam
732415,GOG
732415,Nintendo Store
732415,Steam
528660,Steam
473534,Nintendo Store
473534,PlayStation Store
473534,Steam
427833,Steam
427871,Steam
402512,Steam
857644,Steam
22279,Steam
44605,Steam
44605,itch.io
968155,Steam
428743,Steam
313848,itch.io
313848,PlayStation Store
313848,Xbox Store
313848,Steam
387335,GOG
387335,Steam
18390,Steam
18390,itch.io
16874,Steam
18505,Steam
14838,Steam
43870,PlayStation Store
43870,Steam
63007,Steam
965869,GOG
965869,Steam
980945,Steam
491014,Steam
907337,Steam
791702,GOG
791702,App Store
791702,Steam
521734,GOG
521734,Steam
505814,Steam
798447,GOG
798447,Steam
650766,Steam
11777,Steam
16339,Steam
16339,Nintendo Store
49883,itch.io
49883,Steam
586066,Steam
586150,Steam
975381,Steam
1779,Steam
1779,PlayStation Store
1779,Nintendo Store
1779,App Store
1779,Google Play
10323,Steam
351201,GOG
351201,Nintendo Store
351201,Steam
974923,GOG
974923,Steam
484553,Steam
22053,Steam
60015,GOG
60015,Steam
17748,Steam
975385,Steam
823656,Steam
61124,Steam
61124,itch.io
13510,Steam
13510,App Store
14721,Steam
962103,Steam
980010,Steam
725783,Steam
743538,Steam
743538,itch.io
774688,Steam
992264,Steam
540023,Steam
333033,Steam
284757,Steam
426107,GOG
426107,Steam
426107,Nintendo Store
297251,Steam
674198,Steam
13406,PlayStation Store
13406,Steam
10918,Steam
13215,Steam
739697,Steam
739697,itch.io
787716,Steam
881265,Steam
968718,Steam
938150,Steam
517377,Steam
698993,Steam
698993,App Store
678696,GOG
678696,Steam
697513,Steam
428252,Steam
591042,Steam
987402,Steam
51533,Steam
62992,Steam
265332,Steam
265332,Nintendo Store
300700,Steam
14425,Steam
557755,Steam
428090,Steam
364810,Not Specified
61126,Steam
45679,Steam
961349,Steam
997619,Steam
961979,Steam
904408,Steam
51054,Steam
857743,itch.io
857743,Steam
13927,Steam
15407,Steam
46782,Steam
379524,Steam
738074,Steam
685038,Steam
667728,Steam
667728,itch.io
967889,Steam
743424,Not Specified
586152,Steam
743683,GOG
743683,Steam
651180,Steam
44023,Steam
18072,Steam
16809,Steam
16809,App Store
64009,Steam
372654,Steam
372654,itch.io
14484,Steam
622529,Steam
484712,Steam
484712,GOG
563296,Steam
563296,itch.io
743647,Steam
971598,Steam
975056,Steam
961314,GOG
961314,Steam
990006,Steam
745841,GOG
745841,Steam
51952,Steam
20026,Steam
20026,Google Play
244886,PlayStation Store
244886,GOG
244886,Steam
61241,Steam
246532,Steam
63701,Steam
615090,GOG
615090,Steam
650970,Steam
850687,Steam
850687,Nintendo Store
379551,Steam
898430,Steam
393550,Steam
49287,GOG
49287,Steam
43927,Steam
44161,Steam
14488,Steam
16278,Steam
62517,App Store
62517,Steam
548109,Steam
651018,GOG
651018,Steam
528775,Steam
528775,PlayStation Store
528775,Nintendo Store
966371,Steam
966371,GOG
651168,Steam
961750,Steam
739709,Steam
589128,Steam
563308,Steam
563412,GOG
563412,Steam
563412,Epic Games
428229,Steam
532399,Steam
492013,GOG
492013,Steam
61809,Steam
60181,Steam
60310,Steam
254622,GOG
254622,Steam
981518,Steam
854352,Steam
21618,Steam
881263,Steam
43884,Steam
15408,Steam
16986,Steam
43943,Steam
288675,Steam
43932,Steam
60161,Steam
60161,itch.io
60161,GOG
386526,Steam
386526,itch.io
14921,Steam
20605,Steam
62989,Steam
42223,Steam
22582,Steam
600961,Steam
600961,itch.io
960147,Steam
44512,Steam
392300,Steam
395976,Not Specified
13631,Steam
13631,GOG
44602,Steam
743549,Not Specified
663775,Steam
793680,Steam
968185,Steam
797904,Steam
28054,Steam
960211,Steam
669351,Steam
683231,Steam
683231,itch.io
589206,Nintendo Store
589206,Xbox Store
589206,PlayStation Store
589206,Steam
597165,Steam
685012,Steam
339174,Steam
339174,itch.io
43768,Steam
15623,Steam
16533,Steam
17432,Steam
60296,Steam
50342,Steam
50342,GOG
484989,GOG
484989,Steam
333509,Not Specified
961661,Steam
301712,Steam
301712,itch.io
43827,Steam
43827,GOG
284709,Steam
284709,GOG
372109,itch.io
18880,Steam
574782,Steam
674336,GOG
674336,Steam
62454,Steam
574819,Steam
650636,Steam
63465,Steam
268380,PlayStation Store
268380,Steam
379550,Steam
350477,Steam
304950,Steam
428976,Steam
428976,PlayStation Store
428976,Nintendo Store
992674,Steam
602345,Steam
984025,Steam
392315,Steam
700707,Steam
700707,itch.io
428350,Steam
13811,Steam
25584,Nintendo Store
45340,Steam
44267,Steam
61669,Steam
61237,Steam
11187,PlayStation Store
11187,Steam
669362,Steam
505885,Steam
641724,Steam
745753,GOG
745753,Steam
491584,Steam
760162,GOG
760162,Steam
60142,Steam
962811,Steam
886269,Steam
963477,Steam
967984,GOG
967984,Steam
923047,Steam
807137,Steam
807137,GOG
60183,Steam
988510,Steam
979383,Steam
387253,Steam
349596,Steam
756601,Steam
718172,Steam
20131,Steam
17382,Steam
16611,App Store
16611,Steam
16611,Google Play
16337,Steam
16337,Nintendo Store
31807,Steam
44712,Steam
47121,itch.io
47121,Steam
49877,Steam
745736,Steam
664875,Steam
392426,Steam
319151,Steam
627566,Steam
625780,Steam
492052,Steam
65050,Steam
816338,Not Specified
969646,Steam
964148,Steam
997357,Steam
939795,GOG
939795,Steam
917897,Steam
917897,GOG
484982,Steam
268433,GOG
268433,Steam
12055,Steam
528733,Steam
613510,Steam
990495,Steam
973689,Steam
894443,Steam
428747,GOG
428747,Steam
556997,itch.io
556997,Steam
549623,Steam
559082,Steam
743676,Steam
651230,Steam
581194,GOG
581194,Steam
568927,Steam
666376,Steam
743438,Not Specified
743421,Not Specified
60158,Steam
21667,Steam
44239,Steam
62208,Steam
60971,Steam
50582,Steam
866507,Steam
58120,PlayStation Store
58120,Nintendo Store
14204,Steam
14204,GOG
979879,Steam
15066,App Store
15066,Steam
15066,Google Play
15066,itch.io
16517,Steam
16336,Steam
16504,Steam
277969,GOG
277969,Steam
326991,PlayStation Store
326991,Steam
304207,itch.io
304207,Steam
302905,itch.io
302905,Steam
279622,itch.io
279622,Steam
261295,Steam
62495,Steam
60265,Steam
60477,Steam
736214,Not Specified
45103,Steam
16976,Steam
959981,Steam
743400,Not Specified
754945,Steam
754944,Steam
736316,Steam
581172,Steam
685034,Steam
571745,GOG
571745,Steam
523133,Steam
581034,Steam
718125,Steam
491859,Steam
430480,Steam
603977,Steam
666431,GOG
666431,Steam
779818,GOG
779818,Steam
743405,GOG
743405,Steam
961468,Steam
966986,Steam
896649,Steam
748639,Steam
782266,Steam
793701,Steam
23482,Steam
22607,Steam
704774,Steam
600967,Steam
514897,Not Specified
688832,Steam
647615,Steam
909846,Steam
14508,Steam
15098,Steam
695798,Steam
602329,Steam
47305,Steam
44830,Steam
67520,App Store
67520,Google Play
60153,Steam
37438,Steam
44180,Steam
44180,GOG
22108,itch.io
22108,Steam
22108,GOG
16330,Steam
17770,Steam
16866,Steam
16866,itch.io
62533,Steam
60115,Steam
507179,GOG
507179,Steam
508520,GOG
508520,Steam
986117,Steam
992189,Steam
484988,Steam
351820,Steam
581127,Google Play
581127,App Store
581127,Nintendo Store
581127,Steam
581127,PlayStation Store
574795,Steam
574795,App Store
493481,Steam
493481,GOG
494415,GOG
494415,Steam
370279,GOG
370279,Steam
349560,Steam
283994,Steam
283992,GOG
283992,Steam
826764,Steam
914782,Steam
727384,Steam
776306,Steam
825323,Steam
367105,Steam
367105,Xbox Store
847743,Steam
964313,Steam
980717,GOG
980717,Steam
974074,Steam
979367,Steam
977693,Steam
966311,Steam
963897,Steam
650901,GOG
650901,Steam
667711,Steam
324156,Steam
385272,itch.io
385522,Steam
64032,Steam
61416,Steam
62032,Steam
61796,Steam
372722,Steam
372722,itch.io
46330,Steam
46330,GOG
17478,Steam
17478,Nintendo Store
49602,itch.io
49602,Steam
50145,Steam
684906,Steam
684906,PlayStation Store
736309,Steam
697520,Steam
664988,Steam
825367,Steam
555997,Steam
666384,Steam
486736,GOG
486736,Steam
486736,PlayStation Store
486736,Xbox Store
486736,itch.io
485015,Steam
610239,Steam
610239,itch.io
497977,Steam
838335,itch.io
894668,Steam
894668,App Store
651011,Steam
644798,GOG
644798,Steam
600927,Steam
702374,Steam
685001,Steam
635262,Steam
22122,Steam
10288,Steam
10288,itch.io
430447,GOG
430447,Steam
427474,Steam
290064,Steam
49929,Steam
23719,Steam
17307,Steam
17307,App Store
19148,Steam
22617,Steam
576460,Steam
566638,Steam
559130,Steam
544078,Steam
491875,Steam
579538,Steam
647562,Steam
695879,GOG
695879,Steam
581033,Steam
579555,Steam
816336,itch.io
765019,Steam
879657,Steam
694622,Steam
694622,itch.io
616674,Steam
615000,Steam
939425,Steam
939425,itch.io
725808,Steam
985430,GOG
985430,Steam
968206,Steam
45295,Steam
966157,Steam
964652,GOG
964652,Steam
624354,Steam
635371,Steam
681405,Steam
720961,Steam
967368,GOG
967368,Steam
835126,Steam
566634,Nintendo Store
566634,Google Play
566634,App Store
566634,Steam
566634,PlayStation Store
581022,Steam
586212,Steam
586212,App Store
491425,Steam
568228,Steam
568228,itch.io
580700,Steam
580700,itch.io
16338,Steam
16338,Nintendo Store
12324,Steam
3080,PlayStation Store
3080,Steam
22541,Steam
50231,Steam
44795,Steam
44591,Steam
392433,Steam
428170,Steam
437681,itch.io
437681,Steam
504898,Steam
490834,itch.io
490834,Steam
532491,Steam
495652,Steam
491966,Steam
491747,Steam
960259,Nintendo Store
960259,Steam
960259,PlayStation Store
965702,Steam
968844,Steam
997679,Steam
934431,itch.io
748545,Steam
624397,Steam
789928,Steam
916539,Steam
818029,Steam
59959,Steam
59959,Nintendo Store
678591,Steam
610246,Steam
779901,Steam
427609,Steam
427609,GOG
323112,Steam
350941,itch.io
350941,PlayStation Store
350941,Xbox Store
350941,Nintendo Store
350941,Steam
61107,Steam
61074,Steam
64085,Steam
881238,Steam
60469,Steam
48972,Steam
52245,App Store
52245,Google Play
54027,App Store
54027,Steam
453964,itch.io
453964,Steam
453964,Xbox Store
453964,PlayStation Store
428952,Steam
481744,itch.io
518614,Steam
428863,Steam
611680,Steam
625790,Steam
557743,Steam
428624,Steam
972243,Steam
987590,Steam
960322,Steam
840864,Steam
846507,Steam
14203,Steam
18952,Steam
20173,Steam
36985,Steam
20712,Steam
12983,itch.io
12983,Steam
427476,Steam
349401,Steam
9524,Steam
12083,Steam
10445,Steam
14244,Steam
14244,Google Play
349709,Steam
294149,GOG
294149,Steam
783854,Steam
532464,Nintendo Store
532464,Steam
581081,Steam
581049,Steam
532436,Steam
264739,Steam
65236,Steam
76640,Google Play
76640,App Store
62559,Steam
62559,Google Play
62559,App Store
61043,Steam
62172,Steam
60234,GOG
60234,Steam
61612,Steam
61612,itch.io
51659,Steam
607351,itch.io
961696,Steam
961696,GOG
955678,Steam
816410,Steam
804843,Steam
376159,Steam
376159,itch.io
934451,Not Specified
776281,Steam
752219,Steam
769426,Steam
684935,Steam
722625,Steam
972002,Steam
874378,Steam
782336,Steam
542654,Steam
966153,Steam
10347,Steam
10347,itch.io
10616,Steam
63847,Steam
90325,Steam
90325,itch.io
51740,Steam
995886,Steam
1005805,Steam
704657,Steam
732525,GOG
732525,Steam
736353,Steam
754975,Steam
756605,Steam
769491,Steam
566495,Steam
570118,Steam
589123,Steam
21389,Steam
591063,Steam
748686,Steam
709130,Steam
692586,Steam
672385,Steam
292876,Steam
295028,GOG
295028,Steam
257308,PlayStation Store
257308,Nintendo Store
257308,Steam
216309,Steam
10249,Steam
12249,Steam
17000,Steam
495674,Steam
479356,itch.io
479356,Steam
484990,Steam
349798,Steam
372716,GOG
372716,Steam
161657,Steam
161657,itch.io
49291,Steam
46269,Steam
46483,Steam
32459,GOG
32459,Steam
16541,Steam
15871,Steam
16335,Nintendo Store
16335,Steam
60412,Steam
92650,itch.io
490937,GOG
490937,Steam
11692,Steam
12174,Steam
13340,Steam
20050,Steam
16332,Steam
14416,Steam
15043,Steam
43793,Steam
29302,Steam
22532,PlayStation Store
427449,Steam
428950,Steam
520334,Steam
12225,Steam
12225,itch.io
491468,Steam
492287,Steam
491787,Steam
535650,Steam
532437,Steam
613537,Steam
624355,Steam
630708,Steam
64081,Steam
60165,Steam
63771,Steam
63560,Steam
62383,Steam
58441,Steam
58441,itch.io
49694,Nintendo Store
49694,Steam
364898,Steam
301606,Steam
287375,Steam
268315,Steam
268315,itch.io
312638,GOG
312638,itch.io
312638,Steam
246522,itch.io
246522,Google Play
246522,Steam
30560,Steam
683218,Steam
881178,Steam
811885,Steam
743399,Not Specified
850819,Steam
812158,itch.io
960216,Steam
934435,Not Specified
507164,Steam
969908,Steam
989279,Steam
982617,GOG
982617,Steam
836520,GOG
836520,Steam
632936,itch.io
632936,Steam
633446,Steam
60193,Steam
670696,Steam
789939,Steam
700693,Steam
719654,GOG
719654,Steam
799358,Steam
804761,Not Specified
725835,Steam
714525,Steam
752061,GOG
752061,Steam
748417,itch.io
776370,Steam
490989,Steam
495383,itch.io
495383,Steam
495383,Xbox Store
495383,Epic Games
430477,Steam
423701,itch.io
427437,Steam
624370,Steam
647585,Steam
647585,itch.io
662342,Steam
677215,Steam
674224,Steam
669403,Steam
637470,GOG
637470,Steam
725776,GOG
725776,Steam
666405,Steam
651296,Steam
651296,Xbox Store
651296,itch.io
695890,Steam
707315,Steam
707309,Steam
622558,Steam
825326,Not Specified
817998,Steam
818012,Steam
745745,GOG
745745,Steam
783794,Steam
801103,Steam
769392,Steam
783800,Steam
818004,Steam
813549,Steam
750459,Steam
816337,itch.io
761444,Steam
785839,Steam
776334,Steam
392403,Steam
392403,GOG
692630,Steam
663800,Steam
986851,Steam
994464,Steam
993340,Steam
999411,Steam
966182,Steam
842434,Steam
909840,GOG
909840,Steam
905595,Steam
879614,Steam
932688,Steam
939827,Steam
963593,Steam
871201,Steam
14680,Steam
18047,Steam
17737,Steam
12653,Steam
16334,Nintendo Store
16334,Steam
15975,Steam
254607,itch.io
254607,Steam
61921,Steam
60355,Steam
60358,Steam
60201,Steam
60221,Steam
316007,Steam
316007,App Store
327473,Steam
327473,itch.io
336822,PlayStation Store
336822,Steam
336822,Nintendo Store
485136,Steam
484653,Steam
507198,Steam
517363,Steam
532392,Steam
523087,Steam
549621,Steam
491718,Steam
914865,Steam
961278,Steam
863729,Steam
64344,Steam
290068,Steam
284676,Steam
276706,Steam
266222,Steam
333142,Not Specified
13081,Steam
13081,itch.io
16371,Steam
17392,Steam
19946,Steam
19946,Xbox Store
19946,itch.io
19946,PlayStation Store
44392,Steam
50463,App Store
51790,Steam
62844,Steam
743521,itch.io
813576,Steam
760196,Steam
568881,Steam
854384,Steam
831867,Steam
778196,Steam
807111,Steam
857617,Epic Games
857617,Steam
838218,Not Specified
962737,Steam
380868,Steam
380868,PlayStation Store
380868,Xbox Store
356036,Google Play
356036,Steam
336644,Not Specified
392235,Steam
484670,Steam
492285,Steam
491459,Steam
491587,Steam
566621,Steam
589155,Steam
599004,Steam
603979,Steam
591057,Steam
587664,Steam
610226,Steam
616719,Steam
635334,Steam
613563,Steam
630717,Steam
729341,Steam
493445,Steam
484630,Steam
484630,Xbox Store
62766,Steam
58957,Not Specified
63561,Steam
649021,Steam
680029,Steam
637464,Steam
641754,GOG
641754,Steam
523115,Steam
546527,Steam
535546,Steam
54736,PlayStation Store
54736,Nintendo Store
60300,Steam
972902,Steam
774689,Steam
996062,Steam
997155,Steam
984377,Steam
978984,GOG
978984,Steam
983531,Steam
983531,GOG
966271,Steam
971845,Steam
685024,Steam
965206,Steam
961214,itch.io
961214,Steam
928749,Steam
702257,Steam
727422,Steam
752116,Steam
756590,Steam
709154,Steam
758545,Steam
719648,Steam
748715,Steam
722675,Steam
684960,Steam
610231,Steam
7385,App Store
46293,Steam
49851,Steam
349451,Steam
9463,Steam
12060,Steam
13430,Steam
11909,Steam
17176,itch.io
17176,Steam
19799,Steam
22620,Steam
30114,Steam
44386,Steam
44421,Steam
44637,Steam
44637,itch.io
566666,PlayStation Store
552974,Steam
50602,Steam
60151,Steam
969273,Steam
61191,itch.io
61191,Steam
62001,Steam
62860,Steam
65016,Steam
259802,Steam
248405,Steam
264874,GOG
605676,Steam
650972,Steam
651057,Steam
614979,Steam
368133,Steam
969909,Steam
980742,Steam
966929,Nintendo Store
966929,Steam
889937,Steam
894489,Steam
874426,Steam
965590,GOG
965590,Steam
928761,Steam
964168,Steam
934528,Steam
896629,Steam
959886,Steam
373601,GOG
373601,Steam
364722,itch.io
383859,itch.io
383859,Steam
427913,Steam
427579,Steam
427579,itch.io
491488,Steam
500626,Steam
430493,Steam
449348,itch.io
449348,Steam
681512,Steam
672434,Steam
711070,Steam
724023,Steam
546512,Steam
524468,Steam
544043,Steam
727393,Steam
725802,Steam
743453,Steam
774727,Steam
743484,Not Specified
801113,Steam
779892,Steam
804801,Steam
980575,Steam
978042,Steam
982433,Steam
982433,GOG
996053,Steam
857736,Steam
878008,Steam
879615,Steam
640229,Steam
664874,Steam
662341,Steam
684977,Steam
707345,GOG
707345,Steam
700738,Steam
697532,itch.io
697532,Steam
697532,GOG
680037,Steam
677252,Steam
971310,Steam
987042,Steam
971202,Steam
683238,Steam
697494,GOG
697494,Steam
738083,Steam
572914,itch.io
572914,Steam
574803,Steam
579591,Steam
593345,Steam
638681,Steam
598950,Steam
802468,Steam
785838,Steam
835135,GOG
835135,Steam
669385,Steam
669385,itch.io
613555,Steam
651069,Steam
44612,Steam
44367,Steam
38743,Steam
25424,Steam
25424,Nintendo Store
22047,Steam
19711,Steam
23510,Steam
20501,Steam
17287,Steam
11493,Steam
11493,Google Play
4460,PlayStation Store
7094,Google Play
7094,App Store
6542,App Store
62935,Steam
64569,Steam
721002,Steam
729346,Steam
692601,Steam
815130,Steam
799319,Steam
818072,Steam
801102,Steam
714495,Steam
725818,Steam
688831,GOG
688831,Steam
690768,Steam
729344,Steam
678640,Steam
664981,Steam
663780,Steam
669344,Steam
497990,Steam
490550,Steam
484632,Steam
712555,Steam
714492,Steam
681439,Steam
680094,Steam
615403,itch.io
615403,Steam
625741,Steam
614958,Steam
589264,Steam
589264,App Store
600934,Steam
574780,Steam
553029,Steam
559071,Steam
546518,Steam
494434,Steam
375219,Steam
379435,Steam
351224,GOG
351224,Steam
336652,Steam
316246,itch.io
292099,itch.io
292099,Steam
262469,itch.io
262469,Steam
259929,Steam
259929,GOG
90360,itch.io
67151,App Store
67151,Google Play
65046,Steam
627586,Steam
970739,Steam
972558,Steam
971306,Steam
964250,Steam
966810,Steam
964158,GOG
964158,Steam
965382,Steam
962728,GOG
962728,Steam
965508,Steam
961115,Steam
963659,Steam
947977,Not Specified
960740,Steam
877970,Steam
896692,Steam
856227,GOG
856227,Steam
864949,Not Specified
905630,Steam
846488,Steam
914827,GOG
914827,Steam
892965,Steam
62270,Steam
59817,Steam
61187,Steam
62481,Steam
60123,Steam
62453,Steam
60136,Steam
51436,Steam
50606,Steam
46607,Steam
47481,Steam
47252,Steam
484833,Steam
417948,itch.io
842484,Steam
791771,Steam
807114,itch.io
807114,Steam
991895,Steam
994845,Steam
980183,Steam
772643,Steam
828485,GOG
828485,Steam
838328,Not Specified
842457,Steam
801116,Steam
783853,Steam
785816,Steam
774664,Steam
779890,Steam
783772,Steam
743535,Not Specified
750460,Steam
953962,Steam
966053,Steam
938012,Not Specified
963660,Steam
741697,Steam
734707,Steam
752189,Steam
752025,Steam
743554,Steam
741646,Steam
707275,Steam
714533,Steam
624368,Steam
650857,Steam
636825,Steam
636825,itch.io
771284,Steam
736354,Steam
741705,Steam
5920,App Store
5920,Steam
10070,Steam
10070,Nintendo Store
16510,Steam
19848,Steam
19927,Steam
15588,Steam
20503,Steam
29601,Steam
31388,Steam
43909,Steam
46563,Steam
50643,Steam
782297,Steam
813656,Steam
833453,Steam
881138,Google Play
881138,itch.io
881138,Steam
741651,Steam
616740,Steam
492119,Steam
492119,itch.io
535621,GOG
535621,Steam
520330,Steam
380889,GOG
380889,Steam
392421,Steam
427515,GOG
427515,Steam
427578,Steam
427533,Steam
640198,Steam
678566,Steam
666412,Steam
681504,Steam
647662,Steam
647662,Xbox Store
677253,Steam
704703,Steam
707320,Steam
708995,PlayStation Store
708995,Xbox Store
708995,Nintendo Store
708995,Steam
705304,itch.io
492165,Steam
492165,GOG
61277,Steam
62999,Steam
63610,Steam
63610,Xbox Store
63610,PlayStation Store
63610,itch.io
292978,PlayStation Store
292978,Nintendo Store
581038,Steam
570158,Steam
523045,Steam
651102,Steam
649038,Steam
667739,Steam
650971,Steam
566615,Steam
568877,Steam
602344,Steam
637459,Steam
596289,itch.io
596289,Steam
600954,Steam
607410,Steam
323182,itch.io
323182,Steam
350502,Steam
365534,itch.io
365534,Steam
397359,itch.io
389025,Steam
49513,itch.io
49513,Steam
49513,App Store
58958,Not Specified
58119,PlayStation Store
999153,Steam
998521,Steam
723958,Steam
741569,Not Specified
743439,Not Specified
743435,itch.io
743412,Steam
723973,Steam
711033,Steam
738143,Steam
712696,Steam
712696,GOG
741668,Steam
754914,Steam
745831,Steam
745831,GOG
743451,Not Specified
745771,Steam
624375,Steam
961907,Steam
962845,Steam
963753,Steam
964183,Steam
965714,Steam
971735,Steam
965864,Steam
970583,Steam
969666,Steam
968672,Steam
975215,Steam
975541,Steam
975541,itch.io
979306,Steam
979306,GOG
980747,Steam
994625,Steam
1003529,Steam
894439,Steam
907367,Steam
917891,GOG
917891,Steam
871191,Steam
892972,Steam
919757,Steam
859442,Steam
930951,Steam
949932,Steam
961321,Steam
941466,Steam
955661,Steam
939816,Steam
964985,Steam
963784,Steam
963784,GOG
964582,Steam
768049,Steam
778192,Steam
772568,Steam
776268,Steam
850710,Steam
787639,GOG
787639,Steam
838314,Steam
779810,Steam
850780,Steam
828491,Steam
828491,GOG
830076,Steam
783826,Steam
450145,itch.io
450145,Steam
491754,Steam
44481,Steam
934436,itch.io
886239,Steam
884727,GOG
884727,Steam
905158,Steam
905158,itch.io
901678,GOG
901678,Steam
14795,Steam
17387,Steam
10197,Steam
6339,App Store
166100,Steam
166100,itch.io
71459,App Store
71459,Google Play
59720,Steam
61214,Steam
60188,Steam
51981,Steam
51981,itch.io
51543,Steam
49819,Steam
405268,Not Specified
38124,Steam
801060,Steam
769490,Steam
802546,Steam
801034,Steam
976955,Steam
975004,Steam
969045,Steam
963766,Steam
963536,Steam
961112,Steam
961089,Steam
952109,Steam
961574,Steam
898394,Steam
743468,Not Specified
745811,Steam
743404,Not Specified
736213,GOG
736213,Steam
727396,Steam
727396,GOG
838321,Not Specified
828487,Steam
816483,Nintendo Store
816483,GOG
816483,Steam
813566,Steam
869703,Steam
869703,GOG
863748,Steam
864985,Steam
849467,Steam
990357,Steam
826825,Steam
711080,Steam
650855,Steam
650903,Steam
650903,itch.io
659126,itch.io
659126,Steam
630716,Steam
756618,Steam
776333,Steam
752193,Steam
785841,Steam
768091,Steam
795387,Steam
750308,Not Specified
768101,Steam
960990,Steam
960367,Steam
741568,Not Specified
548084,Steam
563289,Steam
520786,itch.io
520786,Steam
513061,Steam
530551,Steam
722689,GOG
722689,Steam
674298,Steam
695905,Steam
674225,Steam
669393,Steam
724091,Steam
697538,Steam
697531,Steam
697531,itch.io
697531,GOG
838341,Not Specified
830072,Steam
674212,Steam
359271,Steam
359271,itch.io
349566,Steam
321799,itch.io
638686,Steam
604030,Steam
607404,Steam
594842,itch.io
594842,Steam
581160,Steam
564169,itch.io
564169,Steam
574799,Steam
553081,Xbox Store
553081,PlayStation Store
553081,Steam
553081,itch.io
758470,Steam
745717,Steam
560807,Steam
65180,Steam
64414,Steam
60319,Steam
517357,Steam
507204,Steam
491518,Steam
490914,Steam
494477,Steam
489741,Steam
489741,itch.io
485888,Steam
485888,itch.io
485888,Xbox Store
437781,itch.io
437781,Steam
680073,Steam
704698,Steam
383542,Steam
23285,Steam
20376,Steam
17265,Steam
16242,Steam
320415,Steam
292070,Steam
286633,Steam
286633,App Store
282920,Steam
251517,Steam
554767,Steam
64412,Steam
997285,Steam
987804,Steam
986488,Steam
986488,GOG
980970,Steam
8914,App Store
981971,Steam
974498,Not Specified
979245,Steam
978514,Steam
49472,Steam
49082,Steam
24302,Steam
24302,PlayStation Store
24302,Nintendo Store
24302,App Store
23274,Steam
16066,Steam
14315,itch.io
14315,Steam
13871,Steam
13097,Steam
13097,itch.io
12506,Steam
11590,Steam
73387,App Store
963749,GOG
963749,Steam
961218,Steam
955542,Steam
960067,Steam
962880,Steam
998976,Steam
991688,Steam
989566,Steam
989372,Steam
987620,Steam
60170,Steam
60341,Steam
60141,Steam
59678,Steam
322372,Steam
47259,Steam
43987,itch.io
43987,Steam
43756,Xbox Store
43756,Nintendo Store
43756,Steam
43756,PlayStation Store
876493,Steam
973096,Steam
976936,Steam
966791,Steam
968407,Steam
969289,Steam
963603,Steam
959844,Steam
960929,Steam
946581,Steam
804758,Not Specified
959710,Steam
930834,itch.io
916504,Steam
887803,Steam
894483,Steam
892952,Steam
938017,Not Specified
994827,Steam
982561,Steam
846512,Steam
857741,Steam
831851,Steam
849506,Steam
738091,Steam
882960,Steam
840769,itch.io
838348,Not Specified
876456,Steam
804794,Steam
831840,Steam
964192,Steam
962071,Steam
825380,itch.io
825380,Steam
826866,Steam
797911,Steam
815202,Steam
785851,Steam
650841,Steam
789925,Steam
750524,Steam
782339,Steam
783849,Steam
758512,Steam
748710,Steam
752028,Steam
771273,Steam
907419,Steam
934651,Steam
934651,GOG
768057,Steam
752054,Steam
743443,Not Specified
745548,Not Specified
741699,GOG
741699,Steam
546486,Steam
748534,Not Specified
738081,Steam
739739,Steam
734688,Not Specified
734720,Steam
732516,Steam
711082,Steam
723984,Steam
793689,Steam
816440,Steam
719598,Steam
697492,Steam
651215,Steam
663806,Steam
644787,Steam
651056,GOG
651056,Steam
638730,Steam
651006,Steam
610240,Steam
622608,Steam
758487,Steam
750292,Not Specified
574807,Steam
570143,Steam
566748,App Store
587693,Steam
532362,Steam
523148,Steam
490556,Steam
490564,Steam
500646,Steam
494451,Steam
734740,Steam
428847,Steam
403800,Not Specified
389035,Steam
60415,Steam
373643,Steam
382571,itch.io
382571,Steam
366562,itch.io
366562,Steam
334362,Not Specified
323094,Steam
309800,Steam
604045,Steam
581198,Steam
304949,Steam
307169,Steam
35424,Steam
271852,itch.io
271852,App Store
73291,Google Play
73291,App Store
90385,itch.io
444379,Not Specified
65070,Steam
62969,Steam
63461,PlayStation Store
63461,Steam
34173,Steam
61859,Steam
5157,PlayStation Store
5157,Steam
10563,Steam
14695,Steam
13585,Steam
14578,Steam
17409,Steam
23268,Steam
559065,Steam
542745,Steam
542745,itch.io
309899,PlayStation Store
309899,Nintendo Store
400100,itch.io
678567,Steam
484628,Steam
505879,Steam
491902,Steam
44962,Steam
45430,Steam
51155,Steam
984146,Steam
44851,GOG
44851,Steam
44928,Steam
989130,Steam
984129,Steam
994930,Steam
995732,Steam
994798,Steam
977796,Steam
972834,Steam
974296,Steam
973943,Steam
973883,Steam
971875,Not Specified
980516,GOG
980516,Steam
981249,Steam
982279,Steam
981085,Steam
981725,GOG
981725,Steam
986223,Steam
985105,Steam
985712,Steam
968101,Steam
968101,GOG
323705,itch.io
320162,Steam
320162,itch.io
314276,itch.io
328689,App Store
335133,Not Specified
367123,GOG
367123,Steam
50690,Steam
54688,Not Specified
58961,Not Specified
966534,Steam
968238,Steam
968522,GOG
968522,Steam
970179,Steam
969114,Steam
992561,Steam
971107,Steam
967641,Steam
967031,Steam
969854,Steam
968511,Steam
973713,GOG
973713,Steam
977084,GOG
977084,Steam
976773,Steam
915566,Steam
915566,itch.io
934443,Not Specified
934438,itch.io
947990,Steam
949938,Steam
947979,Not Specified
978274,Steam
961615,Steam
961295,GOG
961295,Steam
962906,Steam
963973,Steam
965899,Steam
965899,GOG
962957,Steam
964576,Steam
964245,Steam
882946,Steam
876483,Steam
869659,Steam
874478,GOG
874478,Steam
871263,Steam
900145,Steam
966708,Steam
971313,Steam
857745,Steam
905632,Steam
907366,itch.io
909838,Steam
917898,Steam
917898,GOG
923145,Steam
923145,GOG
933644,Steam
933644,itch.io
909817,GOG
909817,Steam
818015,Steam
804755,Not Specified
815203,Epic Games
815203,Steam
815203,GOG
816335,itch.io
808859,GOG
808859,Steam
816320,Not Specified
965892,Steam
854446,Steam
844364,itch.io
844364,Epic Games
844364,Nintendo Store
844364,Steam
828492,GOG
828492,itch.io
840838,Steam
838115,Not Specified
842384,Not Specified
852748,Steam
745604,GOG
745604,itch.io
745604,Steam
748522,Steam
755042,Steam
756573,Steam
756609,Steam
776280,Steam
901672,Steam
884794,Steam
776372,Steam
774690,Steam
789964,Steam
797952,Steam
785798,Steam
791678,Steam
826812,Steam
793650,itch.io
736215,Not Specified
725833,Steam
736414,Steam
719641,GOG
719641,Steam
738113,Steam
739663,Steam
806956,Not Specified
835127,Steam
743450,Not Specified
743408,itch.io
739679,Not Specified
743406,Not Specified
743417,itch.io
743489,Not Specified
748386,Not Specified
622523,Steam
622522,Steam
669342,Steam
671189,itch.io
671189,Steam
665027,GOG
665027,Steam
665027,Xbox Store
674216,Steam
769393,Steam
756615,GOG
756615,Steam
697540,Steam
700732,Steam
707270,Steam
694391,Steam
707294,Steam
718180,Steam
721005,Steam
723965,GOG
723965,Steam
510047,Steam
523105,Steam
528705,Steam
534211,Steam
532332,Nintendo Store
532332,PlayStation Store
532332,Steam
545142,Steam
743525,Steam
743407,itch.io
587292,itch.io
570166,Steam
589115,Steam
604014,Steam
581021,Steam
616735,Steam
635230,Steam
362651,Steam
248700,Steam
248700,App Store
236846,itch.io
236846,Steam
248531,Steam
60757,Steam
428227,Steam
428785,Steam
62632,Steam
73746,App Store
73746,Google Play
76023,App Store
76023,Google Play
350592,Steam
46254,itch.io
46254,Steam
45307,Steam
36227,Steam
36227,App Store
23622,itch.io
23622,Steam
20719,Steam
14363,Steam
10808,Steam
62799,Steam
62370,Steam
542639,Steam
354704,App Store
354704,Google Play
370413,Steam
370413,App Store
390569,App Store
390569,itch.io
401752,itch.io
420967,Not Specified
428786,Steam
427967,Steam
428742,Steam
428742,Xbox Store
428742,PlayStation Store
428742,Nintendo Store
428691,Steam
60923,Steam
60340,Steam
59993,Steam
980299,GOG
980299,Steam
980288,itch.io
980287,itch.io
984149,Steam
992269,Steam
996390,Steam
992282,Steam
986587,Steam
995300,Steam
993559,Steam
976129,GOG
976129,Steam
975289,Steam
977385,Steam
979429,GOG
979429,Steam
980465,Steam
980465,GOG
984997,Steam
49561,Steam
53324,Not Specified
60375,Steam
60086,Steam
990682,Steam
988142,Steam
968842,Steam
968573,Steam
969516,Steam
970002,Steam
973862,Steam
971497,Steam
972126,Steam
971263,Steam
972452,Steam
973136,Steam
971505,Steam
974314,Steam
971963,Steam
973468,Steam
971800,Steam
972837,Steam
964653,Steam
965303,Not Specified
963505,Steam
966604,Steam
966865,Steam
965283,Not Specified
964946,Steam
966434,Steam
964051,Steam
966272,Steam
967131,Steam
968023,Steam
969729,Steam
969585,Steam
969568,Steam
934433,itch.io
934456,Not Specified
957472,Steam
955619,Steam
960160,GOG
960160,Steam
960621,Steam
949937,Steam
957456,Steam
962565,Steam
960693,Steam
960693,GOG
961145,Steam
962739,Steam
960208,Steam
947975,Not Specified
961488,Steam
856195,Steam
876503,Steam
911491,Steam
882952,Steam
911468,Steam
905613,Steam
886245,Steam
913209,GOG
913209,Steam
887807,Steam
928797,Steam
938052,Steam
934628,Steam
934444,Not Specified
932669,Steam
916484,Steam
842404,Not Specified
842408,Not Specified
842403,Not Specified
818045,Steam
842481,Not Specified
842419,GOG
842419,Steam
872798,Steam
863767,Steam
854399,Steam
842415,Not Specified
857722,Steam
861440,Steam
861417,Steam
842501,Not Specified
871232,Steam
842460,Not Specified
769475,Steam
771489,Steam
771489,itch.io
776295,Steam
776299,Steam
789967,Steam
801100,itch.io
801100,Steam
804754,Steam
804754,itch.io
791693,Steam
793671,Steam
816307,itch.io
840908,Steam
830068,GOG
830068,Steam
825325,Not Specified
825324,Steam
825324,itch.io
739661,Steam
743422,itch.io
743398,Not Specified
743423,itch.io
743411,itch.io
743536,Not Specified
748516,Steam
748496,Steam
748496,itch.io
761366,Steam
756619,Steam
754925,Steam
769403,Steam
768079,Steam
774750,App Store
695912,Steam
707264,Steam
711040,Steam
725784,Steam
721009,Steam
725793,Steam
712552,Steam
721011,Steam
734689,Not Specified
736217,Not Specified
736185,GOG
736185,itch.io
741680,Steam
743500,Not Specified
738145,Steam
644695,Steam
644695,itch.io
641778,Steam
670386,itch.io
670386,Steam
651133,Steam
669396,Steam
663801,Steam
677173,Steam
677224,Steam
672443,Steam
683203,Steam
711031,Steam
681551,Steam
690737,Steam
707301,Steam
683201,Steam
541302,Steam
541251,Not Specified
548128,Steam
571725,Steam
563347,Steam
576402,Steam
576435,Steam
570097,Steam
581029,Steam
581189,Steam
600930,Steam
615006,Steam
638760,Steam
643153,Steam
462911,Epic Games
462911,itch.io
462911,Steam
470970,itch.io
470970,Steam
491582,Steam
490934,Steam
490934,PlayStation Store
491308,Steam
490707,Steam
491107,Steam
491970,Steam
491304,Steam
496729,Steam
495647,Steam
496738,Steam
496738,PlayStation Store
522999,Steam
525635,Steam
60705,Steam
356083,Steam
356083,App Store
356083,Google Play
74417,App Store
91457,itch.io
91457,Steam
90577,itch.io
90565,itch.io
333136,Not Specified
333141,Not Specified
334383,PlayStation Store
333137,Not Specified
349155,Steam
349155,GOG
262413,Steam
262413,itch.io
286583,Steam
430511,Steam
277930,Steam
313842,itch.io
313842,Steam
316864,Steam
323154,Steam
330734,Not Specified
324123,Not Specified
60989,Steam
971071,Steam
309731,Not Specified
304938,Steam
302330,Steam
282927,Steam
284247,App Store
262719,Steam
262719,App Store
264799,Steam
259896,Steam
241102,Steam
223553,Google Play
223553,App Store
157395,itch.io
157395,Steam
91262,itch.io
73642,App Store
74156,Google Play
74156,App Store
65716,App Store
65716,Google Play
60309,Steam
60354,Steam
1004961,Steam
1003873,Steam
1001794,Steam
999461,Steam
996999,Steam
61028,Steam
60215,Steam
60200,itch.io
60200,Steam
60626,Steam
60048,Steam
58955,Not Specified
57750,Not Specified
50751,Steam
49848,Steam
46692,Steam
46030,Steam
43873,Steam
24185,Google Play
24185,Nintendo Store
24185,App Store
24185,Steam
24185,Xbox Store
22550,Steam
22550,itch.io
23396,Steam
20838,Steam
20456,Steam
20034,Steam
18258,Steam
18911,Steam
18463,Steam
16507,Steam
14311,Steam
13584,Steam
997997,Steam
994640,Steam
994814,Steam
991953,Steam
997954,Steam
995777,Steam
995821,Steam
990119,Steam
991294,Steam
989925,Steam
989725,Steam
988508,Steam
991036,Steam
989581,Steam
987626,GOG
987626,Steam
985133,Steam
986135,Steam
987286,Steam
982928,Steam
983571,Steam
981216,Steam
980924,Steam
982769,Steam
982661,Steam
982784,Steam
982784,GOG
981755,Steam
980249,Steam
979178,Steam
979795,Steam
980840,Steam
977904,Steam
976057,Steam
975507,Steam
977225,GOG
977225,Steam
977863,Steam
977863,GOG
975611,Steam
975538,Steam
978001,Steam
973486,Steam
974917,Steam
973795,GOG
973795,Steam
972065,Steam
972891,Steam
968344,Steam
969651,Steam
968228,GOG
968228,Steam
968926,Steam
804760,Not Specified
970409,Steam
968020,Steam
969164,Steam
969029,Steam
969359,Steam
969101,Steam
971179,Steam
969278,Steam
967841,Steam
967259,itch.io
965287,Not Specified
967465,Steam
965612,Steam
966968,Steam
965368,Steam
965691,Steam
965259,Steam
965396,Steam
967275,Steam
965298,Not Specified
965540,Steam
963522,GOG
963522,Steam
962394,Steam
964400,Steam
964417,Steam
964095,Steam
962189,Steam
961954,Steam
962797,Steam
964521,Steam
962502,Steam
964670,Steam
962578,Steam
961095,Steam
960966,Steam
961322,Steam
960451,Steam
949919,Steam
960517,Steam
955636,Steam
959954,Steam
961101,GOG
961101,Steam
948061,Steam
948112,Steam
939780,Steam
938016,Not Specified
947978,GOG
934439,itch.io
944970,Steam
926717,GOG
926717,Steam
934448,Steam
934454,Not Specified
934615,Steam
936419,Steam
926784,Steam
934561,Steam
930905,Steam
929383,Steam
929383,itch.io
919738,Steam
916543,GOG
916543,Steam
896645,Steam
882963,Steam
892945,Steam
892933,Steam
881187,Steam
874433,Steam
887760,Steam
886284,Steam
879647,Steam
889883,Steam
878012,Steam
871286,itch.io
871286,Steam
887772,Steam
850678,Not Specified
846293,Not Specified
852983,Steam
852983,App Store
865013,Steam
861416,Steam
842547,Not Specified
842582,Not Specified
842432,Not Specified
842385,Not Specified
842453,Not Specified
836506,Steam
842407,Not Specified
835124,Steam
833446,Steam
828468,Not Specified
831891,Steam
828473,Not Specified
830083,Steam
815128,Steam
816318,itch.io
831817,Not Specified
825320,Not Specified
828476,Not Specified
823547,Not Specified
810290,Steam
6724,App Store
804834,Steam
803866,Steam
803866,itch.io
801054,Steam
804763,Not Specified
801057,Steam
804833,Steam
783823,Steam
796154,Steam
796154,itch.io
791665,Steam
774711,Steam
760876,itch.io
745774,Steam
743727,Steam
743504,Not Specified
743518,Not Specified
743433,Not Specified
743449,Not Specified
743485,Not Specified
741574,Not Specified
741576,Not Specified
741577,Not Specified
739672,Steam
743486,Not Specified
739502,Not Specified
739555,Not Specified
738029,Not Specified
736218,Not Specified
734766,Steam
719639,GOG
719639,Steam
722679,Steam
722679,GOG
703295,itch.io
703295,Steam
712634,Steam
695935,Steam
699083,Steam
711039,Steam
697105,itch.io
697105,Steam
688769,Steam
692680,Steam
694417,Steam
690713,Steam
674310,Steam
672325,Steam
651508,App Store
650933,Steam
651147,Steam
627555,Steam
627661,App Store
627661,Google Play
622548,Steam
625801,Steam
607385,Steam
614992,Steam
613575,Steam
608691,Steam
610278,Steam
581130,Steam
573194,Steam
570080,Steam
554774,Steam
558480,itch.io
558480,Steam
558480,Xbox Store
557699,Steam
557730,Steam
551652,Steam
551652,Xbox Store
551652,itch.io
547088,App Store
547088,itch.io
547088,Steam
541292,Steam
523965,itch.io
523965,Steam
523117,Steam
498033,App Store
502174,Steam
499322,Steam
499322,itch.io
495705,App Store
495705,Steam
505833,Steam
490850,Steam
492035,Steam
491428,Steam
490632,Steam
490479,Steam
485175,Steam
490520,Steam
485153,Steam
476113,Not Specified
480753,Xbox Store
480753,Steam
480753,PlayStation Store
463760,Steam
463760,App Store
454851,itch.io
437087,App Store
428179,Steam
427907,Steam
430333,Steam
411527,Steam
411527,itch.io
416635,itch.io
416635,Steam
395994,App Store
393536,Steam
388961,Steam
388961,itch.io
385455,Steam
370667,itch.io
367111,GOG
367111,Steam
365001,Steam
353441,Not Specified
333138,Not Specified
322362,Not Specified
324179,Steam
311728,Steam
270770,Steam
73140,App Store
44199,Steam
91453,itch.io
439,App Store
73685,App Store
73685,Google Play
65281,Steam
63967,Steam
63480,Steam
264784,Nintendo Store
264784,Steam
50756,Steam
50621,Steam
50621,itch.io
49832,Steam
47413,Steam
45215,Steam
45412,Steam
18175,Steam
63604,Steam
64054,Steam
90801,itch.io
89655,App Store
76263,App Store
76263,Google Play
73121,App Store
61564,Steam
61564,itch.io
61839,Steam
61146,Steam
61844,Steam
61229,Steam
61170,Steam
60943,Steam
60303,Steam
59694,Steam
59800,Steam
59800,Google Play
51954,Steam
51581,Steam
51252,Steam
44438,Steam
1002821,Steam
1002855,GOG
1002855,Steam
1001151,Steam
1002725,Steam
1001375,Steam
999420,Steam
999969,Steam
998798,Steam
998393,Steam
998819,Steam
999370,Steam
997196,Steam
996010,Steam
996430,Steam
994881,GOG
994881,Steam
993018,Steam
993075,Steam
992941,Steam
994374,Steam
991712,Steam
989534,Steam
991218,Steam
989275,Steam
990246,GOG
990246,Steam
990526,Steam
992359,Steam
990004,GOG
990004,Steam
989100,Steam
986563,Steam
988446,Steam
988132,Steam
989200,Steam
988016,Steam
987763,Steam
987690,Steam
987690,GOG
987579,Steam
987860,Steam
985185,Steam
984122,Steam
985204,Steam
984393,Steam
984028,Steam
984486,Steam
983804,Steam
983307,Steam
983790,Steam
982066,Steam
982175,Steam
983669,Steam
981521,Steam
981817,Steam
983627,Steam
982009,Steam
981390,Steam
981315,Steam
980600,Steam
980286,Steam
980286,itch.io
980229,Steam
979371,Steam
979136,Steam
980899,Steam
979976,Steam
980381,Steam
979868,Steam
979071,Steam
980826,Steam
979287,Steam
978994,Steam
977862,Steam
977862,GOG
976569,Steam
978298,Steam
976698,Steam
978643,Steam
977504,Steam
976684,GOG
976684,Steam
977141,Steam
977487,Steam
975653,Steam
976301,Not Specified
975625,Steam
976058,GOG
976058,Steam
975496,Steam
975346,Steam
975043,Steam
975163,Steam
974831,Not Specified
974795,Not Specified
974421,Steam
973890,Steam
973890,GOG
974249,Steam
973994,Nintendo Store
973994,GOG
973994,Steam
973720,Steam
970191,Steam
971231,Steam
971566,Steam
969641,Steam
972358,Steam
972056,Steam
971438,Steam
970429,Steam
972474,Steam
970705,Steam
969717,Steam
969769,Steam
971899,GOG
971899,Steam
969600,Steam
969679,Steam
970879,Steam
969433,Steam
968826,Steam
969081,Steam
969066,Steam
969056,Steam
968309,Steam
968221,Steam
969021,Steam
967774,GOG
967774,Steam
968658,Steam
969220,Steam
969111,Steam
966041,Steam
965744,Steam
965497,Steam
966913,Steam
965556,Steam
967513,Steam
964232,Steam
965156,GOG
965156,Steam
964020,Steam
964988,Steam
964339,Steam
965323,Steam
964331,Steam
963691,Steam
963696,Steam
963925,itch.io
964481,Steam
964481,GOG
964428,Steam
965135,Steam
964207,Steam
963967,Steam
964090,Steam
963383,Steam
963383,App Store
962795,Steam
962756,Steam
962756,GOG
962831,Steam
963511,Steam
963127,Not Specified
962215,Steam
962683,Steam
963656,Steam
962757,Steam
962757,GOG
961680,Steam
961123,Steam
961485,GOG
961485,Steam
961939,Steam
960982,GOG
960982,Steam
960957,Steam
961445,Steam
961320,Steam
961620,Steam
960179,Steam
959753,Steam
959695,Steam
959740,Steam
952072,Steam
957514,Steam
957514,GOG
960399,Steam
960193,Steam
948139,Steam
941521,Steam
946642,GOG
946642,Steam
948031,Steam
938014,Steam
938014,GOG
945023,Steam
936470,Steam
949910,Steam
934441,Not Specified
934597,Steam
934449,Not Specified
928820,Steam
926821,Steam
923105,Steam
917787,Steam
913270,Steam
907440,Steam
917882,Steam
907393,Steam
894534,Steam
904217,Steam
904214,Steam
907383,Steam
906777,Steam
906777,itch.io
896651,Steam
896707,Steam
907420,Steam
892910,GOG
892910,Steam
892968,Steam
892908,Steam
879600,Steam
889931,GOG
889931,Steam
879570,GOG
879570,itch.io
879570,Steam
872800,Steam
869636,Steam
866503,Steam
868213,Steam
854467,Steam
850733,Steam
856218,Steam
846296,Not Specified
850680,itch.io
846419,Steam
846452,Steam
838297,itch.io
838263,Not Specified
838081,Not Specified
831829,Not Specified
838204,Not Specified
838179,itch.io
831822,Not Specified
831821,Not Specified
831830,Not Specified
831823,Not Specified
835104,Steam
831820,Not Specified
830221,Steam
835088,GOG
835088,Steam
830225,Steam
828474,Not Specified
830034,Not Specified
825317,Not Specified
825319,Not Specified
829392,Steam
829392,itch.io
825318,Not Specified
815186,Steam
825314,Not Specified
825310,Not Specified
825313,Not Specified
807115,Steam
812133,Steam
812133,itch.io
791632,Not Specified
791802,Steam
787689,Steam
779854,Steam
783761,Steam
764986,Steam
774706,Steam
776278,Steam
760191,Steam
761354,Not Specified
754980,Steam
755059,Steam
752088,Steam
748112,GOG
748112,Steam
745746,Steam
743553,Not Specified
743736,Steam
745776,Steam
741575,Not Specified
743410,itch.io
743479,Not Specified
743428,Not Specified
743403,Not Specified
743420,Not Specified
743402,Not Specified
739698,itch.io
739554,Not Specified
739559,Not Specified
739538,Not Specified
739500,Not Specified
736320,Steam
736223,Not Specified
736222,Not Specified
736245,Not Specified
734716,Steam
736216,Not Specified
736175,Google Play
736175,App Store
720965,Steam
727401,Steam
719638,GOG
719638,Steam
721066,GOG
721066,Steam
719590,Steam
719610,Steam
718142,Steam
712692,Steam
712600,Steam
709070,Steam
714490,Steam
712581,Steam
709110,itch.io
709110,Steam
704659,Steam
694380,Steam
700686,Steam
694414,Steam
702366,Steam
690747,Steam
678588,Steam
681472,Steam
683194,Steam
692604,Steam
677210,Steam
663764,Steam
669359,Steam
667716,Steam
667783,Xbox Store
667783,Steam
650761,Steam
647579,Steam
649054,Steam
649054,itch.io
638779,Steam
627385,itch.io
625699,Steam
630702,Steam
597181,Steam
608522,itch.io
608522,Steam
605632,Steam
598582,Steam
598582,itch.io
596887,itch.io
602313,Steam
586223,App Store
586171,Steam
578251,App Store
579566,Steam
580060,itch.io
580060,Steam
579556,Steam
566565,GOG
566565,App Store
566565,Steam
571705,Steam
570156,Steam
556196,App Store
559029,Steam
541328,App Store
541273,Steam
548042,Steam
536910,Steam
532447,Steam
525649,Steam
523043,Steam
520299,Not Specified
517369,Steam
517369,App Store
518625,Steam
496725,Steam
499211,itch.io
499211,Steam
498785,itch.io
496762,Steam
491750,Steam
491458,Steam
492254,Steam
491647,Steam
492091,Steam
492070,Steam
490624,Steam
488416,itch.io
488416,Steam
470377,itch.io
470377,Steam
461796,App Store
457557,itch.io
430467,Steam
430522,App Store
427896,Steam
427896,itch.io
427627,Steam
428018,Steam
428021,Steam
419709,itch.io
420971,Steam
392031,Steam
392031,Nintendo Store
385611,App Store
373645,Steam
366295,itch.io
349322,Steam
338424,App Store
14292,Steam
306930,itch.io
294156,Steam
297254,Steam
298444,Steam
297325,itch.io
297325,Steam
287327,Steam
287327,itch.io
279052,Steam
282923,Steam
19961,Steam
253253,Steam
254601,itch.io
254601,Steam
257069,Steam
257069,itch.io
248449,Steam
236295,itch.io
216331,Steam
92245,itch.io
90945,itch.io
91725,itch.io
4088,PlayStation Store
5070,PlayStation Store
8525,App Store
11431,Steam
12243,Steam
13295,Steam
14035,Steam
15828,Steam
18653,Steam
21049,Steam
23289,Steam
24676,Nintendo Store
25406,Steam
25406,Nintendo Store
27788,Steam
27788,GOG
27788,Nintendo Store
27788,Google Play
27788,App Store
41171,App Store
44816,Steam
45931,Steam
46972,Steam
49482,Steam
49704,Steam
51461,Steam
60164,Steam
60363,Steam
60564,Steam
60419,Steam
60131,Steam
60825,Steam
61288,Steam
61985,itch.io
61985,Steam
61452,itch.io
61452,Steam
62085,Steam
62640,itch.io
62640,Steam
62902,Steam
64422,Steam
64629,itch.io
64629,Steam
64367,Steam
64531,Steam
64404,Steam
64745,Steam
72887,App Store
72887,Google Play
73610,App Store
73323,App Store
73518,App Store
73441,App Store
73603,App Store
73314,App Store
73574,App Store
74040,App Store
73844,App Store
73964,App Store
73955,App Store
74384,Google Play
74384,App Store
998630,Steam
998615,Steam
999139,Steam
999196,Steam
999475,Steam
1000881,Steam
1000683,Steam
1000842,Steam
1000328,Steam
1002268,Steam
1003137,Steam
1005985,Steam
1005741,Steam
995852,Steam
994709,Steam
997817,Steam
996831,Steam
996471,GOG
996471,Steam
996764,Steam
997490,Steam
998038,Steam
997414,Steam
996105,Steam
998611,Steam
997874,Steam
997451,Steam
999098,itch.io
999098,Steam
998716,Steam
999100,Steam
993625,Steam
993101,Steam
993275,Steam
993783,Steam
993896,Steam
993541,Steam
993599,Steam
994696,Steam
995737,Steam
994118,Steam
994528,Steam
995391,Steam
996083,Steam
995487,Steam
990467,Steam
989832,Steam
990653,Steam
990574,Steam
990468,Steam
990313,Steam
990914,Steam
992691,Steam
991968,Steam
992156,Steam
991316,Steam
992164,Steam
992545,Steam
992167,Steam
991042,Steam
993079,Steam
986324,Steam
987081,Steam
986887,Steam
986570,Steam
986746,Steam
986782,Steam
987912,Steam
987004,Steam
987398,Steam
987930,Steam
988334,Steam
988716,GOG
988716,Steam
989034,Steam
990496,Steam
990081,Steam
981203,Steam
982185,Steam
983299,Steam
983235,Steam
983327,Steam
983327,GOG
983401,GOG
983401,Steam
983596,Steam
983666,Steam
984327,Steam
984335,Steam
984974,Steam
985015,Steam
985225,Steam
984998,Steam
985487,Steam
986224,GOG
986224,Steam
979455,GOG
979455,Steam
979930,Steam
979981,Steam
980617,Steam
980985,Steam
980239,GOG
980239,Steam
981202,Steam
980177,Steam
980398,Steam
981089,Steam
981622,Steam
982337,Steam
982849,Steam
981334,Steam
982687,Steam
981692,Steam
977301,Steam
976993,GOG
976993,Steam
977171,Steam
977684,Steam
977586,Steam
976971,Steam
977936,Steam
977896,Steam
978206,Steam
978607,Steam
978898,Steam
978703,Steam
979878,Steam
979798,Steam
979706,Steam
975279,Steam
975782,Steam
975550,Steam
976515,GOG
976515,Steam
976128,Steam
975877,Steam
975872,Steam
976259,itch.io
976259,Steam
976395,Steam
976427,Steam
976965,Steam
978169,Steam
976893,Steam
973722,Steam
973725,Steam
973276,Steam
973673,GOG
973673,Steam
973498,Steam
974102,Steam
973813,Steam
973976,Steam
973855,Steam
974400,Steam
975160,Steam
975493,Steam
974837,Steam
975503,Steam
974866,Steam
973263,Steam
972230,GOG
972230,Steam
972240,Steam
972185,Steam
972267,Steam
972306,Steam
972269,Steam
972417,Steam
972308,Steam
972728,Steam
972286,Steam
972705,Steam
973218,Steam
973024,Steam
973132,Steam
973611,Steam
968999,Steam
968398,Steam
969534,Steam
969138,Steam
969067,Steam
969650,Steam
971216,Steam
971354,Steam
971716,Steam
971728,Steam
972127,Steam
970657,Steam
970658,Steam
971304,Steam
971583,Steam
970934,Steam
966839,Steam
967278,Steam
968138,Steam
967766,Steam
967481,Steam
967499,Steam
967839,Steam
967761,GOG
967761,Steam
968244,Steam
969245,Steam
968820,Steam
969510,Steam
968947,Steam
968669,Steam
969001,Steam
964321,Steam
964813,Steam
964810,Steam
964682,Steam
964835,Steam
965017,Steam
965413,Steam
965413,GOG
965739,Steam
966131,Steam
965486,Steam
966370,Steam
966370,GOG
965950,Steam
967292,Steam
966528,Steam
966930,Steam
967012,Steam
962447,Steam
962567,Steam
962507,Steam
962554,Steam
963745,Steam
964065,Steam
963662,Steam
963622,Steam
963320,Steam
964028,Steam
964096,Steam
963892,Steam
965157,Steam
964804,Steam
964169,Steam
964660,Steam
960266,Steam
961015,Steam
961197,Not Specified
960938,Steam
961264,Steam
960746,GOG
960746,Steam
961548,Steam
961159,Steam
961086,Steam
961496,Steam
961496,GOG
962548,Steam
962096,GOG
962096,Steam
962833,Steam
962733,Steam
962910,Steam
962434,Steam
959620,Steam
953997,Steam
957502,Steam
959658,Steam
955663,Steam
957459,Steam
959673,Steam
959663,Steam
957450,Steam
960135,Steam
959888,Steam
960330,Steam
960503,Steam
960743,Steam
959764,Steam
959764,GOG
934447,Not Specified
939830,GOG
939830,Steam
939834,Steam
941485,Steam
941471,Steam
941497,Steam
943537,Steam
946570,Steam
941481,Steam
944972,Steam
947465,Steam
947465,itch.io
952031,Steam
949936,Steam
952100,Steam
946594,GOG
946594,Steam
946591,Steam
925082,Steam
926770,Steam
925060,Steam
925069,Steam
926720,Steam
934512,GOG
934512,Steam
932388,Steam
932388,itch.io
932639,Steam
934445,Not Specified
934457,Not Specified
936449,Steam
934453,itch.io
934432,Steam
934452,Not Specified
934592,Steam
909815,Steam
907371,Not Specified
911441,Steam
907379,Steam
911521,Steam
911528,Steam
917863,Steam
916506,Steam
914856,Steam
923060,Steam
917856,Steam
916468,Not Specified
916482,Steam
925109,Steam
925055,Steam
882978,Steam
881228,Steam
879567,Steam
879567,itch.io
887790,Steam
886258,Steam
884081,Steam
884081,itch.io
884725,Steam
889896,Steam
894478,Steam
894471,Steam
889924,Steam
900172,Steam
901627,Steam
898398,Steam
868114,Steam
872840,Steam
868173,Steam
868129,Steam
871236,Steam
871189,Steam
874436,Steam
879649,itch.io
879649,Steam
883003,Steam
876490,Steam
881210,Steam
876499,Steam
883038,Steam
883038,GOG
875658,itch.io
842443,Steam
838192,Not Specified
840826,Steam
850679,Not Specified
849475,Steam
849449,Steam
850752,Steam
856182,GOG
856182,Steam
854360,Steam
854427,Steam
857640,Steam
865056,Steam
868929,Steam
868929,itch.io
828472,Not Specified
823621,GOG
823621,Steam
828469,Not Specified
828470,Not Specified
828479,Not Specified
828481,Not Specified
831825,Not Specified
831827,Not Specified
831818,Not Specified
831828,Not Specified
833562,Steam
831819,Not Specified
828477,Not Specified
828480,Not Specified
833451,Steam
831873,Steam
791651,Steam
801035,Steam
802524,itch.io
802524,Steam
804997,App Store
806957,Not Specified
810521,Steam
810521,itch.io
806955,Steam
812190,Steam
813556,Steam
818050,Steam
817995,Steam
823561,Steam
761433,Steam
761408,Steam
772565,Steam
776323,Steam
776338,Steam
776303,Steam
776339,Steam
778184,Not Specified
778183,Not Specified
779882,Steam
787779,App Store
791764,Steam
745820,Steam
745770,Steam
748664,Steam
750328,Not Specified
750310,Not Specified
752072,Steam
752064,Steam
752118,Steam
752142,Steam
759900,itch.io
769446,Steam
771286,Steam
734677,itch.io
736219,Not Specified
736334,Steam
736246,Not Specified
738066,Not Specified
739571,Steam
741599,Not Specified
741712,Steam
743434,Not Specified
743551,Not Specified
743491,Not Specified
743600,Steam
745779,Steam
748219,Steam
748219,itch.io
711034,Steam
704665,Steam
704492,itch.io
704758,Steam
702355,Steam
712673,Steam
717035,Steam
724098,itch.io
724098,GOG
724083,Steam
725564,Steam
725564,itch.io
723977,Steam
729306,Steam
651434,Steam
651434,App Store
664995,Steam
674208,Steam
673850,Steam
673850,itch.io
678608,Steam
681565,Steam
684980,Steam
684980,Epic Games
692584,Steam
694389,Steam
697543,Steam
613552,Steam
627532,Steam
625763,Steam
625705,Steam
624402,Steam
628242,itch.io
630820,itch.io
630820,Steam
633434,Steam
641749,Steam
640245,Steam
647565,Steam
650929,Steam
579557,Steam
586094,Steam
585974,itch.io
585974,Steam
586126,Steam
594399,itch.io
594399,Steam
593302,Steam
593359,Steam
593327,Steam
610243,Steam
608649,Steam
611695,Steam
607380,Steam
613588,App Store
540065,Steam
546528,Steam
545074,Steam
551288,Steam
551288,itch.io
552961,Steam
552996,Steam
563399,Steam
557724,Steam
557759,Steam
557707,Steam
570153,Steam
576457,App Store
576457,Steam
581102,Steam
516809,Steam
516809,itch.io
514956,Steam
514956,itch.io
518630,Steam
523135,Steam
523145,Steam
527429,Steam
534217,Steam
530525,Steam
534652,itch.io
534652,Steam
535548,Steam
535681,Steam
536903,Steam
540068,Steam
491974,Steam
491410,Steam
491370,Steam
491225,Steam
491756,Steam
491240,Steam
492108,Steam
492110,Steam
491715,Steam
492234,Steam
502142,Steam
505932,Steam
504897,Steam
508562,App Store
510037,Not Specified
484749,Steam
484918,Steam
484661,Steam
485180,Steam
490474,Steam
490654,Steam
490441,Steam
490841,Steam
491019,Steam
491012,Steam
491012,Nintendo Store
491267,Steam
491275,Steam
491204,Steam
427594,Steam
428246,Steam
428267,Steam
428358,Steam
428751,Steam
430374,Steam
430449,Steam
446916,App Store
450742,itch.io
450742,Steam
455219,itch.io
455219,Steam
386510,Steam
386536,Steam
388965,Steam
392046,Steam
392046,Nintendo Store
393563,Steam
397073,itch.io
395956,itch.io
395956,Steam
401133,itch.io
401133,Steam
350830,Steam
350835,Steam
363589,itch.io
368568,itch.io
368165,Steam
370237,Steam
373604,Steam
374019,itch.io
374019,Steam
295025,itch.io
295025,Steam
301293,itch.io
316485,itch.io
321254,Steam
326590,itch.io
325015,Steam
328692,App Store
328694,App Store
331993,Not Specified
336049,Not Specified
349666,Steam
246920,App Store
254792,App Store
255847,Steam
268316,Steam
270773,Steam
281922,Steam
283996,itch.io
283996,Steam
293628,itch.io
297431,App Store
103766,itch.io
164142,itch.io
233970,Steam
236711,itch.io
236711,Steam
236819,Steam
240125,Google Play
240125,App Store
238796,Steam
240123,App Store
244791,Steam
244756,Steam
244767,Steam
84235,App Store
90535,itch.io
90412,itch.io
90412,Steam
90580,itch.io
90935,itch.io
90939,itch.io
92288,itch.io
9027,Steam
9027,App Store
982541,Steam
982435,Steam
982435,GOG
982399,Steam
982500,Steam
982551,GOG
982551,Steam
982492,Steam
73795,App Store
73270,App Store
73623,App Store
72443,App Store
988125,Steam
988182,Steam
988113,Steam
988200,Steam
988413,Steam
988997,Steam
988851,Steam
988858,Steam
989207,Steam
988903,Steam
989005,Steam
989120,Steam
989238,Steam
989003,Steam
984747,Steam
984708,Steam
984849,Steam
984118,Steam
985277,Steam
985211,Steam
985155,Steam
985308,Steam
985242,Steam
985242,GOG
985408,Steam
985297,Steam
985358,Steam
986641,Steam
62084,Steam
63156,Steam
982487,Steam
982421,Steam
982734,Steam
983278,Steam
982762,Steam
983281,Steam
983331,Steam
983331,GOG
983507,Steam
983297,Steam
983001,Steam
984150,Steam
984234,Steam
984336,Steam
985689,Steam
985630,Steam
985964,Steam
986032,Steam
985961,Steam
985526,Steam
986062,Steam
986381,Steam
986249,Steam
986285,Steam
986619,Steam
986629,Steam
60350,Steam
60133,Steam
61427,Steam
1005295,Steam
1005234,Steam
1004890,Steam
1005202,Steam
1005744,Steam
1006359,Steam
1006592,Steam
1006904,Steam
1006127,Steam
1005691,Steam
1006687,Steam
1006738,Not Specified
985867,Steam
985640,Steam
1003287,Steam
1003451,Steam
1003381,Not Specified
1003380,Not Specified
1004027,Steam
1004590,Steam
1004575,Steam
1004085,Steam
1004461,Steam
1004159,Steam
1004589,Steam
1003967,Steam
1005307,Steam
1001355,Steam
1001515,Steam
1001439,Steam
1001727,Steam
1001764,Steam
1001795,Steam
1002408,Steam
1002214,Steam
1002438,Steam
1002057,Steam
1002604,Steam
1002303,Steam
1002941,Steam
1003432,Steam
1003445,Steam
1000086,Steam
1000186,Steam
1000200,Steam
1000375,Steam
1000453,Steam
1000096,Steam
1000301,Steam
1000373,Steam
1000674,Steam
1000640,Steam
1000980,Steam
1000975,Steam
1001152,Steam
1001198,Steam
1001316,Steam
998484,Steam
998595,Steam
998987,PlayStation Store
998987,Nintendo Store
998987,Steam
998574,Steam
998746,Steam
998832,Steam
998848,Steam
999243,Steam
999480,Steam
999530,Steam
999261,Steam
999606,Steam
999898,Steam
999838,Steam
999777,Steam
999999,Steam
997876,Steam
997814,Steam
997845,Steam
997938,Steam
998014,Steam
997731,Steam
997784,Steam
997712,Steam
998415,Steam
998232,Steam
998198,Steam
998197,Steam
998346,Steam
998353,Steam
998427,Steam
998206,Steam
997191,Steam
997127,Steam
997197,Steam
997583,Steam
997516,Steam
997128,Steam
997089,Steam
997956,Steam
997773,Steam
997979,Steam
997804,Steam
997728,Steam
997822,Steam
997718,GOG
997718,Steam
997739,Steam
996923,Steam
996543,Steam
996510,Steam
996881,Steam
996702,Steam
996508,Steam
996626,Steam
996834,Steam
996810,Steam
996828,Steam
996958,Steam
996644,Steam
997245,Steam
997085,Steam
997426,Steam
995664,Steam
995913,Steam
995844,Steam
995980,Steam
995968,Steam
995960,Steam
995876,Steam
995995,Steam
996132,Steam
996047,Not Specified
996281,Steam
996322,Steam
996210,Steam
996190,Steam
994514,Steam
994613,Steam
994642,Steam
995021,Steam
995218,Steam
994664,Steam
994715,Steam
994940,Steam
994614,Steam
994958,Steam
994923,Steam
994995,Steam
995106,Steam
995417,Steam
993815,Steam
993784,Steam
993965,Steam
993983,Steam
993940,Steam
994180,Steam
994094,Steam
994104,Steam
994212,Steam
994232,Steam
994121,Steam
994290,Steam
994545,Steam
994313,Steam
994414,Steam
994348,Steam
992729,Steam
992925,Steam
993026,Steam
993379,Steam
993278,Steam
993196,Steam
993135,Steam
993146,itch.io
993146,Steam
993580,Steam
993495,Steam
993585,Steam
993693,Steam
993714,Steam
991612,Steam
991805,Steam
991800,Steam
992083,Steam
991879,Steam
992517,Steam
991957,Steam
992374,Steam
992092,Steam
992088,Steam
992701,Steam
992915,Steam
992684,Steam
992724,Steam
990755,Steam
990715,Steam
990715,GOG
990779,Steam
990770,Steam
991177,Steam
990985,Steam
991265,GOG
991265,Steam
991353,Steam
991315,Steam
991746,Steam
991736,Steam
991642,Steam
991741,Steam
991443,Steam
988934,Steam
989640,Steam
989299,Steam
989373,Steam
989858,Steam
989520,Steam
989827,Steam
989973,Steam
990273,Steam
990200,Steam
990626,Steam
990198,Steam
990354,Steam
990215,Steam
64201,itch.io
64201,Steam
60653,Steam
983578,Steam
983646,Steam
983826,Steam
983830,Steam
983961,Steam
984096,Steam
984365,Steam
985325,Steam
985196,Steam
988525,Steam
988726,Steam
988427,Steam
988694,Steam
986475,Steam
986438,Steam
986856,Steam
986877,Steam
987187,Steam
987066,Steam
987079,Steam
986796,Steam
986935,Steam
986977,Steam
987303,Steam
987071,Steam
62821,itch.io
62821,Steam
63913,Steam
63939,Steam
1006905,Steam
1006905,PlayStation Store
1006905,Xbox Store
1006905,Nintendo eShop
1006906,Steam
1006906,PlayStation Store
1006906,Nintendo eShop
1006907,Steam
1006907,Xbox Store
1006907,Epic Games
1006908,Steam
1006908,PlayStation Store
14096,Not Specified
428315,Not Specified
350412,Not Specified
779852,Not Specified
22418,Not Specified
15446,Not Specified
5170,Not Specified
21437,Not Specified
57816,Not Specified
57049,Not Specified
316856,Not Specified
419890,Not Specified
20365,Not Specified
13130,Not Specified
46393,Not Specified
62134,Not Specified
13017,Not Specified
353493,Not Specified
966906,Not Specified
16218,Not Specified
371826,Not Specified
392381,Not Specified
407566,Not Specified
868099,Not Specified
797955,Not Specified
13003,Not Specified
21204,Not Specified
14073,Not Specified
542592,Not Specified
20105,Not Specified
24239,Not Specified
983717,Not Specified
15021,Not Specified
20941,Not Specified
28923,Not Specified
20290,Not Specified
62076,Not Specified
5362,Not Specified
51225,Not Specified
5548,Not Specified
223758,Not Specified
20232,Not Specified
14555,Not Specified
49076,Not Specified
17622,Not Specified
11404,Not Specified
11581,Not Specified
302916,Not Specified
19856,Not Specified
19434,Not Specified
22805,Not Specified
23106,Not Specified
52055,Not Specified
49240,Not Specified
50178,Not Specified
28333,Not Specified
55278,Not Specified
685021,Not Specified
14347,Not Specified
22319,Not Specified
19029,Not Specified
61184,Not Specified
21831,Not Specified
513920,Not Specified
28056,Not Specified
471033,Not Specified
13642,Not Specified
17125,Not Specified
605543,Not Specified
16567,Not Specified
17485,Not Specified
59674,Not Specified
802434,Not Specified
250011,Not Specified
12184,Not Specified
4277,Not Specified
761343,Not Specified
663740,Not Specified
28845,Not Specified
5394,Not Specified
766955,Not Specified
16945,Not Specified
30891,Not Specified
9987,Not Specified
61907,Not Specified
266217,Not Specified
51545,Not Specified
277994,Not Specified
21190,Not Specified
12138,Not Specified
9573,Not Specified
46521,Not Specified
58534,Not Specified
19696,Not Specified
10692,Not Specified
23489,Not Specified
22175,Not Specified
517,Not Specified
13116,Not Specified
16951,Not Specified
797883,Not Specified
976005,Not Specified
14556,Not Specified
53089,Not Specified
30319,Not Specified
54260,Not Specified
54373,Not Specified
61535,Not Specified
14040,Not Specified
54303,Not Specified
313764,Not Specified
404502,Not Specified
918,Not Specified
22385,Not Specified
972271,Not Specified
60539,Not Specified
27945,Not Specified
23958,Not Specified
19431,Not Specified
13395,Not Specified
5617,Not Specified
360,Not Specified
364811,Not Specified
21329,Not Specified
586124,Not Specified
49246,Not Specified
45709,Not Specified
23006,Not Specified
20188,Not Specified
17693,Not Specified
18976,Not Specified
19815,Not Specified
19162,Not Specified
823549,Not Specified
28913,Not Specified
10240,Not Specified
973384,Not Specified
1525,Not Specified
499350,Not Specified
13266,Not Specified
21081,Not Specified
28279,Not Specified
13967,Not Specified
20580,Not Specified
35205,Not Specified
43960,Not Specified
9901,Not Specified
16015,Not Specified
10562,Not Specified
28950,Not Specified
10804,Not Specified
20389,Not Specified
49707,Not Specified
690,Not Specified
20859,Not Specified
12105,Not Specified
10714,Not Specified
163,Not Specified
22105,Not Specified
45488,Not Specified
54102,Not Specified
51102,Not Specified
49963,Not Specified
640196,Not Specified
692672,Not Specified
102,Not Specified
10290,Not Specified
22143,Not Specified
3352,Not Specified
18017,Not Specified
304239,Not Specified
202,Not Specified
5714,Not Specified
19811,Not Specified
63536,Not Specified
617,Not Specified
10013,Not Specified
353490,Not Specified
51330,Not Specified
15618,Not Specified
16774,Not Specified
29886,Not Specified
4583,Not Specified
20733,Not Specified
19773,Not Specified
19533,Not Specified
18082,Not Specified
383610,Not Specified
3670,Not Specified
28778,Not Specified
375285,Not Specified
31207,Not Specified
3615,Not Specified
19984,Not Specified
11680,Not Specified
45070,Not Specified
12064,Not Specified
20462,Not Specified
983211,Not Specified
23721,Not Specified
18836,Not Specified
18100,Not Specified
65329,Not Specified
955,Not Specified
17726,Not Specified
11618,Not Specified
368149,Not Specified
12310,Not Specified
16134,Not Specified
12841,Not Specified
385444,Not Specified
13321,Not Specified
302373,Not Specified
17155,Not Specified
11040,Not Specified
13966,Not Specified
471021,Not Specified
349473,Not Specified
14196,Not Specified
15495,Not Specified
269448,Not Specified
12110,Not Specified
16135,Not Specified
12242,Not Specified
13180,Not Specified
14561,Not Specified
21761,Not Specified
12465,Not Specified
5993,Not Specified
51107,Not Specified
43889,Not Specified
58118,Not Specified
29849,Not Specified
18606,Not Specified
18538,Not Specified
962986,Not Specified
275708,Not Specified
28959,Not Specified
57196,Not Specified
11656,Not Specified
460925,Not Specified
13836,Not Specified
49244,Not Specified
847,Not Specified
17663,Not Specified
349700,Not Specified
295068,Not Specified
14227,Not Specified
25046,Not Specified
19398,Not Specified
11327,Not Specified
28296,Not Specified
46952,Not Specified
278011,Not Specified
28760,Not Specified
46094,Not Specified
45660,Not Specified
14653,Not Specified
871245,Not Specified
5708,Not Specified
44375,Not Specified
490428,Not Specified
10975,Not Specified
7502,Not Specified
16438,Not Specified
41661,Not Specified
14624,Not Specified
17103,Not Specified
16547,Not Specified
16261,Not Specified
10000,Not Specified
554786,Not Specified
392113,Not Specified
4852,Not Specified
966237,Not Specified
428799,Not Specified
362903,Not Specified
28476,Not Specified
43844,Not Specified
20261,Not Specified
19566,Not Specified
47343,Not Specified
64774,Not Specified
16241,Not Specified
258401,Not Specified
15122,Not Specified
61157,Not Specified
51101,Not Specified
15177,Not Specified
492175,Not Specified
19018,Not Specified
13338,Not Specified
5431,Not Specified
14771,Not Specified
44745,Not Specified
326271,Not Specified
13603,Not Specified
20244,Not Specified
13850,Not Specified
12396,Not Specified
244732,Not Specified
22626,Not Specified
18085,Not Specified
11897,Not Specified
3502,Not Specified
736198,Not Specified
9972,Not Specified
22134,Not Specified
743677,Not Specified
892901,Not Specified
25161,Not Specified
39108,Not Specified
39109,Not Specified
62118,Not Specified
17702,Not Specified
49680,Not Specified
622494,Not Specified
51615,Not Specified
551148,Not Specified
19441,Not Specified
53742,Not Specified
966344,Not Specified
20622,Not Specified
3337,Not Specified
42019,Not Specified
296117,Not Specified
7295,Not Specified
47596,Not Specified
558979,Not Specified
18355,Not Specified
23221,Not Specified
510215,Not Specified
444382,Not Specified
9536,Not Specified
43389,Not Specified
516113,Not Specified
825360,Not Specified
403032,Not Specified
44124,Not Specified
20786,Not Specified
12758,Not Specified
17348,Not Specified
17529,Not Specified
14704,Not Specified
10822,Not Specified
13246,Not Specified
262414,Not Specified
5144,Not Specified
14186,Not Specified
4672,Not Specified
12568,Not Specified
304222,Not Specified
17616,Not Specified
11539,Not Specified
19956,Not Specified
21593,Not Specified
14586,Not Specified
15792,Not Specified
306154,Not Specified
51812,Not Specified
64683,Not Specified
53941,Not Specified
967340,Not Specified
373600,Not Specified
61805,Not Specified
52177,Not Specified
64544,Not Specified
4077,Not Specified
544059,Not Specified
638790,Not Specified
20694,Not Specified
608692,Not Specified
20453,Not Specified
22107,Not Specified
43811,Not Specified
59777,Not Specified
50260,Not Specified
14294,Not Specified
17817,Not Specified
46512,Not Specified
11880,Not Specified
12889,Not Specified
9926,Not Specified
17899,Not Specified
17873,Not Specified
19779,Not Specified
19226,Not Specified
12089,Not Specified
12953,Not Specified
58823,Not Specified
783,Not Specified
65376,Not Specified
1506,Not Specified
15410,Not Specified
16673,Not Specified
10036,Not Specified
17233,Not Specified
481924,Not Specified
51586,Not Specified
48983,Not Specified
18297,Not Specified
17476,Not Specified
13028,Not Specified
14183,Not Specified
39516,Not Specified
30945,Not Specified
63900,Not Specified
17641,Not Specified
43411,Not Specified
18890,Not Specified
18835,Not Specified
479697,Not Specified
14329,Not Specified
19112,Not Specified
484967,Not Specified
166209,Not Specified
881223,Not Specified
14711,Not Specified
9491,Not Specified
831876,Not Specified
21129,Not Specified
19725,Not Specified
44572,Not Specified
1742,Not Specified
4532,Not Specified
865059,Not Specified
1588,Not Specified
972077,Not Specified
962381,Not Specified
20092,Not Specified
20527,Not Specified
50659,Not Specified
275715,Not Specified
1739,Not Specified
354716,Not Specified
13567,Not Specified
13995,Not Specified
2203,Not Specified
16661,Not Specified
3585,Not Specified
831853,Not Specified
9487,Not Specified
901,Not Specified
20369,Not Specified
45883,Not Specified
99004,Not Specified
15403,Not Specified
22847,Not Specified
520,Not Specified
751914,Not Specified
579517,Not Specified
266219,Not Specified
29021,Not Specified
22657,Not Specified
56389,Not Specified
49600,Not Specified
52049,Not Specified
622652,Not Specified
27947,Not Specified
292958,Not Specified
13493,Not Specified
49622,Not Specified
52374,Not Specified
28529,Not Specified
18057,Not Specified
568863,Not Specified
20976,Not Specified
244802,Not Specified
19302,Not Specified
17075,Not Specified
44345,Not Specified
47225,Not Specified
17819,Not Specified
14943,Not Specified
52594,Not Specified
264859,Not Specified
427878,Not Specified
18517,Not Specified
19276,Not Specified
36381,Not Specified
21689,Not Specified
15678,Not Specified
20340,Not Specified
785,Not Specified
736256,Not Specified
18214,Not Specified
21115,Not Specified
58181,Not Specified
46855,Not Specified
19021,Not Specified
11515,Not Specified
10527,Not Specified
58327,Not Specified
485226,Not Specified
19573,Not Specified
505816,Not Specified
26968,Not Specified
22467,Not Specified
15747,Not Specified
16436,Not Specified
10183,Not Specified
678533,Not Specified
894567,Not Specified
1369,Not Specified
15296,Not Specified
26410,Not Specified
56041,Not Specified
22222,Not Specified
47510,Not Specified
782296,Not Specified
934637,Not Specified
220156,Not Specified
6679,Not Specified
44220,Not Specified
12285,Not Specified
11905,Not Specified
964421,Not Specified
46229,Not Specified
487913,Not Specified
400295,Not Specified
28790,Not Specified
53709,Not Specified
41324,Not Specified
16670,Not Specified
844359,Not Specified
21132,Not Specified
28504,Not Specified
367052,Not Specified
13556,Not Specified
12859,Not Specified
22488,Not Specified
22897,Not Specified
3762,Not Specified
18592,Not Specified
22573,Not Specified
962211,Not Specified
41646,Not Specified
600906,Not Specified
60074,Not Specified
15936,Not Specified
14958,Not Specified
19012,Not Specified
13402,Not Specified
861281,Not Specified
61011,Not Specified
54484,Not Specified
1610,Not Specified
5539,Not Specified
63278,Not Specified
4230,Not Specified
17974,Not Specified
649076,Not Specified
60524,Not Specified
428137,Not Specified
18766,Not Specified
54379,Not Specified
14789,Not Specified
16360,Not Specified
20191,Not Specified
308057,Not Specified
14603,Not Specified
31894,Not Specified
45052,Not Specified
20998,Not Specified
638799,Not Specified
45056,Not Specified
635221,Not Specified
40323,Not Specified
833571,Not Specified
28022,Not Specified
3429,Not Specified
19795,Not Specified
500632,Not Specified
29081,Not Specified
17239,Not Specified
50441,Not Specified
850682,Not Specified
55029,Not Specified
40395,Not Specified
427870,Not Specified
14884,Not Specified
2485,Not Specified
780324,Not Specified
62591,Not Specified
28715,Not Specified
58574,Not Specified
16445,Not Specified
58445,Not Specified
12589,Not Specified
3481,Not Specified
51607,Not Specified
53394,Not Specified
19295,Not Specified
22721,Not Specified
12968,Not Specified
52423,Not Specified
13781,Not Specified
1492,Not Specified
13817,Not Specified
1840,Not Specified
3365,Not Specified
17415,Not Specified
10374,Not Specified
2033,Not Specified
19117,Not Specified
16535,Not Specified
16899,Not Specified
14597,Not Specified
11735,Not Specified
5987,Not Specified
18717,Not Specified
692538,Not Specified
674318,Not Specified
481901,Not Specified
409784,Not Specified
545036,Not Specified
351751,Not Specified
51800,Not Specified
30426,Not Specified
14210,Not Specified
3693,Not Specified
987,Not Specified
20954,Not Specified
428941,Not Specified
22639,Not Specified
25087,Not Specified
46663,Not Specified
19805,Not Specified
15099,Not Specified
13131,Not Specified
13964,Not Specified
961624,Not Specified
1289,Not Specified
15759,Not Specified
17201,Not Specified
61323,Not Specified
325055,Not Specified
50753,Not Specified
47248,Not Specified
1345,Not Specified
12509,Not Specified
20628,Not Specified
63700,Not Specified
491367,Not Specified
58791,Not Specified
349598,Not Specified
484907,Not Specified
39931,Not Specified
13547,Not Specified
28351,Not Specified
427614,Not Specified
278016,Not Specified
349905,Not Specified
18365,Not Specified
20076,Not Specified
281342,Not Specified
21555,Not Specified
46187,Not Specified
702368,Not Specified
19763,Not Specified
38543,Not Specified
442841,Not Specified
40795,Not Specified
21370,Not Specified
46750,Not Specified
40724,Not Specified
20147,Not Specified
248486,Not Specified
299566,Not Specified
347823,Not Specified
61203,Not Specified
856206,Not Specified
14660,Not Specified
14752,Not Specified
19971,Not Specified
20751,Not Specified
27284,Not Specified
310852,Not Specified
17920,Not Specified
19069,Not Specified
22860,Not Specified
554699,Not Specified
325101,Not Specified
18400,Not Specified
46389,Not Specified
816325,Not Specified
53392,Not Specified
21757,Not Specified
17246,Not Specified
45905,Not Specified
493459,Not Specified
327245,Not Specified
484529,Not Specified
6254,Not Specified
40254,Not Specified
10802,Not Specified
233968,Not Specified
21744,Not Specified
846358,Not Specified
9012,Not Specified
64062,Not Specified
19973,Not Specified
44579,Not Specified
21467,Not Specified
17649,Not Specified
4383,Not Specified
374542,Not Specified
61105,Not Specified
21412,Not Specified
18198,Not Specified
20146,Not Specified
17351,Not Specified
12529,Not Specified
11122,Not Specified
20534,Not Specified
16887,Not Specified
16427,Not Specified
11833,Not Specified
850769,Not Specified
241043,Not Specified
973509,Not Specified
28396,Not Specified
30463,Not Specified
11753,Not Specified
14951,Not Specified
308130,Not Specified
10024,Not Specified
16561,Not Specified
16420,Not Specified
29035,Not Specified
21838,Not Specified
23823,Not Specified
5384,Not Specified
23629,Not Specified
367145,Not Specified
32601,Not Specified
28284,Not Specified
11221,Not Specified
15606,Not Specified
11478,Not Specified
560814,Not Specified
25163,Not Specified
24883,Not Specified
49451,Not Specified
23867,Not Specified
12949,Not Specified
960605,Not Specified
29054,Not Specified
22474,Not Specified
34950,Not Specified
15564,Not Specified
24160,Not Specified
19049,Not Specified
21248,Not Specified
586060,Not Specified
972784,Not Specified
17019,Not Specified
18973,Not Specified
7,Not Specified
8326,Not Specified
22609,Not Specified
21238,Not Specified
11826,Not Specified
60091,Not Specified
13212,Not Specified
669261,Not Specified
64217,Not Specified
335292,Not Specified
854381,Not Specified
21270,Not Specified
10457,Not Specified
10584,Not Specified
24918,Not Specified
12514,Not Specified
46052,Not Specified
973793,Not Specified
9889,Not Specified
45896,Not Specified
12438,Not Specified
53182,Not Specified
18754,Not Specified
297207,Not Specified
28499,Not Specified
59814,Not Specified
688869,Not Specified
50848,Not Specified
12595,Not Specified
58798,Not Specified
20048,Not Specified
20905,Not Specified
21442,Not Specified
13673,Not Specified
22183,Not Specified
22212,Not Specified
14940,Not Specified
15625,Not Specified
974266,Not Specified
16883,Not Specified
816467,Not Specified
12452,Not Specified
22064,Not Specified
631948,Not Specified
979140,Not Specified
650664,Not Specified
2978,Not Specified
428798,Not Specified
9445,Not Specified
17302,Not Specified
520354,Not Specified
535641,Not Specified
62536,Not Specified
472315,Not Specified
964847,Not Specified
374566,Not Specified
523126,Not Specified
427764,Not Specified
14066,Not Specified
3319,Not Specified
6156,Not Specified
16271,Not Specified
1795,Not Specified
257358,Not Specified
20113,Not Specified
29133,Not Specified
19558,Not Specified
19059,Not Specified
29162,Not Specified
45032,Not Specified
30490,Not Specified
50432,Not Specified
46528,Not Specified
17463,Not Specified
27998,Not Specified
14386,Not Specified
12488,Not Specified
12615,Not Specified
15955,Not Specified
38140,Not Specified
19876,Not Specified
16110,Not Specified
10762,Not Specified
10083,Not Specified
15139,Not Specified
14273,Not Specified
428237,Not Specified
261321,Not Specified
11379,Not Specified
9589,Not Specified
18633,Not Specified
2494,Not Specified
18060,Not Specified
261247,Not Specified
1508,Not Specified
272060,Not Specified
613540,Not Specified
17079,Not Specified
22656,Not Specified
45923,Not Specified
57269,Not Specified
23093,Not Specified
20853,Not Specified
857623,Not Specified
41594,Not Specified
19378,Not Specified
484498,Not Specified
19550,Not Specified
3739,Not Specified
22709,Not Specified
772537,Not Specified
51937,Not Specified
961475,Not Specified
12675,Not Specified
22150,Not Specified
19486,Not Specified
10413,Not Specified
12855,Not Specified
852720,Not Specified
10820,Not Specified
14749,Not Specified
254654,Not Specified
20728,Not Specified
16672,Not Specified
48964,Not Specified
18284,Not Specified
966118,Not Specified
9473,Not Specified
56093,Not Specified
765103,Not Specified
21545,Not Specified
18129,Not Specified
57903,Not Specified
29126,Not Specified
56962,Not Specified
53943,Not Specified
44888,Not Specified
32062,Not Specified
12556,Not Specified
18042,Not Specified
50411,Not Specified
62932,Not Specified
23994,Not Specified
45033,Not Specified
36581,Not Specified
3576,Not Specified
345188,Not Specified
28722,Not Specified
18897,Not Specified
14944,Not Specified
11373,Not Specified
35737,Not Specified
17218,Not Specified
62452,Not Specified
20278,Not Specified
10837,Not Specified
20371,Not Specified
11093,Not Specified
16637,Not Specified
21163,Not Specified
14607,Not Specified
14065,Not Specified
13154,Not Specified
216365,Not Specified
28366,Not Specified
10426,Not Specified
56198,Not Specified
15301,Not Specified
327205,Not Specified
593230,Not Specified
428186,Not Specified
54145,Not Specified
61133,Not Specified
799276,Not Specified
791789,Not Specified
3495,Not Specified
16962,Not Specified
65328,Not Specified
45388,Not Specified
388315,Not Specified
312682,Not Specified
51395,Not Specified
17842,Not Specified
41557,Not Specified
10795,Not Specified
17915,Not Specified
13048,Not Specified
20815,Not Specified
21209,Not Specified
2954,Not Specified
44676,Not Specified
44982,Not Specified
714510,Not Specified
881229,Not Specified
20359,Not Specified
59904,Not Specified
52297,Not Specified
50373,Not Specified
482921,Not Specified
1435,Not Specified
50635,Not Specified
18764,Not Specified
21690,Not Specified
18350,Not Specified
21193,Not Specified
44604,Not Specified
15682,Not Specified
27407,Not Specified
51758,Not Specified
20339,Not Specified
39502,Not Specified
18975,Not Specified
18532,Not Specified
610255,Not Specified
46464,Not Specified
60812,Not Specified
972449,Not Specified
44024,Not Specified
14582,Not Specified
22401,Not Specified
403043,Not Specified
16469,Not Specified
608563,Not Specified
972362,Not Specified
224,Not Specified
527428,Not Specified
5612,Not Specified
13438,Not Specified
2901,Not Specified
63796,Not Specified
3153,Not Specified
437061,Not Specified
3835,Not Specified
973380,Not Specified
13618,Not Specified
46803,Not Specified
35880,Not Specified
977219,Not Specified
27404,Not Specified
51141,Not Specified
45327,Not Specified
963626,Not Specified
22334,Not Specified
10882,Not Specified
254643,Not Specified
34959,Not Specified
315985,Not Specified
23327,Not Specified
35800,Not Specified
64345,Not Specified
51221,Not Specified
455585,Not Specified
45760,Not Specified
39110,Not Specified
14268,Not Specified
21752,Not Specified
13117,Not Specified
18706,Not Specified
19366,Not Specified
269480,Not Specified
13480,Not Specified
59675,Not Specified
63256,Not Specified
854345,Not Specified
3077,Not Specified
19781,Not Specified
600965,Not Specified
16536,Not Specified
21106,Not Specified
46919,Not Specified
18379,Not Specified
428038,Not Specified
9773,Not Specified
9813,Not Specified
54424,Not Specified
12325,Not Specified
9815,Not Specified
61145,Not Specified
30095,Not Specified
491319,Not Specified
18882,Not Specified
799266,Not Specified
12561,Not Specified
44435,Not Specified
15411,Not Specified
44703,Not Specified
15239,Not Specified
59157,Not Specified
24825,Not Specified
22194,Not Specified
17185,Not Specified
382761,Not Specified
13559,Not Specified
13604,Not Specified
14645,Not Specified
16480,Not Specified
566563,Not Specified
15920,Not Specified
589154,Not Specified
63683,Not Specified
11550,Not Specified
327253,Not Specified
23143,Not Specified
485167,Not Specified
21093,Not Specified
